
===========================================================================
report_checks -path_delay min (Hold)
============================================================================
======================= nom_tt_025C_1v80 Corner ===================================

Startpoint: _541_ (rising edge-triggered flip-flop clocked by rclk)
Endpoint: _536_ (rising edge-triggered flip-flop clocked by rclk)
Path Group: rclk
Path Type: min

Fanout         Cap        Slew       Delay        Time   Description
---------------------------------------------------------------------------------------------
                                  0.000000    0.000000   clock rclk (rise edge)
                                  0.000000    0.000000   clock source latency
    27    0.069564    0.000000    0.000000    0.000000 ^ rclk (in)
                                                         rclk (net)
                      0.001393    0.000696    0.000696 ^ _541_/CLK (sky130_fd_sc_hd__dfrtp_2)
     1    0.002204    0.036390    0.311260    0.311956 ^ _541_/Q (sky130_fd_sc_hd__dfrtp_2)
                                                         sync_gwptr_to_rd.q1[4] (net)
                      0.036390    0.000002    0.311958 ^ _536_/D (sky130_fd_sc_hd__dfrtp_2)
                                              0.311958   data arrival time

                                  0.000000    0.000000   clock rclk (rise edge)
                                  0.000000    0.000000   clock source latency
    27    0.069564    0.000000    0.000000    0.000000 ^ rclk (in)
                                                         rclk (net)
                      0.001302    0.000651    0.000651 ^ _536_/CLK (sky130_fd_sc_hd__dfrtp_2)
                                  0.000000    0.000651   clock reconvergence pessimism
                                 -0.038855   -0.038205   library hold time
                                             -0.038205   data required time
---------------------------------------------------------------------------------------------
                                             -0.038205   data required time
                                             -0.311958   data arrival time
---------------------------------------------------------------------------------------------
                                              0.350163   slack (MET)


Startpoint: _537_ (rising edge-triggered flip-flop clocked by rclk)
Endpoint: _532_ (rising edge-triggered flip-flop clocked by rclk)
Path Group: rclk
Path Type: min

Fanout         Cap        Slew       Delay        Time   Description
---------------------------------------------------------------------------------------------
                                  0.000000    0.000000   clock rclk (rise edge)
                                  0.000000    0.000000   clock source latency
    27    0.069564    0.000000    0.000000    0.000000 ^ rclk (in)
                                                         rclk (net)
                      0.000977    0.000488    0.000488 ^ _537_/CLK (sky130_fd_sc_hd__dfrtp_2)
     1    0.002331    0.037006    0.311866    0.312354 ^ _537_/Q (sky130_fd_sc_hd__dfrtp_2)
                                                         sync_gwptr_to_rd.q1[0] (net)
                      0.037006    0.000005    0.312359 ^ _532_/D (sky130_fd_sc_hd__dfrtp_2)
                                              0.312359   data arrival time

                                  0.000000    0.000000   clock rclk (rise edge)
                                  0.000000    0.000000   clock source latency
    27    0.069564    0.000000    0.000000    0.000000 ^ rclk (in)
                                                         rclk (net)
                      0.000907    0.000454    0.000454 ^ _532_/CLK (sky130_fd_sc_hd__dfrtp_2)
                                  0.000000    0.000454   clock reconvergence pessimism
                                 -0.039038   -0.038584   library hold time
                                             -0.038584   data required time
---------------------------------------------------------------------------------------------
                                             -0.038584   data required time
                                             -0.312359   data arrival time
---------------------------------------------------------------------------------------------
                                              0.350943   slack (MET)


Startpoint: _555_ (rising edge-triggered flip-flop clocked by wclk)
Endpoint: _550_ (rising edge-triggered flip-flop clocked by wclk)
Path Group: wclk
Path Type: min

Fanout         Cap        Slew       Delay        Time   Description
---------------------------------------------------------------------------------------------
                                  0.000000    0.000000   clock wclk (rise edge)
                                  0.000000    0.000000   clock source latency
   147    0.348395    0.000000    0.000000    0.000000 ^ wclk (in)
                                                         wclk (net)
                      0.010350    0.005175    0.005175 ^ _555_/CLK (sky130_fd_sc_hd__dfrtp_2)
     1    0.002103    0.035908    0.313758    0.318933 ^ _555_/Q (sky130_fd_sc_hd__dfrtp_2)
                                                         sync_grptr_to_wr.q1[0] (net)
                      0.035908    0.000000    0.318934 ^ _550_/D (sky130_fd_sc_hd__dfrtp_2)
                                              0.318934   data arrival time

                                  0.000000    0.000000   clock wclk (rise edge)
                                  0.000000    0.000000   clock source latency
   147    0.348395    0.000000    0.000000    0.000000 ^ wclk (in)
                                                         wclk (net)
                      0.010358    0.005179    0.005179 ^ _550_/CLK (sky130_fd_sc_hd__dfrtp_2)
                                  0.000000    0.005179   clock reconvergence pessimism
                                 -0.037520   -0.032341   library hold time
                                             -0.032341   data required time
---------------------------------------------------------------------------------------------
                                             -0.032341   data required time
                                             -0.318934   data arrival time
---------------------------------------------------------------------------------------------
                                              0.351275   slack (MET)


Startpoint: _540_ (rising edge-triggered flip-flop clocked by rclk)
Endpoint: _535_ (rising edge-triggered flip-flop clocked by rclk)
Path Group: rclk
Path Type: min

Fanout         Cap        Slew       Delay        Time   Description
---------------------------------------------------------------------------------------------
                                  0.000000    0.000000   clock rclk (rise edge)
                                  0.000000    0.000000   clock source latency
    27    0.069564    0.000000    0.000000    0.000000 ^ rclk (in)
                                                         rclk (net)
                      0.000981    0.000491    0.000491 ^ _540_/CLK (sky130_fd_sc_hd__dfrtp_2)
     1    0.002399    0.037337    0.312269    0.312760 ^ _540_/Q (sky130_fd_sc_hd__dfrtp_2)
                                                         sync_gwptr_to_rd.q1[3] (net)
                      0.037337    0.000006    0.312765 ^ _535_/D (sky130_fd_sc_hd__dfrtp_2)
                                              0.312765   data arrival time

                                  0.000000    0.000000   clock rclk (rise edge)
                                  0.000000    0.000000   clock source latency
    27    0.069564    0.000000    0.000000    0.000000 ^ rclk (in)
                                                         rclk (net)
                      0.000907    0.000454    0.000454 ^ _535_/CLK (sky130_fd_sc_hd__dfrtp_2)
                                  0.000000    0.000454   clock reconvergence pessimism
                                 -0.039106   -0.038653   library hold time
                                             -0.038653   data required time
---------------------------------------------------------------------------------------------
                                             -0.038653   data required time
                                             -0.312765   data arrival time
---------------------------------------------------------------------------------------------
                                              0.351418   slack (MET)


Startpoint: _538_ (rising edge-triggered flip-flop clocked by rclk)
Endpoint: _533_ (rising edge-triggered flip-flop clocked by rclk)
Path Group: rclk
Path Type: min

Fanout         Cap        Slew       Delay        Time   Description
---------------------------------------------------------------------------------------------
                                  0.000000    0.000000   clock rclk (rise edge)
                                  0.000000    0.000000   clock source latency
    27    0.069564    0.000000    0.000000    0.000000 ^ rclk (in)
                                                         rclk (net)
                      0.000940    0.000470    0.000470 ^ _538_/CLK (sky130_fd_sc_hd__dfrtp_2)
     1    0.002453    0.037597    0.312571    0.313041 ^ _538_/Q (sky130_fd_sc_hd__dfrtp_2)
                                                         sync_gwptr_to_rd.q1[1] (net)
                      0.037597    0.000006    0.313047 ^ _533_/D (sky130_fd_sc_hd__dfrtp_2)
                                              0.313047   data arrival time

                                  0.000000    0.000000   clock rclk (rise edge)
                                  0.000000    0.000000   clock source latency
    27    0.069564    0.000000    0.000000    0.000000 ^ rclk (in)
                                                         rclk (net)
                      0.000885    0.000442    0.000442 ^ _533_/CLK (sky130_fd_sc_hd__dfrtp_2)
                                  0.000000    0.000442   clock reconvergence pessimism
                                 -0.039164   -0.038721   library hold time
                                             -0.038721   data required time
---------------------------------------------------------------------------------------------
                                             -0.038721   data required time
                                             -0.313047   data arrival time
---------------------------------------------------------------------------------------------
                                              0.351768   slack (MET)


Startpoint: _539_ (rising edge-triggered flip-flop clocked by rclk)
Endpoint: _534_ (rising edge-triggered flip-flop clocked by rclk)
Path Group: rclk
Path Type: min

Fanout         Cap        Slew       Delay        Time   Description
---------------------------------------------------------------------------------------------
                                  0.000000    0.000000   clock rclk (rise edge)
                                  0.000000    0.000000   clock source latency
    27    0.069564    0.000000    0.000000    0.000000 ^ rclk (in)
                                                         rclk (net)
                      0.000805    0.000402    0.000402 ^ _539_/CLK (sky130_fd_sc_hd__dfrtp_2)
     1    0.002482    0.037739    0.312697    0.313099 ^ _539_/Q (sky130_fd_sc_hd__dfrtp_2)
                                                         sync_gwptr_to_rd.q1[2] (net)
                      0.037739    0.000007    0.313107 ^ _534_/D (sky130_fd_sc_hd__dfrtp_2)
                                              0.313107   data arrival time

                                  0.000000    0.000000   clock rclk (rise edge)
                                  0.000000    0.000000   clock source latency
    27    0.069564    0.000000    0.000000    0.000000 ^ rclk (in)
                                                         rclk (net)
                      0.000869    0.000434    0.000434 ^ _534_/CLK (sky130_fd_sc_hd__dfrtp_2)
                                  0.000000    0.000434   clock reconvergence pessimism
                                 -0.039195   -0.038761   library hold time
                                             -0.038761   data required time
---------------------------------------------------------------------------------------------
                                             -0.038761   data required time
                                             -0.313107   data arrival time
---------------------------------------------------------------------------------------------
                                              0.351868   slack (MET)


Startpoint: _556_ (rising edge-triggered flip-flop clocked by wclk)
Endpoint: _551_ (rising edge-triggered flip-flop clocked by wclk)
Path Group: wclk
Path Type: min

Fanout         Cap        Slew       Delay        Time   Description
---------------------------------------------------------------------------------------------
                                  0.000000    0.000000   clock wclk (rise edge)
                                  0.000000    0.000000   clock source latency
   147    0.348395    0.000000    0.000000    0.000000 ^ wclk (in)
                                                         wclk (net)
                      0.010305    0.005152    0.005152 ^ _556_/CLK (sky130_fd_sc_hd__dfrtp_2)
     1    0.002289    0.036804    0.314835    0.319987 ^ _556_/Q (sky130_fd_sc_hd__dfrtp_2)
                                                         sync_grptr_to_wr.q1[1] (net)
                      0.036804    0.000004    0.319991 ^ _551_/D (sky130_fd_sc_hd__dfrtp_2)
                                              0.319991   data arrival time

                                  0.000000    0.000000   clock wclk (rise edge)
                                  0.000000    0.000000   clock source latency
   147    0.348395    0.000000    0.000000    0.000000 ^ wclk (in)
                                                         wclk (net)
                      0.010234    0.005117    0.005117 ^ _551_/CLK (sky130_fd_sc_hd__dfrtp_2)
                                  0.000000    0.005117   clock reconvergence pessimism
                                 -0.037723   -0.032606   library hold time
                                             -0.032606   data required time
---------------------------------------------------------------------------------------------
                                             -0.032606   data required time
                                             -0.319991   data arrival time
---------------------------------------------------------------------------------------------
                                              0.352597   slack (MET)


Startpoint: _559_ (rising edge-triggered flip-flop clocked by wclk)
Endpoint: _554_ (rising edge-triggered flip-flop clocked by wclk)
Path Group: wclk
Path Type: min

Fanout         Cap        Slew       Delay        Time   Description
---------------------------------------------------------------------------------------------
                                  0.000000    0.000000   clock wclk (rise edge)
                                  0.000000    0.000000   clock source latency
   147    0.348395    0.000000    0.000000    0.000000 ^ wclk (in)
                                                         wclk (net)
                      0.010131    0.005065    0.005065 ^ _559_/CLK (sky130_fd_sc_hd__dfrtp_2)
     1    0.002325    0.036978    0.314987    0.320052 ^ _559_/Q (sky130_fd_sc_hd__dfrtp_2)
                                                         sync_grptr_to_wr.q1[4] (net)
                      0.036978    0.000004    0.320057 ^ _554_/D (sky130_fd_sc_hd__dfrtp_2)
                                              0.320057   data arrival time

                                  0.000000    0.000000   clock wclk (rise edge)
                                  0.000000    0.000000   clock source latency
   147    0.348395    0.000000    0.000000    0.000000 ^ wclk (in)
                                                         wclk (net)
                      0.010159    0.005080    0.005080 ^ _554_/CLK (sky130_fd_sc_hd__dfrtp_2)
                                  0.000000    0.005080   clock reconvergence pessimism
                                 -0.037769   -0.032690   library hold time
                                             -0.032690   data required time
---------------------------------------------------------------------------------------------
                                             -0.032690   data required time
                                             -0.320057   data arrival time
---------------------------------------------------------------------------------------------
                                              0.352746   slack (MET)


Startpoint: _557_ (rising edge-triggered flip-flop clocked by wclk)
Endpoint: _552_ (rising edge-triggered flip-flop clocked by wclk)
Path Group: wclk
Path Type: min

Fanout         Cap        Slew       Delay        Time   Description
---------------------------------------------------------------------------------------------
                                  0.000000    0.000000   clock wclk (rise edge)
                                  0.000000    0.000000   clock source latency
   147    0.348395    0.000000    0.000000    0.000000 ^ wclk (in)
                                                         wclk (net)
                      0.010200    0.005100    0.005100 ^ _557_/CLK (sky130_fd_sc_hd__dfrtp_2)
     1    0.002379    0.037235    0.315325    0.320425 ^ _557_/Q (sky130_fd_sc_hd__dfrtp_2)
                                                         sync_grptr_to_wr.q1[2] (net)
                      0.037235    0.000004    0.320429 ^ _552_/D (sky130_fd_sc_hd__dfrtp_2)
                                              0.320429   data arrival time

                                  0.000000    0.000000   clock wclk (rise edge)
                                  0.000000    0.000000   clock source latency
   147    0.348395    0.000000    0.000000    0.000000 ^ wclk (in)
                                                         wclk (net)
                      0.010221    0.005110    0.005110 ^ _552_/CLK (sky130_fd_sc_hd__dfrtp_2)
                                  0.000000    0.005110   clock reconvergence pessimism
                                 -0.037814   -0.032704   library hold time
                                             -0.032704   data required time
---------------------------------------------------------------------------------------------
                                             -0.032704   data required time
                                             -0.320429   data arrival time
---------------------------------------------------------------------------------------------
                                              0.353133   slack (MET)


Startpoint: _558_ (rising edge-triggered flip-flop clocked by wclk)
Endpoint: _553_ (rising edge-triggered flip-flop clocked by wclk)
Path Group: wclk
Path Type: min

Fanout         Cap        Slew       Delay        Time   Description
---------------------------------------------------------------------------------------------
                                  0.000000    0.000000   clock wclk (rise edge)
                                  0.000000    0.000000   clock source latency
   147    0.348395    0.000000    0.000000    0.000000 ^ wclk (in)
                                                         wclk (net)
                      0.010173    0.005086    0.005086 ^ _558_/CLK (sky130_fd_sc_hd__dfrtp_2)
     1    0.002637    0.038477    0.316831    0.321917 ^ _558_/Q (sky130_fd_sc_hd__dfrtp_2)
                                                         sync_grptr_to_wr.q1[3] (net)
                      0.038477    0.000008    0.321925 ^ _553_/D (sky130_fd_sc_hd__dfrtp_2)
                                              0.321925   data arrival time

                                  0.000000    0.000000   clock wclk (rise edge)
                                  0.000000    0.000000   clock source latency
   147    0.348395    0.000000    0.000000    0.000000 ^ wclk (in)
                                                         wclk (net)
                      0.010170    0.005085    0.005085 ^ _553_/CLK (sky130_fd_sc_hd__dfrtp_2)
                                  0.000000    0.005085   clock reconvergence pessimism
                                 -0.038080   -0.032995   library hold time
                                             -0.032995   data required time
---------------------------------------------------------------------------------------------
                                             -0.032995   data required time
                                             -0.321925   data arrival time
---------------------------------------------------------------------------------------------
                                              0.354919   slack (MET)


Startpoint: _609_ (rising edge-triggered flip-flop clocked by wclk)
Endpoint: _609_ (rising edge-triggered flip-flop clocked by wclk)
Path Group: wclk
Path Type: min

Fanout         Cap        Slew       Delay        Time   Description
---------------------------------------------------------------------------------------------
                                  0.000000    0.000000   clock wclk (rise edge)
                                  0.000000    0.000000   clock source latency
   147    0.348395    0.000000    0.000000    0.000000 ^ wclk (in)
                                                         wclk (net)
                      0.005005    0.002502    0.002502 ^ _609_/CLK (sky130_fd_sc_hd__dfxtp_2)
     2    0.003900    0.035758    0.294283    0.296786 ^ _609_/Q (sky130_fd_sc_hd__dfxtp_2)
                                                         bram.mem[8][1] (net)
                      0.035758    0.000003    0.296789 ^ _445_/A0 (sky130_fd_sc_hd__mux2_1)
     1    0.001712    0.034182    0.102506    0.399295 ^ _445_/X (sky130_fd_sc_hd__mux2_1)
                                                         _065_ (net)
                      0.034182    0.000000    0.399295 ^ _609_/D (sky130_fd_sc_hd__dfxtp_2)
                                              0.399295   data arrival time

                                  0.000000    0.000000   clock wclk (rise edge)
                                  0.000000    0.000000   clock source latency
   147    0.348395    0.000000    0.000000    0.000000 ^ wclk (in)
                                                         wclk (net)
                      0.005005    0.002502    0.002502 ^ _609_/CLK (sky130_fd_sc_hd__dfxtp_2)
                                  0.000000    0.002502   clock reconvergence pessimism
                                 -0.034204   -0.031701   library hold time
                                             -0.031701   data required time
---------------------------------------------------------------------------------------------
                                             -0.031701   data required time
                                             -0.399295   data arrival time
---------------------------------------------------------------------------------------------
                                              0.430996   slack (MET)


Startpoint: _595_ (rising edge-triggered flip-flop clocked by wclk)
Endpoint: _595_ (rising edge-triggered flip-flop clocked by wclk)
Path Group: wclk
Path Type: min

Fanout         Cap        Slew       Delay        Time   Description
---------------------------------------------------------------------------------------------
                                  0.000000    0.000000   clock wclk (rise edge)
                                  0.000000    0.000000   clock source latency
   147    0.348395    0.000000    0.000000    0.000000 ^ wclk (in)
                                                         wclk (net)
                      0.004427    0.002213    0.002213 ^ _595_/CLK (sky130_fd_sc_hd__dfxtp_2)
     2    0.003676    0.034767    0.293041    0.295254 ^ _595_/Q (sky130_fd_sc_hd__dfxtp_2)
                                                         bram.mem[10][3] (net)
                      0.034767    0.000003    0.295257 ^ _428_/A0 (sky130_fd_sc_hd__mux2_1)
     1    0.001869    0.035429    0.103427    0.398684 ^ _428_/X (sky130_fd_sc_hd__mux2_1)
                                                         _051_ (net)
                      0.035429    0.000002    0.398686 ^ _595_/D (sky130_fd_sc_hd__dfxtp_2)
                                              0.398686   data arrival time

                                  0.000000    0.000000   clock wclk (rise edge)
                                  0.000000    0.000000   clock source latency
   147    0.348395    0.000000    0.000000    0.000000 ^ wclk (in)
                                                         wclk (net)
                      0.004427    0.002213    0.002213 ^ _595_/CLK (sky130_fd_sc_hd__dfxtp_2)
                                  0.000000    0.002213   clock reconvergence pessimism
                                 -0.034539   -0.032326   library hold time
                                             -0.032326   data required time
---------------------------------------------------------------------------------------------
                                             -0.032326   data required time
                                             -0.398686   data arrival time
---------------------------------------------------------------------------------------------
                                              0.431012   slack (MET)


Startpoint: _615_ (rising edge-triggered flip-flop clocked by wclk)
Endpoint: _615_ (rising edge-triggered flip-flop clocked by wclk)
Path Group: wclk
Path Type: min

Fanout         Cap        Slew       Delay        Time   Description
---------------------------------------------------------------------------------------------
                                  0.000000    0.000000   clock wclk (rise edge)
                                  0.000000    0.000000   clock source latency
   147    0.348395    0.000000    0.000000    0.000000 ^ wclk (in)
                                                         wclk (net)
                      0.004045    0.002023    0.002023 ^ _615_/CLK (sky130_fd_sc_hd__dfxtp_2)
     2    0.003860    0.035583    0.293764    0.295787 ^ _615_/Q (sky130_fd_sc_hd__dfxtp_2)
                                                         bram.mem[8][7] (net)
                      0.035583    0.000005    0.295792 ^ _451_/A0 (sky130_fd_sc_hd__mux2_1)
     1    0.001776    0.034693    0.102963    0.398755 ^ _451_/X (sky130_fd_sc_hd__mux2_1)
                                                         _071_ (net)
                      0.034693    0.000000    0.398756 ^ _615_/D (sky130_fd_sc_hd__dfxtp_2)
                                              0.398756   data arrival time

                                  0.000000    0.000000   clock wclk (rise edge)
                                  0.000000    0.000000   clock source latency
   147    0.348395    0.000000    0.000000    0.000000 ^ wclk (in)
                                                         wclk (net)
                      0.004045    0.002023    0.002023 ^ _615_/CLK (sky130_fd_sc_hd__dfxtp_2)
                                  0.000000    0.002023   clock reconvergence pessimism
                                 -0.034436   -0.032413   library hold time
                                             -0.032413   data required time
---------------------------------------------------------------------------------------------
                                             -0.032413   data required time
                                             -0.398756   data arrival time
---------------------------------------------------------------------------------------------
                                              0.431169   slack (MET)


Startpoint: _611_ (rising edge-triggered flip-flop clocked by wclk)
Endpoint: _611_ (rising edge-triggered flip-flop clocked by wclk)
Path Group: wclk
Path Type: min

Fanout         Cap        Slew       Delay        Time   Description
---------------------------------------------------------------------------------------------
                                  0.000000    0.000000   clock wclk (rise edge)
                                  0.000000    0.000000   clock source latency
   147    0.348395    0.000000    0.000000    0.000000 ^ wclk (in)
                                                         wclk (net)
                      0.004439    0.002220    0.002220 ^ _611_/CLK (sky130_fd_sc_hd__dfxtp_2)
     2    0.003825    0.035429    0.293740    0.295960 ^ _611_/Q (sky130_fd_sc_hd__dfxtp_2)
                                                         bram.mem[8][3] (net)
                      0.035429    0.000005    0.295965 ^ _447_/A0 (sky130_fd_sc_hd__mux2_1)
     1    0.001798    0.034866    0.103087    0.399051 ^ _447_/X (sky130_fd_sc_hd__mux2_1)
                                                         _067_ (net)
                      0.034866    0.000001    0.399053 ^ _611_/D (sky130_fd_sc_hd__dfxtp_2)
                                              0.399053   data arrival time

                                  0.000000    0.000000   clock wclk (rise edge)
                                  0.000000    0.000000   clock source latency
   147    0.348395    0.000000    0.000000    0.000000 ^ wclk (in)
                                                         wclk (net)
                      0.004439    0.002220    0.002220 ^ _611_/CLK (sky130_fd_sc_hd__dfxtp_2)
                                  0.000000    0.002220   clock reconvergence pessimism
                                 -0.034421   -0.032201   library hold time
                                             -0.032201   data required time
---------------------------------------------------------------------------------------------
                                             -0.032201   data required time
                                             -0.399053   data arrival time
---------------------------------------------------------------------------------------------
                                              0.431253   slack (MET)


Startpoint: _691_ (rising edge-triggered flip-flop clocked by wclk)
Endpoint: _691_ (rising edge-triggered flip-flop clocked by wclk)
Path Group: wclk
Path Type: min

Fanout         Cap        Slew       Delay        Time   Description
---------------------------------------------------------------------------------------------
                                  0.000000    0.000000   clock wclk (rise edge)
                                  0.000000    0.000000   clock source latency
   147    0.348395    0.000000    0.000000    0.000000 ^ wclk (in)
                                                         wclk (net)
                      0.011017    0.005509    0.005509 ^ _691_/CLK (sky130_fd_sc_hd__dfxtp_2)
     2    0.003726    0.035005    0.295593    0.301102 ^ _691_/Q (sky130_fd_sc_hd__dfxtp_2)
                                                         bram.mem[2][1] (net)
                      0.035005    0.000002    0.301104 ^ _517_/A0 (sky130_fd_sc_hd__mux2_1)
     1    0.001724    0.034285    0.102347    0.403451 ^ _517_/X (sky130_fd_sc_hd__mux2_1)
                                                         _129_ (net)
                      0.034285    0.000000    0.403452 ^ _691_/D (sky130_fd_sc_hd__dfxtp_2)
                                              0.403452   data arrival time

                                  0.000000    0.000000   clock wclk (rise edge)
                                  0.000000    0.000000   clock source latency
   147    0.348395    0.000000    0.000000    0.000000 ^ wclk (in)
                                                         wclk (net)
                      0.011017    0.005509    0.005509 ^ _691_/CLK (sky130_fd_sc_hd__dfxtp_2)
                                  0.000000    0.005509   clock reconvergence pessimism
                                 -0.033435   -0.027927   library hold time
                                             -0.027927   data required time
---------------------------------------------------------------------------------------------
                                             -0.027927   data required time
                                             -0.403452   data arrival time
---------------------------------------------------------------------------------------------
                                              0.431378   slack (MET)


Startpoint: _565_ (rising edge-triggered flip-flop clocked by wclk)
Endpoint: _565_ (rising edge-triggered flip-flop clocked by wclk)
Path Group: wclk
Path Type: min

Fanout         Cap        Slew       Delay        Time   Description
---------------------------------------------------------------------------------------------
                                  0.000000    0.000000   clock wclk (rise edge)
                                  0.000000    0.000000   clock source latency
   147    0.348395    0.000000    0.000000    0.000000 ^ wclk (in)
                                                         wclk (net)
                      0.009992    0.004996    0.004996 ^ _565_/CLK (sky130_fd_sc_hd__dfxtp_2)
     2    0.003662    0.034721    0.294936    0.299932 ^ _565_/Q (sky130_fd_sc_hd__dfxtp_2)
                                                         bram.mem[14][5] (net)
                      0.034721    0.000002    0.299934 ^ _394_/A0 (sky130_fd_sc_hd__mux2_1)
     1    0.001790    0.034807    0.102776    0.402710 ^ _394_/X (sky130_fd_sc_hd__mux2_1)
                                                         _021_ (net)
                      0.034807    0.000000    0.402711 ^ _565_/D (sky130_fd_sc_hd__dfxtp_2)
                                              0.402711   data arrival time

                                  0.000000    0.000000   clock wclk (rise edge)
                                  0.000000    0.000000   clock source latency
   147    0.348395    0.000000    0.000000    0.000000 ^ wclk (in)
                                                         wclk (net)
                      0.009992    0.004996    0.004996 ^ _565_/CLK (sky130_fd_sc_hd__dfxtp_2)
                                  0.000000    0.004996   clock reconvergence pessimism
                                 -0.033679   -0.028682   library hold time
                                             -0.028682   data required time
---------------------------------------------------------------------------------------------
                                             -0.028682   data required time
                                             -0.402711   data arrival time
---------------------------------------------------------------------------------------------
                                              0.431393   slack (MET)


Startpoint: _614_ (rising edge-triggered flip-flop clocked by wclk)
Endpoint: _614_ (rising edge-triggered flip-flop clocked by wclk)
Path Group: wclk
Path Type: min

Fanout         Cap        Slew       Delay        Time   Description
---------------------------------------------------------------------------------------------
                                  0.000000    0.000000   clock wclk (rise edge)
                                  0.000000    0.000000   clock source latency
   147    0.348395    0.000000    0.000000    0.000000 ^ wclk (in)
                                                         wclk (net)
                      0.004383    0.002191    0.002191 ^ _614_/CLK (sky130_fd_sc_hd__dfxtp_2)
     2    0.003840    0.035495    0.293790    0.295981 ^ _614_/Q (sky130_fd_sc_hd__dfxtp_2)
                                                         bram.mem[8][6] (net)
                      0.035495    0.000005    0.295986 ^ _450_/A0 (sky130_fd_sc_hd__mux2_1)
     1    0.001806    0.034929    0.103173    0.399159 ^ _450_/X (sky130_fd_sc_hd__mux2_1)
                                                         _070_ (net)
                      0.034929    0.000001    0.399160 ^ _614_/D (sky130_fd_sc_hd__dfxtp_2)
                                              0.399160   data arrival time

                                  0.000000    0.000000   clock wclk (rise edge)
                                  0.000000    0.000000   clock source latency
   147    0.348395    0.000000    0.000000    0.000000 ^ wclk (in)
                                                         wclk (net)
                      0.004383    0.002191    0.002191 ^ _614_/CLK (sky130_fd_sc_hd__dfxtp_2)
                                  0.000000    0.002191   clock reconvergence pessimism
                                 -0.034441   -0.032250   library hold time
                                             -0.032250   data required time
---------------------------------------------------------------------------------------------
                                             -0.032250   data required time
                                             -0.399160   data arrival time
---------------------------------------------------------------------------------------------
                                              0.431410   slack (MET)


Startpoint: _579_ (rising edge-triggered flip-flop clocked by wclk)
Endpoint: _579_ (rising edge-triggered flip-flop clocked by wclk)
Path Group: wclk
Path Type: min

Fanout         Cap        Slew       Delay        Time   Description
---------------------------------------------------------------------------------------------
                                  0.000000    0.000000   clock wclk (rise edge)
                                  0.000000    0.000000   clock source latency
   147    0.348395    0.000000    0.000000    0.000000 ^ wclk (in)
                                                         wclk (net)
                      0.004826    0.002413    0.002413 ^ _579_/CLK (sky130_fd_sc_hd__dfxtp_2)
     2    0.003843    0.035508    0.293958    0.296371 ^ _579_/Q (sky130_fd_sc_hd__dfxtp_2)
                                                         bram.mem[12][3] (net)
                      0.035508    0.000005    0.296376 ^ _410_/A0 (sky130_fd_sc_hd__mux2_1)
     1    0.001796    0.034850    0.103093    0.399468 ^ _410_/X (sky130_fd_sc_hd__mux2_1)
                                                         _035_ (net)
                      0.034850    0.000001    0.399469 ^ _579_/D (sky130_fd_sc_hd__dfxtp_2)
                                              0.399469   data arrival time

                                  0.000000    0.000000   clock wclk (rise edge)
                                  0.000000    0.000000   clock source latency
   147    0.348395    0.000000    0.000000    0.000000 ^ wclk (in)
                                                         wclk (net)
                      0.004826    0.002413    0.002413 ^ _579_/CLK (sky130_fd_sc_hd__dfxtp_2)
                                  0.000000    0.002413   clock reconvergence pessimism
                                 -0.034366   -0.031953   library hold time
                                             -0.031953   data required time
---------------------------------------------------------------------------------------------
                                             -0.031953   data required time
                                             -0.399469   data arrival time
---------------------------------------------------------------------------------------------
                                              0.431423   slack (MET)


Startpoint: _580_ (rising edge-triggered flip-flop clocked by wclk)
Endpoint: _580_ (rising edge-triggered flip-flop clocked by wclk)
Path Group: wclk
Path Type: min

Fanout         Cap        Slew       Delay        Time   Description
---------------------------------------------------------------------------------------------
                                  0.000000    0.000000   clock wclk (rise edge)
                                  0.000000    0.000000   clock source latency
   147    0.348395    0.000000    0.000000    0.000000 ^ wclk (in)
                                                         wclk (net)
                      0.008733    0.004367    0.004367 ^ _580_/CLK (sky130_fd_sc_hd__dfxtp_2)
     2    0.003863    0.035603    0.295425    0.299792 ^ _580_/Q (sky130_fd_sc_hd__dfxtp_2)
                                                         bram.mem[12][4] (net)
                      0.035603    0.000005    0.299797 ^ _411_/A0 (sky130_fd_sc_hd__mux2_1)
     1    0.001696    0.034061    0.102324    0.402121 ^ _411_/X (sky130_fd_sc_hd__mux2_1)
                                                         _036_ (net)
                      0.034061    0.000000    0.402121 ^ _580_/D (sky130_fd_sc_hd__dfxtp_2)
                                              0.402121   data arrival time

                                  0.000000    0.000000   clock wclk (rise edge)
                                  0.000000    0.000000   clock source latency
   147    0.348395    0.000000    0.000000    0.000000 ^ wclk (in)
                                                         wclk (net)
                      0.008733    0.004367    0.004367 ^ _580_/CLK (sky130_fd_sc_hd__dfxtp_2)
                                  0.000000    0.004367   clock reconvergence pessimism
                                 -0.033689   -0.029322   library hold time
                                             -0.029322   data required time
---------------------------------------------------------------------------------------------
                                             -0.029322   data required time
                                             -0.402121   data arrival time
---------------------------------------------------------------------------------------------
                                              0.431443   slack (MET)


Startpoint: _599_ (rising edge-triggered flip-flop clocked by wclk)
Endpoint: _599_ (rising edge-triggered flip-flop clocked by wclk)
Path Group: wclk
Path Type: min

Fanout         Cap        Slew       Delay        Time   Description
---------------------------------------------------------------------------------------------
                                  0.000000    0.000000   clock wclk (rise edge)
                                  0.000000    0.000000   clock source latency
   147    0.348395    0.000000    0.000000    0.000000 ^ wclk (in)
                                                         wclk (net)
                      0.003890    0.001945    0.001945 ^ _599_/CLK (sky130_fd_sc_hd__dfxtp_2)
     2    0.003837    0.035480    0.293602    0.295547 ^ _599_/Q (sky130_fd_sc_hd__dfxtp_2)
                                                         bram.mem[10][7] (net)
                      0.035480    0.000002    0.295548 ^ _432_/A0 (sky130_fd_sc_hd__mux2_1)
     1    0.001827    0.035093    0.103332    0.398880 ^ _432_/X (sky130_fd_sc_hd__mux2_1)
                                                         _055_ (net)
                      0.035093    0.000001    0.398881 ^ _599_/D (sky130_fd_sc_hd__dfxtp_2)
                                              0.398881   data arrival time

                                  0.000000    0.000000   clock wclk (rise edge)
                                  0.000000    0.000000   clock source latency
   147    0.348395    0.000000    0.000000    0.000000 ^ wclk (in)
                                                         wclk (net)
                      0.003890    0.001945    0.001945 ^ _599_/CLK (sky130_fd_sc_hd__dfxtp_2)
                                  0.000000    0.001945   clock reconvergence pessimism
                                 -0.034540   -0.032595   library hold time
                                             -0.032595   data required time
---------------------------------------------------------------------------------------------
                                             -0.032595   data required time
                                             -0.398881   data arrival time
---------------------------------------------------------------------------------------------
                                              0.431476   slack (MET)


Startpoint: _564_ (rising edge-triggered flip-flop clocked by wclk)
Endpoint: _564_ (rising edge-triggered flip-flop clocked by wclk)
Path Group: wclk
Path Type: min

Fanout         Cap        Slew       Delay        Time   Description
---------------------------------------------------------------------------------------------
                                  0.000000    0.000000   clock wclk (rise edge)
                                  0.000000    0.000000   clock source latency
   147    0.348395    0.000000    0.000000    0.000000 ^ wclk (in)
                                                         wclk (net)
                      0.008365    0.004182    0.004182 ^ _564_/CLK (sky130_fd_sc_hd__dfxtp_2)
     2    0.003743    0.035073    0.294739    0.298921 ^ _564_/Q (sky130_fd_sc_hd__dfxtp_2)
                                                         bram.mem[14][4] (net)
                      0.035073    0.000002    0.298923 ^ _393_/A0 (sky130_fd_sc_hd__mux2_1)
     1    0.001790    0.034811    0.102901    0.401824 ^ _393_/X (sky130_fd_sc_hd__mux2_1)
                                                         _020_ (net)
                      0.034811    0.000000    0.401825 ^ _564_/D (sky130_fd_sc_hd__dfxtp_2)
                                              0.401825   data arrival time

                                  0.000000    0.000000   clock wclk (rise edge)
                                  0.000000    0.000000   clock source latency
   147    0.348395    0.000000    0.000000    0.000000 ^ wclk (in)
                                                         wclk (net)
                      0.008365    0.004182    0.004182 ^ _564_/CLK (sky130_fd_sc_hd__dfxtp_2)
                                  0.000000    0.004182   clock reconvergence pessimism
                                 -0.033893   -0.029711   library hold time
                                             -0.029711   data required time
---------------------------------------------------------------------------------------------
                                             -0.029711   data required time
                                             -0.401825   data arrival time
---------------------------------------------------------------------------------------------
                                              0.431536   slack (MET)


Startpoint: _582_ (rising edge-triggered flip-flop clocked by wclk)
Endpoint: _582_ (rising edge-triggered flip-flop clocked by wclk)
Path Group: wclk
Path Type: min

Fanout         Cap        Slew       Delay        Time   Description
---------------------------------------------------------------------------------------------
                                  0.000000    0.000000   clock wclk (rise edge)
                                  0.000000    0.000000   clock source latency
   147    0.348395    0.000000    0.000000    0.000000 ^ wclk (in)
                                                         wclk (net)
                      0.004527    0.002263    0.002263 ^ _582_/CLK (sky130_fd_sc_hd__dfxtp_2)
     2    0.003873    0.035641    0.293994    0.296257 ^ _582_/Q (sky130_fd_sc_hd__dfxtp_2)
                                                         bram.mem[12][6] (net)
                      0.035641    0.000004    0.296261 ^ _413_/A0 (sky130_fd_sc_hd__mux2_1)
     1    0.001798    0.034865    0.103154    0.399415 ^ _413_/X (sky130_fd_sc_hd__mux2_1)
                                                         _038_ (net)
                      0.034865    0.000000    0.399416 ^ _582_/D (sky130_fd_sc_hd__dfxtp_2)
                                              0.399416   data arrival time

                                  0.000000    0.000000   clock wclk (rise edge)
                                  0.000000    0.000000   clock source latency
   147    0.348395    0.000000    0.000000    0.000000 ^ wclk (in)
                                                         wclk (net)
                      0.004527    0.002263    0.002263 ^ _582_/CLK (sky130_fd_sc_hd__dfxtp_2)
                                  0.000000    0.002263   clock reconvergence pessimism
                                 -0.034409   -0.032145   library hold time
                                             -0.032145   data required time
---------------------------------------------------------------------------------------------
                                             -0.032145   data required time
                                             -0.399416   data arrival time
---------------------------------------------------------------------------------------------
                                              0.431562   slack (MET)


Startpoint: _577_ (rising edge-triggered flip-flop clocked by wclk)
Endpoint: _577_ (rising edge-triggered flip-flop clocked by wclk)
Path Group: wclk
Path Type: min

Fanout         Cap        Slew       Delay        Time   Description
---------------------------------------------------------------------------------------------
                                  0.000000    0.000000   clock wclk (rise edge)
                                  0.000000    0.000000   clock source latency
   147    0.348395    0.000000    0.000000    0.000000 ^ wclk (in)
                                                         wclk (net)
                      0.004955    0.002477    0.002477 ^ _577_/CLK (sky130_fd_sc_hd__dfxtp_2)
     2    0.004000    0.036201    0.294731    0.297209 ^ _577_/Q (sky130_fd_sc_hd__dfxtp_2)
                                                         bram.mem[12][1] (net)
                      0.036201    0.000005    0.297213 ^ _408_/A0 (sky130_fd_sc_hd__mux2_1)
     1    0.001712    0.034187    0.102659    0.399872 ^ _408_/X (sky130_fd_sc_hd__mux2_1)
                                                         _033_ (net)
                      0.034187    0.000000    0.399873 ^ _577_/D (sky130_fd_sc_hd__dfxtp_2)
                                              0.399873   data arrival time

                                  0.000000    0.000000   clock wclk (rise edge)
                                  0.000000    0.000000   clock source latency
   147    0.348395    0.000000    0.000000    0.000000 ^ wclk (in)
                                                         wclk (net)
                      0.004955    0.002477    0.002477 ^ _577_/CLK (sky130_fd_sc_hd__dfxtp_2)
                                  0.000000    0.002477   clock reconvergence pessimism
                                 -0.034211   -0.031734   library hold time
                                             -0.031734   data required time
---------------------------------------------------------------------------------------------
                                             -0.031734   data required time
                                             -0.399873   data arrival time
---------------------------------------------------------------------------------------------
                                              0.431607   slack (MET)


Startpoint: _561_ (rising edge-triggered flip-flop clocked by wclk)
Endpoint: _561_ (rising edge-triggered flip-flop clocked by wclk)
Path Group: wclk
Path Type: min

Fanout         Cap        Slew       Delay        Time   Description
---------------------------------------------------------------------------------------------
                                  0.000000    0.000000   clock wclk (rise edge)
                                  0.000000    0.000000   clock source latency
   147    0.348395    0.000000    0.000000    0.000000 ^ wclk (in)
                                                         wclk (net)
                      0.004932    0.002466    0.002466 ^ _561_/CLK (sky130_fd_sc_hd__dfxtp_2)
     2    0.003857    0.035572    0.294062    0.296529 ^ _561_/Q (sky130_fd_sc_hd__dfxtp_2)
                                                         bram.mem[14][1] (net)
                      0.035572    0.000002    0.296530 ^ _390_/A0 (sky130_fd_sc_hd__mux2_1)
     1    0.001804    0.034919    0.103183    0.399713 ^ _390_/X (sky130_fd_sc_hd__mux2_1)
                                                         _017_ (net)
                      0.034919    0.000000    0.399714 ^ _561_/D (sky130_fd_sc_hd__dfxtp_2)
                                              0.399714   data arrival time

                                  0.000000    0.000000   clock wclk (rise edge)
                                  0.000000    0.000000   clock source latency
   147    0.348395    0.000000    0.000000    0.000000 ^ wclk (in)
                                                         wclk (net)
                      0.004932    0.002466    0.002466 ^ _561_/CLK (sky130_fd_sc_hd__dfxtp_2)
                                  0.000000    0.002466   clock reconvergence pessimism
                                 -0.034367   -0.031900   library hold time
                                             -0.031900   data required time
---------------------------------------------------------------------------------------------
                                             -0.031900   data required time
                                             -0.399714   data arrival time
---------------------------------------------------------------------------------------------
                                              0.431615   slack (MET)


Startpoint: _583_ (rising edge-triggered flip-flop clocked by wclk)
Endpoint: _583_ (rising edge-triggered flip-flop clocked by wclk)
Path Group: wclk
Path Type: min

Fanout         Cap        Slew       Delay        Time   Description
---------------------------------------------------------------------------------------------
                                  0.000000    0.000000   clock wclk (rise edge)
                                  0.000000    0.000000   clock source latency
   147    0.348395    0.000000    0.000000    0.000000 ^ wclk (in)
                                                         wclk (net)
                      0.008014    0.004007    0.004007 ^ _583_/CLK (sky130_fd_sc_hd__dfxtp_2)
     2    0.003804    0.035341    0.294897    0.298904 ^ _583_/Q (sky130_fd_sc_hd__dfxtp_2)
                                                         bram.mem[12][7] (net)
                      0.035341    0.000003    0.298908 ^ _414_/A0 (sky130_fd_sc_hd__mux2_1)
     1    0.001780    0.034728    0.102912    0.401819 ^ _414_/X (sky130_fd_sc_hd__mux2_1)
                                                         _039_ (net)
                      0.034728    0.000000    0.401820 ^ _583_/D (sky130_fd_sc_hd__dfxtp_2)
                                              0.401820   data arrival time

                                  0.000000    0.000000   clock wclk (rise edge)
                                  0.000000    0.000000   clock source latency
   147    0.348395    0.000000    0.000000    0.000000 ^ wclk (in)
                                                         wclk (net)
                      0.008014    0.004007    0.004007 ^ _583_/CLK (sky130_fd_sc_hd__dfxtp_2)
                                  0.000000    0.004007   clock reconvergence pessimism
                                 -0.033922   -0.029915   library hold time
                                             -0.029915   data required time
---------------------------------------------------------------------------------------------
                                             -0.029915   data required time
                                             -0.401820   data arrival time
---------------------------------------------------------------------------------------------
                                              0.431735   slack (MET)


Startpoint: _562_ (rising edge-triggered flip-flop clocked by wclk)
Endpoint: _562_ (rising edge-triggered flip-flop clocked by wclk)
Path Group: wclk
Path Type: min

Fanout         Cap        Slew       Delay        Time   Description
---------------------------------------------------------------------------------------------
                                  0.000000    0.000000   clock wclk (rise edge)
                                  0.000000    0.000000   clock source latency
   147    0.348395    0.000000    0.000000    0.000000 ^ wclk (in)
                                                         wclk (net)
                      0.009461    0.004731    0.004731 ^ _562_/CLK (sky130_fd_sc_hd__dfxtp_2)
     2    0.003688    0.034833    0.294868    0.299599 ^ _562_/Q (sky130_fd_sc_hd__dfxtp_2)
                                                         bram.mem[14][2] (net)
                      0.034833    0.000002    0.299601 ^ _391_/A0 (sky130_fd_sc_hd__mux2_1)
     1    0.001823    0.035072    0.103083    0.402684 ^ _391_/X (sky130_fd_sc_hd__mux2_1)
                                                         _018_ (net)
                      0.035072    0.000001    0.402685 ^ _562_/D (sky130_fd_sc_hd__dfxtp_2)
                                              0.402685   data arrival time

                                  0.000000    0.000000   clock wclk (rise edge)
                                  0.000000    0.000000   clock source latency
   147    0.348395    0.000000    0.000000    0.000000 ^ wclk (in)
                                                         wclk (net)
                      0.009461    0.004731    0.004731 ^ _562_/CLK (sky130_fd_sc_hd__dfxtp_2)
                                  0.000000    0.004731   clock reconvergence pessimism
                                 -0.033803   -0.029073   library hold time
                                             -0.029073   data required time
---------------------------------------------------------------------------------------------
                                             -0.029073   data required time
                                             -0.402685   data arrival time
---------------------------------------------------------------------------------------------
                                              0.431758   slack (MET)


Startpoint: _612_ (rising edge-triggered flip-flop clocked by wclk)
Endpoint: _612_ (rising edge-triggered flip-flop clocked by wclk)
Path Group: wclk
Path Type: min

Fanout         Cap        Slew       Delay        Time   Description
---------------------------------------------------------------------------------------------
                                  0.000000    0.000000   clock wclk (rise edge)
                                  0.000000    0.000000   clock source latency
   147    0.348395    0.000000    0.000000    0.000000 ^ wclk (in)
                                                         wclk (net)
                      0.007054    0.003527    0.003527 ^ _612_/CLK (sky130_fd_sc_hd__dfxtp_2)
     2    0.003793    0.035291    0.294509    0.298036 ^ _612_/Q (sky130_fd_sc_hd__dfxtp_2)
                                                         bram.mem[8][4] (net)
                      0.035291    0.000003    0.298039 ^ _448_/A0 (sky130_fd_sc_hd__mux2_1)
     1    0.001812    0.034976    0.103150    0.401190 ^ _448_/X (sky130_fd_sc_hd__mux2_1)
                                                         _068_ (net)
                      0.034976    0.000001    0.401191 ^ _612_/D (sky130_fd_sc_hd__dfxtp_2)
                                              0.401191   data arrival time

                                  0.000000    0.000000   clock wclk (rise edge)
                                  0.000000    0.000000   clock source latency
   147    0.348395    0.000000    0.000000    0.000000 ^ wclk (in)
                                                         wclk (net)
                      0.007054    0.003527    0.003527 ^ _612_/CLK (sky130_fd_sc_hd__dfxtp_2)
                                  0.000000    0.003527   clock reconvergence pessimism
                                 -0.034100   -0.030573   library hold time
                                             -0.030573   data required time
---------------------------------------------------------------------------------------------
                                             -0.030573   data required time
                                             -0.401191   data arrival time
---------------------------------------------------------------------------------------------
                                              0.431764   slack (MET)


Startpoint: _598_ (rising edge-triggered flip-flop clocked by wclk)
Endpoint: _598_ (rising edge-triggered flip-flop clocked by wclk)
Path Group: wclk
Path Type: min

Fanout         Cap        Slew       Delay        Time   Description
---------------------------------------------------------------------------------------------
                                  0.000000    0.000000   clock wclk (rise edge)
                                  0.000000    0.000000   clock source latency
   147    0.348395    0.000000    0.000000    0.000000 ^ wclk (in)
                                                         wclk (net)
                      0.004312    0.002156    0.002156 ^ _598_/CLK (sky130_fd_sc_hd__dfxtp_2)
     2    0.003869    0.035623    0.293899    0.296055 ^ _598_/Q (sky130_fd_sc_hd__dfxtp_2)
                                                         bram.mem[10][6] (net)
                      0.035623    0.000004    0.296059 ^ _431_/A0 (sky130_fd_sc_hd__mux2_1)
     1    0.001828    0.035108    0.103396    0.399455 ^ _431_/X (sky130_fd_sc_hd__mux2_1)
                                                         _054_ (net)
                      0.035108    0.000001    0.399457 ^ _598_/D (sky130_fd_sc_hd__dfxtp_2)
                                              0.399457   data arrival time

                                  0.000000    0.000000   clock wclk (rise edge)
                                  0.000000    0.000000   clock source latency
   147    0.348395    0.000000    0.000000    0.000000 ^ wclk (in)
                                                         wclk (net)
                      0.004312    0.002156    0.002156 ^ _598_/CLK (sky130_fd_sc_hd__dfxtp_2)
                                  0.000000    0.002156   clock reconvergence pessimism
                                 -0.034488   -0.032332   library hold time
                                             -0.032332   data required time
---------------------------------------------------------------------------------------------
                                             -0.032332   data required time
                                             -0.399457   data arrival time
---------------------------------------------------------------------------------------------
                                              0.431788   slack (MET)


Startpoint: _566_ (rising edge-triggered flip-flop clocked by wclk)
Endpoint: _566_ (rising edge-triggered flip-flop clocked by wclk)
Path Group: wclk
Path Type: min

Fanout         Cap        Slew       Delay        Time   Description
---------------------------------------------------------------------------------------------
                                  0.000000    0.000000   clock wclk (rise edge)
                                  0.000000    0.000000   clock source latency
   147    0.348395    0.000000    0.000000    0.000000 ^ wclk (in)
                                                         wclk (net)
                      0.004365    0.002183    0.002183 ^ _566_/CLK (sky130_fd_sc_hd__dfxtp_2)
     2    0.003808    0.035352    0.293633    0.295815 ^ _566_/Q (sky130_fd_sc_hd__dfxtp_2)
                                                         bram.mem[14][6] (net)
                      0.035352    0.000002    0.295817 ^ _395_/A0 (sky130_fd_sc_hd__mux2_1)
     1    0.001873    0.035463    0.103660    0.399477 ^ _395_/X (sky130_fd_sc_hd__mux2_1)
                                                         _022_ (net)
                      0.035463    0.000002    0.399479 ^ _566_/D (sky130_fd_sc_hd__dfxtp_2)
                                              0.399479   data arrival time

                                  0.000000    0.000000   clock wclk (rise edge)
                                  0.000000    0.000000   clock source latency
   147    0.348395    0.000000    0.000000    0.000000 ^ wclk (in)
                                                         wclk (net)
                      0.004365    0.002183    0.002183 ^ _566_/CLK (sky130_fd_sc_hd__dfxtp_2)
                                  0.000000    0.002183   clock reconvergence pessimism
                                 -0.034555   -0.032372   library hold time
                                             -0.032372   data required time
---------------------------------------------------------------------------------------------
                                             -0.032372   data required time
                                             -0.399479   data arrival time
---------------------------------------------------------------------------------------------
                                              0.431851   slack (MET)


Startpoint: _593_ (rising edge-triggered flip-flop clocked by wclk)
Endpoint: _593_ (rising edge-triggered flip-flop clocked by wclk)
Path Group: wclk
Path Type: min

Fanout         Cap        Slew       Delay        Time   Description
---------------------------------------------------------------------------------------------
                                  0.000000    0.000000   clock wclk (rise edge)
                                  0.000000    0.000000   clock source latency
   147    0.348395    0.000000    0.000000    0.000000 ^ wclk (in)
                                                         wclk (net)
                      0.004978    0.002489    0.002489 ^ _593_/CLK (sky130_fd_sc_hd__dfxtp_2)
     2    0.003894    0.035732    0.294246    0.296735 ^ _593_/Q (sky130_fd_sc_hd__dfxtp_2)
                                                         bram.mem[10][1] (net)
                      0.035732    0.000002    0.296737 ^ _426_/A0 (sky130_fd_sc_hd__mux2_1)
     1    0.001806    0.034927    0.103250    0.399986 ^ _426_/X (sky130_fd_sc_hd__mux2_1)
                                                         _049_ (net)
                      0.034927    0.000000    0.399987 ^ _593_/D (sky130_fd_sc_hd__dfxtp_2)
                                              0.399987   data arrival time

                                  0.000000    0.000000   clock wclk (rise edge)
                                  0.000000    0.000000   clock source latency
   147    0.348395    0.000000    0.000000    0.000000 ^ wclk (in)
                                                         wclk (net)
                      0.004978    0.002489    0.002489 ^ _593_/CLK (sky130_fd_sc_hd__dfxtp_2)
                                  0.000000    0.002489   clock reconvergence pessimism
                                 -0.034362   -0.031873   library hold time
                                             -0.031873   data required time
---------------------------------------------------------------------------------------------
                                             -0.031873   data required time
                                             -0.399987   data arrival time
---------------------------------------------------------------------------------------------
                                              0.431861   slack (MET)


Startpoint: _596_ (rising edge-triggered flip-flop clocked by wclk)
Endpoint: _596_ (rising edge-triggered flip-flop clocked by wclk)
Path Group: wclk
Path Type: min

Fanout         Cap        Slew       Delay        Time   Description
---------------------------------------------------------------------------------------------
                                  0.000000    0.000000   clock wclk (rise edge)
                                  0.000000    0.000000   clock source latency
   147    0.348395    0.000000    0.000000    0.000000 ^ wclk (in)
                                                         wclk (net)
                      0.006656    0.003328    0.003328 ^ _596_/CLK (sky130_fd_sc_hd__dfxtp_2)
     2    0.003715    0.034945    0.294006    0.297334 ^ _596_/Q (sky130_fd_sc_hd__dfxtp_2)
                                                         bram.mem[10][4] (net)
                      0.034945    0.000001    0.297336 ^ _429_/A0 (sky130_fd_sc_hd__mux2_1)
     1    0.001886    0.035566    0.103627    0.400963 ^ _429_/X (sky130_fd_sc_hd__mux2_1)
                                                         _052_ (net)
                      0.035566    0.000002    0.400965 ^ _596_/D (sky130_fd_sc_hd__dfxtp_2)
                                              0.400965   data arrival time

                                  0.000000    0.000000   clock wclk (rise edge)
                                  0.000000    0.000000   clock source latency
   147    0.348395    0.000000    0.000000    0.000000 ^ wclk (in)
                                                         wclk (net)
                      0.006656    0.003328    0.003328 ^ _596_/CLK (sky130_fd_sc_hd__dfxtp_2)
                                  0.000000    0.003328   clock reconvergence pessimism
                                 -0.034275   -0.030947   library hold time
                                             -0.030947   data required time
---------------------------------------------------------------------------------------------
                                             -0.030947   data required time
                                             -0.400965   data arrival time
---------------------------------------------------------------------------------------------
                                              0.431911   slack (MET)


Startpoint: _567_ (rising edge-triggered flip-flop clocked by wclk)
Endpoint: _567_ (rising edge-triggered flip-flop clocked by wclk)
Path Group: wclk
Path Type: min

Fanout         Cap        Slew       Delay        Time   Description
---------------------------------------------------------------------------------------------
                                  0.000000    0.000000   clock wclk (rise edge)
                                  0.000000    0.000000   clock source latency
   147    0.348395    0.000000    0.000000    0.000000 ^ wclk (in)
                                                         wclk (net)
                      0.007658    0.003829    0.003829 ^ _567_/CLK (sky130_fd_sc_hd__dfxtp_2)
     2    0.003801    0.035330    0.294761    0.298590 ^ _567_/Q (sky130_fd_sc_hd__dfxtp_2)
                                                         bram.mem[14][7] (net)
                      0.035330    0.000001    0.298592 ^ _396_/A0 (sky130_fd_sc_hd__mux2_1)
     1    0.001824    0.035078    0.103261    0.401853 ^ _396_/X (sky130_fd_sc_hd__mux2_1)
                                                         _023_ (net)
                      0.035078    0.000001    0.401854 ^ _567_/D (sky130_fd_sc_hd__dfxtp_2)
                                              0.401854   data arrival time

                                  0.000000    0.000000   clock wclk (rise edge)
                                  0.000000    0.000000   clock source latency
   147    0.348395    0.000000    0.000000    0.000000 ^ wclk (in)
                                                         wclk (net)
                      0.007658    0.003829    0.003829 ^ _567_/CLK (sky130_fd_sc_hd__dfxtp_2)
                                  0.000000    0.003829   clock reconvergence pessimism
                                 -0.034042   -0.030213   library hold time
                                             -0.030213   data required time
---------------------------------------------------------------------------------------------
                                             -0.030213   data required time
                                             -0.401854   data arrival time
---------------------------------------------------------------------------------------------
                                              0.432067   slack (MET)


Startpoint: _576_ (rising edge-triggered flip-flop clocked by wclk)
Endpoint: _576_ (rising edge-triggered flip-flop clocked by wclk)
Path Group: wclk
Path Type: min

Fanout         Cap        Slew       Delay        Time   Description
---------------------------------------------------------------------------------------------
                                  0.000000    0.000000   clock wclk (rise edge)
                                  0.000000    0.000000   clock source latency
   147    0.348395    0.000000    0.000000    0.000000 ^ wclk (in)
                                                         wclk (net)
                      0.009452    0.004726    0.004726 ^ _576_/CLK (sky130_fd_sc_hd__dfxtp_2)
     2    0.003875    0.035659    0.295735    0.300461 ^ _576_/Q (sky130_fd_sc_hd__dfxtp_2)
                                                         bram.mem[12][0] (net)
                      0.035659    0.000005    0.300466 ^ _407_/A0 (sky130_fd_sc_hd__mux2_1)
     1    0.001737    0.034385    0.102673    0.403139 ^ _407_/X (sky130_fd_sc_hd__mux2_1)
                                                         _032_ (net)
                      0.034385    0.000000    0.403140 ^ _576_/D (sky130_fd_sc_hd__dfxtp_2)
                                              0.403140   data arrival time

                                  0.000000    0.000000   clock wclk (rise edge)
                                  0.000000    0.000000   clock source latency
   147    0.348395    0.000000    0.000000    0.000000 ^ wclk (in)
                                                         wclk (net)
                      0.009452    0.004726    0.004726 ^ _576_/CLK (sky130_fd_sc_hd__dfxtp_2)
                                  0.000000    0.004726   clock reconvergence pessimism
                                 -0.033662   -0.028936   library hold time
                                             -0.028936   data required time
---------------------------------------------------------------------------------------------
                                             -0.028936   data required time
                                             -0.403140   data arrival time
---------------------------------------------------------------------------------------------
                                              0.432076   slack (MET)


Startpoint: _610_ (rising edge-triggered flip-flop clocked by wclk)
Endpoint: _610_ (rising edge-triggered flip-flop clocked by wclk)
Path Group: wclk
Path Type: min

Fanout         Cap        Slew       Delay        Time   Description
---------------------------------------------------------------------------------------------
                                  0.000000    0.000000   clock wclk (rise edge)
                                  0.000000    0.000000   clock source latency
   147    0.348395    0.000000    0.000000    0.000000 ^ wclk (in)
                                                         wclk (net)
                      0.008981    0.004490    0.004490 ^ _610_/CLK (sky130_fd_sc_hd__dfxtp_2)
     2    0.003809    0.035366    0.295262    0.299752 ^ _610_/Q (sky130_fd_sc_hd__dfxtp_2)
                                                         bram.mem[8][2] (net)
                      0.035366    0.000005    0.299757 ^ _446_/A0 (sky130_fd_sc_hd__mux2_1)
     1    0.001794    0.034832    0.103030    0.402786 ^ _446_/X (sky130_fd_sc_hd__mux2_1)
                                                         _066_ (net)
                      0.034832    0.000000    0.402787 ^ _610_/D (sky130_fd_sc_hd__dfxtp_2)
                                              0.402787   data arrival time

                                  0.000000    0.000000   clock wclk (rise edge)
                                  0.000000    0.000000   clock source latency
   147    0.348395    0.000000    0.000000    0.000000 ^ wclk (in)
                                                         wclk (net)
                      0.008981    0.004490    0.004490 ^ _610_/CLK (sky130_fd_sc_hd__dfxtp_2)
                                  0.000000    0.004490   clock reconvergence pessimism
                                 -0.033817   -0.029326   library hold time
                                             -0.029326   data required time
---------------------------------------------------------------------------------------------
                                             -0.029326   data required time
                                             -0.402787   data arrival time
---------------------------------------------------------------------------------------------
                                              0.432113   slack (MET)


Startpoint: _642_ (rising edge-triggered flip-flop clocked by wclk)
Endpoint: _642_ (rising edge-triggered flip-flop clocked by wclk)
Path Group: wclk
Path Type: min

Fanout         Cap        Slew       Delay        Time   Description
---------------------------------------------------------------------------------------------
                                  0.000000    0.000000   clock wclk (rise edge)
                                  0.000000    0.000000   clock source latency
   147    0.348395    0.000000    0.000000    0.000000 ^ wclk (in)
                                                         wclk (net)
                      0.010929    0.005465    0.005465 ^ _642_/CLK (sky130_fd_sc_hd__dfxtp_2)
     2    0.003601    0.034456    0.294985    0.300450 ^ _642_/Q (sky130_fd_sc_hd__dfxtp_2)
                                                         bram.mem[6][1] (net)
                      0.034456    0.000000    0.300451 ^ _473_/A0 (sky130_fd_sc_hd__mux2_1)
     1    0.001884    0.035552    0.103442    0.403893 ^ _473_/X (sky130_fd_sc_hd__mux2_1)
                                                         _089_ (net)
                      0.035552    0.000002    0.403894 ^ _642_/D (sky130_fd_sc_hd__dfxtp_2)
                                              0.403894   data arrival time

                                  0.000000    0.000000   clock wclk (rise edge)
                                  0.000000    0.000000   clock source latency
   147    0.348395    0.000000    0.000000    0.000000 ^ wclk (in)
                                                         wclk (net)
                      0.010929    0.005465    0.005465 ^ _642_/CLK (sky130_fd_sc_hd__dfxtp_2)
                                  0.000000    0.005465   clock reconvergence pessimism
                                 -0.033710   -0.028246   library hold time
                                             -0.028246   data required time
---------------------------------------------------------------------------------------------
                                             -0.028246   data required time
                                             -0.403894   data arrival time
---------------------------------------------------------------------------------------------
                                              0.432140   slack (MET)


Startpoint: _563_ (rising edge-triggered flip-flop clocked by wclk)
Endpoint: _563_ (rising edge-triggered flip-flop clocked by wclk)
Path Group: wclk
Path Type: min

Fanout         Cap        Slew       Delay        Time   Description
---------------------------------------------------------------------------------------------
                                  0.000000    0.000000   clock wclk (rise edge)
                                  0.000000    0.000000   clock source latency
   147    0.348395    0.000000    0.000000    0.000000 ^ wclk (in)
                                                         wclk (net)
                      0.004692    0.002346    0.002346 ^ _563_/CLK (sky130_fd_sc_hd__dfxtp_2)
     2    0.003938    0.035927    0.294351    0.296697 ^ _563_/Q (sky130_fd_sc_hd__dfxtp_2)
                                                         bram.mem[14][3] (net)
                      0.035927    0.000003    0.296700 ^ _392_/A0 (sky130_fd_sc_hd__mux2_1)
     1    0.001816    0.035010    0.103399    0.400098 ^ _392_/X (sky130_fd_sc_hd__mux2_1)
                                                         _019_ (net)
                      0.035010    0.000001    0.400100 ^ _563_/D (sky130_fd_sc_hd__dfxtp_2)
                                              0.400100   data arrival time

                                  0.000000    0.000000   clock wclk (rise edge)
                                  0.000000    0.000000   clock source latency
   147    0.348395    0.000000    0.000000    0.000000 ^ wclk (in)
                                                         wclk (net)
                      0.004692    0.002346    0.002346 ^ _563_/CLK (sky130_fd_sc_hd__dfxtp_2)
                                  0.000000    0.002346   clock reconvergence pessimism
                                 -0.034417   -0.032071   library hold time
                                             -0.032071   data required time
---------------------------------------------------------------------------------------------
                                             -0.032071   data required time
                                             -0.400100   data arrival time
---------------------------------------------------------------------------------------------
                                              0.432171   slack (MET)


Startpoint: _644_ (rising edge-triggered flip-flop clocked by wclk)
Endpoint: _644_ (rising edge-triggered flip-flop clocked by wclk)
Path Group: wclk
Path Type: min

Fanout         Cap        Slew       Delay        Time   Description
---------------------------------------------------------------------------------------------
                                  0.000000    0.000000   clock wclk (rise edge)
                                  0.000000    0.000000   clock source latency
   147    0.348395    0.000000    0.000000    0.000000 ^ wclk (in)
                                                         wclk (net)
                      0.010780    0.005390    0.005390 ^ _644_/CLK (sky130_fd_sc_hd__dfxtp_2)
     2    0.003671    0.034764    0.295257    0.300647 ^ _644_/Q (sky130_fd_sc_hd__dfxtp_2)
                                                         bram.mem[6][3] (net)
                      0.034764    0.000001    0.300649 ^ _475_/A0 (sky130_fd_sc_hd__mux2_1)
     1    0.001851    0.035289    0.103281    0.403930 ^ _475_/X (sky130_fd_sc_hd__mux2_1)
                                                         _091_ (net)
                      0.035289    0.000001    0.403931 ^ _644_/D (sky130_fd_sc_hd__dfxtp_2)
                                              0.403931   data arrival time

                                  0.000000    0.000000   clock wclk (rise edge)
                                  0.000000    0.000000   clock source latency
   147    0.348395    0.000000    0.000000    0.000000 ^ wclk (in)
                                                         wclk (net)
                      0.010780    0.005390    0.005390 ^ _644_/CLK (sky130_fd_sc_hd__dfxtp_2)
                                  0.000000    0.005390   clock reconvergence pessimism
                                 -0.033675   -0.028285   library hold time
                                             -0.028285   data required time
---------------------------------------------------------------------------------------------
                                             -0.028285   data required time
                                             -0.403931   data arrival time
---------------------------------------------------------------------------------------------
                                              0.432216   slack (MET)


Startpoint: _623_ (rising edge-triggered flip-flop clocked by wclk)
Endpoint: _623_ (rising edge-triggered flip-flop clocked by wclk)
Path Group: wclk
Path Type: min

Fanout         Cap        Slew       Delay        Time   Description
---------------------------------------------------------------------------------------------
                                  0.000000    0.000000   clock wclk (rise edge)
                                  0.000000    0.000000   clock source latency
   147    0.348395    0.000000    0.000000    0.000000 ^ wclk (in)
                                                         wclk (net)
                      0.012085    0.006042    0.006042 ^ _623_/CLK (sky130_fd_sc_hd__dfxtp_2)
     2    0.003763    0.035172    0.296142    0.302185 ^ _623_/Q (sky130_fd_sc_hd__dfxtp_2)
                                                         bram.mem[0][7] (net)
                      0.035172    0.000004    0.302188 ^ _461_/A0 (sky130_fd_sc_hd__mux2_1)
     1    0.001771    0.034651    0.102777    0.404965 ^ _461_/X (sky130_fd_sc_hd__mux2_1)
                                                         _079_ (net)
                      0.034651    0.000000    0.404966 ^ _623_/D (sky130_fd_sc_hd__dfxtp_2)
                                              0.404966   data arrival time

                                  0.000000    0.000000   clock wclk (rise edge)
                                  0.000000    0.000000   clock source latency
   147    0.348395    0.000000    0.000000    0.000000 ^ wclk (in)
                                                         wclk (net)
                      0.012085    0.006042    0.006042 ^ _623_/CLK (sky130_fd_sc_hd__dfxtp_2)
                                  0.000000    0.006042   clock reconvergence pessimism
                                 -0.033371   -0.027329   library hold time
                                             -0.027329   data required time
---------------------------------------------------------------------------------------------
                                             -0.027329   data required time
                                             -0.404966   data arrival time
---------------------------------------------------------------------------------------------
                                              0.432295   slack (MET)


Startpoint: _622_ (rising edge-triggered flip-flop clocked by wclk)
Endpoint: _622_ (rising edge-triggered flip-flop clocked by wclk)
Path Group: wclk
Path Type: min

Fanout         Cap        Slew       Delay        Time   Description
---------------------------------------------------------------------------------------------
                                  0.000000    0.000000   clock wclk (rise edge)
                                  0.000000    0.000000   clock source latency
   147    0.348395    0.000000    0.000000    0.000000 ^ wclk (in)
                                                         wclk (net)
                      0.010885    0.005443    0.005443 ^ _622_/CLK (sky130_fd_sc_hd__dfxtp_2)
     2    0.003835    0.035487    0.296054    0.301497 ^ _622_/Q (sky130_fd_sc_hd__dfxtp_2)
                                                         bram.mem[0][6] (net)
                      0.035487    0.000004    0.301501 ^ _460_/A0 (sky130_fd_sc_hd__mux2_1)
     1    0.001755    0.034524    0.102757    0.404258 ^ _460_/X (sky130_fd_sc_hd__mux2_1)
                                                         _078_ (net)
                      0.034524    0.000000    0.404259 ^ _622_/D (sky130_fd_sc_hd__dfxtp_2)
                                              0.404259   data arrival time

                                  0.000000    0.000000   clock wclk (rise edge)
                                  0.000000    0.000000   clock source latency
   147    0.348395    0.000000    0.000000    0.000000 ^ wclk (in)
                                                         wclk (net)
                      0.010885    0.005443    0.005443 ^ _622_/CLK (sky130_fd_sc_hd__dfxtp_2)
                                  0.000000    0.005443   clock reconvergence pessimism
                                 -0.033502   -0.028060   library hold time
                                             -0.028060   data required time
---------------------------------------------------------------------------------------------
                                             -0.028060   data required time
                                             -0.404259   data arrival time
---------------------------------------------------------------------------------------------
                                              0.432318   slack (MET)


Startpoint: _696_ (rising edge-triggered flip-flop clocked by wclk)
Endpoint: _696_ (rising edge-triggered flip-flop clocked by wclk)
Path Group: wclk
Path Type: min

Fanout         Cap        Slew       Delay        Time   Description
---------------------------------------------------------------------------------------------
                                  0.000000    0.000000   clock wclk (rise edge)
                                  0.000000    0.000000   clock source latency
   147    0.348395    0.000000    0.000000    0.000000 ^ wclk (in)
                                                         wclk (net)
                      0.010866    0.005433    0.005433 ^ _696_/CLK (sky130_fd_sc_hd__dfxtp_2)
     2    0.003735    0.035043    0.295581    0.301014 ^ _696_/Q (sky130_fd_sc_hd__dfxtp_2)
                                                         bram.mem[2][6] (net)
                      0.035043    0.000002    0.301016 ^ _522_/A0 (sky130_fd_sc_hd__mux2_1)
     1    0.001827    0.035097    0.103185    0.404200 ^ _522_/X (sky130_fd_sc_hd__mux2_1)
                                                         _134_ (net)
                      0.035097    0.000001    0.404201 ^ _696_/D (sky130_fd_sc_hd__dfxtp_2)
                                              0.404201   data arrival time

                                  0.000000    0.000000   clock wclk (rise edge)
                                  0.000000    0.000000   clock source latency
   147    0.348395    0.000000    0.000000    0.000000 ^ wclk (in)
                                                         wclk (net)
                      0.010866    0.005433    0.005433 ^ _696_/CLK (sky130_fd_sc_hd__dfxtp_2)
                                  0.000000    0.005433   clock reconvergence pessimism
                                 -0.033624   -0.028191   library hold time
                                             -0.028191   data required time
---------------------------------------------------------------------------------------------
                                             -0.028191   data required time
                                             -0.404201   data arrival time
---------------------------------------------------------------------------------------------
                                              0.432393   slack (MET)


Startpoint: _619_ (rising edge-triggered flip-flop clocked by wclk)
Endpoint: _619_ (rising edge-triggered flip-flop clocked by wclk)
Path Group: wclk
Path Type: min

Fanout         Cap        Slew       Delay        Time   Description
---------------------------------------------------------------------------------------------
                                  0.000000    0.000000   clock wclk (rise edge)
                                  0.000000    0.000000   clock source latency
   147    0.348395    0.000000    0.000000    0.000000 ^ wclk (in)
                                                         wclk (net)
                      0.010543    0.005271    0.005271 ^ _619_/CLK (sky130_fd_sc_hd__dfxtp_2)
     2    0.003850    0.035550    0.296001    0.301273 ^ _619_/Q (sky130_fd_sc_hd__dfxtp_2)
                                                         bram.mem[0][3] (net)
                      0.035550    0.000004    0.301277 ^ _457_/A0 (sky130_fd_sc_hd__mux2_1)
     1    0.001767    0.034623    0.102878    0.404155 ^ _457_/X (sky130_fd_sc_hd__mux2_1)
                                                         _075_ (net)
                      0.034623    0.000000    0.404156 ^ _619_/D (sky130_fd_sc_hd__dfxtp_2)
                                              0.404156   data arrival time

                                  0.000000    0.000000   clock wclk (rise edge)
                                  0.000000    0.000000   clock source latency
   147    0.348395    0.000000    0.000000    0.000000 ^ wclk (in)
                                                         wclk (net)
                      0.010543    0.005271    0.005271 ^ _619_/CLK (sky130_fd_sc_hd__dfxtp_2)
                                  0.000000    0.005271   clock reconvergence pessimism
                                 -0.033568   -0.028296   library hold time
                                             -0.028296   data required time
---------------------------------------------------------------------------------------------
                                             -0.028296   data required time
                                             -0.404156   data arrival time
---------------------------------------------------------------------------------------------
                                              0.432453   slack (MET)


Startpoint: _693_ (rising edge-triggered flip-flop clocked by wclk)
Endpoint: _693_ (rising edge-triggered flip-flop clocked by wclk)
Path Group: wclk
Path Type: min

Fanout         Cap        Slew       Delay        Time   Description
---------------------------------------------------------------------------------------------
                                  0.000000    0.000000   clock wclk (rise edge)
                                  0.000000    0.000000   clock source latency
   147    0.348395    0.000000    0.000000    0.000000 ^ wclk (in)
                                                         wclk (net)
                      0.010521    0.005261    0.005261 ^ _693_/CLK (sky130_fd_sc_hd__dfxtp_2)
     2    0.003784    0.035259    0.295688    0.300948 ^ _693_/Q (sky130_fd_sc_hd__dfxtp_2)
                                                         bram.mem[2][3] (net)
                      0.035259    0.000002    0.300951 ^ _519_/A0 (sky130_fd_sc_hd__mux2_1)
     1    0.001822    0.035054    0.103216    0.404166 ^ _519_/X (sky130_fd_sc_hd__mux2_1)
                                                         _131_ (net)
                      0.035054    0.000001    0.404168 ^ _693_/D (sky130_fd_sc_hd__dfxtp_2)
                                              0.404168   data arrival time

                                  0.000000    0.000000   clock wclk (rise edge)
                                  0.000000    0.000000   clock source latency
   147    0.348395    0.000000    0.000000    0.000000 ^ wclk (in)
                                                         wclk (net)
                      0.010521    0.005261    0.005261 ^ _693_/CLK (sky130_fd_sc_hd__dfxtp_2)
                                  0.000000    0.005261   clock reconvergence pessimism
                                 -0.033660   -0.028400   library hold time
                                             -0.028400   data required time
---------------------------------------------------------------------------------------------
                                             -0.028400   data required time
                                             -0.404168   data arrival time
---------------------------------------------------------------------------------------------
                                              0.432567   slack (MET)


Startpoint: _666_ (rising edge-triggered flip-flop clocked by wclk)
Endpoint: _666_ (rising edge-triggered flip-flop clocked by wclk)
Path Group: wclk
Path Type: min

Fanout         Cap        Slew       Delay        Time   Description
---------------------------------------------------------------------------------------------
                                  0.000000    0.000000   clock wclk (rise edge)
                                  0.000000    0.000000   clock source latency
   147    0.348395    0.000000    0.000000    0.000000 ^ wclk (in)
                                                         wclk (net)
                      0.013394    0.006697    0.006697 ^ _666_/CLK (sky130_fd_sc_hd__dfxtp_2)
     2    0.003849    0.035552    0.297000    0.303697 ^ _666_/Q (sky130_fd_sc_hd__dfxtp_2)
                                                         bram.mem[4][0] (net)
                      0.035552    0.000004    0.303701 ^ _490_/A0 (sky130_fd_sc_hd__mux2_1)
     1    0.001716    0.034218    0.102466    0.406167 ^ _490_/X (sky130_fd_sc_hd__mux2_1)
                                                         _104_ (net)
                      0.034218    0.000000    0.406167 ^ _666_/D (sky130_fd_sc_hd__dfxtp_2)
                                              0.406167   data arrival time

                                  0.000000    0.000000   clock wclk (rise edge)
                                  0.000000    0.000000   clock source latency
   147    0.348395    0.000000    0.000000    0.000000 ^ wclk (in)
                                                         wclk (net)
                      0.013394    0.006697    0.006697 ^ _666_/CLK (sky130_fd_sc_hd__dfxtp_2)
                                  0.000000    0.006697   clock reconvergence pessimism
                                 -0.033109   -0.026412   library hold time
                                             -0.026412   data required time
---------------------------------------------------------------------------------------------
                                             -0.026412   data required time
                                             -0.406167   data arrival time
---------------------------------------------------------------------------------------------
                                              0.432579   slack (MET)


Startpoint: _594_ (rising edge-triggered flip-flop clocked by wclk)
Endpoint: _594_ (rising edge-triggered flip-flop clocked by wclk)
Path Group: wclk
Path Type: min

Fanout         Cap        Slew       Delay        Time   Description
---------------------------------------------------------------------------------------------
                                  0.000000    0.000000   clock wclk (rise edge)
                                  0.000000    0.000000   clock source latency
   147    0.348395    0.000000    0.000000    0.000000 ^ wclk (in)
                                                         wclk (net)
                      0.008612    0.004306    0.004306 ^ _594_/CLK (sky130_fd_sc_hd__dfxtp_2)
     2    0.003784    0.035254    0.295015    0.299321 ^ _594_/Q (sky130_fd_sc_hd__dfxtp_2)
                                                         bram.mem[10][2] (net)
                      0.035254    0.000001    0.299322 ^ _427_/A0 (sky130_fd_sc_hd__mux2_1)
     1    0.001872    0.035450    0.103616    0.402939 ^ _427_/X (sky130_fd_sc_hd__mux2_1)
                                                         _050_ (net)
                      0.035450    0.000001    0.402940 ^ _594_/D (sky130_fd_sc_hd__dfxtp_2)
                                              0.402940   data arrival time

                                  0.000000    0.000000   clock wclk (rise edge)
                                  0.000000    0.000000   clock source latency
   147    0.348395    0.000000    0.000000    0.000000 ^ wclk (in)
                                                         wclk (net)
                      0.008612    0.004306    0.004306 ^ _594_/CLK (sky130_fd_sc_hd__dfxtp_2)
                                  0.000000    0.004306   clock reconvergence pessimism
                                 -0.033994   -0.029688   library hold time
                                             -0.029688   data required time
---------------------------------------------------------------------------------------------
                                             -0.029688   data required time
                                             -0.402940   data arrival time
---------------------------------------------------------------------------------------------
                                              0.432628   slack (MET)


Startpoint: _671_ (rising edge-triggered flip-flop clocked by wclk)
Endpoint: _671_ (rising edge-triggered flip-flop clocked by wclk)
Path Group: wclk
Path Type: min

Fanout         Cap        Slew       Delay        Time   Description
---------------------------------------------------------------------------------------------
                                  0.000000    0.000000   clock wclk (rise edge)
                                  0.000000    0.000000   clock source latency
   147    0.348395    0.000000    0.000000    0.000000 ^ wclk (in)
                                                         wclk (net)
                      0.013328    0.006664    0.006664 ^ _671_/CLK (sky130_fd_sc_hd__dfxtp_2)
     2    0.003707    0.034928    0.296320    0.302984 ^ _671_/Q (sky130_fd_sc_hd__dfxtp_2)
                                                         bram.mem[4][5] (net)
                      0.034928    0.000003    0.302987 ^ _495_/A0 (sky130_fd_sc_hd__mux2_1)
     1    0.001814    0.034997    0.103041    0.406028 ^ _495_/X (sky130_fd_sc_hd__mux2_1)
                                                         _109_ (net)
                      0.034997    0.000001    0.406030 ^ _671_/D (sky130_fd_sc_hd__dfxtp_2)
                                              0.406030   data arrival time

                                  0.000000    0.000000   clock wclk (rise edge)
                                  0.000000    0.000000   clock source latency
   147    0.348395    0.000000    0.000000    0.000000 ^ wclk (in)
                                                         wclk (net)
                      0.013328    0.006664    0.006664 ^ _671_/CLK (sky130_fd_sc_hd__dfxtp_2)
                                  0.000000    0.006664   clock reconvergence pessimism
                                 -0.033280   -0.026616   library hold time
                                             -0.026616   data required time
---------------------------------------------------------------------------------------------
                                             -0.026616   data required time
                                             -0.406030   data arrival time
---------------------------------------------------------------------------------------------
                                              0.432645   slack (MET)


Startpoint: _697_ (rising edge-triggered flip-flop clocked by wclk)
Endpoint: _697_ (rising edge-triggered flip-flop clocked by wclk)
Path Group: wclk
Path Type: min

Fanout         Cap        Slew       Delay        Time   Description
---------------------------------------------------------------------------------------------
                                  0.000000    0.000000   clock wclk (rise edge)
                                  0.000000    0.000000   clock source latency
   147    0.348395    0.000000    0.000000    0.000000 ^ wclk (in)
                                                         wclk (net)
                      0.012063    0.006032    0.006032 ^ _697_/CLK (sky130_fd_sc_hd__dfxtp_2)
     2    0.003740    0.035068    0.296026    0.302057 ^ _697_/Q (sky130_fd_sc_hd__dfxtp_2)
                                                         bram.mem[2][7] (net)
                      0.035068    0.000001    0.302059 ^ _523_/A0 (sky130_fd_sc_hd__mux2_1)
     1    0.001823    0.035064    0.103160    0.405218 ^ _523_/X (sky130_fd_sc_hd__mux2_1)
                                                         _135_ (net)
                      0.035064    0.000001    0.405220 ^ _697_/D (sky130_fd_sc_hd__dfxtp_2)
                                              0.405220   data arrival time

                                  0.000000    0.000000   clock wclk (rise edge)
                                  0.000000    0.000000   clock source latency
   147    0.348395    0.000000    0.000000    0.000000 ^ wclk (in)
                                                         wclk (net)
                      0.012063    0.006032    0.006032 ^ _697_/CLK (sky130_fd_sc_hd__dfxtp_2)
                                  0.000000    0.006032   clock reconvergence pessimism
                                 -0.033460   -0.027428   library hold time
                                             -0.027428   data required time
---------------------------------------------------------------------------------------------
                                             -0.027428   data required time
                                             -0.405220   data arrival time
---------------------------------------------------------------------------------------------
                                              0.432648   slack (MET)


Startpoint: _641_ (rising edge-triggered flip-flop clocked by wclk)
Endpoint: _641_ (rising edge-triggered flip-flop clocked by wclk)
Path Group: wclk
Path Type: min

Fanout         Cap        Slew       Delay        Time   Description
---------------------------------------------------------------------------------------------
                                  0.000000    0.000000   clock wclk (rise edge)
                                  0.000000    0.000000   clock source latency
   147    0.348395    0.000000    0.000000    0.000000 ^ wclk (in)
                                                         wclk (net)
                      0.013378    0.006689    0.006689 ^ _641_/CLK (sky130_fd_sc_hd__dfxtp_2)
     2    0.003698    0.034890    0.296297    0.302986 ^ _641_/Q (sky130_fd_sc_hd__dfxtp_2)
                                                         bram.mem[6][0] (net)
                      0.034890    0.000002    0.302988 ^ _472_/A0 (sky130_fd_sc_hd__mux2_1)
     1    0.001823    0.035064    0.103096    0.406084 ^ _472_/X (sky130_fd_sc_hd__mux2_1)
                                                         _088_ (net)
                      0.035064    0.000001    0.406085 ^ _641_/D (sky130_fd_sc_hd__dfxtp_2)
                                              0.406085   data arrival time

                                  0.000000    0.000000   clock wclk (rise edge)
                                  0.000000    0.000000   clock source latency
   147    0.348395    0.000000    0.000000    0.000000 ^ wclk (in)
                                                         wclk (net)
                      0.013378    0.006689    0.006689 ^ _641_/CLK (sky130_fd_sc_hd__dfxtp_2)
                                  0.000000    0.006689   clock reconvergence pessimism
                                 -0.033287   -0.026598   library hold time
                                             -0.026598   data required time
---------------------------------------------------------------------------------------------
                                             -0.026598   data required time
                                             -0.406085   data arrival time
---------------------------------------------------------------------------------------------
                                              0.432683   slack (MET)


Startpoint: _669_ (rising edge-triggered flip-flop clocked by wclk)
Endpoint: _669_ (rising edge-triggered flip-flop clocked by wclk)
Path Group: wclk
Path Type: min

Fanout         Cap        Slew       Delay        Time   Description
---------------------------------------------------------------------------------------------
                                  0.000000    0.000000   clock wclk (rise edge)
                                  0.000000    0.000000   clock source latency
   147    0.348395    0.000000    0.000000    0.000000 ^ wclk (in)
                                                         wclk (net)
                      0.010846    0.005423    0.005423 ^ _669_/CLK (sky130_fd_sc_hd__dfxtp_2)
     2    0.003771    0.035201    0.295740    0.301164 ^ _669_/Q (sky130_fd_sc_hd__dfxtp_2)
                                                         bram.mem[4][3] (net)
                      0.035201    0.000003    0.301166 ^ _493_/A0 (sky130_fd_sc_hd__mux2_1)
     1    0.001835    0.035162    0.103304    0.404470 ^ _493_/X (sky130_fd_sc_hd__mux2_1)
                                                         _107_ (net)
                      0.035162    0.000001    0.404471 ^ _669_/D (sky130_fd_sc_hd__dfxtp_2)
                                              0.404471   data arrival time

                                  0.000000    0.000000   clock wclk (rise edge)
                                  0.000000    0.000000   clock source latency
   147    0.348395    0.000000    0.000000    0.000000 ^ wclk (in)
                                                         wclk (net)
                      0.010846    0.005423    0.005423 ^ _669_/CLK (sky130_fd_sc_hd__dfxtp_2)
                                  0.000000    0.005423   clock reconvergence pessimism
                                 -0.033640   -0.028217   library hold time
                                             -0.028217   data required time
---------------------------------------------------------------------------------------------
                                             -0.028217   data required time
                                             -0.404471   data arrival time
---------------------------------------------------------------------------------------------
                                              0.432688   slack (MET)


Startpoint: _670_ (rising edge-triggered flip-flop clocked by wclk)
Endpoint: _670_ (rising edge-triggered flip-flop clocked by wclk)
Path Group: wclk
Path Type: min

Fanout         Cap        Slew       Delay        Time   Description
---------------------------------------------------------------------------------------------
                                  0.000000    0.000000   clock wclk (rise edge)
                                  0.000000    0.000000   clock source latency
   147    0.348395    0.000000    0.000000    0.000000 ^ wclk (in)
                                                         wclk (net)
                      0.013192    0.006596    0.006596 ^ _670_/CLK (sky130_fd_sc_hd__dfxtp_2)
     2    0.003705    0.034921    0.296265    0.302861 ^ _670_/Q (sky130_fd_sc_hd__dfxtp_2)
                                                         bram.mem[4][4] (net)
                      0.034921    0.000003    0.302863 ^ _494_/A0 (sky130_fd_sc_hd__mux2_1)
     1    0.001827    0.035101    0.103144    0.406007 ^ _494_/X (sky130_fd_sc_hd__mux2_1)
                                                         _108_ (net)
                      0.035101    0.000001    0.406009 ^ _670_/D (sky130_fd_sc_hd__dfxtp_2)
                                              0.406009   data arrival time

                                  0.000000    0.000000   clock wclk (rise edge)
                                  0.000000    0.000000   clock source latency
   147    0.348395    0.000000    0.000000    0.000000 ^ wclk (in)
                                                         wclk (net)
                      0.013192    0.006596    0.006596 ^ _670_/CLK (sky130_fd_sc_hd__dfxtp_2)
                                  0.000000    0.006596   clock reconvergence pessimism
                                 -0.033319   -0.026723   library hold time
                                             -0.026723   data required time
---------------------------------------------------------------------------------------------
                                             -0.026723   data required time
                                             -0.406009   data arrival time
---------------------------------------------------------------------------------------------
                                              0.432732   slack (MET)


Startpoint: _592_ (rising edge-triggered flip-flop clocked by wclk)
Endpoint: _592_ (rising edge-triggered flip-flop clocked by wclk)
Path Group: wclk
Path Type: min

Fanout         Cap        Slew       Delay        Time   Description
---------------------------------------------------------------------------------------------
                                  0.000000    0.000000   clock wclk (rise edge)
                                  0.000000    0.000000   clock source latency
   147    0.348395    0.000000    0.000000    0.000000 ^ wclk (in)
                                                         wclk (net)
                      0.010220    0.005110    0.005110 ^ _592_/CLK (sky130_fd_sc_hd__dfxtp_2)
     2    0.003866    0.035618    0.295960    0.301070 ^ _592_/Q (sky130_fd_sc_hd__dfxtp_2)
                                                         bram.mem[10][0] (net)
                      0.035618    0.000002    0.301073 ^ _425_/A0 (sky130_fd_sc_hd__mux2_1)
     1    0.001796    0.034855    0.103137    0.404210 ^ _425_/X (sky130_fd_sc_hd__mux2_1)
                                                         _048_ (net)
                      0.034855    0.000000    0.404211 ^ _592_/D (sky130_fd_sc_hd__dfxtp_2)
                                              0.404211   data arrival time

                                  0.000000    0.000000   clock wclk (rise edge)
                                  0.000000    0.000000   clock source latency
   147    0.348395    0.000000    0.000000    0.000000 ^ wclk (in)
                                                         wclk (net)
                      0.010220    0.005110    0.005110 ^ _592_/CLK (sky130_fd_sc_hd__dfxtp_2)
                                  0.000000    0.005110   clock reconvergence pessimism
                                 -0.033658   -0.028548   library hold time
                                             -0.028548   data required time
---------------------------------------------------------------------------------------------
                                             -0.028548   data required time
                                             -0.404211   data arrival time
---------------------------------------------------------------------------------------------
                                              0.432759   slack (MET)


Startpoint: _668_ (rising edge-triggered flip-flop clocked by wclk)
Endpoint: _668_ (rising edge-triggered flip-flop clocked by wclk)
Path Group: wclk
Path Type: min

Fanout         Cap        Slew       Delay        Time   Description
---------------------------------------------------------------------------------------------
                                  0.000000    0.000000   clock wclk (rise edge)
                                  0.000000    0.000000   clock source latency
   147    0.348395    0.000000    0.000000    0.000000 ^ wclk (in)
                                                         wclk (net)
                      0.012944    0.006472    0.006472 ^ _668_/CLK (sky130_fd_sc_hd__dfxtp_2)
     2    0.003710    0.034941    0.296199    0.302671 ^ _668_/Q (sky130_fd_sc_hd__dfxtp_2)
                                                         bram.mem[4][2] (net)
                      0.034941    0.000003    0.302674 ^ _492_/A0 (sky130_fd_sc_hd__mux2_1)
     1    0.001839    0.035195    0.103247    0.405921 ^ _492_/X (sky130_fd_sc_hd__mux2_1)
                                                         _106_ (net)
                      0.035195    0.000001    0.405922 ^ _668_/D (sky130_fd_sc_hd__dfxtp_2)
                                              0.405922   data arrival time

                                  0.000000    0.000000   clock wclk (rise edge)
                                  0.000000    0.000000   clock source latency
   147    0.348395    0.000000    0.000000    0.000000 ^ wclk (in)
                                                         wclk (net)
                      0.012944    0.006472    0.006472 ^ _668_/CLK (sky130_fd_sc_hd__dfxtp_2)
                                  0.000000    0.006472   clock reconvergence pessimism
                                 -0.033371   -0.026899   library hold time
                                             -0.026899   data required time
---------------------------------------------------------------------------------------------
                                             -0.026899   data required time
                                             -0.405922   data arrival time
---------------------------------------------------------------------------------------------
                                              0.432822   slack (MET)


Startpoint: _667_ (rising edge-triggered flip-flop clocked by wclk)
Endpoint: _667_ (rising edge-triggered flip-flop clocked by wclk)
Path Group: wclk
Path Type: min

Fanout         Cap        Slew       Delay        Time   Description
---------------------------------------------------------------------------------------------
                                  0.000000    0.000000   clock wclk (rise edge)
                                  0.000000    0.000000   clock source latency
   147    0.348395    0.000000    0.000000    0.000000 ^ wclk (in)
                                                         wclk (net)
                      0.010984    0.005492    0.005492 ^ _667_/CLK (sky130_fd_sc_hd__dfxtp_2)
     2    0.003779    0.035237    0.295827    0.301319 ^ _667_/Q (sky130_fd_sc_hd__dfxtp_2)
                                                         bram.mem[4][1] (net)
                      0.035237    0.000002    0.301321 ^ _491_/A0 (sky130_fd_sc_hd__mux2_1)
     1    0.001841    0.035211    0.103365    0.404686 ^ _491_/X (sky130_fd_sc_hd__mux2_1)
                                                         _105_ (net)
                      0.035211    0.000001    0.404688 ^ _667_/D (sky130_fd_sc_hd__dfxtp_2)
                                              0.404688   data arrival time

                                  0.000000    0.000000   clock wclk (rise edge)
                                  0.000000    0.000000   clock source latency
   147    0.348395    0.000000    0.000000    0.000000 ^ wclk (in)
                                                         wclk (net)
                      0.010984    0.005492    0.005492 ^ _667_/CLK (sky130_fd_sc_hd__dfxtp_2)
                                  0.000000    0.005492   clock reconvergence pessimism
                                 -0.033632   -0.028140   library hold time
                                             -0.028140   data required time
---------------------------------------------------------------------------------------------
                                             -0.028140   data required time
                                             -0.404688   data arrival time
---------------------------------------------------------------------------------------------
                                              0.432828   slack (MET)


Startpoint: _581_ (rising edge-triggered flip-flop clocked by wclk)
Endpoint: _581_ (rising edge-triggered flip-flop clocked by wclk)
Path Group: wclk
Path Type: min

Fanout         Cap        Slew       Delay        Time   Description
---------------------------------------------------------------------------------------------
                                  0.000000    0.000000   clock wclk (rise edge)
                                  0.000000    0.000000   clock source latency
   147    0.348395    0.000000    0.000000    0.000000 ^ wclk (in)
                                                         wclk (net)
                      0.010181    0.005091    0.005091 ^ _581_/CLK (sky130_fd_sc_hd__dfxtp_2)
     2    0.003832    0.035470    0.295791    0.300882 ^ _581_/Q (sky130_fd_sc_hd__dfxtp_2)
                                                         bram.mem[12][5] (net)
                      0.035470    0.000003    0.300885 ^ _412_/A0 (sky130_fd_sc_hd__mux2_1)
     1    0.001830    0.035121    0.103355    0.404240 ^ _412_/X (sky130_fd_sc_hd__mux2_1)
                                                         _037_ (net)
                      0.035121    0.000001    0.404242 ^ _581_/D (sky130_fd_sc_hd__dfxtp_2)
                                              0.404242   data arrival time

                                  0.000000    0.000000   clock wclk (rise edge)
                                  0.000000    0.000000   clock source latency
   147    0.348395    0.000000    0.000000    0.000000 ^ wclk (in)
                                                         wclk (net)
                      0.010181    0.005091    0.005091 ^ _581_/CLK (sky130_fd_sc_hd__dfxtp_2)
                                  0.000000    0.005091   clock reconvergence pessimism
                                 -0.033719   -0.028628   library hold time
                                             -0.028628   data required time
---------------------------------------------------------------------------------------------
                                             -0.028628   data required time
                                             -0.404242   data arrival time
---------------------------------------------------------------------------------------------
                                              0.432870   slack (MET)


Startpoint: _646_ (rising edge-triggered flip-flop clocked by wclk)
Endpoint: _646_ (rising edge-triggered flip-flop clocked by wclk)
Path Group: wclk
Path Type: min

Fanout         Cap        Slew       Delay        Time   Description
---------------------------------------------------------------------------------------------
                                  0.000000    0.000000   clock wclk (rise edge)
                                  0.000000    0.000000   clock source latency
   147    0.348395    0.000000    0.000000    0.000000 ^ wclk (in)
                                                         wclk (net)
                      0.013263    0.006632    0.006632 ^ _646_/CLK (sky130_fd_sc_hd__dfxtp_2)
     2    0.003713    0.034953    0.296324    0.302955 ^ _646_/Q (sky130_fd_sc_hd__dfxtp_2)
                                                         bram.mem[6][5] (net)
                      0.034953    0.000001    0.302957 ^ _477_/A0 (sky130_fd_sc_hd__mux2_1)
     1    0.001840    0.035198    0.103254    0.406211 ^ _477_/X (sky130_fd_sc_hd__mux2_1)
                                                         _093_ (net)
                      0.035198    0.000001    0.406212 ^ _646_/D (sky130_fd_sc_hd__dfxtp_2)
                                              0.406212   data arrival time

                                  0.000000    0.000000   clock wclk (rise edge)
                                  0.000000    0.000000   clock source latency
   147    0.348395    0.000000    0.000000    0.000000 ^ wclk (in)
                                                         wclk (net)
                      0.013263    0.006632    0.006632 ^ _646_/CLK (sky130_fd_sc_hd__dfxtp_2)
                                  0.000000    0.006632   clock reconvergence pessimism
                                 -0.033330   -0.026698   library hold time
                                             -0.026698   data required time
---------------------------------------------------------------------------------------------
                                             -0.026698   data required time
                                             -0.406212   data arrival time
---------------------------------------------------------------------------------------------
                                              0.432911   slack (MET)


Startpoint: _560_ (rising edge-triggered flip-flop clocked by wclk)
Endpoint: _560_ (rising edge-triggered flip-flop clocked by wclk)
Path Group: wclk
Path Type: min

Fanout         Cap        Slew       Delay        Time   Description
---------------------------------------------------------------------------------------------
                                  0.000000    0.000000   clock wclk (rise edge)
                                  0.000000    0.000000   clock source latency
   147    0.348395    0.000000    0.000000    0.000000 ^ wclk (in)
                                                         wclk (net)
                      0.009130    0.004565    0.004565 ^ _560_/CLK (sky130_fd_sc_hd__dfxtp_2)
     2    0.003900    0.035769    0.295738    0.300303 ^ _560_/Q (sky130_fd_sc_hd__dfxtp_2)
                                                         bram.mem[14][0] (net)
                      0.035769    0.000003    0.300305 ^ _389_/A0 (sky130_fd_sc_hd__mux2_1)
     1    0.001815    0.035004    0.103337    0.403643 ^ _389_/X (sky130_fd_sc_hd__mux2_1)
                                                         _016_ (net)
                      0.035004    0.000001    0.403644 ^ _560_/D (sky130_fd_sc_hd__dfxtp_2)
                                              0.403644   data arrival time

                                  0.000000    0.000000   clock wclk (rise edge)
                                  0.000000    0.000000   clock source latency
   147    0.348395    0.000000    0.000000    0.000000 ^ wclk (in)
                                                         wclk (net)
                      0.009130    0.004565    0.004565 ^ _560_/CLK (sky130_fd_sc_hd__dfxtp_2)
                                  0.000000    0.004565   clock reconvergence pessimism
                                 -0.033833   -0.029268   library hold time
                                             -0.029268   data required time
---------------------------------------------------------------------------------------------
                                             -0.029268   data required time
                                             -0.403644   data arrival time
---------------------------------------------------------------------------------------------
                                              0.432912   slack (MET)


Startpoint: _695_ (rising edge-triggered flip-flop clocked by wclk)
Endpoint: _695_ (rising edge-triggered flip-flop clocked by wclk)
Path Group: wclk
Path Type: min

Fanout         Cap        Slew       Delay        Time   Description
---------------------------------------------------------------------------------------------
                                  0.000000    0.000000   clock wclk (rise edge)
                                  0.000000    0.000000   clock source latency
   147    0.348395    0.000000    0.000000    0.000000 ^ wclk (in)
                                                         wclk (net)
                      0.013697    0.006848    0.006848 ^ _695_/CLK (sky130_fd_sc_hd__dfxtp_2)
     2    0.003715    0.034966    0.296489    0.303338 ^ _695_/Q (sky130_fd_sc_hd__dfxtp_2)
                                                         bram.mem[2][5] (net)
                      0.034966    0.000002    0.303339 ^ _521_/A0 (sky130_fd_sc_hd__mux2_1)
     1    0.001831    0.035127    0.103189    0.406528 ^ _521_/X (sky130_fd_sc_hd__mux2_1)
                                                         _133_ (net)
                      0.035127    0.000001    0.406529 ^ _695_/D (sky130_fd_sc_hd__dfxtp_2)
                                              0.406529   data arrival time

                                  0.000000    0.000000   clock wclk (rise edge)
                                  0.000000    0.000000   clock source latency
   147    0.348395    0.000000    0.000000    0.000000 ^ wclk (in)
                                                         wclk (net)
                      0.013697    0.006848    0.006848 ^ _695_/CLK (sky130_fd_sc_hd__dfxtp_2)
                                  0.000000    0.006848   clock reconvergence pessimism
                                 -0.033258   -0.026410   library hold time
                                             -0.026410   data required time
---------------------------------------------------------------------------------------------
                                             -0.026410   data required time
                                             -0.406529   data arrival time
---------------------------------------------------------------------------------------------
                                              0.432939   slack (MET)


Startpoint: _617_ (rising edge-triggered flip-flop clocked by wclk)
Endpoint: _617_ (rising edge-triggered flip-flop clocked by wclk)
Path Group: wclk
Path Type: min

Fanout         Cap        Slew       Delay        Time   Description
---------------------------------------------------------------------------------------------
                                  0.000000    0.000000   clock wclk (rise edge)
                                  0.000000    0.000000   clock source latency
   147    0.348395    0.000000    0.000000    0.000000 ^ wclk (in)
                                                         wclk (net)
                      0.011038    0.005519    0.005519 ^ _617_/CLK (sky130_fd_sc_hd__dfxtp_2)
     2    0.003933    0.035916    0.296560    0.302079 ^ _617_/Q (sky130_fd_sc_hd__dfxtp_2)
                                                         bram.mem[0][1] (net)
                      0.035916    0.000005    0.302084 ^ _455_/A0 (sky130_fd_sc_hd__mux2_1)
     1    0.001756    0.034533    0.102914    0.404998 ^ _455_/X (sky130_fd_sc_hd__mux2_1)
                                                         _073_ (net)
                      0.034533    0.000000    0.404999 ^ _617_/D (sky130_fd_sc_hd__dfxtp_2)
                                              0.404999   data arrival time

                                  0.000000    0.000000   clock wclk (rise edge)
                                  0.000000    0.000000   clock source latency
   147    0.348395    0.000000    0.000000    0.000000 ^ wclk (in)
                                                         wclk (net)
                      0.011038    0.005519    0.005519 ^ _617_/CLK (sky130_fd_sc_hd__dfxtp_2)
                                  0.000000    0.005519   clock reconvergence pessimism
                                 -0.033484   -0.027965   library hold time
                                             -0.027965   data required time
---------------------------------------------------------------------------------------------
                                             -0.027965   data required time
                                             -0.404999   data arrival time
---------------------------------------------------------------------------------------------
                                              0.432964   slack (MET)


Startpoint: _692_ (rising edge-triggered flip-flop clocked by wclk)
Endpoint: _692_ (rising edge-triggered flip-flop clocked by wclk)
Path Group: wclk
Path Type: min

Fanout         Cap        Slew       Delay        Time   Description
---------------------------------------------------------------------------------------------
                                  0.000000    0.000000   clock wclk (rise edge)
                                  0.000000    0.000000   clock source latency
   147    0.348395    0.000000    0.000000    0.000000 ^ wclk (in)
                                                         wclk (net)
                      0.013289    0.006645    0.006645 ^ _692_/CLK (sky130_fd_sc_hd__dfxtp_2)
     2    0.003612    0.034511    0.295867    0.302511 ^ _692_/Q (sky130_fd_sc_hd__dfxtp_2)
                                                         bram.mem[2][2] (net)
                      0.034511    0.000000    0.302512 ^ _518_/A0 (sky130_fd_sc_hd__mux2_1)
     1    0.001909    0.035744    0.103658    0.406170 ^ _518_/X (sky130_fd_sc_hd__mux2_1)
                                                         _130_ (net)
                      0.035744    0.000002    0.406171 ^ _692_/D (sky130_fd_sc_hd__dfxtp_2)
                                              0.406171   data arrival time

                                  0.000000    0.000000   clock wclk (rise edge)
                                  0.000000    0.000000   clock source latency
   147    0.348395    0.000000    0.000000    0.000000 ^ wclk (in)
                                                         wclk (net)
                      0.013289    0.006645    0.006645 ^ _692_/CLK (sky130_fd_sc_hd__dfxtp_2)
                                  0.000000    0.006645   clock reconvergence pessimism
                                 -0.033440   -0.026795   library hold time
                                             -0.026795   data required time
---------------------------------------------------------------------------------------------
                                             -0.026795   data required time
                                             -0.406171   data arrival time
---------------------------------------------------------------------------------------------
                                              0.432967   slack (MET)


Startpoint: _690_ (rising edge-triggered flip-flop clocked by wclk)
Endpoint: _690_ (rising edge-triggered flip-flop clocked by wclk)
Path Group: wclk
Path Type: min

Fanout         Cap        Slew       Delay        Time   Description
---------------------------------------------------------------------------------------------
                                  0.000000    0.000000   clock wclk (rise edge)
                                  0.000000    0.000000   clock source latency
   147    0.348395    0.000000    0.000000    0.000000 ^ wclk (in)
                                                         wclk (net)
                      0.013794    0.006897    0.006897 ^ _690_/CLK (sky130_fd_sc_hd__dfxtp_2)
     2    0.003734    0.035050    0.296611    0.303508 ^ _690_/Q (sky130_fd_sc_hd__dfxtp_2)
                                                         bram.mem[2][0] (net)
                      0.035050    0.000002    0.303510 ^ _516_/A0 (sky130_fd_sc_hd__mux2_1)
     1    0.001821    0.035053    0.103142    0.406651 ^ _516_/X (sky130_fd_sc_hd__mux2_1)
                                                         _128_ (net)
                      0.035053    0.000001    0.406653 ^ _690_/D (sky130_fd_sc_hd__dfxtp_2)
                                              0.406653   data arrival time

                                  0.000000    0.000000   clock wclk (rise edge)
                                  0.000000    0.000000   clock source latency
   147    0.348395    0.000000    0.000000    0.000000 ^ wclk (in)
                                                         wclk (net)
                      0.013794    0.006897    0.006897 ^ _690_/CLK (sky130_fd_sc_hd__dfxtp_2)
                                  0.000000    0.006897   clock reconvergence pessimism
                                 -0.033230   -0.026333   library hold time
                                             -0.026333   data required time
---------------------------------------------------------------------------------------------
                                             -0.026333   data required time
                                             -0.406653   data arrival time
---------------------------------------------------------------------------------------------
                                              0.432986   slack (MET)


Startpoint: _616_ (rising edge-triggered flip-flop clocked by wclk)
Endpoint: _616_ (rising edge-triggered flip-flop clocked by wclk)
Path Group: wclk
Path Type: min

Fanout         Cap        Slew       Delay        Time   Description
---------------------------------------------------------------------------------------------
                                  0.000000    0.000000   clock wclk (rise edge)
                                  0.000000    0.000000   clock source latency
   147    0.348395    0.000000    0.000000    0.000000 ^ wclk (in)
                                                         wclk (net)
                      0.013811    0.006906    0.006906 ^ _616_/CLK (sky130_fd_sc_hd__dfxtp_2)
     2    0.003867    0.035631    0.297230    0.304135 ^ _616_/Q (sky130_fd_sc_hd__dfxtp_2)
                                                         bram.mem[0][0] (net)
                      0.035631    0.000004    0.304139 ^ _454_/A0 (sky130_fd_sc_hd__mux2_1)
     1    0.001738    0.034389    0.102669    0.406808 ^ _454_/X (sky130_fd_sc_hd__mux2_1)
                                                         _072_ (net)
                      0.034389    0.000000    0.406809 ^ _616_/D (sky130_fd_sc_hd__dfxtp_2)
                                              0.406809   data arrival time

                                  0.000000    0.000000   clock wclk (rise edge)
                                  0.000000    0.000000   clock source latency
   147    0.348395    0.000000    0.000000    0.000000 ^ wclk (in)
                                                         wclk (net)
                      0.013811    0.006906    0.006906 ^ _616_/CLK (sky130_fd_sc_hd__dfxtp_2)
                                  0.000000    0.006906   clock reconvergence pessimism
                                 -0.033090   -0.026184   library hold time
                                             -0.026184   data required time
---------------------------------------------------------------------------------------------
                                             -0.026184   data required time
                                             -0.406809   data arrival time
---------------------------------------------------------------------------------------------
                                              0.432993   slack (MET)


Startpoint: _613_ (rising edge-triggered flip-flop clocked by wclk)
Endpoint: _613_ (rising edge-triggered flip-flop clocked by wclk)
Path Group: wclk
Path Type: min

Fanout         Cap        Slew       Delay        Time   Description
---------------------------------------------------------------------------------------------
                                  0.000000    0.000000   clock wclk (rise edge)
                                  0.000000    0.000000   clock source latency
   147    0.348395    0.000000    0.000000    0.000000 ^ wclk (in)
                                                         wclk (net)
                      0.009648    0.004824    0.004824 ^ _613_/CLK (sky130_fd_sc_hd__dfxtp_2)
     2    0.003835    0.035483    0.295618    0.300442 ^ _613_/Q (sky130_fd_sc_hd__dfxtp_2)
                                                         bram.mem[8][5] (net)
                      0.035483    0.000004    0.300445 ^ _449_/A0 (sky130_fd_sc_hd__mux2_1)
     1    0.001864    0.035385    0.103631    0.404077 ^ _449_/X (sky130_fd_sc_hd__mux2_1)
                                                         _069_ (net)
                      0.035385    0.000002    0.404079 ^ _613_/D (sky130_fd_sc_hd__dfxtp_2)
                                              0.404079   data arrival time

                                  0.000000    0.000000   clock wclk (rise edge)
                                  0.000000    0.000000   clock source latency
   147    0.348395    0.000000    0.000000    0.000000 ^ wclk (in)
                                                         wclk (net)
                      0.009648    0.004824    0.004824 ^ _613_/CLK (sky130_fd_sc_hd__dfxtp_2)
                                  0.000000    0.004824   clock reconvergence pessimism
                                 -0.033844   -0.029020   library hold time
                                             -0.029020   data required time
---------------------------------------------------------------------------------------------
                                             -0.029020   data required time
                                             -0.404079   data arrival time
---------------------------------------------------------------------------------------------
                                              0.433099   slack (MET)


Startpoint: _578_ (rising edge-triggered flip-flop clocked by wclk)
Endpoint: _578_ (rising edge-triggered flip-flop clocked by wclk)
Path Group: wclk
Path Type: min

Fanout         Cap        Slew       Delay        Time   Description
---------------------------------------------------------------------------------------------
                                  0.000000    0.000000   clock wclk (rise edge)
                                  0.000000    0.000000   clock source latency
   147    0.348395    0.000000    0.000000    0.000000 ^ wclk (in)
                                                         wclk (net)
                      0.009746    0.004873    0.004873 ^ _578_/CLK (sky130_fd_sc_hd__dfxtp_2)
     2    0.003855    0.035572    0.295746    0.300619 ^ _578_/Q (sky130_fd_sc_hd__dfxtp_2)
                                                         bram.mem[12][2] (net)
                      0.035572    0.000003    0.300621 ^ _409_/A0 (sky130_fd_sc_hd__mux2_1)
     1    0.001850    0.035279    0.103551    0.404172 ^ _409_/X (sky130_fd_sc_hd__mux2_1)
                                                         _034_ (net)
                      0.035279    0.000001    0.404174 ^ _578_/D (sky130_fd_sc_hd__dfxtp_2)
                                              0.404174   data arrival time

                                  0.000000    0.000000   clock wclk (rise edge)
                                  0.000000    0.000000   clock source latency
   147    0.348395    0.000000    0.000000    0.000000 ^ wclk (in)
                                                         wclk (net)
                      0.009746    0.004873    0.004873 ^ _578_/CLK (sky130_fd_sc_hd__dfxtp_2)
                                  0.000000    0.004873   clock reconvergence pessimism
                                 -0.033809   -0.028936   library hold time
                                             -0.028936   data required time
---------------------------------------------------------------------------------------------
                                             -0.028936   data required time
                                             -0.404174   data arrival time
---------------------------------------------------------------------------------------------
                                              0.433110   slack (MET)


Startpoint: _608_ (rising edge-triggered flip-flop clocked by wclk)
Endpoint: _608_ (rising edge-triggered flip-flop clocked by wclk)
Path Group: wclk
Path Type: min

Fanout         Cap        Slew       Delay        Time   Description
---------------------------------------------------------------------------------------------
                                  0.000000    0.000000   clock wclk (rise edge)
                                  0.000000    0.000000   clock source latency
   147    0.348395    0.000000    0.000000    0.000000 ^ wclk (in)
                                                         wclk (net)
                      0.009184    0.004592    0.004592 ^ _608_/CLK (sky130_fd_sc_hd__dfxtp_2)
     2    0.003985    0.036143    0.296151    0.300743 ^ _608_/Q (sky130_fd_sc_hd__dfxtp_2)
                                                         bram.mem[8][0] (net)
                      0.036143    0.000004    0.300747 ^ _444_/A0 (sky130_fd_sc_hd__mux2_1)
     1    0.001783    0.034747    0.103212    0.403959 ^ _444_/X (sky130_fd_sc_hd__mux2_1)
                                                         _064_ (net)
                      0.034747    0.000000    0.403960 ^ _608_/D (sky130_fd_sc_hd__dfxtp_2)
                                              0.403960   data arrival time

                                  0.000000    0.000000   clock wclk (rise edge)
                                  0.000000    0.000000   clock source latency
   147    0.348395    0.000000    0.000000    0.000000 ^ wclk (in)
                                                         wclk (net)
                      0.009184    0.004592    0.004592 ^ _608_/CLK (sky130_fd_sc_hd__dfxtp_2)
                                  0.000000    0.004592   clock reconvergence pessimism
                                 -0.033772   -0.029180   library hold time
                                             -0.029180   data required time
---------------------------------------------------------------------------------------------
                                             -0.029180   data required time
                                             -0.403960   data arrival time
---------------------------------------------------------------------------------------------
                                              0.433140   slack (MET)


Startpoint: _673_ (rising edge-triggered flip-flop clocked by wclk)
Endpoint: _673_ (rising edge-triggered flip-flop clocked by wclk)
Path Group: wclk
Path Type: min

Fanout         Cap        Slew       Delay        Time   Description
---------------------------------------------------------------------------------------------
                                  0.000000    0.000000   clock wclk (rise edge)
                                  0.000000    0.000000   clock source latency
   147    0.348395    0.000000    0.000000    0.000000 ^ wclk (in)
                                                         wclk (net)
                      0.012033    0.006016    0.006016 ^ _673_/CLK (sky130_fd_sc_hd__dfxtp_2)
     2    0.003769    0.035195    0.296149    0.302165 ^ _673_/Q (sky130_fd_sc_hd__dfxtp_2)
                                                         bram.mem[4][7] (net)
                      0.035195    0.000002    0.302167 ^ _497_/A0 (sky130_fd_sc_hd__mux2_1)
     1    0.001859    0.035354    0.103496    0.405664 ^ _497_/X (sky130_fd_sc_hd__mux2_1)
                                                         _111_ (net)
                      0.035354    0.000001    0.405665 ^ _673_/D (sky130_fd_sc_hd__dfxtp_2)
                                              0.405665   data arrival time

                                  0.000000    0.000000   clock wclk (rise edge)
                                  0.000000    0.000000   clock source latency
   147    0.348395    0.000000    0.000000    0.000000 ^ wclk (in)
                                                         wclk (net)
                      0.012033    0.006016    0.006016 ^ _673_/CLK (sky130_fd_sc_hd__dfxtp_2)
                                  0.000000    0.006016   clock reconvergence pessimism
                                 -0.033524   -0.027508   library hold time
                                             -0.027508   data required time
---------------------------------------------------------------------------------------------
                                             -0.027508   data required time
                                             -0.405665   data arrival time
---------------------------------------------------------------------------------------------
                                              0.433173   slack (MET)


Startpoint: _621_ (rising edge-triggered flip-flop clocked by wclk)
Endpoint: _621_ (rising edge-triggered flip-flop clocked by wclk)
Path Group: wclk
Path Type: min

Fanout         Cap        Slew       Delay        Time   Description
---------------------------------------------------------------------------------------------
                                  0.000000    0.000000   clock wclk (rise edge)
                                  0.000000    0.000000   clock source latency
   147    0.348395    0.000000    0.000000    0.000000 ^ wclk (in)
                                                         wclk (net)
                      0.013754    0.006877    0.006877 ^ _621_/CLK (sky130_fd_sc_hd__dfxtp_2)
     2    0.003873    0.035656    0.297236    0.304113 ^ _621_/Q (sky130_fd_sc_hd__dfxtp_2)
                                                         bram.mem[0][5] (net)
                      0.035656    0.000004    0.304117 ^ _459_/A0 (sky130_fd_sc_hd__mux2_1)
     1    0.001754    0.034521    0.102812    0.406929 ^ _459_/X (sky130_fd_sc_hd__mux2_1)
                                                         _077_ (net)
                      0.034521    0.000000    0.406930 ^ _621_/D (sky130_fd_sc_hd__dfxtp_2)
                                              0.406930   data arrival time

                                  0.000000    0.000000   clock wclk (rise edge)
                                  0.000000    0.000000   clock source latency
   147    0.348395    0.000000    0.000000    0.000000 ^ wclk (in)
                                                         wclk (net)
                      0.013754    0.006877    0.006877 ^ _621_/CLK (sky130_fd_sc_hd__dfxtp_2)
                                  0.000000    0.006877   clock reconvergence pessimism
                                 -0.033125   -0.026248   library hold time
                                             -0.026248   data required time
---------------------------------------------------------------------------------------------
                                             -0.026248   data required time
                                             -0.406930   data arrival time
---------------------------------------------------------------------------------------------
                                              0.433177   slack (MET)


Startpoint: _672_ (rising edge-triggered flip-flop clocked by wclk)
Endpoint: _672_ (rising edge-triggered flip-flop clocked by wclk)
Path Group: wclk
Path Type: min

Fanout         Cap        Slew       Delay        Time   Description
---------------------------------------------------------------------------------------------
                                  0.000000    0.000000   clock wclk (rise edge)
                                  0.000000    0.000000   clock source latency
   147    0.348395    0.000000    0.000000    0.000000 ^ wclk (in)
                                                         wclk (net)
                      0.010822    0.005411    0.005411 ^ _672_/CLK (sky130_fd_sc_hd__dfxtp_2)
     2    0.003821    0.035422    0.295964    0.301375 ^ _672_/Q (sky130_fd_sc_hd__dfxtp_2)
                                                         bram.mem[4][6] (net)
                      0.035422    0.000003    0.301377 ^ _496_/A0 (sky130_fd_sc_hd__mux2_1)
     1    0.001858    0.035348    0.103568    0.404945 ^ _496_/X (sky130_fd_sc_hd__mux2_1)
                                                         _110_ (net)
                      0.035348    0.000001    0.404947 ^ _672_/D (sky130_fd_sc_hd__dfxtp_2)
                                              0.404947   data arrival time

                                  0.000000    0.000000   clock wclk (rise edge)
                                  0.000000    0.000000   clock source latency
   147    0.348395    0.000000    0.000000    0.000000 ^ wclk (in)
                                                         wclk (net)
                      0.010822    0.005411    0.005411 ^ _672_/CLK (sky130_fd_sc_hd__dfxtp_2)
                                  0.000000    0.005411   clock reconvergence pessimism
                                 -0.033682   -0.028271   library hold time
                                             -0.028271   data required time
---------------------------------------------------------------------------------------------
                                             -0.028271   data required time
                                             -0.404947   data arrival time
---------------------------------------------------------------------------------------------
                                              0.433218   slack (MET)


Startpoint: _694_ (rising edge-triggered flip-flop clocked by wclk)
Endpoint: _694_ (rising edge-triggered flip-flop clocked by wclk)
Path Group: wclk
Path Type: min

Fanout         Cap        Slew       Delay        Time   Description
---------------------------------------------------------------------------------------------
                                  0.000000    0.000000   clock wclk (rise edge)
                                  0.000000    0.000000   clock source latency
   147    0.348395    0.000000    0.000000    0.000000 ^ wclk (in)
                                                         wclk (net)
                      0.013529    0.006765    0.006765 ^ _694_/CLK (sky130_fd_sc_hd__dfxtp_2)
     2    0.003781    0.035251    0.296731    0.303496 ^ _694_/Q (sky130_fd_sc_hd__dfxtp_2)
                                                         bram.mem[2][4] (net)
                      0.035251    0.000002    0.303497 ^ _520_/A0 (sky130_fd_sc_hd__mux2_1)
     1    0.001824    0.035072    0.103231    0.406728 ^ _520_/X (sky130_fd_sc_hd__mux2_1)
                                                         _132_ (net)
                      0.035072    0.000001    0.406729 ^ _694_/D (sky130_fd_sc_hd__dfxtp_2)
                                              0.406729   data arrival time

                                  0.000000    0.000000   clock wclk (rise edge)
                                  0.000000    0.000000   clock source latency
   147    0.348395    0.000000    0.000000    0.000000 ^ wclk (in)
                                                         wclk (net)
                      0.013529    0.006765    0.006765 ^ _694_/CLK (sky130_fd_sc_hd__dfxtp_2)
                                  0.000000    0.006765   clock reconvergence pessimism
                                 -0.033269   -0.026504   library hold time
                                             -0.026504   data required time
---------------------------------------------------------------------------------------------
                                             -0.026504   data required time
                                             -0.406729   data arrival time
---------------------------------------------------------------------------------------------
                                              0.433233   slack (MET)


Startpoint: _645_ (rising edge-triggered flip-flop clocked by wclk)
Endpoint: _645_ (rising edge-triggered flip-flop clocked by wclk)
Path Group: wclk
Path Type: min

Fanout         Cap        Slew       Delay        Time   Description
---------------------------------------------------------------------------------------------
                                  0.000000    0.000000   clock wclk (rise edge)
                                  0.000000    0.000000   clock source latency
   147    0.348395    0.000000    0.000000    0.000000 ^ wclk (in)
                                                         wclk (net)
                      0.013081    0.006541    0.006541 ^ _645_/CLK (sky130_fd_sc_hd__dfxtp_2)
     2    0.003768    0.035195    0.296515    0.303056 ^ _645_/Q (sky130_fd_sc_hd__dfxtp_2)
                                                         bram.mem[6][4] (net)
                      0.035195    0.000001    0.303057 ^ _476_/A0 (sky130_fd_sc_hd__mux2_1)
     1    0.001849    0.035270    0.103411    0.406468 ^ _476_/X (sky130_fd_sc_hd__mux2_1)
                                                         _092_ (net)
                      0.035270    0.000001    0.406469 ^ _645_/D (sky130_fd_sc_hd__dfxtp_2)
                                              0.406469   data arrival time

                                  0.000000    0.000000   clock wclk (rise edge)
                                  0.000000    0.000000   clock source latency
   147    0.348395    0.000000    0.000000    0.000000 ^ wclk (in)
                                                         wclk (net)
                      0.013081    0.006541    0.006541 ^ _645_/CLK (sky130_fd_sc_hd__dfxtp_2)
                                  0.000000    0.006541   clock reconvergence pessimism
                                 -0.033369   -0.026828   library hold time
                                             -0.026828   data required time
---------------------------------------------------------------------------------------------
                                             -0.026828   data required time
                                             -0.406469   data arrival time
---------------------------------------------------------------------------------------------
                                              0.433297   slack (MET)


Startpoint: _643_ (rising edge-triggered flip-flop clocked by wclk)
Endpoint: _643_ (rising edge-triggered flip-flop clocked by wclk)
Path Group: wclk
Path Type: min

Fanout         Cap        Slew       Delay        Time   Description
---------------------------------------------------------------------------------------------
                                  0.000000    0.000000   clock wclk (rise edge)
                                  0.000000    0.000000   clock source latency
   147    0.348395    0.000000    0.000000    0.000000 ^ wclk (in)
                                                         wclk (net)
                      0.012721    0.006361    0.006361 ^ _643_/CLK (sky130_fd_sc_hd__dfxtp_2)
     2    0.003801    0.035338    0.296540    0.302900 ^ _643_/Q (sky130_fd_sc_hd__dfxtp_2)
                                                         bram.mem[6][2] (net)
                      0.035338    0.000002    0.302902 ^ _474_/A0 (sky130_fd_sc_hd__mux2_1)
     1    0.001847    0.035258    0.103447    0.406349 ^ _474_/X (sky130_fd_sc_hd__mux2_1)
                                                         _090_ (net)
                      0.035258    0.000001    0.406351 ^ _643_/D (sky130_fd_sc_hd__dfxtp_2)
                                              0.406351   data arrival time

                                  0.000000    0.000000   clock wclk (rise edge)
                                  0.000000    0.000000   clock source latency
   147    0.348395    0.000000    0.000000    0.000000 ^ wclk (in)
                                                         wclk (net)
                      0.012721    0.006361    0.006361 ^ _643_/CLK (sky130_fd_sc_hd__dfxtp_2)
                                  0.000000    0.006361   clock reconvergence pessimism
                                 -0.033414   -0.027053   library hold time
                                             -0.027053   data required time
---------------------------------------------------------------------------------------------
                                             -0.027053   data required time
                                             -0.406351   data arrival time
---------------------------------------------------------------------------------------------
                                              0.433404   slack (MET)


Startpoint: _597_ (rising edge-triggered flip-flop clocked by wclk)
Endpoint: _597_ (rising edge-triggered flip-flop clocked by wclk)
Path Group: wclk
Path Type: min

Fanout         Cap        Slew       Delay        Time   Description
---------------------------------------------------------------------------------------------
                                  0.000000    0.000000   clock wclk (rise edge)
                                  0.000000    0.000000   clock source latency
   147    0.348395    0.000000    0.000000    0.000000 ^ wclk (in)
                                                         wclk (net)
                      0.009473    0.004737    0.004737 ^ _597_/CLK (sky130_fd_sc_hd__dfxtp_2)
     2    0.003841    0.035510    0.295585    0.300322 ^ _597_/Q (sky130_fd_sc_hd__dfxtp_2)
                                                         bram.mem[10][5] (net)
                      0.035510    0.000001    0.300323 ^ _430_/A0 (sky130_fd_sc_hd__mux2_1)
     1    0.001937    0.035964    0.104226    0.404549 ^ _430_/X (sky130_fd_sc_hd__mux2_1)
                                                         _053_ (net)
                      0.035964    0.000002    0.404551 ^ _597_/D (sky130_fd_sc_hd__dfxtp_2)
                                              0.404551   data arrival time

                                  0.000000    0.000000   clock wclk (rise edge)
                                  0.000000    0.000000   clock source latency
   147    0.348395    0.000000    0.000000    0.000000 ^ wclk (in)
                                                         wclk (net)
                      0.009473    0.004737    0.004737 ^ _597_/CLK (sky130_fd_sc_hd__dfxtp_2)
                                  0.000000    0.004737   clock reconvergence pessimism
                                 -0.033987   -0.029251   library hold time
                                             -0.029251   data required time
---------------------------------------------------------------------------------------------
                                             -0.029251   data required time
                                             -0.404551   data arrival time
---------------------------------------------------------------------------------------------
                                              0.433802   slack (MET)


Startpoint: _620_ (rising edge-triggered flip-flop clocked by wclk)
Endpoint: _620_ (rising edge-triggered flip-flop clocked by wclk)
Path Group: wclk
Path Type: min

Fanout         Cap        Slew       Delay        Time   Description
---------------------------------------------------------------------------------------------
                                  0.000000    0.000000   clock wclk (rise edge)
                                  0.000000    0.000000   clock source latency
   147    0.348395    0.000000    0.000000    0.000000 ^ wclk (in)
                                                         wclk (net)
                      0.013637    0.006819    0.006819 ^ _620_/CLK (sky130_fd_sc_hd__dfxtp_2)
     2    0.003893    0.035743    0.297287    0.304106 ^ _620_/Q (sky130_fd_sc_hd__dfxtp_2)
                                                         bram.mem[0][4] (net)
                      0.035743    0.000004    0.304110 ^ _458_/A0 (sky130_fd_sc_hd__mux2_1)
     1    0.001812    0.034978    0.103306    0.407415 ^ _458_/X (sky130_fd_sc_hd__mux2_1)
                                                         _076_ (net)
                      0.034978    0.000001    0.407416 ^ _620_/D (sky130_fd_sc_hd__dfxtp_2)
                                              0.407416   data arrival time

                                  0.000000    0.000000   clock wclk (rise edge)
                                  0.000000    0.000000   clock source latency
   147    0.348395    0.000000    0.000000    0.000000 ^ wclk (in)
                                                         wclk (net)
                      0.013637    0.006819    0.006819 ^ _620_/CLK (sky130_fd_sc_hd__dfxtp_2)
                                  0.000000    0.006819   clock reconvergence pessimism
                                 -0.033235   -0.026416   library hold time
                                             -0.026416   data required time
---------------------------------------------------------------------------------------------
                                             -0.026416   data required time
                                             -0.407416   data arrival time
---------------------------------------------------------------------------------------------
                                              0.433833   slack (MET)


Startpoint: _618_ (rising edge-triggered flip-flop clocked by wclk)
Endpoint: _618_ (rising edge-triggered flip-flop clocked by wclk)
Path Group: wclk
Path Type: min

Fanout         Cap        Slew       Delay        Time   Description
---------------------------------------------------------------------------------------------
                                  0.000000    0.000000   clock wclk (rise edge)
                                  0.000000    0.000000   clock source latency
   147    0.348395    0.000000    0.000000    0.000000 ^ wclk (in)
                                                         wclk (net)
                      0.013421    0.006710    0.006710 ^ _618_/CLK (sky130_fd_sc_hd__dfxtp_2)
     2    0.003832    0.035475    0.296929    0.303639 ^ _618_/Q (sky130_fd_sc_hd__dfxtp_2)
                                                         bram.mem[0][2] (net)
                      0.035475    0.000002    0.303642 ^ _456_/A0 (sky130_fd_sc_hd__mux2_1)
     1    0.001887    0.035569    0.103813    0.407455 ^ _456_/X (sky130_fd_sc_hd__mux2_1)
                                                         _074_ (net)
                      0.035569    0.000002    0.407457 ^ _618_/D (sky130_fd_sc_hd__dfxtp_2)
                                              0.407457   data arrival time

                                  0.000000    0.000000   clock wclk (rise edge)
                                  0.000000    0.000000   clock source latency
   147    0.348395    0.000000    0.000000    0.000000 ^ wclk (in)
                                                         wclk (net)
                      0.013421    0.006710    0.006710 ^ _618_/CLK (sky130_fd_sc_hd__dfxtp_2)
                                  0.000000    0.006710   clock reconvergence pessimism
                                 -0.033386   -0.026676   library hold time
                                             -0.026676   data required time
---------------------------------------------------------------------------------------------
                                             -0.026676   data required time
                                             -0.407457   data arrival time
---------------------------------------------------------------------------------------------
                                              0.434133   slack (MET)


Startpoint: _648_ (rising edge-triggered flip-flop clocked by wclk)
Endpoint: _648_ (rising edge-triggered flip-flop clocked by wclk)
Path Group: wclk
Path Type: min

Fanout         Cap        Slew       Delay        Time   Description
---------------------------------------------------------------------------------------------
                                  0.000000    0.000000   clock wclk (rise edge)
                                  0.000000    0.000000   clock source latency
   147    0.348395    0.000000    0.000000    0.000000 ^ wclk (in)
                                                         wclk (net)
                      0.011644    0.005822    0.005822 ^ _648_/CLK (sky130_fd_sc_hd__dfxtp_2)
     2    0.003920    0.035860    0.296713    0.302534 ^ _648_/Q (sky130_fd_sc_hd__dfxtp_2)
                                                         bram.mem[6][7] (net)
                      0.035860    0.000000    0.302535 ^ _479_/A0 (sky130_fd_sc_hd__mux2_1)
     1    0.001889    0.035588    0.103963    0.406498 ^ _479_/X (sky130_fd_sc_hd__mux2_1)
                                                         _095_ (net)
                      0.035588    0.000002    0.406500 ^ _648_/D (sky130_fd_sc_hd__dfxtp_2)
                                              0.406500   data arrival time

                                  0.000000    0.000000   clock wclk (rise edge)
                                  0.000000    0.000000   clock source latency
   147    0.348395    0.000000    0.000000    0.000000 ^ wclk (in)
                                                         wclk (net)
                      0.011644    0.005822    0.005822 ^ _648_/CLK (sky130_fd_sc_hd__dfxtp_2)
                                  0.000000    0.005822   clock reconvergence pessimism
                                 -0.033624   -0.027802   library hold time
                                             -0.027802   data required time
---------------------------------------------------------------------------------------------
                                             -0.027802   data required time
                                             -0.406500   data arrival time
---------------------------------------------------------------------------------------------
                                              0.434302   slack (MET)


Startpoint: _647_ (rising edge-triggered flip-flop clocked by wclk)
Endpoint: _647_ (rising edge-triggered flip-flop clocked by wclk)
Path Group: wclk
Path Type: min

Fanout         Cap        Slew       Delay        Time   Description
---------------------------------------------------------------------------------------------
                                  0.000000    0.000000   clock wclk (rise edge)
                                  0.000000    0.000000   clock source latency
   147    0.348395    0.000000    0.000000    0.000000 ^ wclk (in)
                                                         wclk (net)
                      0.010764    0.005382    0.005382 ^ _647_/CLK (sky130_fd_sc_hd__dfxtp_2)
     2    0.003974    0.036097    0.296654    0.302036 ^ _647_/Q (sky130_fd_sc_hd__dfxtp_2)
                                                         bram.mem[6][6] (net)
                      0.036097    0.000001    0.302038 ^ _478_/A0 (sky130_fd_sc_hd__mux2_1)
     1    0.001876    0.035489    0.103945    0.405982 ^ _478_/X (sky130_fd_sc_hd__mux2_1)
                                                         _094_ (net)
                      0.035489    0.000001    0.405984 ^ _647_/D (sky130_fd_sc_hd__dfxtp_2)
                                              0.405984   data arrival time

                                  0.000000    0.000000   clock wclk (rise edge)
                                  0.000000    0.000000   clock source latency
   147    0.348395    0.000000    0.000000    0.000000 ^ wclk (in)
                                                         wclk (net)
                      0.010764    0.005382    0.005382 ^ _647_/CLK (sky130_fd_sc_hd__dfxtp_2)
                                  0.000000    0.005382   clock reconvergence pessimism
                                 -0.033719   -0.028337   library hold time
                                             -0.028337   data required time
---------------------------------------------------------------------------------------------
                                             -0.028337   data required time
                                             -0.405984   data arrival time
---------------------------------------------------------------------------------------------
                                              0.434321   slack (MET)


Startpoint: _585_ (rising edge-triggered flip-flop clocked by wclk)
Endpoint: _585_ (rising edge-triggered flip-flop clocked by wclk)
Path Group: wclk
Path Type: min

Fanout         Cap        Slew       Delay        Time   Description
---------------------------------------------------------------------------------------------
                                  0.000000    0.000000   clock wclk (rise edge)
                                  0.000000    0.000000   clock source latency
   147    0.348395    0.000000    0.000000    0.000000 ^ wclk (in)
                                                         wclk (net)
                      0.004994    0.002497    0.002497 ^ _585_/CLK (sky130_fd_sc_hd__dfxtp_2)
     2    0.004009    0.036239    0.294785    0.297282 ^ _585_/Q (sky130_fd_sc_hd__dfxtp_2)
                                                         bram.mem[11][1] (net)
                      0.036239    0.000002    0.297284 ^ _417_/A1 (sky130_fd_sc_hd__mux2_1)
     1    0.001800    0.035058    0.106203    0.403487 ^ _417_/X (sky130_fd_sc_hd__mux2_1)
                                                         _041_ (net)
                      0.035058    0.000000    0.403488 ^ _585_/D (sky130_fd_sc_hd__dfxtp_2)
                                              0.403488   data arrival time

                                  0.000000    0.000000   clock wclk (rise edge)
                                  0.000000    0.000000   clock source latency
   147    0.348395    0.000000    0.000000    0.000000 ^ wclk (in)
                                                         wclk (net)
                      0.004994    0.002497    0.002497 ^ _585_/CLK (sky130_fd_sc_hd__dfxtp_2)
                                  0.000000    0.002497   clock reconvergence pessimism
                                 -0.034387   -0.031890   library hold time
                                             -0.031890   data required time
---------------------------------------------------------------------------------------------
                                             -0.031890   data required time
                                             -0.403488   data arrival time
---------------------------------------------------------------------------------------------
                                              0.435378   slack (MET)


Startpoint: _683_ (rising edge-triggered flip-flop clocked by wclk)
Endpoint: _683_ (rising edge-triggered flip-flop clocked by wclk)
Path Group: wclk
Path Type: min

Fanout         Cap        Slew       Delay        Time   Description
---------------------------------------------------------------------------------------------
                                  0.000000    0.000000   clock wclk (rise edge)
                                  0.000000    0.000000   clock source latency
   147    0.348395    0.000000    0.000000    0.000000 ^ wclk (in)
                                                         wclk (net)
                      0.004947    0.002473    0.002473 ^ _683_/CLK (sky130_fd_sc_hd__dfxtp_2)
     2    0.004030    0.036334    0.294868    0.297341 ^ _683_/Q (sky130_fd_sc_hd__dfxtp_2)
                                                         bram.mem[15][1] (net)
                      0.036334    0.000003    0.297344 ^ _508_/A1 (sky130_fd_sc_hd__mux2_1)
     1    0.001813    0.035243    0.106343    0.403687 ^ _508_/X (sky130_fd_sc_hd__mux2_1)
                                                         _121_ (net)
                      0.035243    0.000001    0.403688 ^ _683_/D (sky130_fd_sc_hd__dfxtp_2)
                                              0.403688   data arrival time

                                  0.000000    0.000000   clock wclk (rise edge)
                                  0.000000    0.000000   clock source latency
   147    0.348395    0.000000    0.000000    0.000000 ^ wclk (in)
                                                         wclk (net)
                      0.004947    0.002473    0.002473 ^ _683_/CLK (sky130_fd_sc_hd__dfxtp_2)
                                  0.000000    0.002473   clock reconvergence pessimism
                                 -0.034432   -0.031959   library hold time
                                             -0.031959   data required time
---------------------------------------------------------------------------------------------
                                             -0.031959   data required time
                                             -0.403688   data arrival time
---------------------------------------------------------------------------------------------
                                              0.435647   slack (MET)


Startpoint: _574_ (rising edge-triggered flip-flop clocked by wclk)
Endpoint: _574_ (rising edge-triggered flip-flop clocked by wclk)
Path Group: wclk
Path Type: min

Fanout         Cap        Slew       Delay        Time   Description
---------------------------------------------------------------------------------------------
                                  0.000000    0.000000   clock wclk (rise edge)
                                  0.000000    0.000000   clock source latency
   147    0.348395    0.000000    0.000000    0.000000 ^ wclk (in)
                                                         wclk (net)
                      0.004472    0.002236    0.002236 ^ _574_/CLK (sky130_fd_sc_hd__dfxtp_2)
     2    0.004025    0.036312    0.294679    0.296915 ^ _574_/Q (sky130_fd_sc_hd__dfxtp_2)
                                                         bram.mem[13][6] (net)
                      0.036312    0.000003    0.296917 ^ _404_/A1 (sky130_fd_sc_hd__mux2_1)
     1    0.001872    0.035617    0.106805    0.403723 ^ _404_/X (sky130_fd_sc_hd__mux2_1)
                                                         _030_ (net)
                      0.035617    0.000002    0.403724 ^ _574_/D (sky130_fd_sc_hd__dfxtp_2)
                                              0.403724   data arrival time

                                  0.000000    0.000000   clock wclk (rise edge)
                                  0.000000    0.000000   clock source latency
   147    0.348395    0.000000    0.000000    0.000000 ^ wclk (in)
                                                         wclk (net)
                      0.004472    0.002236    0.002236 ^ _574_/CLK (sky130_fd_sc_hd__dfxtp_2)
                                  0.000000    0.002236   clock reconvergence pessimism
                                 -0.034572   -0.032336   library hold time
                                             -0.032336   data required time
---------------------------------------------------------------------------------------------
                                             -0.032336   data required time
                                             -0.403724   data arrival time
---------------------------------------------------------------------------------------------
                                              0.436060   slack (MET)


Startpoint: _587_ (rising edge-triggered flip-flop clocked by wclk)
Endpoint: _587_ (rising edge-triggered flip-flop clocked by wclk)
Path Group: wclk
Path Type: min

Fanout         Cap        Slew       Delay        Time   Description
---------------------------------------------------------------------------------------------
                                  0.000000    0.000000   clock wclk (rise edge)
                                  0.000000    0.000000   clock source latency
   147    0.348395    0.000000    0.000000    0.000000 ^ wclk (in)
                                                         wclk (net)
                      0.004430    0.002215    0.002215 ^ _587_/CLK (sky130_fd_sc_hd__dfxtp_2)
     2    0.004044    0.036397    0.294753    0.296967 ^ _587_/Q (sky130_fd_sc_hd__dfxtp_2)
                                                         bram.mem[11][3] (net)
                      0.036397    0.000002    0.296970 ^ _419_/A1 (sky130_fd_sc_hd__mux2_1)
     1    0.001889    0.035760    0.106968    0.403938 ^ _419_/X (sky130_fd_sc_hd__mux2_1)
                                                         _043_ (net)
                      0.035760    0.000002    0.403940 ^ _587_/D (sky130_fd_sc_hd__dfxtp_2)
                                              0.403940   data arrival time

                                  0.000000    0.000000   clock wclk (rise edge)
                                  0.000000    0.000000   clock source latency
   147    0.348395    0.000000    0.000000    0.000000 ^ wclk (in)
                                                         wclk (net)
                      0.004430    0.002215    0.002215 ^ _587_/CLK (sky130_fd_sc_hd__dfxtp_2)
                                  0.000000    0.002215   clock reconvergence pessimism
                                 -0.034608   -0.032393   library hold time
                                             -0.032393   data required time
---------------------------------------------------------------------------------------------
                                             -0.032393   data required time
                                             -0.403940   data arrival time
---------------------------------------------------------------------------------------------
                                              0.436333   slack (MET)


Startpoint: _571_ (rising edge-triggered flip-flop clocked by wclk)
Endpoint: _571_ (rising edge-triggered flip-flop clocked by wclk)
Path Group: wclk
Path Type: min

Fanout         Cap        Slew       Delay        Time   Description
---------------------------------------------------------------------------------------------
                                  0.000000    0.000000   clock wclk (rise edge)
                                  0.000000    0.000000   clock source latency
   147    0.348395    0.000000    0.000000    0.000000 ^ wclk (in)
                                                         wclk (net)
                      0.004806    0.002403    0.002403 ^ _571_/CLK (sky130_fd_sc_hd__dfxtp_2)
     2    0.004131    0.036779    0.295286    0.297689 ^ _571_/Q (sky130_fd_sc_hd__dfxtp_2)
                                                         bram.mem[13][3] (net)
                      0.036779    0.000005    0.297694 ^ _401_/A1 (sky130_fd_sc_hd__mux2_1)
     1    0.001828    0.035267    0.106612    0.404305 ^ _401_/X (sky130_fd_sc_hd__mux2_1)
                                                         _027_ (net)
                      0.035267    0.000001    0.404307 ^ _571_/D (sky130_fd_sc_hd__dfxtp_2)
                                              0.404307   data arrival time

                                  0.000000    0.000000   clock wclk (rise edge)
                                  0.000000    0.000000   clock source latency
   147    0.348395    0.000000    0.000000    0.000000 ^ wclk (in)
                                                         wclk (net)
                      0.004806    0.002403    0.002403 ^ _571_/CLK (sky130_fd_sc_hd__dfxtp_2)
                                  0.000000    0.002403   clock reconvergence pessimism
                                 -0.034456   -0.032053   library hold time
                                             -0.032053   data required time
---------------------------------------------------------------------------------------------
                                             -0.032053   data required time
                                             -0.404307   data arrival time
---------------------------------------------------------------------------------------------
                                              0.436359   slack (MET)


Startpoint: _568_ (rising edge-triggered flip-flop clocked by wclk)
Endpoint: _568_ (rising edge-triggered flip-flop clocked by wclk)
Path Group: wclk
Path Type: min

Fanout         Cap        Slew       Delay        Time   Description
---------------------------------------------------------------------------------------------
                                  0.000000    0.000000   clock wclk (rise edge)
                                  0.000000    0.000000   clock source latency
   147    0.348395    0.000000    0.000000    0.000000 ^ wclk (in)
                                                         wclk (net)
                      0.009379    0.004689    0.004689 ^ _568_/CLK (sky130_fd_sc_hd__dfxtp_2)
     2    0.004124    0.036755    0.296863    0.301552 ^ _568_/Q (sky130_fd_sc_hd__dfxtp_2)
                                                         bram.mem[13][0] (net)
                      0.036755    0.000004    0.301557 ^ _398_/A1 (sky130_fd_sc_hd__mux2_1)
     1    0.001753    0.034680    0.106009    0.407566 ^ _398_/X (sky130_fd_sc_hd__mux2_1)
                                                         _024_ (net)
                      0.034680    0.000000    0.407567 ^ _568_/D (sky130_fd_sc_hd__dfxtp_2)
                                              0.407567   data arrival time

                                  0.000000    0.000000   clock wclk (rise edge)
                                  0.000000    0.000000   clock source latency
   147    0.348395    0.000000    0.000000    0.000000 ^ wclk (in)
                                                         wclk (net)
                      0.009379    0.004689    0.004689 ^ _568_/CLK (sky130_fd_sc_hd__dfxtp_2)
                                  0.000000    0.004689   clock reconvergence pessimism
                                 -0.033733   -0.029043   library hold time
                                             -0.029043   data required time
---------------------------------------------------------------------------------------------
                                             -0.029043   data required time
                                             -0.407567   data arrival time
---------------------------------------------------------------------------------------------
                                              0.436610   slack (MET)


Startpoint: _531_ (rising edge-triggered flip-flop clocked by wclk)
Endpoint: _531_ (rising edge-triggered flip-flop clocked by wclk)
Path Group: wclk
Path Type: min

Fanout         Cap        Slew       Delay        Time   Description
---------------------------------------------------------------------------------------------
                                  0.000000    0.000000   clock wclk (rise edge)
                                  0.000000    0.000000   clock source latency
   147    0.348395    0.000000    0.000000    0.000000 ^ wclk (in)
                                                         wclk (net)
                      0.003870    0.001935    0.001935 ^ _531_/CLK (sky130_fd_sc_hd__dfxtp_2)
     2    0.004121    0.036736    0.294913    0.296848 ^ _531_/Q (sky130_fd_sc_hd__dfxtp_2)
                                                         bram.mem[9][7] (net)
                      0.036736    0.000002    0.296850 ^ _387_/A1 (sky130_fd_sc_hd__mux2_1)
     1    0.001885    0.035760    0.107055    0.403905 ^ _387_/X (sky130_fd_sc_hd__mux2_1)
                                                         _015_ (net)
                      0.035760    0.000002    0.403906 ^ _531_/D (sky130_fd_sc_hd__dfxtp_2)
                                              0.403906   data arrival time

                                  0.000000    0.000000   clock wclk (rise edge)
                                  0.000000    0.000000   clock source latency
   147    0.348395    0.000000    0.000000    0.000000 ^ wclk (in)
                                                         wclk (net)
                      0.003870    0.001935    0.001935 ^ _531_/CLK (sky130_fd_sc_hd__dfxtp_2)
                                  0.000000    0.001935   clock reconvergence pessimism
                                 -0.034681   -0.032747   library hold time
                                             -0.032747   data required time
---------------------------------------------------------------------------------------------
                                             -0.032747   data required time
                                             -0.403906   data arrival time
---------------------------------------------------------------------------------------------
                                              0.436653   slack (MET)


Startpoint: _572_ (rising edge-triggered flip-flop clocked by wclk)
Endpoint: _572_ (rising edge-triggered flip-flop clocked by wclk)
Path Group: wclk
Path Type: min

Fanout         Cap        Slew       Delay        Time   Description
---------------------------------------------------------------------------------------------
                                  0.000000    0.000000   clock wclk (rise edge)
                                  0.000000    0.000000   clock source latency
   147    0.348395    0.000000    0.000000    0.000000 ^ wclk (in)
                                                         wclk (net)
                      0.008663    0.004331    0.004331 ^ _572_/CLK (sky130_fd_sc_hd__dfxtp_2)
     2    0.004160    0.036910    0.296774    0.301106 ^ _572_/Q (sky130_fd_sc_hd__dfxtp_2)
                                                         bram.mem[13][4] (net)
                      0.036910    0.000004    0.301110 ^ _402_/A1 (sky130_fd_sc_hd__mux2_1)
     1    0.001755    0.034692    0.106075    0.407186 ^ _402_/X (sky130_fd_sc_hd__mux2_1)
                                                         _028_ (net)
                      0.034692    0.000000    0.407186 ^ _572_/D (sky130_fd_sc_hd__dfxtp_2)
                                              0.407186   data arrival time

                                  0.000000    0.000000   clock wclk (rise edge)
                                  0.000000    0.000000   clock source latency
   147    0.348395    0.000000    0.000000    0.000000 ^ wclk (in)
                                                         wclk (net)
                      0.008663    0.004331    0.004331 ^ _572_/CLK (sky130_fd_sc_hd__dfxtp_2)
                                  0.000000    0.004331   clock reconvergence pessimism
                                 -0.033829   -0.029498   library hold time
                                             -0.029498   data required time
---------------------------------------------------------------------------------------------
                                             -0.029498   data required time
                                             -0.407186   data arrival time
---------------------------------------------------------------------------------------------
                                              0.436684   slack (MET)


Startpoint: _526_ (rising edge-triggered flip-flop clocked by wclk)
Endpoint: _526_ (rising edge-triggered flip-flop clocked by wclk)
Path Group: wclk
Path Type: min

Fanout         Cap        Slew       Delay        Time   Description
---------------------------------------------------------------------------------------------
                                  0.000000    0.000000   clock wclk (rise edge)
                                  0.000000    0.000000   clock source latency
   147    0.348395    0.000000    0.000000    0.000000 ^ wclk (in)
                                                         wclk (net)
                      0.008843    0.004421    0.004421 ^ _526_/CLK (sky130_fd_sc_hd__dfxtp_2)
     2    0.004029    0.036335    0.296233    0.300655 ^ _526_/Q (sky130_fd_sc_hd__dfxtp_2)
                                                         bram.mem[9][2] (net)
                      0.036335    0.000002    0.300657 ^ _382_/A1 (sky130_fd_sc_hd__mux2_1)
     1    0.001839    0.035398    0.106549    0.407206 ^ _382_/X (sky130_fd_sc_hd__mux2_1)
                                                         _010_ (net)
                      0.035398    0.000001    0.407207 ^ _526_/D (sky130_fd_sc_hd__dfxtp_2)
                                              0.407207   data arrival time

                                  0.000000    0.000000   clock wclk (rise edge)
                                  0.000000    0.000000   clock source latency
   147    0.348395    0.000000    0.000000    0.000000 ^ wclk (in)
                                                         wclk (net)
                      0.008843    0.004421    0.004421 ^ _526_/CLK (sky130_fd_sc_hd__dfxtp_2)
                                  0.000000    0.004421   clock reconvergence pessimism
                                 -0.033952   -0.029531   library hold time
                                             -0.029531   data required time
---------------------------------------------------------------------------------------------
                                             -0.029531   data required time
                                             -0.407207   data arrival time
---------------------------------------------------------------------------------------------
                                              0.436738   slack (MET)


Startpoint: _569_ (rising edge-triggered flip-flop clocked by wclk)
Endpoint: _569_ (rising edge-triggered flip-flop clocked by wclk)
Path Group: wclk
Path Type: min

Fanout         Cap        Slew       Delay        Time   Description
---------------------------------------------------------------------------------------------
                                  0.000000    0.000000   clock wclk (rise edge)
                                  0.000000    0.000000   clock source latency
   147    0.348395    0.000000    0.000000    0.000000 ^ wclk (in)
                                                         wclk (net)
                      0.004944    0.002472    0.002472 ^ _569_/CLK (sky130_fd_sc_hd__dfxtp_2)
     2    0.004191    0.037048    0.295616    0.298088 ^ _569_/Q (sky130_fd_sc_hd__dfxtp_2)
                                                         bram.mem[13][1] (net)
                      0.037048    0.000002    0.298090 ^ _399_/A1 (sky130_fd_sc_hd__mux2_1)
     1    0.001831    0.035294    0.106732    0.404822 ^ _399_/X (sky130_fd_sc_hd__mux2_1)
                                                         _025_ (net)
                      0.035294    0.000001    0.404823 ^ _569_/D (sky130_fd_sc_hd__dfxtp_2)
                                              0.404823   data arrival time

                                  0.000000    0.000000   clock wclk (rise edge)
                                  0.000000    0.000000   clock source latency
   147    0.348395    0.000000    0.000000    0.000000 ^ wclk (in)
                                                         wclk (net)
                      0.004944    0.002472    0.002472 ^ _569_/CLK (sky130_fd_sc_hd__dfxtp_2)
                                  0.000000    0.002472   clock reconvergence pessimism
                                 -0.034443   -0.031971   library hold time
                                             -0.031971   data required time
---------------------------------------------------------------------------------------------
                                             -0.031971   data required time
                                             -0.404823   data arrival time
---------------------------------------------------------------------------------------------
                                              0.436794   slack (MET)


Startpoint: _591_ (rising edge-triggered flip-flop clocked by wclk)
Endpoint: _591_ (rising edge-triggered flip-flop clocked by wclk)
Path Group: wclk
Path Type: min

Fanout         Cap        Slew       Delay        Time   Description
---------------------------------------------------------------------------------------------
                                  0.000000    0.000000   clock wclk (rise edge)
                                  0.000000    0.000000   clock source latency
   147    0.348395    0.000000    0.000000    0.000000 ^ wclk (in)
                                                         wclk (net)
                      0.003728    0.001864    0.001864 ^ _591_/CLK (sky130_fd_sc_hd__dfxtp_2)
     2    0.004186    0.037024    0.295166    0.297029 ^ _591_/Q (sky130_fd_sc_hd__dfxtp_2)
                                                         bram.mem[11][7] (net)
                      0.037024    0.000002    0.297031 ^ _423_/A1 (sky130_fd_sc_hd__mux2_1)
     1    0.001864    0.035566    0.106988    0.404019 ^ _423_/X (sky130_fd_sc_hd__mux2_1)
                                                         _047_ (net)
                      0.035566    0.000001    0.404021 ^ _591_/D (sky130_fd_sc_hd__dfxtp_2)
                                              0.404021   data arrival time

                                  0.000000    0.000000   clock wclk (rise edge)
                                  0.000000    0.000000   clock source latency
   147    0.348395    0.000000    0.000000    0.000000 ^ wclk (in)
                                                         wclk (net)
                      0.003728    0.001864    0.001864 ^ _591_/CLK (sky130_fd_sc_hd__dfxtp_2)
                                  0.000000    0.001864   clock reconvergence pessimism
                                 -0.034660   -0.032796   library hold time
                                             -0.032796   data required time
---------------------------------------------------------------------------------------------
                                             -0.032796   data required time
                                             -0.404021   data arrival time
---------------------------------------------------------------------------------------------
                                              0.436816   slack (MET)


Startpoint: _650_ (rising edge-triggered flip-flop clocked by wclk)
Endpoint: _650_ (rising edge-triggered flip-flop clocked by wclk)
Path Group: wclk
Path Type: min

Fanout         Cap        Slew       Delay        Time   Description
---------------------------------------------------------------------------------------------
                                  0.000000    0.000000   clock wclk (rise edge)
                                  0.000000    0.000000   clock source latency
   147    0.348395    0.000000    0.000000    0.000000 ^ wclk (in)
                                                         wclk (net)
                      0.011031    0.005516    0.005516 ^ _650_/CLK (sky130_fd_sc_hd__dfxtp_2)
     2    0.004155    0.036889    0.297583    0.303098 ^ _650_/Q (sky130_fd_sc_hd__dfxtp_2)
                                                         bram.mem[3][1] (net)
                      0.036889    0.000005    0.303104 ^ _482_/A1 (sky130_fd_sc_hd__mux2_1)
     1    0.001718    0.034412    0.105775    0.408879 ^ _482_/X (sky130_fd_sc_hd__mux2_1)
                                                         _097_ (net)
                      0.034412    0.000000    0.408879 ^ _650_/D (sky130_fd_sc_hd__dfxtp_2)
                                              0.408879   data arrival time

                                  0.000000    0.000000   clock wclk (rise edge)
                                  0.000000    0.000000   clock source latency
   147    0.348395    0.000000    0.000000    0.000000 ^ wclk (in)
                                                         wclk (net)
                      0.011031    0.005516    0.005516 ^ _650_/CLK (sky130_fd_sc_hd__dfxtp_2)
                                  0.000000    0.005516   clock reconvergence pessimism
                                 -0.033460   -0.027944   library hold time
                                             -0.027944   data required time
---------------------------------------------------------------------------------------------
                                             -0.027944   data required time
                                             -0.408879   data arrival time
---------------------------------------------------------------------------------------------
                                              0.436823   slack (MET)


Startpoint: _590_ (rising edge-triggered flip-flop clocked by wclk)
Endpoint: _590_ (rising edge-triggered flip-flop clocked by wclk)
Path Group: wclk
Path Type: min

Fanout         Cap        Slew       Delay        Time   Description
---------------------------------------------------------------------------------------------
                                  0.000000    0.000000   clock wclk (rise edge)
                                  0.000000    0.000000   clock source latency
   147    0.348395    0.000000    0.000000    0.000000 ^ wclk (in)
                                                         wclk (net)
                      0.004335    0.002168    0.002168 ^ _590_/CLK (sky130_fd_sc_hd__dfxtp_2)
     2    0.004158    0.036901    0.295249    0.297417 ^ _590_/Q (sky130_fd_sc_hd__dfxtp_2)
                                                         bram.mem[11][6] (net)
                      0.036901    0.000003    0.297420 ^ _422_/A1 (sky130_fd_sc_hd__mux2_1)
     1    0.001877    0.035667    0.107048    0.404468 ^ _422_/X (sky130_fd_sc_hd__mux2_1)
                                                         _046_ (net)
                      0.035667    0.000002    0.404470 ^ _590_/D (sky130_fd_sc_hd__dfxtp_2)
                                              0.404470   data arrival time

                                  0.000000    0.000000   clock wclk (rise edge)
                                  0.000000    0.000000   clock source latency
   147    0.348395    0.000000    0.000000    0.000000 ^ wclk (in)
                                                         wclk (net)
                      0.004335    0.002168    0.002168 ^ _590_/CLK (sky130_fd_sc_hd__dfxtp_2)
                                  0.000000    0.002168   clock reconvergence pessimism
                                 -0.034601   -0.032433   library hold time
                                             -0.032433   data required time
---------------------------------------------------------------------------------------------
                                             -0.032433   data required time
                                             -0.404470   data arrival time
---------------------------------------------------------------------------------------------
                                              0.436903   slack (MET)


Startpoint: _570_ (rising edge-triggered flip-flop clocked by wclk)
Endpoint: _570_ (rising edge-triggered flip-flop clocked by wclk)
Path Group: wclk
Path Type: min

Fanout         Cap        Slew       Delay        Time   Description
---------------------------------------------------------------------------------------------
                                  0.000000    0.000000   clock wclk (rise edge)
                                  0.000000    0.000000   clock source latency
   147    0.348395    0.000000    0.000000    0.000000 ^ wclk (in)
                                                         wclk (net)
                      0.009666    0.004833    0.004833 ^ _570_/CLK (sky130_fd_sc_hd__dfxtp_2)
     2    0.004042    0.036395    0.296584    0.301417 ^ _570_/Q (sky130_fd_sc_hd__dfxtp_2)
                                                         bram.mem[13][2] (net)
                      0.036395    0.000003    0.301420 ^ _400_/A1 (sky130_fd_sc_hd__mux2_1)
     1    0.001832    0.035306    0.106519    0.407938 ^ _400_/X (sky130_fd_sc_hd__mux2_1)
                                                         _026_ (net)
                      0.035306    0.000001    0.407940 ^ _570_/D (sky130_fd_sc_hd__dfxtp_2)
                                              0.407940   data arrival time

                                  0.000000    0.000000   clock wclk (rise edge)
                                  0.000000    0.000000   clock source latency
   147    0.348395    0.000000    0.000000    0.000000 ^ wclk (in)
                                                         wclk (net)
                      0.009666    0.004833    0.004833 ^ _570_/CLK (sky130_fd_sc_hd__dfxtp_2)
                                  0.000000    0.004833   clock reconvergence pessimism
                                 -0.033825   -0.028992   library hold time
                                             -0.028992   data required time
---------------------------------------------------------------------------------------------
                                             -0.028992   data required time
                                             -0.407940   data arrival time
---------------------------------------------------------------------------------------------
                                              0.436932   slack (MET)


Startpoint: _528_ (rising edge-triggered flip-flop clocked by wclk)
Endpoint: _528_ (rising edge-triggered flip-flop clocked by wclk)
Path Group: wclk
Path Type: min

Fanout         Cap        Slew       Delay        Time   Description
---------------------------------------------------------------------------------------------
                                  0.000000    0.000000   clock wclk (rise edge)
                                  0.000000    0.000000   clock source latency
   147    0.348395    0.000000    0.000000    0.000000 ^ wclk (in)
                                                         wclk (net)
                      0.006825    0.003413    0.003413 ^ _528_/CLK (sky130_fd_sc_hd__dfxtp_2)
     2    0.004054    0.036443    0.295640    0.299052 ^ _528_/Q (sky130_fd_sc_hd__dfxtp_2)
                                                         bram.mem[9][4] (net)
                      0.036443    0.000001    0.299054 ^ _384_/A1 (sky130_fd_sc_hd__mux2_1)
     1    0.001892    0.035814    0.107008    0.406062 ^ _384_/X (sky130_fd_sc_hd__mux2_1)
                                                         _012_ (net)
                      0.035814    0.000002    0.406063 ^ _528_/D (sky130_fd_sc_hd__dfxtp_2)
                                              0.406063   data arrival time

                                  0.000000    0.000000   clock wclk (rise edge)
                                  0.000000    0.000000   clock source latency
   147    0.348395    0.000000    0.000000    0.000000 ^ wclk (in)
                                                         wclk (net)
                      0.006825    0.003413    0.003413 ^ _528_/CLK (sky130_fd_sc_hd__dfxtp_2)
                                  0.000000    0.003413   clock reconvergence pessimism
                                 -0.034304   -0.030891   library hold time
                                             -0.030891   data required time
---------------------------------------------------------------------------------------------
                                             -0.030891   data required time
                                             -0.406063   data arrival time
---------------------------------------------------------------------------------------------
                                              0.436955   slack (MET)


Startpoint: _686_ (rising edge-triggered flip-flop clocked by wclk)
Endpoint: _686_ (rising edge-triggered flip-flop clocked by wclk)
Path Group: wclk
Path Type: min

Fanout         Cap        Slew       Delay        Time   Description
---------------------------------------------------------------------------------------------
                                  0.000000    0.000000   clock wclk (rise edge)
                                  0.000000    0.000000   clock source latency
   147    0.348395    0.000000    0.000000    0.000000 ^ wclk (in)
                                                         wclk (net)
                      0.008400    0.004200    0.004200 ^ _686_/CLK (sky130_fd_sc_hd__dfxtp_2)
     2    0.004101    0.036650    0.296410    0.300610 ^ _686_/Q (sky130_fd_sc_hd__dfxtp_2)
                                                         bram.mem[15][4] (net)
                      0.036650    0.000002    0.300612 ^ _511_/A1 (sky130_fd_sc_hd__mux2_1)
     1    0.001825    0.035335    0.106545    0.407157 ^ _511_/X (sky130_fd_sc_hd__mux2_1)
                                                         _124_ (net)
                      0.035335    0.000001    0.407158 ^ _686_/D (sky130_fd_sc_hd__dfxtp_2)
                                              0.407158   data arrival time

                                  0.000000    0.000000   clock wclk (rise edge)
                                  0.000000    0.000000   clock source latency
   147    0.348395    0.000000    0.000000    0.000000 ^ wclk (in)
                                                         wclk (net)
                      0.008400    0.004200    0.004200 ^ _686_/CLK (sky130_fd_sc_hd__dfxtp_2)
                                  0.000000    0.004200   clock reconvergence pessimism
                                 -0.033997   -0.029797   library hold time
                                             -0.029797   data required time
---------------------------------------------------------------------------------------------
                                             -0.029797   data required time
                                             -0.407158   data arrival time
---------------------------------------------------------------------------------------------
                                              0.436956   slack (MET)


Startpoint: _573_ (rising edge-triggered flip-flop clocked by wclk)
Endpoint: _573_ (rising edge-triggered flip-flop clocked by wclk)
Path Group: wclk
Path Type: min

Fanout         Cap        Slew       Delay        Time   Description
---------------------------------------------------------------------------------------------
                                  0.000000    0.000000   clock wclk (rise edge)
                                  0.000000    0.000000   clock source latency
   147    0.348395    0.000000    0.000000    0.000000 ^ wclk (in)
                                                         wclk (net)
                      0.010119    0.005060    0.005060 ^ _573_/CLK (sky130_fd_sc_hd__dfxtp_2)
     2    0.004068    0.036506    0.296860    0.301920 ^ _573_/Q (sky130_fd_sc_hd__dfxtp_2)
                                                         bram.mem[13][5] (net)
                      0.036506    0.000002    0.301922 ^ _403_/A1 (sky130_fd_sc_hd__mux2_1)
     1    0.001815    0.035171    0.106421    0.408343 ^ _403_/X (sky130_fd_sc_hd__mux2_1)
                                                         _029_ (net)
                      0.035171    0.000001    0.408344 ^ _573_/D (sky130_fd_sc_hd__dfxtp_2)
                                              0.408344   data arrival time

                                  0.000000    0.000000   clock wclk (rise edge)
                                  0.000000    0.000000   clock source latency
   147    0.348395    0.000000    0.000000    0.000000 ^ wclk (in)
                                                         wclk (net)
                      0.010119    0.005060    0.005060 ^ _573_/CLK (sky130_fd_sc_hd__dfxtp_2)
                                  0.000000    0.005060   clock reconvergence pessimism
                                 -0.033737   -0.028678   library hold time
                                             -0.028678   data required time
---------------------------------------------------------------------------------------------
                                             -0.028678   data required time
                                             -0.408344   data arrival time
---------------------------------------------------------------------------------------------
                                              0.437022   slack (MET)


Startpoint: _575_ (rising edge-triggered flip-flop clocked by wclk)
Endpoint: _575_ (rising edge-triggered flip-flop clocked by wclk)
Path Group: wclk
Path Type: min

Fanout         Cap        Slew       Delay        Time   Description
---------------------------------------------------------------------------------------------
                                  0.000000    0.000000   clock wclk (rise edge)
                                  0.000000    0.000000   clock source latency
   147    0.348395    0.000000    0.000000    0.000000 ^ wclk (in)
                                                         wclk (net)
                      0.007942    0.003971    0.003971 ^ _575_/CLK (sky130_fd_sc_hd__dfxtp_2)
     2    0.004160    0.036910    0.296522    0.300493 ^ _575_/Q (sky130_fd_sc_hd__dfxtp_2)
                                                         bram.mem[13][7] (net)
                      0.036910    0.000004    0.300497 ^ _405_/A1 (sky130_fd_sc_hd__mux2_1)
     1    0.001811    0.035140    0.106528    0.407025 ^ _405_/X (sky130_fd_sc_hd__mux2_1)
                                                         _031_ (net)
                      0.035140    0.000001    0.407026 ^ _575_/D (sky130_fd_sc_hd__dfxtp_2)
                                              0.407026   data arrival time

                                  0.000000    0.000000   clock wclk (rise edge)
                                  0.000000    0.000000   clock source latency
   147    0.348395    0.000000    0.000000    0.000000 ^ wclk (in)
                                                         wclk (net)
                      0.007942    0.003971    0.003971 ^ _575_/CLK (sky130_fd_sc_hd__dfxtp_2)
                                  0.000000    0.003971   clock reconvergence pessimism
                                 -0.034017   -0.030046   library hold time
                                             -0.030046   data required time
---------------------------------------------------------------------------------------------
                                             -0.030046   data required time
                                             -0.407026   data arrival time
---------------------------------------------------------------------------------------------
                                              0.437072   slack (MET)


Startpoint: _634_ (rising edge-triggered flip-flop clocked by wclk)
Endpoint: _634_ (rising edge-triggered flip-flop clocked by wclk)
Path Group: wclk
Path Type: min

Fanout         Cap        Slew       Delay        Time   Description
---------------------------------------------------------------------------------------------
                                  0.000000    0.000000   clock wclk (rise edge)
                                  0.000000    0.000000   clock source latency
   147    0.348395    0.000000    0.000000    0.000000 ^ wclk (in)
                                                         wclk (net)
                      0.010959    0.005479    0.005479 ^ _634_/CLK (sky130_fd_sc_hd__dfxtp_2)
     2    0.004027    0.036328    0.296966    0.302446 ^ _634_/Q (sky130_fd_sc_hd__dfxtp_2)
                                                         bram.mem[5][1] (net)
                      0.036328    0.000002    0.302447 ^ _464_/A1 (sky130_fd_sc_hd__mux2_1)
     1    0.001837    0.035332    0.106530    0.408977 ^ _464_/X (sky130_fd_sc_hd__mux2_1)
                                                         _081_ (net)
                      0.035332    0.000001    0.408979 ^ _634_/D (sky130_fd_sc_hd__dfxtp_2)
                                              0.408979   data arrival time

                                  0.000000    0.000000   clock wclk (rise edge)
                                  0.000000    0.000000   clock source latency
   147    0.348395    0.000000    0.000000    0.000000 ^ wclk (in)
                                                         wclk (net)
                      0.010959    0.005479    0.005479 ^ _634_/CLK (sky130_fd_sc_hd__dfxtp_2)
                                  0.000000    0.005479   clock reconvergence pessimism
                                 -0.033661   -0.028181   library hold time
                                             -0.028181   data required time
---------------------------------------------------------------------------------------------
                                             -0.028181   data required time
                                             -0.408979   data arrival time
---------------------------------------------------------------------------------------------
                                              0.437160   slack (MET)


Startpoint: _656_ (rising edge-triggered flip-flop clocked by wclk)
Endpoint: _656_ (rising edge-triggered flip-flop clocked by wclk)
Path Group: wclk
Path Type: min

Fanout         Cap        Slew       Delay        Time   Description
---------------------------------------------------------------------------------------------
                                  0.000000    0.000000   clock wclk (rise edge)
                                  0.000000    0.000000   clock source latency
   147    0.348395    0.000000    0.000000    0.000000 ^ wclk (in)
                                                         wclk (net)
                      0.012072    0.006036    0.006036 ^ _656_/CLK (sky130_fd_sc_hd__dfxtp_2)
     2    0.003997    0.036197    0.297218    0.303254 ^ _656_/Q (sky130_fd_sc_hd__dfxtp_2)
                                                         bram.mem[3][7] (net)
                      0.036197    0.000002    0.303256 ^ _488_/A1 (sky130_fd_sc_hd__mux2_1)
     1    0.001833    0.035323    0.106458    0.409714 ^ _488_/X (sky130_fd_sc_hd__mux2_1)
                                                         _103_ (net)
                      0.035323    0.000001    0.409715 ^ _656_/D (sky130_fd_sc_hd__dfxtp_2)
                                              0.409715   data arrival time

                                  0.000000    0.000000   clock wclk (rise edge)
                                  0.000000    0.000000   clock source latency
   147    0.348395    0.000000    0.000000    0.000000 ^ wclk (in)
                                                         wclk (net)
                      0.012072    0.006036    0.006036 ^ _656_/CLK (sky130_fd_sc_hd__dfxtp_2)
                                  0.000000    0.006036   clock reconvergence pessimism
                                 -0.033512   -0.027476   library hold time
                                             -0.027476   data required time
---------------------------------------------------------------------------------------------
                                             -0.027476   data required time
                                             -0.409715   data arrival time
---------------------------------------------------------------------------------------------
                                              0.437192   slack (MET)


Startpoint: _688_ (rising edge-triggered flip-flop clocked by wclk)
Endpoint: _688_ (rising edge-triggered flip-flop clocked by wclk)
Path Group: wclk
Path Type: min

Fanout         Cap        Slew       Delay        Time   Description
---------------------------------------------------------------------------------------------
                                  0.000000    0.000000   clock wclk (rise edge)
                                  0.000000    0.000000   clock source latency
   147    0.348395    0.000000    0.000000    0.000000 ^ wclk (in)
                                                         wclk (net)
                      0.004361    0.002180    0.002180 ^ _688_/CLK (sky130_fd_sc_hd__dfxtp_2)
     2    0.004145    0.036844    0.295198    0.297378 ^ _688_/Q (sky130_fd_sc_hd__dfxtp_2)
                                                         bram.mem[15][6] (net)
                      0.036844    0.000001    0.297379 ^ _513_/A1 (sky130_fd_sc_hd__mux2_1)
     1    0.001915    0.036041    0.107329    0.404709 ^ _513_/X (sky130_fd_sc_hd__mux2_1)
                                                         _126_ (net)
                      0.036041    0.000002    0.404710 ^ _688_/D (sky130_fd_sc_hd__dfxtp_2)
                                              0.404710   data arrival time

                                  0.000000    0.000000   clock wclk (rise edge)
                                  0.000000    0.000000   clock source latency
   147    0.348395    0.000000    0.000000    0.000000 ^ wclk (in)
                                                         wclk (net)
                      0.004361    0.002180    0.002180 ^ _688_/CLK (sky130_fd_sc_hd__dfxtp_2)
                                  0.000000    0.002180   clock reconvergence pessimism
                                 -0.034675   -0.032495   library hold time
                                             -0.032495   data required time
---------------------------------------------------------------------------------------------
                                             -0.032495   data required time
                                             -0.404710   data arrival time
---------------------------------------------------------------------------------------------
                                              0.437206   slack (MET)


Startpoint: _685_ (rising edge-triggered flip-flop clocked by wclk)
Endpoint: _685_ (rising edge-triggered flip-flop clocked by wclk)
Path Group: wclk
Path Type: min

Fanout         Cap        Slew       Delay        Time   Description
---------------------------------------------------------------------------------------------
                                  0.000000    0.000000   clock wclk (rise edge)
                                  0.000000    0.000000   clock source latency
   147    0.348395    0.000000    0.000000    0.000000 ^ wclk (in)
                                                         wclk (net)
                      0.004714    0.002357    0.002357 ^ _685_/CLK (sky130_fd_sc_hd__dfxtp_2)
     2    0.004235    0.037241    0.295735    0.298092 ^ _685_/Q (sky130_fd_sc_hd__dfxtp_2)
                                                         bram.mem[15][3] (net)
                      0.037241    0.000002    0.298094 ^ _510_/A1 (sky130_fd_sc_hd__mux2_1)
     1    0.001861    0.035619    0.107038    0.405132 ^ _510_/X (sky130_fd_sc_hd__mux2_1)
                                                         _123_ (net)
                      0.035619    0.000002    0.405134 ^ _685_/D (sky130_fd_sc_hd__dfxtp_2)
                                              0.405134   data arrival time

                                  0.000000    0.000000   clock wclk (rise edge)
                                  0.000000    0.000000   clock source latency
   147    0.348395    0.000000    0.000000    0.000000 ^ wclk (in)
                                                         wclk (net)
                      0.004714    0.002357    0.002357 ^ _685_/CLK (sky130_fd_sc_hd__dfxtp_2)
                                  0.000000    0.002357   clock reconvergence pessimism
                                 -0.034541   -0.032184   library hold time
                                             -0.032184   data required time
---------------------------------------------------------------------------------------------
                                             -0.032184   data required time
                                             -0.405134   data arrival time
---------------------------------------------------------------------------------------------
                                              0.437318   slack (MET)


Startpoint: _680_ (rising edge-triggered flip-flop clocked by wclk)
Endpoint: _680_ (rising edge-triggered flip-flop clocked by wclk)
Path Group: wclk
Path Type: min

Fanout         Cap        Slew       Delay        Time   Description
---------------------------------------------------------------------------------------------
                                  0.000000    0.000000   clock wclk (rise edge)
                                  0.000000    0.000000   clock source latency
   147    0.348395    0.000000    0.000000    0.000000 ^ wclk (in)
                                                         wclk (net)
                      0.010883    0.005442    0.005442 ^ _680_/CLK (sky130_fd_sc_hd__dfxtp_2)
     2    0.004132    0.036789    0.297426    0.302867 ^ _680_/Q (sky130_fd_sc_hd__dfxtp_2)
                                                         bram.mem[1][6] (net)
                      0.036789    0.000004    0.302871 ^ _505_/A1 (sky130_fd_sc_hd__mux2_1)
     1    0.001789    0.034971    0.106305    0.409176 ^ _505_/X (sky130_fd_sc_hd__mux2_1)
                                                         _118_ (net)
                      0.034971    0.000000    0.409177 ^ _680_/D (sky130_fd_sc_hd__dfxtp_2)
                                              0.409177   data arrival time

                                  0.000000    0.000000   clock wclk (rise edge)
                                  0.000000    0.000000   clock source latency
   147    0.348395    0.000000    0.000000    0.000000 ^ wclk (in)
                                                         wclk (net)
                      0.010883    0.005442    0.005442 ^ _680_/CLK (sky130_fd_sc_hd__dfxtp_2)
                                  0.000000    0.005442   clock reconvergence pessimism
                                 -0.033596   -0.028154   library hold time
                                             -0.028154   data required time
---------------------------------------------------------------------------------------------
                                             -0.028154   data required time
                                             -0.409177   data arrival time
---------------------------------------------------------------------------------------------
                                              0.437331   slack (MET)


Startpoint: _681_ (rising edge-triggered flip-flop clocked by wclk)
Endpoint: _681_ (rising edge-triggered flip-flop clocked by wclk)
Path Group: wclk
Path Type: min

Fanout         Cap        Slew       Delay        Time   Description
---------------------------------------------------------------------------------------------
                                  0.000000    0.000000   clock wclk (rise edge)
                                  0.000000    0.000000   clock source latency
   147    0.348395    0.000000    0.000000    0.000000 ^ wclk (in)
                                                         wclk (net)
                      0.012084    0.006042    0.006042 ^ _681_/CLK (sky130_fd_sc_hd__dfxtp_2)
     2    0.004107    0.036681    0.297732    0.303774 ^ _681_/Q (sky130_fd_sc_hd__dfxtp_2)
                                                         bram.mem[1][7] (net)
                      0.036681    0.000004    0.303778 ^ _506_/A1 (sky130_fd_sc_hd__mux2_1)
     1    0.001781    0.034913    0.106210    0.409988 ^ _506_/X (sky130_fd_sc_hd__mux2_1)
                                                         _119_ (net)
                      0.034913    0.000000    0.409988 ^ _681_/D (sky130_fd_sc_hd__dfxtp_2)
                                              0.409988   data arrival time

                                  0.000000    0.000000   clock wclk (rise edge)
                                  0.000000    0.000000   clock source latency
   147    0.348395    0.000000    0.000000    0.000000 ^ wclk (in)
                                                         wclk (net)
                      0.012084    0.006042    0.006042 ^ _681_/CLK (sky130_fd_sc_hd__dfxtp_2)
                                  0.000000    0.006042   clock reconvergence pessimism
                                 -0.033426   -0.027384   library hold time
                                             -0.027384   data required time
---------------------------------------------------------------------------------------------
                                             -0.027384   data required time
                                             -0.409988   data arrival time
---------------------------------------------------------------------------------------------
                                              0.437372   slack (MET)


Startpoint: _605_ (rising edge-triggered flip-flop clocked by wclk)
Endpoint: _605_ (rising edge-triggered flip-flop clocked by wclk)
Path Group: wclk
Path Type: min

Fanout         Cap        Slew       Delay        Time   Description
---------------------------------------------------------------------------------------------
                                  0.000000    0.000000   clock wclk (rise edge)
                                  0.000000    0.000000   clock source latency
   147    0.348395    0.000000    0.000000    0.000000 ^ wclk (in)
                                                         wclk (net)
                      0.013285    0.006643    0.006643 ^ _605_/CLK (sky130_fd_sc_hd__dfxtp_2)
     2    0.004002    0.036220    0.297667    0.304309 ^ _605_/Q (sky130_fd_sc_hd__dfxtp_2)
                                                         bram.mem[7][5] (net)
                      0.036220    0.000002    0.304311 ^ _440_/A1 (sky130_fd_sc_hd__mux2_1)
     1    0.001830    0.035275    0.106437    0.410748 ^ _440_/X (sky130_fd_sc_hd__mux2_1)
                                                         _061_ (net)
                      0.035275    0.000001    0.410750 ^ _605_/D (sky130_fd_sc_hd__dfxtp_2)
                                              0.410750   data arrival time

                                  0.000000    0.000000   clock wclk (rise edge)
                                  0.000000    0.000000   clock source latency
   147    0.348395    0.000000    0.000000    0.000000 ^ wclk (in)
                                                         wclk (net)
                      0.013285    0.006643    0.006643 ^ _605_/CLK (sky130_fd_sc_hd__dfxtp_2)
                                  0.000000    0.006643   clock reconvergence pessimism
                                 -0.033343   -0.026701   library hold time
                                             -0.026701   data required time
---------------------------------------------------------------------------------------------
                                             -0.026701   data required time
                                             -0.410750   data arrival time
---------------------------------------------------------------------------------------------
                                              0.437450   slack (MET)


Startpoint: _530_ (rising edge-triggered flip-flop clocked by wclk)
Endpoint: _530_ (rising edge-triggered flip-flop clocked by wclk)
Path Group: wclk
Path Type: min

Fanout         Cap        Slew       Delay        Time   Description
---------------------------------------------------------------------------------------------
                                  0.000000    0.000000   clock wclk (rise edge)
                                  0.000000    0.000000   clock source latency
   147    0.348395    0.000000    0.000000    0.000000 ^ wclk (in)
                                                         wclk (net)
                      0.004373    0.002187    0.002187 ^ _530_/CLK (sky130_fd_sc_hd__dfxtp_2)
     2    0.004272    0.037408    0.295754    0.297941 ^ _530_/Q (sky130_fd_sc_hd__dfxtp_2)
                                                         bram.mem[9][6] (net)
                      0.037408    0.000005    0.297946 ^ _386_/A1 (sky130_fd_sc_hd__mux2_1)
     1    0.001864    0.035595    0.107119    0.405065 ^ _386_/X (sky130_fd_sc_hd__mux2_1)
                                                         _014_ (net)
                      0.035595    0.000002    0.405067 ^ _530_/D (sky130_fd_sc_hd__dfxtp_2)
                                              0.405067   data arrival time

                                  0.000000    0.000000   clock wclk (rise edge)
                                  0.000000    0.000000   clock source latency
   147    0.348395    0.000000    0.000000    0.000000 ^ wclk (in)
                                                         wclk (net)
                      0.004373    0.002187    0.002187 ^ _530_/CLK (sky130_fd_sc_hd__dfxtp_2)
                                  0.000000    0.002187   clock reconvergence pessimism
                                 -0.034581   -0.032394   library hold time
                                             -0.032394   data required time
---------------------------------------------------------------------------------------------
                                             -0.032394   data required time
                                             -0.405067   data arrival time
---------------------------------------------------------------------------------------------
                                              0.437461   slack (MET)


Startpoint: _655_ (rising edge-triggered flip-flop clocked by wclk)
Endpoint: _655_ (rising edge-triggered flip-flop clocked by wclk)
Path Group: wclk
Path Type: min

Fanout         Cap        Slew       Delay        Time   Description
---------------------------------------------------------------------------------------------
                                  0.000000    0.000000   clock wclk (rise edge)
                                  0.000000    0.000000   clock source latency
   147    0.348395    0.000000    0.000000    0.000000 ^ wclk (in)
                                                         wclk (net)
                      0.010870    0.005435    0.005435 ^ _655_/CLK (sky130_fd_sc_hd__dfxtp_2)
     2    0.004048    0.036422    0.297034    0.302470 ^ _655_/Q (sky130_fd_sc_hd__dfxtp_2)
                                                         bram.mem[3][6] (net)
                      0.036422    0.000002    0.302471 ^ _487_/A1 (sky130_fd_sc_hd__mux2_1)
     1    0.001858    0.035517    0.106732    0.409204 ^ _487_/X (sky130_fd_sc_hd__mux2_1)
                                                         _102_ (net)
                      0.035517    0.000001    0.409205 ^ _655_/D (sky130_fd_sc_hd__dfxtp_2)
                                              0.409205   data arrival time

                                  0.000000    0.000000   clock wclk (rise edge)
                                  0.000000    0.000000   clock source latency
   147    0.348395    0.000000    0.000000    0.000000 ^ wclk (in)
                                                         wclk (net)
                      0.010870    0.005435    0.005435 ^ _655_/CLK (sky130_fd_sc_hd__dfxtp_2)
                                  0.000000    0.005435   clock reconvergence pessimism
                                 -0.033711   -0.028276   library hold time
                                             -0.028276   data required time
---------------------------------------------------------------------------------------------
                                             -0.028276   data required time
                                             -0.409205   data arrival time
---------------------------------------------------------------------------------------------
                                              0.437481   slack (MET)


Startpoint: _633_ (rising edge-triggered flip-flop clocked by wclk)
Endpoint: _633_ (rising edge-triggered flip-flop clocked by wclk)
Path Group: wclk
Path Type: min

Fanout         Cap        Slew       Delay        Time   Description
---------------------------------------------------------------------------------------------
                                  0.000000    0.000000   clock wclk (rise edge)
                                  0.000000    0.000000   clock source latency
   147    0.348395    0.000000    0.000000    0.000000 ^ wclk (in)
                                                         wclk (net)
                      0.013390    0.006695    0.006695 ^ _633_/CLK (sky130_fd_sc_hd__dfxtp_2)
     2    0.004159    0.036912    0.298433    0.305128 ^ _633_/Q (sky130_fd_sc_hd__dfxtp_2)
                                                         bram.mem[5][0] (net)
                      0.036912    0.000004    0.305132 ^ _463_/A1 (sky130_fd_sc_hd__mux2_1)
     1    0.001730    0.034492    0.105882    0.411013 ^ _463_/X (sky130_fd_sc_hd__mux2_1)
                                                         _080_ (net)
                      0.034492    0.000000    0.411014 ^ _633_/D (sky130_fd_sc_hd__dfxtp_2)
                                              0.411014   data arrival time

                                  0.000000    0.000000   clock wclk (rise edge)
                                  0.000000    0.000000   clock source latency
   147    0.348395    0.000000    0.000000    0.000000 ^ wclk (in)
                                                         wclk (net)
                      0.013390    0.006695    0.006695 ^ _633_/CLK (sky130_fd_sc_hd__dfxtp_2)
                                  0.000000    0.006695   clock reconvergence pessimism
                                 -0.033166   -0.026471   library hold time
                                             -0.026471   data required time
---------------------------------------------------------------------------------------------
                                             -0.026471   data required time
                                             -0.411014   data arrival time
---------------------------------------------------------------------------------------------
                                              0.437485   slack (MET)


Startpoint: _603_ (rising edge-triggered flip-flop clocked by wclk)
Endpoint: _603_ (rising edge-triggered flip-flop clocked by wclk)
Path Group: wclk
Path Type: min

Fanout         Cap        Slew       Delay        Time   Description
---------------------------------------------------------------------------------------------
                                  0.000000    0.000000   clock wclk (rise edge)
                                  0.000000    0.000000   clock source latency
   147    0.348395    0.000000    0.000000    0.000000 ^ wclk (in)
                                                         wclk (net)
                      0.010778    0.005389    0.005389 ^ _603_/CLK (sky130_fd_sc_hd__dfxtp_2)
     2    0.004065    0.036496    0.297080    0.302469 ^ _603_/Q (sky130_fd_sc_hd__dfxtp_2)
                                                         bram.mem[7][3] (net)
                      0.036496    0.000003    0.302471 ^ _438_/A1 (sky130_fd_sc_hd__mux2_1)
     1    0.001853    0.035459    0.106718    0.409190 ^ _438_/X (sky130_fd_sc_hd__mux2_1)
                                                         _059_ (net)
                      0.035459    0.000001    0.409191 ^ _603_/D (sky130_fd_sc_hd__dfxtp_2)
                                              0.409191   data arrival time

                                  0.000000    0.000000   clock wclk (rise edge)
                                  0.000000    0.000000   clock source latency
   147    0.348395    0.000000    0.000000    0.000000 ^ wclk (in)
                                                         wclk (net)
                      0.010778    0.005389    0.005389 ^ _603_/CLK (sky130_fd_sc_hd__dfxtp_2)
                                  0.000000    0.005389   clock reconvergence pessimism
                                 -0.033711   -0.028322   library hold time
                                             -0.028322   data required time
---------------------------------------------------------------------------------------------
                                             -0.028322   data required time
                                             -0.409191   data arrival time
---------------------------------------------------------------------------------------------
                                              0.437513   slack (MET)


Startpoint: _675_ (rising edge-triggered flip-flop clocked by wclk)
Endpoint: _675_ (rising edge-triggered flip-flop clocked by wclk)
Path Group: wclk
Path Type: min

Fanout         Cap        Slew       Delay        Time   Description
---------------------------------------------------------------------------------------------
                                  0.000000    0.000000   clock wclk (rise edge)
                                  0.000000    0.000000   clock source latency
   147    0.348395    0.000000    0.000000    0.000000 ^ wclk (in)
                                                         wclk (net)
                      0.011037    0.005518    0.005518 ^ _675_/CLK (sky130_fd_sc_hd__dfxtp_2)
     2    0.004254    0.037330    0.298026    0.303544 ^ _675_/Q (sky130_fd_sc_hd__dfxtp_2)
                                                         bram.mem[1][1] (net)
                      0.037330    0.000006    0.303551 ^ _500_/A1 (sky130_fd_sc_hd__mux2_1)
     1    0.001739    0.034581    0.106098    0.409648 ^ _500_/X (sky130_fd_sc_hd__mux2_1)
                                                         _113_ (net)
                      0.034581    0.000000    0.409649 ^ _675_/D (sky130_fd_sc_hd__dfxtp_2)
                                              0.409649   data arrival time

                                  0.000000    0.000000   clock wclk (rise edge)
                                  0.000000    0.000000   clock source latency
   147    0.348395    0.000000    0.000000    0.000000 ^ wclk (in)
                                                         wclk (net)
                      0.011037    0.005518    0.005518 ^ _675_/CLK (sky130_fd_sc_hd__dfxtp_2)
                                  0.000000    0.005518   clock reconvergence pessimism
                                 -0.033494   -0.027976   library hold time
                                             -0.027976   data required time
---------------------------------------------------------------------------------------------
                                             -0.027976   data required time
                                             -0.409649   data arrival time
---------------------------------------------------------------------------------------------
                                              0.437625   slack (MET)


Startpoint: _601_ (rising edge-triggered flip-flop clocked by wclk)
Endpoint: _601_ (rising edge-triggered flip-flop clocked by wclk)
Path Group: wclk
Path Type: min

Fanout         Cap        Slew       Delay        Time   Description
---------------------------------------------------------------------------------------------
                                  0.000000    0.000000   clock wclk (rise edge)
                                  0.000000    0.000000   clock source latency
   147    0.348395    0.000000    0.000000    0.000000 ^ wclk (in)
                                                         wclk (net)
                      0.010935    0.005468    0.005468 ^ _601_/CLK (sky130_fd_sc_hd__dfxtp_2)
     2    0.004064    0.036493    0.297132    0.302600 ^ _601_/Q (sky130_fd_sc_hd__dfxtp_2)
                                                         bram.mem[7][1] (net)
                      0.036493    0.000001    0.302601 ^ _436_/A1 (sky130_fd_sc_hd__mux2_1)
     1    0.001863    0.035534    0.106794    0.409395 ^ _436_/X (sky130_fd_sc_hd__mux2_1)
                                                         _057_ (net)
                      0.035534    0.000001    0.409396 ^ _601_/D (sky130_fd_sc_hd__dfxtp_2)
                                              0.409396   data arrival time

                                  0.000000    0.000000   clock wclk (rise edge)
                                  0.000000    0.000000   clock source latency
   147    0.348395    0.000000    0.000000    0.000000 ^ wclk (in)
                                                         wclk (net)
                      0.010935    0.005468    0.005468 ^ _601_/CLK (sky130_fd_sc_hd__dfxtp_2)
                                  0.000000    0.005468   clock reconvergence pessimism
                                 -0.033706   -0.028238   library hold time
                                             -0.028238   data required time
---------------------------------------------------------------------------------------------
                                             -0.028238   data required time
                                             -0.409396   data arrival time
---------------------------------------------------------------------------------------------
                                              0.437634   slack (MET)


Startpoint: _636_ (rising edge-triggered flip-flop clocked by wclk)
Endpoint: _636_ (rising edge-triggered flip-flop clocked by wclk)
Path Group: wclk
Path Type: min

Fanout         Cap        Slew       Delay        Time   Description
---------------------------------------------------------------------------------------------
                                  0.000000    0.000000   clock wclk (rise edge)
                                  0.000000    0.000000   clock source latency
   147    0.348395    0.000000    0.000000    0.000000 ^ wclk (in)
                                                         wclk (net)
                      0.010821    0.005410    0.005410 ^ _636_/CLK (sky130_fd_sc_hd__dfxtp_2)
     2    0.004099    0.036647    0.297254    0.302664 ^ _636_/Q (sky130_fd_sc_hd__dfxtp_2)
                                                         bram.mem[5][3] (net)
                      0.036647    0.000003    0.302667 ^ _466_/A1 (sky130_fd_sc_hd__mux2_1)
     1    0.001844    0.035389    0.106698    0.409366 ^ _466_/X (sky130_fd_sc_hd__mux2_1)
                                                         _083_ (net)
                      0.035389    0.000001    0.409367 ^ _636_/D (sky130_fd_sc_hd__dfxtp_2)
                                              0.409367   data arrival time

                                  0.000000    0.000000   clock wclk (rise edge)
                                  0.000000    0.000000   clock source latency
   147    0.348395    0.000000    0.000000    0.000000 ^ wclk (in)
                                                         wclk (net)
                      0.010821    0.005410    0.005410 ^ _636_/CLK (sky130_fd_sc_hd__dfxtp_2)
                                  0.000000    0.005410   clock reconvergence pessimism
                                 -0.033691   -0.028280   library hold time
                                             -0.028280   data required time
---------------------------------------------------------------------------------------------
                                             -0.028280   data required time
                                             -0.409367   data arrival time
---------------------------------------------------------------------------------------------
                                              0.437647   slack (MET)


Startpoint: _689_ (rising edge-triggered flip-flop clocked by wclk)
Endpoint: _689_ (rising edge-triggered flip-flop clocked by wclk)
Path Group: wclk
Path Type: min

Fanout         Cap        Slew       Delay        Time   Description
---------------------------------------------------------------------------------------------
                                  0.000000    0.000000   clock wclk (rise edge)
                                  0.000000    0.000000   clock source latency
   147    0.348395    0.000000    0.000000    0.000000 ^ wclk (in)
                                                         wclk (net)
                      0.007632    0.003816    0.003816 ^ _689_/CLK (sky130_fd_sc_hd__dfxtp_2)
     2    0.004197    0.037073    0.296585    0.300401 ^ _689_/Q (sky130_fd_sc_hd__dfxtp_2)
                                                         bram.mem[15][7] (net)
                      0.037073    0.000002    0.300403 ^ _514_/A1 (sky130_fd_sc_hd__mux2_1)
     1    0.001854    0.035567    0.106927    0.407330 ^ _514_/X (sky130_fd_sc_hd__mux2_1)
                                                         _127_ (net)
                      0.035567    0.000001    0.407331 ^ _689_/D (sky130_fd_sc_hd__dfxtp_2)
                                              0.407331   data arrival time

                                  0.000000    0.000000   clock wclk (rise edge)
                                  0.000000    0.000000   clock source latency
   147    0.348395    0.000000    0.000000    0.000000 ^ wclk (in)
                                                         wclk (net)
                      0.007632    0.003816    0.003816 ^ _689_/CLK (sky130_fd_sc_hd__dfxtp_2)
                                  0.000000    0.003816   clock reconvergence pessimism
                                 -0.034147   -0.030331   library hold time
                                             -0.030331   data required time
---------------------------------------------------------------------------------------------
                                             -0.030331   data required time
                                             -0.407331   data arrival time
---------------------------------------------------------------------------------------------
                                              0.437662   slack (MET)


Startpoint: _639_ (rising edge-triggered flip-flop clocked by wclk)
Endpoint: _639_ (rising edge-triggered flip-flop clocked by wclk)
Path Group: wclk
Path Type: min

Fanout         Cap        Slew       Delay        Time   Description
---------------------------------------------------------------------------------------------
                                  0.000000    0.000000   clock wclk (rise edge)
                                  0.000000    0.000000   clock source latency
   147    0.348395    0.000000    0.000000    0.000000 ^ wclk (in)
                                                         wclk (net)
                      0.010808    0.005404    0.005404 ^ _639_/CLK (sky130_fd_sc_hd__dfxtp_2)
     2    0.004057    0.036462    0.297054    0.302458 ^ _639_/Q (sky130_fd_sc_hd__dfxtp_2)
                                                         bram.mem[5][6] (net)
                      0.036462    0.000002    0.302461 ^ _469_/A1 (sky130_fd_sc_hd__mux2_1)
     1    0.001875    0.035632    0.106880    0.409341 ^ _469_/X (sky130_fd_sc_hd__mux2_1)
                                                         _086_ (net)
                      0.035632    0.000002    0.409342 ^ _639_/D (sky130_fd_sc_hd__dfxtp_2)
                                              0.409342   data arrival time

                                  0.000000    0.000000   clock wclk (rise edge)
                                  0.000000    0.000000   clock source latency
   147    0.348395    0.000000    0.000000    0.000000 ^ wclk (in)
                                                         wclk (net)
                      0.010808    0.005404    0.005404 ^ _639_/CLK (sky130_fd_sc_hd__dfxtp_2)
                                  0.000000    0.005404   clock reconvergence pessimism
                                 -0.033743   -0.028339   library hold time
                                             -0.028339   data required time
---------------------------------------------------------------------------------------------
                                             -0.028339   data required time
                                             -0.409342   data arrival time
---------------------------------------------------------------------------------------------
                                              0.437681   slack (MET)


Startpoint: _600_ (rising edge-triggered flip-flop clocked by wclk)
Endpoint: _600_ (rising edge-triggered flip-flop clocked by wclk)
Path Group: wclk
Path Type: min

Fanout         Cap        Slew       Delay        Time   Description
---------------------------------------------------------------------------------------------
                                  0.000000    0.000000   clock wclk (rise edge)
                                  0.000000    0.000000   clock source latency
   147    0.348395    0.000000    0.000000    0.000000 ^ wclk (in)
                                                         wclk (net)
                      0.013382    0.006691    0.006691 ^ _600_/CLK (sky130_fd_sc_hd__dfxtp_2)
     2    0.004102    0.036661    0.298166    0.304857 ^ _600_/Q (sky130_fd_sc_hd__dfxtp_2)
                                                         bram.mem[7][0] (net)
                      0.036661    0.000003    0.304860 ^ _435_/A1 (sky130_fd_sc_hd__mux2_1)
     1    0.001789    0.034952    0.106262    0.411122 ^ _435_/X (sky130_fd_sc_hd__mux2_1)
                                                         _056_ (net)
                      0.034952    0.000000    0.411123 ^ _600_/D (sky130_fd_sc_hd__dfxtp_2)
                                              0.411123   data arrival time

                                  0.000000    0.000000   clock wclk (rise edge)
                                  0.000000    0.000000   clock source latency
   147    0.348395    0.000000    0.000000    0.000000 ^ wclk (in)
                                                         wclk (net)
                      0.013382    0.006691    0.006691 ^ _600_/CLK (sky130_fd_sc_hd__dfxtp_2)
                                  0.000000    0.006691   clock reconvergence pessimism
                                 -0.033263   -0.026572   library hold time
                                             -0.026572   data required time
---------------------------------------------------------------------------------------------
                                             -0.026572   data required time
                                             -0.411123   data arrival time
---------------------------------------------------------------------------------------------
                                              0.437695   slack (MET)


Startpoint: _527_ (rising edge-triggered flip-flop clocked by wclk)
Endpoint: _527_ (rising edge-triggered flip-flop clocked by wclk)
Path Group: wclk
Path Type: min

Fanout         Cap        Slew       Delay        Time   Description
---------------------------------------------------------------------------------------------
                                  0.000000    0.000000   clock wclk (rise edge)
                                  0.000000    0.000000   clock source latency
   147    0.348395    0.000000    0.000000    0.000000 ^ wclk (in)
                                                         wclk (net)
                      0.004438    0.002219    0.002219 ^ _527_/CLK (sky130_fd_sc_hd__dfxtp_2)
     2    0.004328    0.037661    0.295987    0.298206 ^ _527_/Q (sky130_fd_sc_hd__dfxtp_2)
                                                         bram.mem[9][3] (net)
                      0.037661    0.000002    0.298208 ^ _383_/A1 (sky130_fd_sc_hd__mux2_1)
     1    0.001862    0.035578    0.107190    0.405398 ^ _383_/X (sky130_fd_sc_hd__mux2_1)
                                                         _011_ (net)
                      0.035578    0.000002    0.405399 ^ _527_/D (sky130_fd_sc_hd__dfxtp_2)
                                              0.405399   data arrival time

                                  0.000000    0.000000   clock wclk (rise edge)
                                  0.000000    0.000000   clock source latency
   147    0.348395    0.000000    0.000000    0.000000 ^ wclk (in)
                                                         wclk (net)
                      0.004438    0.002219    0.002219 ^ _527_/CLK (sky130_fd_sc_hd__dfxtp_2)
                                  0.000000    0.002219   clock reconvergence pessimism
                                 -0.034569   -0.032350   library hold time
                                             -0.032350   data required time
---------------------------------------------------------------------------------------------
                                             -0.032350   data required time
                                             -0.405399   data arrival time
---------------------------------------------------------------------------------------------
                                              0.437749   slack (MET)


Startpoint: _638_ (rising edge-triggered flip-flop clocked by wclk)
Endpoint: _638_ (rising edge-triggered flip-flop clocked by wclk)
Path Group: wclk
Path Type: min

Fanout         Cap        Slew       Delay        Time   Description
---------------------------------------------------------------------------------------------
                                  0.000000    0.000000   clock wclk (rise edge)
                                  0.000000    0.000000   clock source latency
   147    0.348395    0.000000    0.000000    0.000000 ^ wclk (in)
                                                         wclk (net)
                      0.013319    0.006660    0.006660 ^ _638_/CLK (sky130_fd_sc_hd__dfxtp_2)
     2    0.004084    0.036580    0.298058    0.304718 ^ _638_/Q (sky130_fd_sc_hd__dfxtp_2)
                                                         bram.mem[5][5] (net)
                      0.036580    0.000004    0.304721 ^ _468_/A1 (sky130_fd_sc_hd__mux2_1)
     1    0.001809    0.035114    0.106396    0.411118 ^ _468_/X (sky130_fd_sc_hd__mux2_1)
                                                         _085_ (net)
                      0.035114    0.000001    0.411119 ^ _638_/D (sky130_fd_sc_hd__dfxtp_2)
                                              0.411119   data arrival time

                                  0.000000    0.000000   clock wclk (rise edge)
                                  0.000000    0.000000   clock source latency
   147    0.348395    0.000000    0.000000    0.000000 ^ wclk (in)
                                                         wclk (net)
                      0.013319    0.006660    0.006660 ^ _638_/CLK (sky130_fd_sc_hd__dfxtp_2)
                                  0.000000    0.006660   clock reconvergence pessimism
                                 -0.033305   -0.026645   library hold time
                                             -0.026645   data required time
---------------------------------------------------------------------------------------------
                                             -0.026645   data required time
                                             -0.411119   data arrival time
---------------------------------------------------------------------------------------------
                                              0.437764   slack (MET)


Startpoint: _637_ (rising edge-triggered flip-flop clocked by wclk)
Endpoint: _637_ (rising edge-triggered flip-flop clocked by wclk)
Path Group: wclk
Path Type: min

Fanout         Cap        Slew       Delay        Time   Description
---------------------------------------------------------------------------------------------
                                  0.000000    0.000000   clock wclk (rise edge)
                                  0.000000    0.000000   clock source latency
   147    0.348395    0.000000    0.000000    0.000000 ^ wclk (in)
                                                         wclk (net)
                      0.013167    0.006583    0.006583 ^ _637_/CLK (sky130_fd_sc_hd__dfxtp_2)
     2    0.004060    0.036476    0.297896    0.304479 ^ _637_/Q (sky130_fd_sc_hd__dfxtp_2)
                                                         bram.mem[5][4] (net)
                      0.036476    0.000003    0.304482 ^ _467_/A1 (sky130_fd_sc_hd__mux2_1)
     1    0.001830    0.035275    0.106523    0.411006 ^ _467_/X (sky130_fd_sc_hd__mux2_1)
                                                         _084_ (net)
                      0.035275    0.000001    0.411007 ^ _637_/D (sky130_fd_sc_hd__dfxtp_2)
                                              0.411007   data arrival time

                                  0.000000    0.000000   clock wclk (rise edge)
                                  0.000000    0.000000   clock source latency
   147    0.348395    0.000000    0.000000    0.000000 ^ wclk (in)
                                                         wclk (net)
                      0.013167    0.006583    0.006583 ^ _637_/CLK (sky130_fd_sc_hd__dfxtp_2)
                                  0.000000    0.006583   clock reconvergence pessimism
                                 -0.033359   -0.026775   library hold time
                                             -0.026775   data required time
---------------------------------------------------------------------------------------------
                                             -0.026775   data required time
                                             -0.411007   data arrival time
---------------------------------------------------------------------------------------------
                                              0.437782   slack (MET)


Startpoint: _677_ (rising edge-triggered flip-flop clocked by wclk)
Endpoint: _677_ (rising edge-triggered flip-flop clocked by wclk)
Path Group: wclk
Path Type: min

Fanout         Cap        Slew       Delay        Time   Description
---------------------------------------------------------------------------------------------
                                  0.000000    0.000000   clock wclk (rise edge)
                                  0.000000    0.000000   clock source latency
   147    0.348395    0.000000    0.000000    0.000000 ^ wclk (in)
                                                         wclk (net)
                      0.010542    0.005271    0.005271 ^ _677_/CLK (sky130_fd_sc_hd__dfxtp_2)
     2    0.004256    0.037337    0.297858    0.303129 ^ _677_/Q (sky130_fd_sc_hd__dfxtp_2)
                                                         bram.mem[1][3] (net)
                      0.037337    0.000005    0.303134 ^ _502_/A1 (sky130_fd_sc_hd__mux2_1)
     1    0.001769    0.034815    0.106337    0.409471 ^ _502_/X (sky130_fd_sc_hd__mux2_1)
                                                         _115_ (net)
                      0.034815    0.000000    0.409471 ^ _677_/D (sky130_fd_sc_hd__dfxtp_2)
                                              0.409471   data arrival time

                                  0.000000    0.000000   clock wclk (rise edge)
                                  0.000000    0.000000   clock source latency
   147    0.348395    0.000000    0.000000    0.000000 ^ wclk (in)
                                                         wclk (net)
                      0.010542    0.005271    0.005271 ^ _677_/CLK (sky130_fd_sc_hd__dfxtp_2)
                                  0.000000    0.005271   clock reconvergence pessimism
                                 -0.033608   -0.028337   library hold time
                                             -0.028337   data required time
---------------------------------------------------------------------------------------------
                                             -0.028337   data required time
                                             -0.409471   data arrival time
---------------------------------------------------------------------------------------------
                                              0.437808   slack (MET)


Startpoint: _682_ (rising edge-triggered flip-flop clocked by wclk)
Endpoint: _682_ (rising edge-triggered flip-flop clocked by wclk)
Path Group: wclk
Path Type: min

Fanout         Cap        Slew       Delay        Time   Description
---------------------------------------------------------------------------------------------
                                  0.000000    0.000000   clock wclk (rise edge)
                                  0.000000    0.000000   clock source latency
   147    0.348395    0.000000    0.000000    0.000000 ^ wclk (in)
                                                         wclk (net)
                      0.009183    0.004592    0.004592 ^ _682_/CLK (sky130_fd_sc_hd__dfxtp_2)
     2    0.004183    0.037015    0.297067    0.301659 ^ _682_/Q (sky130_fd_sc_hd__dfxtp_2)
                                                         bram.mem[15][0] (net)
                      0.037015    0.000002    0.301661 ^ _507_/A1 (sky130_fd_sc_hd__mux2_1)
     1    0.001845    0.035491    0.106829    0.408490 ^ _507_/X (sky130_fd_sc_hd__mux2_1)
                                                         _120_ (net)
                      0.035491    0.000001    0.408492 ^ _682_/D (sky130_fd_sc_hd__dfxtp_2)
                                              0.408492   data arrival time

                                  0.000000    0.000000   clock wclk (rise edge)
                                  0.000000    0.000000   clock source latency
   147    0.348395    0.000000    0.000000    0.000000 ^ wclk (in)
                                                         wclk (net)
                      0.009183    0.004592    0.004592 ^ _682_/CLK (sky130_fd_sc_hd__dfxtp_2)
                                  0.000000    0.004592   clock reconvergence pessimism
                                 -0.033927   -0.029335   library hold time
                                             -0.029335   data required time
---------------------------------------------------------------------------------------------
                                             -0.029335   data required time
                                             -0.408492   data arrival time
---------------------------------------------------------------------------------------------
                                              0.437827   slack (MET)


Startpoint: _588_ (rising edge-triggered flip-flop clocked by wclk)
Endpoint: _588_ (rising edge-triggered flip-flop clocked by wclk)
Path Group: wclk
Path Type: min

Fanout         Cap        Slew       Delay        Time   Description
---------------------------------------------------------------------------------------------
                                  0.000000    0.000000   clock wclk (rise edge)
                                  0.000000    0.000000   clock source latency
   147    0.348395    0.000000    0.000000    0.000000 ^ wclk (in)
                                                         wclk (net)
                      0.006628    0.003314    0.003314 ^ _588_/CLK (sky130_fd_sc_hd__dfxtp_2)
     2    0.004134    0.036794    0.295940    0.299254 ^ _588_/Q (sky130_fd_sc_hd__dfxtp_2)
                                                         bram.mem[11][4] (net)
                      0.036794    0.000000    0.299255 ^ _420_/A1 (sky130_fd_sc_hd__mux2_1)
     1    0.001938    0.036145    0.107496    0.406751 ^ _420_/X (sky130_fd_sc_hd__mux2_1)
                                                         _044_ (net)
                      0.036145    0.000002    0.406753 ^ _588_/D (sky130_fd_sc_hd__dfxtp_2)
                                              0.406753   data arrival time

                                  0.000000    0.000000   clock wclk (rise edge)
                                  0.000000    0.000000   clock source latency
   147    0.348395    0.000000    0.000000    0.000000 ^ wclk (in)
                                                         wclk (net)
                      0.006628    0.003314    0.003314 ^ _588_/CLK (sky130_fd_sc_hd__dfxtp_2)
                                  0.000000    0.003314   clock reconvergence pessimism
                                 -0.034399   -0.031085   library hold time
                                             -0.031085   data required time
---------------------------------------------------------------------------------------------
                                             -0.031085   data required time
                                             -0.406753   data arrival time
---------------------------------------------------------------------------------------------
                                              0.437838   slack (MET)


Startpoint: _640_ (rising edge-triggered flip-flop clocked by wclk)
Endpoint: _640_ (rising edge-triggered flip-flop clocked by wclk)
Path Group: wclk
Path Type: min

Fanout         Cap        Slew       Delay        Time   Description
---------------------------------------------------------------------------------------------
                                  0.000000    0.000000   clock wclk (rise edge)
                                  0.000000    0.000000   clock source latency
   147    0.348395    0.000000    0.000000    0.000000 ^ wclk (in)
                                                         wclk (net)
                      0.012019    0.006010    0.006010 ^ _640_/CLK (sky130_fd_sc_hd__dfxtp_2)
     2    0.004048    0.036423    0.297437    0.303447 ^ _640_/Q (sky130_fd_sc_hd__dfxtp_2)
                                                         bram.mem[5][7] (net)
                      0.036423    0.000003    0.303450 ^ _470_/A1 (sky130_fd_sc_hd__mux2_1)
     1    0.001870    0.035597    0.106831    0.410281 ^ _470_/X (sky130_fd_sc_hd__mux2_1)
                                                         _087_ (net)
                      0.035597    0.000002    0.410282 ^ _640_/D (sky130_fd_sc_hd__dfxtp_2)
                                              0.410282   data arrival time

                                  0.000000    0.000000   clock wclk (rise edge)
                                  0.000000    0.000000   clock source latency
   147    0.348395    0.000000    0.000000    0.000000 ^ wclk (in)
                                                         wclk (net)
                      0.012019    0.006010    0.006010 ^ _640_/CLK (sky130_fd_sc_hd__dfxtp_2)
                                  0.000000    0.006010   clock reconvergence pessimism
                                 -0.033576   -0.027567   library hold time
                                             -0.027567   data required time
---------------------------------------------------------------------------------------------
                                             -0.027567   data required time
                                             -0.410282   data arrival time
---------------------------------------------------------------------------------------------
                                              0.437849   slack (MET)


Startpoint: _635_ (rising edge-triggered flip-flop clocked by wclk)
Endpoint: _635_ (rising edge-triggered flip-flop clocked by wclk)
Path Group: wclk
Path Type: min

Fanout         Cap        Slew       Delay        Time   Description
---------------------------------------------------------------------------------------------
                                  0.000000    0.000000   clock wclk (rise edge)
                                  0.000000    0.000000   clock source latency
   147    0.348395    0.000000    0.000000    0.000000 ^ wclk (in)
                                                         wclk (net)
                      0.012875    0.006438    0.006438 ^ _635_/CLK (sky130_fd_sc_hd__dfxtp_2)
     2    0.004074    0.036537    0.297858    0.304295 ^ _635_/Q (sky130_fd_sc_hd__dfxtp_2)
                                                         bram.mem[5][2] (net)
                      0.036537    0.000003    0.304299 ^ _465_/A1 (sky130_fd_sc_hd__mux2_1)
     1    0.001837    0.035334    0.106605    0.410903 ^ _465_/X (sky130_fd_sc_hd__mux2_1)
                                                         _082_ (net)
                      0.035334    0.000001    0.410905 ^ _635_/D (sky130_fd_sc_hd__dfxtp_2)
                                              0.410905   data arrival time

                                  0.000000    0.000000   clock wclk (rise edge)
                                  0.000000    0.000000   clock source latency
   147    0.348395    0.000000    0.000000    0.000000 ^ wclk (in)
                                                         wclk (net)
                      0.012875    0.006438    0.006438 ^ _635_/CLK (sky130_fd_sc_hd__dfxtp_2)
                                  0.000000    0.006438   clock reconvergence pessimism
                                 -0.033409   -0.026972   library hold time
                                             -0.026972   data required time
---------------------------------------------------------------------------------------------
                                             -0.026972   data required time
                                             -0.410905   data arrival time
---------------------------------------------------------------------------------------------
                                              0.437877   slack (MET)


Startpoint: _525_ (rising edge-triggered flip-flop clocked by wclk)
Endpoint: _525_ (rising edge-triggered flip-flop clocked by wclk)
Path Group: wclk
Path Type: min

Fanout         Cap        Slew       Delay        Time   Description
---------------------------------------------------------------------------------------------
                                  0.000000    0.000000   clock wclk (rise edge)
                                  0.000000    0.000000   clock source latency
   147    0.348395    0.000000    0.000000    0.000000 ^ wclk (in)
                                                         wclk (net)
                      0.005017    0.002509    0.002509 ^ _525_/CLK (sky130_fd_sc_hd__dfxtp_2)
     2    0.004641    0.037813    0.297363    0.299872 ^ _525_/Q (sky130_fd_sc_hd__dfxtp_2)
                                                         bram.mem[9][1] (net)
                      0.037813    0.000007    0.299879 ^ _381_/A1 (sky130_fd_sc_hd__mux2_1)
     1    0.001750    0.034696    0.106348    0.406227 ^ _381_/X (sky130_fd_sc_hd__mux2_1)
                                                         _009_ (net)
                      0.034696    0.000000    0.406227 ^ _525_/D (sky130_fd_sc_hd__dfxtp_2)
                                              0.406227   data arrival time

                                  0.000000    0.000000   clock wclk (rise edge)
                                  0.000000    0.000000   clock source latency
   147    0.348395    0.000000    0.000000    0.000000 ^ wclk (in)
                                                         wclk (net)
                      0.005017    0.002509    0.002509 ^ _525_/CLK (sky130_fd_sc_hd__dfxtp_2)
                                  0.000000    0.002509   clock reconvergence pessimism
                                 -0.034309   -0.031801   library hold time
                                             -0.031801   data required time
---------------------------------------------------------------------------------------------
                                             -0.031801   data required time
                                             -0.406227   data arrival time
---------------------------------------------------------------------------------------------
                                              0.438028   slack (MET)


Startpoint: _602_ (rising edge-triggered flip-flop clocked by wclk)
Endpoint: _602_ (rising edge-triggered flip-flop clocked by wclk)
Path Group: wclk
Path Type: min

Fanout         Cap        Slew       Delay        Time   Description
---------------------------------------------------------------------------------------------
                                  0.000000    0.000000   clock wclk (rise edge)
                                  0.000000    0.000000   clock source latency
   147    0.348395    0.000000    0.000000    0.000000 ^ wclk (in)
                                                         wclk (net)
                      0.012719    0.006359    0.006359 ^ _602_/CLK (sky130_fd_sc_hd__dfxtp_2)
     2    0.004110    0.036693    0.297967    0.304326 ^ _602_/Q (sky130_fd_sc_hd__dfxtp_2)
                                                         bram.mem[7][2] (net)
                      0.036693    0.000003    0.304329 ^ _437_/A1 (sky130_fd_sc_hd__mux2_1)
     1    0.001838    0.035343    0.106668    0.410997 ^ _437_/X (sky130_fd_sc_hd__mux2_1)
                                                         _058_ (net)
                      0.035343    0.000001    0.410999 ^ _602_/D (sky130_fd_sc_hd__dfxtp_2)
                                              0.410999   data arrival time

                                  0.000000    0.000000   clock wclk (rise edge)
                                  0.000000    0.000000   clock source latency
   147    0.348395    0.000000    0.000000    0.000000 ^ wclk (in)
                                                         wclk (net)
                      0.012719    0.006359    0.006359 ^ _602_/CLK (sky130_fd_sc_hd__dfxtp_2)
                                  0.000000    0.006359   clock reconvergence pessimism
                                 -0.033432   -0.027072   library hold time
                                             -0.027072   data required time
---------------------------------------------------------------------------------------------
                                             -0.027072   data required time
                                             -0.410999   data arrival time
---------------------------------------------------------------------------------------------
                                              0.438071   slack (MET)


Startpoint: _674_ (rising edge-triggered flip-flop clocked by wclk)
Endpoint: _674_ (rising edge-triggered flip-flop clocked by wclk)
Path Group: wclk
Path Type: min

Fanout         Cap        Slew       Delay        Time   Description
---------------------------------------------------------------------------------------------
                                  0.000000    0.000000   clock wclk (rise edge)
                                  0.000000    0.000000   clock source latency
   147    0.348395    0.000000    0.000000    0.000000 ^ wclk (in)
                                                         wclk (net)
                      0.013810    0.006905    0.006905 ^ _674_/CLK (sky130_fd_sc_hd__dfxtp_2)
     2    0.004157    0.036903    0.298571    0.305476 ^ _674_/Q (sky130_fd_sc_hd__dfxtp_2)
                                                         bram.mem[1][0] (net)
                      0.036903    0.000004    0.305480 ^ _499_/A1 (sky130_fd_sc_hd__mux2_1)
     1    0.001783    0.034926    0.106299    0.411779 ^ _499_/X (sky130_fd_sc_hd__mux2_1)
                                                         _112_ (net)
                      0.034926    0.000000    0.411780 ^ _674_/D (sky130_fd_sc_hd__dfxtp_2)
                                              0.411780   data arrival time

                                  0.000000    0.000000   clock wclk (rise edge)
                                  0.000000    0.000000   clock source latency
   147    0.348395    0.000000    0.000000    0.000000 ^ wclk (in)
                                                         wclk (net)
                      0.013810    0.006905    0.006905 ^ _674_/CLK (sky130_fd_sc_hd__dfxtp_2)
                                  0.000000    0.006905   clock reconvergence pessimism
                                 -0.033202   -0.026297   library hold time
                                             -0.026297   data required time
---------------------------------------------------------------------------------------------
                                             -0.026297   data required time
                                             -0.411780   data arrival time
---------------------------------------------------------------------------------------------
                                              0.438077   slack (MET)


Startpoint: _649_ (rising edge-triggered flip-flop clocked by wclk)
Endpoint: _649_ (rising edge-triggered flip-flop clocked by wclk)
Path Group: wclk
Path Type: min

Fanout         Cap        Slew       Delay        Time   Description
---------------------------------------------------------------------------------------------
                                  0.000000    0.000000   clock wclk (rise edge)
                                  0.000000    0.000000   clock source latency
   147    0.348395    0.000000    0.000000    0.000000 ^ wclk (in)
                                                         wclk (net)
                      0.013803    0.006901    0.006901 ^ _649_/CLK (sky130_fd_sc_hd__dfxtp_2)
     2    0.004092    0.036618    0.298268    0.305169 ^ _649_/Q (sky130_fd_sc_hd__dfxtp_2)
                                                         bram.mem[3][0] (net)
                      0.036618    0.000004    0.305173 ^ _481_/A1 (sky130_fd_sc_hd__mux2_1)
     1    0.001826    0.035266    0.106545    0.411718 ^ _481_/X (sky130_fd_sc_hd__mux2_1)
                                                         _096_ (net)
                      0.035266    0.000001    0.411719 ^ _649_/D (sky130_fd_sc_hd__dfxtp_2)
                                              0.411719   data arrival time

                                  0.000000    0.000000   clock wclk (rise edge)
                                  0.000000    0.000000   clock source latency
   147    0.348395    0.000000    0.000000    0.000000 ^ wclk (in)
                                                         wclk (net)
                      0.013803    0.006901    0.006901 ^ _649_/CLK (sky130_fd_sc_hd__dfxtp_2)
                                  0.000000    0.006901   clock reconvergence pessimism
                                 -0.033273   -0.026372   library hold time
                                             -0.026372   data required time
---------------------------------------------------------------------------------------------
                                             -0.026372   data required time
                                             -0.411719   data arrival time
---------------------------------------------------------------------------------------------
                                              0.438091   slack (MET)


Startpoint: _654_ (rising edge-triggered flip-flop clocked by wclk)
Endpoint: _654_ (rising edge-triggered flip-flop clocked by wclk)
Path Group: wclk
Path Type: min

Fanout         Cap        Slew       Delay        Time   Description
---------------------------------------------------------------------------------------------
                                  0.000000    0.000000   clock wclk (rise edge)
                                  0.000000    0.000000   clock source latency
   147    0.348395    0.000000    0.000000    0.000000 ^ wclk (in)
                                                         wclk (net)
                      0.013715    0.006857    0.006857 ^ _654_/CLK (sky130_fd_sc_hd__dfxtp_2)
     2    0.004075    0.036541    0.298155    0.305013 ^ _654_/Q (sky130_fd_sc_hd__dfxtp_2)
                                                         bram.mem[3][5] (net)
                      0.036541    0.000003    0.305016 ^ _486_/A1 (sky130_fd_sc_hd__mux2_1)
     1    0.001842    0.035393    0.106647    0.411663 ^ _486_/X (sky130_fd_sc_hd__mux2_1)
                                                         _101_ (net)
                      0.035393    0.000001    0.411665 ^ _654_/D (sky130_fd_sc_hd__dfxtp_2)
                                              0.411665   data arrival time

                                  0.000000    0.000000   clock wclk (rise edge)
                                  0.000000    0.000000   clock source latency
   147    0.348395    0.000000    0.000000    0.000000 ^ wclk (in)
                                                         wclk (net)
                      0.013715    0.006857    0.006857 ^ _654_/CLK (sky130_fd_sc_hd__dfxtp_2)
                                  0.000000    0.006857   clock reconvergence pessimism
                                 -0.033311   -0.026454   library hold time
                                             -0.026454   data required time
---------------------------------------------------------------------------------------------
                                             -0.026454   data required time
                                             -0.411665   data arrival time
---------------------------------------------------------------------------------------------
                                              0.438118   slack (MET)


Startpoint: _652_ (rising edge-triggered flip-flop clocked by wclk)
Endpoint: _652_ (rising edge-triggered flip-flop clocked by wclk)
Path Group: wclk
Path Type: min

Fanout         Cap        Slew       Delay        Time   Description
---------------------------------------------------------------------------------------------
                                  0.000000    0.000000   clock wclk (rise edge)
                                  0.000000    0.000000   clock source latency
   147    0.348395    0.000000    0.000000    0.000000 ^ wclk (in)
                                                         wclk (net)
                      0.010519    0.005260    0.005260 ^ _652_/CLK (sky130_fd_sc_hd__dfxtp_2)
     2    0.004199    0.037085    0.297609    0.302869 ^ _652_/Q (sky130_fd_sc_hd__dfxtp_2)
                                                         bram.mem[3][3] (net)
                      0.037085    0.000002    0.302871 ^ _484_/A1 (sky130_fd_sc_hd__mux2_1)
     1    0.001845    0.035416    0.106859    0.409730 ^ _484_/X (sky130_fd_sc_hd__mux2_1)
                                                         _099_ (net)
                      0.035416    0.000001    0.409731 ^ _652_/D (sky130_fd_sc_hd__dfxtp_2)
                                              0.409731   data arrival time

                                  0.000000    0.000000   clock wclk (rise edge)
                                  0.000000    0.000000   clock source latency
   147    0.348395    0.000000    0.000000    0.000000 ^ wclk (in)
                                                         wclk (net)
                      0.010519    0.005260    0.005260 ^ _652_/CLK (sky130_fd_sc_hd__dfxtp_2)
                                  0.000000    0.005260   clock reconvergence pessimism
                                 -0.033736   -0.028476   library hold time
                                             -0.028476   data required time
---------------------------------------------------------------------------------------------
                                             -0.028476   data required time
                                             -0.409731   data arrival time
---------------------------------------------------------------------------------------------
                                              0.438208   slack (MET)


Startpoint: _687_ (rising edge-triggered flip-flop clocked by wclk)
Endpoint: _687_ (rising edge-triggered flip-flop clocked by wclk)
Path Group: wclk
Path Type: min

Fanout         Cap        Slew       Delay        Time   Description
---------------------------------------------------------------------------------------------
                                  0.000000    0.000000   clock wclk (rise edge)
                                  0.000000    0.000000   clock source latency
   147    0.348395    0.000000    0.000000    0.000000 ^ wclk (in)
                                                         wclk (net)
                      0.010037    0.005018    0.005018 ^ _687_/CLK (sky130_fd_sc_hd__dfxtp_2)
     2    0.004230    0.037219    0.297581    0.302599 ^ _687_/Q (sky130_fd_sc_hd__dfxtp_2)
                                                         bram.mem[15][5] (net)
                      0.037219    0.000003    0.302602 ^ _512_/A1 (sky130_fd_sc_hd__mux2_1)
     1    0.001844    0.035488    0.106897    0.409499 ^ _512_/X (sky130_fd_sc_hd__mux2_1)
                                                         _125_ (net)
                      0.035488    0.000001    0.409501 ^ _687_/D (sky130_fd_sc_hd__dfxtp_2)
                                              0.409501   data arrival time

                                  0.000000    0.000000   clock wclk (rise edge)
                                  0.000000    0.000000   clock source latency
   147    0.348395    0.000000    0.000000    0.000000 ^ wclk (in)
                                                         wclk (net)
                      0.010037    0.005018    0.005018 ^ _687_/CLK (sky130_fd_sc_hd__dfxtp_2)
                                  0.000000    0.005018   clock reconvergence pessimism
                                 -0.033814   -0.028796   library hold time
                                             -0.028796   data required time
---------------------------------------------------------------------------------------------
                                             -0.028796   data required time
                                             -0.409501   data arrival time
---------------------------------------------------------------------------------------------
                                              0.438297   slack (MET)


Startpoint: _678_ (rising edge-triggered flip-flop clocked by wclk)
Endpoint: _678_ (rising edge-triggered flip-flop clocked by wclk)
Path Group: wclk
Path Type: min

Fanout         Cap        Slew       Delay        Time   Description
---------------------------------------------------------------------------------------------
                                  0.000000    0.000000   clock wclk (rise edge)
                                  0.000000    0.000000   clock source latency
   147    0.348395    0.000000    0.000000    0.000000 ^ wclk (in)
                                                         wclk (net)
                      0.013608    0.006804    0.006804 ^ _678_/CLK (sky130_fd_sc_hd__dfxtp_2)
     2    0.004128    0.036775    0.298365    0.305169 ^ _678_/Q (sky130_fd_sc_hd__dfxtp_2)
                                                         bram.mem[1][4] (net)
                      0.036775    0.000004    0.305173 ^ _503_/A1 (sky130_fd_sc_hd__mux2_1)
     1    0.001830    0.035293    0.106627    0.411800 ^ _503_/X (sky130_fd_sc_hd__mux2_1)
                                                         _116_ (net)
                      0.035293    0.000001    0.411801 ^ _678_/D (sky130_fd_sc_hd__dfxtp_2)
                                              0.411801   data arrival time

                                  0.000000    0.000000   clock wclk (rise edge)
                                  0.000000    0.000000   clock source latency
   147    0.348395    0.000000    0.000000    0.000000 ^ wclk (in)
                                                         wclk (net)
                      0.013608    0.006804    0.006804 ^ _678_/CLK (sky130_fd_sc_hd__dfxtp_2)
                                  0.000000    0.006804   clock reconvergence pessimism
                                 -0.033304   -0.026500   library hold time
                                             -0.026500   data required time
---------------------------------------------------------------------------------------------
                                             -0.026500   data required time
                                             -0.411801   data arrival time
---------------------------------------------------------------------------------------------
                                              0.438302   slack (MET)


Startpoint: _529_ (rising edge-triggered flip-flop clocked by wclk)
Endpoint: _529_ (rising edge-triggered flip-flop clocked by wclk)
Path Group: wclk
Path Type: min

Fanout         Cap        Slew       Delay        Time   Description
---------------------------------------------------------------------------------------------
                                  0.000000    0.000000   clock wclk (rise edge)
                                  0.000000    0.000000   clock source latency
   147    0.348395    0.000000    0.000000    0.000000 ^ wclk (in)
                                                         wclk (net)
                      0.009645    0.004823    0.004823 ^ _529_/CLK (sky130_fd_sc_hd__dfxtp_2)
     2    0.004232    0.037227    0.297453    0.302275 ^ _529_/Q (sky130_fd_sc_hd__dfxtp_2)
                                                         bram.mem[9][5] (net)
                      0.037227    0.000003    0.302278 ^ _385_/A1 (sky130_fd_sc_hd__mux2_1)
     1    0.001861    0.035573    0.107035    0.409313 ^ _385_/X (sky130_fd_sc_hd__mux2_1)
                                                         _013_ (net)
                      0.035573    0.000002    0.409315 ^ _529_/D (sky130_fd_sc_hd__dfxtp_2)
                                              0.409315   data arrival time

                                  0.000000    0.000000   clock wclk (rise edge)
                                  0.000000    0.000000   clock source latency
   147    0.348395    0.000000    0.000000    0.000000 ^ wclk (in)
                                                         wclk (net)
                      0.009645    0.004823    0.004823 ^ _529_/CLK (sky130_fd_sc_hd__dfxtp_2)
                                  0.000000    0.004823   clock reconvergence pessimism
                                 -0.033883   -0.029061   library hold time
                                             -0.029061   data required time
---------------------------------------------------------------------------------------------
                                             -0.029061   data required time
                                             -0.409315   data arrival time
---------------------------------------------------------------------------------------------
                                              0.438375   slack (MET)


Startpoint: _604_ (rising edge-triggered flip-flop clocked by wclk)
Endpoint: _604_ (rising edge-triggered flip-flop clocked by wclk)
Path Group: wclk
Path Type: min

Fanout         Cap        Slew       Delay        Time   Description
---------------------------------------------------------------------------------------------
                                  0.000000    0.000000   clock wclk (rise edge)
                                  0.000000    0.000000   clock source latency
   147    0.348395    0.000000    0.000000    0.000000 ^ wclk (in)
                                                         wclk (net)
                      0.013105    0.006552    0.006552 ^ _604_/CLK (sky130_fd_sc_hd__dfxtp_2)
     2    0.004132    0.036793    0.298208    0.304760 ^ _604_/Q (sky130_fd_sc_hd__dfxtp_2)
                                                         bram.mem[7][4] (net)
                      0.036793    0.000002    0.304763 ^ _439_/A1 (sky130_fd_sc_hd__mux2_1)
     1    0.001847    0.035415    0.106776    0.411538 ^ _439_/X (sky130_fd_sc_hd__mux2_1)
                                                         _060_ (net)
                      0.035415    0.000001    0.411540 ^ _604_/D (sky130_fd_sc_hd__dfxtp_2)
                                              0.411540   data arrival time

                                  0.000000    0.000000   clock wclk (rise edge)
                                  0.000000    0.000000   clock source latency
   147    0.348395    0.000000    0.000000    0.000000 ^ wclk (in)
                                                         wclk (net)
                      0.013105    0.006552    0.006552 ^ _604_/CLK (sky130_fd_sc_hd__dfxtp_2)
                                  0.000000    0.006552   clock reconvergence pessimism
                                 -0.033396   -0.026843   library hold time
                                             -0.026843   data required time
---------------------------------------------------------------------------------------------
                                             -0.026843   data required time
                                             -0.411540   data arrival time
---------------------------------------------------------------------------------------------
                                              0.438383   slack (MET)


Startpoint: _679_ (rising edge-triggered flip-flop clocked by wclk)
Endpoint: _679_ (rising edge-triggered flip-flop clocked by wclk)
Path Group: wclk
Path Type: min

Fanout         Cap        Slew       Delay        Time   Description
---------------------------------------------------------------------------------------------
                                  0.000000    0.000000   clock wclk (rise edge)
                                  0.000000    0.000000   clock source latency
   147    0.348395    0.000000    0.000000    0.000000 ^ wclk (in)
                                                         wclk (net)
                      0.013750    0.006875    0.006875 ^ _679_/CLK (sky130_fd_sc_hd__dfxtp_2)
     2    0.004255    0.037336    0.298982    0.305858 ^ _679_/Q (sky130_fd_sc_hd__dfxtp_2)
                                                         bram.mem[1][5] (net)
                      0.037336    0.000006    0.305863 ^ _504_/A1 (sky130_fd_sc_hd__mux2_1)
     1    0.001757    0.034721    0.106241    0.412104 ^ _504_/X (sky130_fd_sc_hd__mux2_1)
                                                         _117_ (net)
                      0.034721    0.000000    0.412105 ^ _679_/D (sky130_fd_sc_hd__dfxtp_2)
                                              0.412105   data arrival time

                                  0.000000    0.000000   clock wclk (rise edge)
                                  0.000000    0.000000   clock source latency
   147    0.348395    0.000000    0.000000    0.000000 ^ wclk (in)
                                                         wclk (net)
                      0.013750    0.006875    0.006875 ^ _679_/CLK (sky130_fd_sc_hd__dfxtp_2)
                                  0.000000    0.006875   clock reconvergence pessimism
                                 -0.033167   -0.026292   library hold time
                                             -0.026292   data required time
---------------------------------------------------------------------------------------------
                                             -0.026292   data required time
                                             -0.412105   data arrival time
---------------------------------------------------------------------------------------------
                                              0.438396   slack (MET)


Startpoint: _584_ (rising edge-triggered flip-flop clocked by wclk)
Endpoint: _584_ (rising edge-triggered flip-flop clocked by wclk)
Path Group: wclk
Path Type: min

Fanout         Cap        Slew       Delay        Time   Description
---------------------------------------------------------------------------------------------
                                  0.000000    0.000000   clock wclk (rise edge)
                                  0.000000    0.000000   clock source latency
   147    0.348395    0.000000    0.000000    0.000000 ^ wclk (in)
                                                         wclk (net)
                      0.010220    0.005110    0.005110 ^ _584_/CLK (sky130_fd_sc_hd__dfxtp_2)
     2    0.004263    0.037368    0.297771    0.302881 ^ _584_/Q (sky130_fd_sc_hd__dfxtp_2)
                                                         bram.mem[11][0] (net)
                      0.037368    0.000003    0.302884 ^ _416_/A1 (sky130_fd_sc_hd__mux2_1)
     1    0.001840    0.035377    0.106915    0.409799 ^ _416_/X (sky130_fd_sc_hd__mux2_1)
                                                         _040_ (net)
                      0.035377    0.000001    0.409800 ^ _584_/D (sky130_fd_sc_hd__dfxtp_2)
                                              0.409800   data arrival time

                                  0.000000    0.000000   clock wclk (rise edge)
                                  0.000000    0.000000   clock source latency
   147    0.348395    0.000000    0.000000    0.000000 ^ wclk (in)
                                                         wclk (net)
                      0.010220    0.005110    0.005110 ^ _584_/CLK (sky130_fd_sc_hd__dfxtp_2)
                                  0.000000    0.005110   clock reconvergence pessimism
                                 -0.033767   -0.028657   library hold time
                                             -0.028657   data required time
---------------------------------------------------------------------------------------------
                                             -0.028657   data required time
                                             -0.409800   data arrival time
---------------------------------------------------------------------------------------------
                                              0.438458   slack (MET)


Startpoint: _684_ (rising edge-triggered flip-flop clocked by wclk)
Endpoint: _684_ (rising edge-triggered flip-flop clocked by wclk)
Path Group: wclk
Path Type: min

Fanout         Cap        Slew       Delay        Time   Description
---------------------------------------------------------------------------------------------
                                  0.000000    0.000000   clock wclk (rise edge)
                                  0.000000    0.000000   clock source latency
   147    0.348395    0.000000    0.000000    0.000000 ^ wclk (in)
                                                         wclk (net)
                      0.009527    0.004764    0.004764 ^ _684_/CLK (sky130_fd_sc_hd__dfxtp_2)
     2    0.004261    0.037362    0.297523    0.302287 ^ _684_/Q (sky130_fd_sc_hd__dfxtp_2)
                                                         bram.mem[15][2] (net)
                      0.037362    0.000002    0.302289 ^ _509_/A1 (sky130_fd_sc_hd__mux2_1)
     1    0.001863    0.035636    0.107097    0.409386 ^ _509_/X (sky130_fd_sc_hd__mux2_1)
                                                         _122_ (net)
                      0.035636    0.000002    0.409388 ^ _684_/D (sky130_fd_sc_hd__dfxtp_2)
                                              0.409388   data arrival time

                                  0.000000    0.000000   clock wclk (rise edge)
                                  0.000000    0.000000   clock source latency
   147    0.348395    0.000000    0.000000    0.000000 ^ wclk (in)
                                                         wclk (net)
                      0.009527    0.004764    0.004764 ^ _684_/CLK (sky130_fd_sc_hd__dfxtp_2)
                                  0.000000    0.004764   clock reconvergence pessimism
                                 -0.033912   -0.029148   library hold time
                                             -0.029148   data required time
---------------------------------------------------------------------------------------------
                                             -0.029148   data required time
                                             -0.409388   data arrival time
---------------------------------------------------------------------------------------------
                                              0.438536   slack (MET)


Startpoint: _651_ (rising edge-triggered flip-flop clocked by wclk)
Endpoint: _651_ (rising edge-triggered flip-flop clocked by wclk)
Path Group: wclk
Path Type: min

Fanout         Cap        Slew       Delay        Time   Description
---------------------------------------------------------------------------------------------
                                  0.000000    0.000000   clock wclk (rise edge)
                                  0.000000    0.000000   clock source latency
   147    0.348395    0.000000    0.000000    0.000000 ^ wclk (in)
                                                         wclk (net)
                      0.013304    0.006652    0.006652 ^ _651_/CLK (sky130_fd_sc_hd__dfxtp_2)
     2    0.004001    0.036217    0.297671    0.304322 ^ _651_/Q (sky130_fd_sc_hd__dfxtp_2)
                                                         bram.mem[3][2] (net)
                      0.036217    0.000001    0.304324 ^ _483_/A1 (sky130_fd_sc_hd__mux2_1)
     1    0.001945    0.036203    0.107356    0.411680 ^ _483_/X (sky130_fd_sc_hd__mux2_1)
                                                         _098_ (net)
                      0.036203    0.000002    0.411682 ^ _651_/D (sky130_fd_sc_hd__dfxtp_2)
                                              0.411682   data arrival time

                                  0.000000    0.000000   clock wclk (rise edge)
                                  0.000000    0.000000   clock source latency
   147    0.348395    0.000000    0.000000    0.000000 ^ wclk (in)
                                                         wclk (net)
                      0.013304    0.006652    0.006652 ^ _651_/CLK (sky130_fd_sc_hd__dfxtp_2)
                                  0.000000    0.006652   clock reconvergence pessimism
                                 -0.033534   -0.026882   library hold time
                                             -0.026882   data required time
---------------------------------------------------------------------------------------------
                                             -0.026882   data required time
                                             -0.411682   data arrival time
---------------------------------------------------------------------------------------------
                                              0.438564   slack (MET)


Startpoint: _586_ (rising edge-triggered flip-flop clocked by wclk)
Endpoint: _586_ (rising edge-triggered flip-flop clocked by wclk)
Path Group: wclk
Path Type: min

Fanout         Cap        Slew       Delay        Time   Description
---------------------------------------------------------------------------------------------
                                  0.000000    0.000000   clock wclk (rise edge)
                                  0.000000    0.000000   clock source latency
   147    0.348395    0.000000    0.000000    0.000000 ^ wclk (in)
                                                         wclk (net)
                      0.008607    0.004303    0.004303 ^ _586_/CLK (sky130_fd_sc_hd__dfxtp_2)
     2    0.004210    0.037133    0.296990    0.301293 ^ _586_/Q (sky130_fd_sc_hd__dfxtp_2)
                                                         bram.mem[11][2] (net)
                      0.037133    0.000000    0.301294 ^ _418_/A1 (sky130_fd_sc_hd__mux2_1)
     1    0.001922    0.036025    0.107491    0.408785 ^ _418_/X (sky130_fd_sc_hd__mux2_1)
                                                         _042_ (net)
                      0.036025    0.000002    0.408786 ^ _586_/D (sky130_fd_sc_hd__dfxtp_2)
                                              0.408786   data arrival time

                                  0.000000    0.000000   clock wclk (rise edge)
                                  0.000000    0.000000   clock source latency
   147    0.348395    0.000000    0.000000    0.000000 ^ wclk (in)
                                                         wclk (net)
                      0.008607    0.004303    0.004303 ^ _586_/CLK (sky130_fd_sc_hd__dfxtp_2)
                                  0.000000    0.004303   clock reconvergence pessimism
                                 -0.034114   -0.029811   library hold time
                                             -0.029811   data required time
---------------------------------------------------------------------------------------------
                                             -0.029811   data required time
                                             -0.408786   data arrival time
---------------------------------------------------------------------------------------------
                                              0.438597   slack (MET)


Startpoint: _653_ (rising edge-triggered flip-flop clocked by wclk)
Endpoint: _653_ (rising edge-triggered flip-flop clocked by wclk)
Path Group: wclk
Path Type: min

Fanout         Cap        Slew       Delay        Time   Description
---------------------------------------------------------------------------------------------
                                  0.000000    0.000000   clock wclk (rise edge)
                                  0.000000    0.000000   clock source latency
   147    0.348395    0.000000    0.000000    0.000000 ^ wclk (in)
                                                         wclk (net)
                      0.013543    0.006772    0.006772 ^ _653_/CLK (sky130_fd_sc_hd__dfxtp_2)
     2    0.004169    0.036955    0.298532    0.305304 ^ _653_/Q (sky130_fd_sc_hd__dfxtp_2)
                                                         bram.mem[3][4] (net)
                      0.036955    0.000003    0.305306 ^ _485_/A1 (sky130_fd_sc_hd__mux2_1)
     1    0.001842    0.035389    0.106786    0.412093 ^ _485_/X (sky130_fd_sc_hd__mux2_1)
                                                         _100_ (net)
                      0.035389    0.000001    0.412094 ^ _653_/D (sky130_fd_sc_hd__dfxtp_2)
                                              0.412094   data arrival time

                                  0.000000    0.000000   clock wclk (rise edge)
                                  0.000000    0.000000   clock source latency
   147    0.348395    0.000000    0.000000    0.000000 ^ wclk (in)
                                                         wclk (net)
                      0.013543    0.006772    0.006772 ^ _653_/CLK (sky130_fd_sc_hd__dfxtp_2)
                                  0.000000    0.006772   clock reconvergence pessimism
                                 -0.033333   -0.026561   library hold time
                                             -0.026561   data required time
---------------------------------------------------------------------------------------------
                                             -0.026561   data required time
                                             -0.412094   data arrival time
---------------------------------------------------------------------------------------------
                                              0.438655   slack (MET)


Startpoint: _606_ (rising edge-triggered flip-flop clocked by wclk)
Endpoint: _606_ (rising edge-triggered flip-flop clocked by wclk)
Path Group: wclk
Path Type: min

Fanout         Cap        Slew       Delay        Time   Description
---------------------------------------------------------------------------------------------
                                  0.000000    0.000000   clock wclk (rise edge)
                                  0.000000    0.000000   clock source latency
   147    0.348395    0.000000    0.000000    0.000000 ^ wclk (in)
                                                         wclk (net)
                      0.010751    0.005375    0.005375 ^ _606_/CLK (sky130_fd_sc_hd__dfxtp_2)
     2    0.004215    0.037154    0.297763    0.303138 ^ _606_/Q (sky130_fd_sc_hd__dfxtp_2)
                                                         bram.mem[7][6] (net)
                      0.037154    0.000000    0.303139 ^ _441_/A1 (sky130_fd_sc_hd__mux2_1)
     1    0.001914    0.035939    0.107431    0.410570 ^ _441_/X (sky130_fd_sc_hd__mux2_1)
                                                         _062_ (net)
                      0.035939    0.000002    0.410571 ^ _606_/D (sky130_fd_sc_hd__dfxtp_2)
                                              0.410571   data arrival time

                                  0.000000    0.000000   clock wclk (rise edge)
                                  0.000000    0.000000   clock source latency
   147    0.348395    0.000000    0.000000    0.000000 ^ wclk (in)
                                                         wclk (net)
                      0.010751    0.005375    0.005375 ^ _606_/CLK (sky130_fd_sc_hd__dfxtp_2)
                                  0.000000    0.005375   clock reconvergence pessimism
                                 -0.033814   -0.028439   library hold time
                                             -0.028439   data required time
---------------------------------------------------------------------------------------------
                                             -0.028439   data required time
                                             -0.410571   data arrival time
---------------------------------------------------------------------------------------------
                                              0.439010   slack (MET)


Startpoint: _676_ (rising edge-triggered flip-flop clocked by wclk)
Endpoint: _676_ (rising edge-triggered flip-flop clocked by wclk)
Path Group: wclk
Path Type: min

Fanout         Cap        Slew       Delay        Time   Description
---------------------------------------------------------------------------------------------
                                  0.000000    0.000000   clock wclk (rise edge)
                                  0.000000    0.000000   clock source latency
   147    0.348395    0.000000    0.000000    0.000000 ^ wclk (in)
                                                         wclk (net)
                      0.013379    0.006690    0.006690 ^ _676_/CLK (sky130_fd_sc_hd__dfxtp_2)
     2    0.004091    0.036610    0.298111    0.304801 ^ _676_/Q (sky130_fd_sc_hd__dfxtp_2)
                                                         bram.mem[1][2] (net)
                      0.036610    0.000002    0.304803 ^ _501_/A1 (sky130_fd_sc_hd__mux2_1)
     1    0.001935    0.036125    0.107412    0.412216 ^ _501_/X (sky130_fd_sc_hd__mux2_1)
                                                         _114_ (net)
                      0.036125    0.000002    0.412218 ^ _676_/D (sky130_fd_sc_hd__dfxtp_2)
                                              0.412218   data arrival time

                                  0.000000    0.000000   clock wclk (rise edge)
                                  0.000000    0.000000   clock source latency
   147    0.348395    0.000000    0.000000    0.000000 ^ wclk (in)
                                                         wclk (net)
                      0.013379    0.006690    0.006690 ^ _676_/CLK (sky130_fd_sc_hd__dfxtp_2)
                                  0.000000    0.006690   clock reconvergence pessimism
                                 -0.033507   -0.026818   library hold time
                                             -0.026818   data required time
---------------------------------------------------------------------------------------------
                                             -0.026818   data required time
                                             -0.412218   data arrival time
---------------------------------------------------------------------------------------------
                                              0.439035   slack (MET)


Startpoint: _607_ (rising edge-triggered flip-flop clocked by wclk)
Endpoint: _607_ (rising edge-triggered flip-flop clocked by wclk)
Path Group: wclk
Path Type: min

Fanout         Cap        Slew       Delay        Time   Description
---------------------------------------------------------------------------------------------
                                  0.000000    0.000000   clock wclk (rise edge)
                                  0.000000    0.000000   clock source latency
   147    0.348395    0.000000    0.000000    0.000000 ^ wclk (in)
                                                         wclk (net)
                      0.011745    0.005872    0.005872 ^ _607_/CLK (sky130_fd_sc_hd__dfxtp_2)
     2    0.004198    0.037079    0.298033    0.303906 ^ _607_/Q (sky130_fd_sc_hd__dfxtp_2)
                                                         bram.mem[7][7] (net)
                      0.037079    0.000002    0.303907 ^ _442_/A1 (sky130_fd_sc_hd__mux2_1)
     1    0.001908    0.035893    0.107359    0.411266 ^ _442_/X (sky130_fd_sc_hd__mux2_1)
                                                         _063_ (net)
                      0.035893    0.000002    0.411268 ^ _607_/D (sky130_fd_sc_hd__dfxtp_2)
                                              0.411268   data arrival time

                                  0.000000    0.000000   clock wclk (rise edge)
                                  0.000000    0.000000   clock source latency
   147    0.348395    0.000000    0.000000    0.000000 ^ wclk (in)
                                                         wclk (net)
                      0.011745    0.005872    0.005872 ^ _607_/CLK (sky130_fd_sc_hd__dfxtp_2)
                                  0.000000    0.005872   clock reconvergence pessimism
                                 -0.033674   -0.027802   library hold time
                                             -0.027802   data required time
---------------------------------------------------------------------------------------------
                                             -0.027802   data required time
                                             -0.411268   data arrival time
---------------------------------------------------------------------------------------------
                                              0.439070   slack (MET)


Startpoint: _589_ (rising edge-triggered flip-flop clocked by wclk)
Endpoint: _589_ (rising edge-triggered flip-flop clocked by wclk)
Path Group: wclk
Path Type: min

Fanout         Cap        Slew       Delay        Time   Description
---------------------------------------------------------------------------------------------
                                  0.000000    0.000000   clock wclk (rise edge)
                                  0.000000    0.000000   clock source latency
   147    0.348395    0.000000    0.000000    0.000000 ^ wclk (in)
                                                         wclk (net)
                      0.009628    0.004814    0.004814 ^ _589_/CLK (sky130_fd_sc_hd__dfxtp_2)
     2    0.004212    0.037140    0.297355    0.302169 ^ _589_/Q (sky130_fd_sc_hd__dfxtp_2)
                                                         bram.mem[11][5] (net)
                      0.037140    0.000002    0.302171 ^ _421_/A1 (sky130_fd_sc_hd__mux2_1)
     1    0.001958    0.036308    0.107779    0.409950 ^ _421_/X (sky130_fd_sc_hd__mux2_1)
                                                         _045_ (net)
                      0.036308    0.000002    0.409953 ^ _589_/D (sky130_fd_sc_hd__dfxtp_2)
                                              0.409953   data arrival time

                                  0.000000    0.000000   clock wclk (rise edge)
                                  0.000000    0.000000   clock source latency
   147    0.348395    0.000000    0.000000    0.000000 ^ wclk (in)
                                                         wclk (net)
                      0.009628    0.004814    0.004814 ^ _589_/CLK (sky130_fd_sc_hd__dfxtp_2)
                                  0.000000    0.004814   clock reconvergence pessimism
                                 -0.034038   -0.029224   library hold time
                                             -0.029224   data required time
---------------------------------------------------------------------------------------------
                                             -0.029224   data required time
                                             -0.409953   data arrival time
---------------------------------------------------------------------------------------------
                                              0.439177   slack (MET)


Startpoint: _524_ (rising edge-triggered flip-flop clocked by wclk)
Endpoint: _524_ (rising edge-triggered flip-flop clocked by wclk)
Path Group: wclk
Path Type: min

Fanout         Cap        Slew       Delay        Time   Description
---------------------------------------------------------------------------------------------
                                  0.000000    0.000000   clock wclk (rise edge)
                                  0.000000    0.000000   clock source latency
   147    0.348395    0.000000    0.000000    0.000000 ^ wclk (in)
                                                         wclk (net)
                      0.010237    0.005119    0.005119 ^ _524_/CLK (sky130_fd_sc_hd__dfxtp_2)
     2    0.004912    0.038942    0.300211    0.305330 ^ _524_/Q (sky130_fd_sc_hd__dfxtp_2)
                                                         bram.mem[9][0] (net)
                      0.038942    0.000006    0.305336 ^ _380_/A1 (sky130_fd_sc_hd__mux2_1)
     1    0.001900    0.035879    0.107936    0.413272 ^ _380_/X (sky130_fd_sc_hd__mux2_1)
                                                         _008_ (net)
                      0.035879    0.000002    0.413275 ^ _524_/D (sky130_fd_sc_hd__dfxtp_2)
                                              0.413275   data arrival time

                                  0.000000    0.000000   clock wclk (rise edge)
                                  0.000000    0.000000   clock source latency
   147    0.348395    0.000000    0.000000    0.000000 ^ wclk (in)
                                                         wclk (net)
                      0.010237    0.005119    0.005119 ^ _524_/CLK (sky130_fd_sc_hd__dfxtp_2)
                                  0.000000    0.005119   clock reconvergence pessimism
                                 -0.033869   -0.028751   library hold time
                                             -0.028751   data required time
---------------------------------------------------------------------------------------------
                                             -0.028751   data required time
                                             -0.413275   data arrival time
---------------------------------------------------------------------------------------------
                                              0.442025   slack (MET)


Startpoint: _661_ (rising edge-triggered flip-flop clocked by rclk)
Endpoint: _661_ (rising edge-triggered flip-flop clocked by rclk)
Path Group: rclk
Path Type: min

Fanout         Cap        Slew       Delay        Time   Description
---------------------------------------------------------------------------------------------
                                  0.000000    0.000000   clock rclk (rise edge)
                                  0.000000    0.000000   clock source latency
    27    0.069564    0.000000    0.000000    0.000000 ^ rclk (in)
                                                         rclk (net)
                      0.001662    0.000831    0.000831 ^ _661_/CLK (sky130_fd_sc_hd__dfrtp_2)
     5    0.032656    0.166360    0.428337    0.429168 ^ _661_/Q (sky130_fd_sc_hd__dfrtp_2)
                                                         r_ptr_bin[4] (net)
                      0.166360    0.000073    0.429241 ^ _327_/A (sky130_fd_sc_hd__xnor2_2)
     1    0.002001    0.026898    0.079853    0.509094 v _327_/Y (sky130_fd_sc_hd__xnor2_2)
                                                         u_rptr_handler.b_rptr_next[4] (net)
                      0.026898    0.000000    0.509095 v _661_/D (sky130_fd_sc_hd__dfrtp_2)
                                              0.509095   data arrival time

                                  0.000000    0.000000   clock rclk (rise edge)
                                  0.000000    0.000000   clock source latency
    27    0.069564    0.000000    0.000000    0.000000 ^ rclk (in)
                                                         rclk (net)
                      0.001662    0.000831    0.000831 ^ _661_/CLK (sky130_fd_sc_hd__dfrtp_2)
                                  0.000000    0.000831   clock reconvergence pessimism
                                 -0.044625   -0.043794   library hold time
                                             -0.043794   data required time
---------------------------------------------------------------------------------------------
                                             -0.043794   data required time
                                             -0.509095   data arrival time
---------------------------------------------------------------------------------------------
                                              0.552889   slack (MET)


Startpoint: _661_ (rising edge-triggered flip-flop clocked by rclk)
Endpoint: _665_ (rising edge-triggered flip-flop clocked by rclk)
Path Group: rclk
Path Type: min

Fanout         Cap        Slew       Delay        Time   Description
---------------------------------------------------------------------------------------------
                                  0.000000    0.000000   clock rclk (rise edge)
                                  0.000000    0.000000   clock source latency
    27    0.069564    0.000000    0.000000    0.000000 ^ rclk (in)
                                                         rclk (net)
                      0.001662    0.000831    0.000831 ^ _661_/CLK (sky130_fd_sc_hd__dfrtp_2)
     5    0.032656    0.166360    0.428337    0.429168 ^ _661_/Q (sky130_fd_sc_hd__dfrtp_2)
                                                         r_ptr_bin[4] (net)
                      0.166360    0.000082    0.429250 ^ _328_/A (sky130_fd_sc_hd__xnor2_2)
     1    0.002241    0.031132    0.080935    0.510185 v _328_/Y (sky130_fd_sc_hd__xnor2_2)
                                                         u_rptr_handler.g_rptr_next[3] (net)
                      0.031132    0.000004    0.510189 v _665_/D (sky130_fd_sc_hd__dfrtp_2)
                                              0.510189   data arrival time

                                  0.000000    0.000000   clock rclk (rise edge)
                                  0.000000    0.000000   clock source latency
    27    0.069564    0.000000    0.000000    0.000000 ^ rclk (in)
                                                         rclk (net)
                      0.001554    0.000777    0.000777 ^ _665_/CLK (sky130_fd_sc_hd__dfrtp_2)
                                  0.000000    0.000777   clock reconvergence pessimism
                                 -0.046375   -0.045597   library hold time
                                             -0.045597   data required time
---------------------------------------------------------------------------------------------
                                             -0.045597   data required time
                                             -0.510189   data arrival time
---------------------------------------------------------------------------------------------
                                              0.555786   slack (MET)


Startpoint: _628_ (rising edge-triggered flip-flop clocked by wclk)
Endpoint: _628_ (rising edge-triggered flip-flop clocked by wclk)
Path Group: wclk
Path Type: min

Fanout         Cap        Slew       Delay        Time   Description
---------------------------------------------------------------------------------------------
                                  0.000000    0.000000   clock wclk (rise edge)
                                  0.000000    0.000000   clock source latency
   147    0.348395    0.000000    0.000000    0.000000 ^ wclk (in)
                                                         wclk (net)
                      0.009824    0.004912    0.004912 ^ _628_/CLK (sky130_fd_sc_hd__dfrtp_2)
     4    0.035316    0.178013    0.440223    0.445135 ^ _628_/Q (sky130_fd_sc_hd__dfrtp_2)
                                                         sync_gwptr_to_rd.d1[4] (net)
                      0.178013    0.000075    0.445210 ^ _344_/A (sky130_fd_sc_hd__xnor2_2)
     1    0.002089    0.030511    0.081955    0.527165 v _344_/Y (sky130_fd_sc_hd__xnor2_2)
                                                         u_wrptr_handler.b_wptr_next[4] (net)
                      0.030511    0.000002    0.527166 v _628_/D (sky130_fd_sc_hd__dfrtp_2)
                                              0.527166   data arrival time

                                  0.000000    0.000000   clock wclk (rise edge)
                                  0.000000    0.000000   clock source latency
   147    0.348395    0.000000    0.000000    0.000000 ^ wclk (in)
                                                         wclk (net)
                      0.009824    0.004912    0.004912 ^ _628_/CLK (sky130_fd_sc_hd__dfrtp_2)
                                  0.000000    0.004912   clock reconvergence pessimism
                                 -0.044236   -0.039324   library hold time
                                             -0.039324   data required time
---------------------------------------------------------------------------------------------
                                             -0.039324   data required time
                                             -0.527166   data arrival time
---------------------------------------------------------------------------------------------
                                              0.566490   slack (MET)


Startpoint: _628_ (rising edge-triggered flip-flop clocked by wclk)
Endpoint: _632_ (rising edge-triggered flip-flop clocked by wclk)
Path Group: wclk
Path Type: min

Fanout         Cap        Slew       Delay        Time   Description
---------------------------------------------------------------------------------------------
                                  0.000000    0.000000   clock wclk (rise edge)
                                  0.000000    0.000000   clock source latency
   147    0.348395    0.000000    0.000000    0.000000 ^ wclk (in)
                                                         wclk (net)
                      0.009824    0.004912    0.004912 ^ _628_/CLK (sky130_fd_sc_hd__dfrtp_2)
     4    0.035316    0.178013    0.440223    0.445135 ^ _628_/Q (sky130_fd_sc_hd__dfrtp_2)
                                                         sync_gwptr_to_rd.d1[4] (net)
                      0.178013    0.000112    0.445247 ^ _345_/A (sky130_fd_sc_hd__xor2_2)
     1    0.002506    0.029214    0.085235    0.530482 v _345_/X (sky130_fd_sc_hd__xor2_2)
                                                         u_wrptr_handler.g_wptr_next[3] (net)
                      0.029214    0.000008    0.530490 v _632_/D (sky130_fd_sc_hd__dfrtp_2)
                                              0.530490   data arrival time

                                  0.000000    0.000000   clock wclk (rise edge)
                                  0.000000    0.000000   clock source latency
   147    0.348395    0.000000    0.000000    0.000000 ^ wclk (in)
                                                         wclk (net)
                      0.009944    0.004972    0.004972 ^ _632_/CLK (sky130_fd_sc_hd__dfrtp_2)
                                  0.000000    0.004972   clock reconvergence pessimism
                                 -0.043681   -0.038709   library hold time
                                             -0.038709   data required time
---------------------------------------------------------------------------------------------
                                             -0.038709   data required time
                                             -0.530490   data arrival time
---------------------------------------------------------------------------------------------
                                              0.569198   slack (MET)


Startpoint: _626_ (rising edge-triggered flip-flop clocked by wclk)
Endpoint: _626_ (rising edge-triggered flip-flop clocked by wclk)
Path Group: wclk
Path Type: min

Fanout         Cap        Slew       Delay        Time   Description
---------------------------------------------------------------------------------------------
                                  0.000000    0.000000   clock wclk (rise edge)
                                  0.000000    0.000000   clock source latency
   147    0.348395    0.000000    0.000000    0.000000 ^ wclk (in)
                                                         wclk (net)
                      0.010279    0.005140    0.005140 ^ _626_/CLK (sky130_fd_sc_hd__dfrtp_2)
    10    0.047409    0.230605    0.479652    0.484792 ^ _626_/Q (sky130_fd_sc_hd__dfrtp_2)
                                                         bram.waddr[2] (net)
                      0.230605    0.000148    0.484940 ^ _337_/A (sky130_fd_sc_hd__xor2_2)
     1    0.002032    0.028314    0.091596    0.576536 v _337_/X (sky130_fd_sc_hd__xor2_2)
                                                         u_wrptr_handler.b_wptr_next[2] (net)
                      0.028314    0.000000    0.576537 v _626_/D (sky130_fd_sc_hd__dfrtp_2)
                                              0.576537   data arrival time

                                  0.000000    0.000000   clock wclk (rise edge)
                                  0.000000    0.000000   clock source latency
   147    0.348395    0.000000    0.000000    0.000000 ^ wclk (in)
                                                         wclk (net)
                      0.010279    0.005140    0.005140 ^ _626_/CLK (sky130_fd_sc_hd__dfrtp_2)
                                  0.000000    0.005140   clock reconvergence pessimism
                                 -0.043237   -0.038098   library hold time
                                             -0.038098   data required time
---------------------------------------------------------------------------------------------
                                             -0.038098   data required time
                                             -0.576537   data arrival time
---------------------------------------------------------------------------------------------
                                              0.614634   slack (MET)


Startpoint: _626_ (rising edge-triggered flip-flop clocked by wclk)
Endpoint: _630_ (rising edge-triggered flip-flop clocked by wclk)
Path Group: wclk
Path Type: min

Fanout         Cap        Slew       Delay        Time   Description
---------------------------------------------------------------------------------------------
                                  0.000000    0.000000   clock wclk (rise edge)
                                  0.000000    0.000000   clock source latency
   147    0.348395    0.000000    0.000000    0.000000 ^ wclk (in)
                                                         wclk (net)
                      0.010279    0.005140    0.005140 ^ _626_/CLK (sky130_fd_sc_hd__dfrtp_2)
    10    0.047409    0.230605    0.479652    0.484792 ^ _626_/Q (sky130_fd_sc_hd__dfrtp_2)
                                                         bram.waddr[2] (net)
                      0.230605    0.000205    0.484997 ^ _338_/A (sky130_fd_sc_hd__xnor2_2)
     1    0.002439    0.031505    0.091450    0.576447 v _338_/Y (sky130_fd_sc_hd__xnor2_2)
                                                         u_wrptr_handler.g_wptr_next[1] (net)
                      0.031505    0.000007    0.576454 v _630_/D (sky130_fd_sc_hd__dfrtp_2)
                                              0.576454   data arrival time

                                  0.000000    0.000000   clock wclk (rise edge)
                                  0.000000    0.000000   clock source latency
   147    0.348395    0.000000    0.000000    0.000000 ^ wclk (in)
                                                         wclk (net)
                      0.010173    0.005087    0.005087 ^ _630_/CLK (sky130_fd_sc_hd__dfrtp_2)
                                  0.000000    0.005087   clock reconvergence pessimism
                                 -0.044561   -0.039475   library hold time
                                             -0.039475   data required time
---------------------------------------------------------------------------------------------
                                             -0.039475   data required time
                                             -0.576454   data arrival time
---------------------------------------------------------------------------------------------
                                              0.615928   slack (MET)


Startpoint: _627_ (rising edge-triggered flip-flop clocked by wclk)
Endpoint: _631_ (rising edge-triggered flip-flop clocked by wclk)
Path Group: wclk
Path Type: min

Fanout         Cap        Slew       Delay        Time   Description
---------------------------------------------------------------------------------------------
                                  0.000000    0.000000   clock wclk (rise edge)
                                  0.000000    0.000000   clock source latency
   147    0.348395    0.000000    0.000000    0.000000 ^ wclk (in)
                                                         wclk (net)
                      0.010126    0.005063    0.005063 ^ _627_/CLK (sky130_fd_sc_hd__dfrtp_2)
     4    0.015033    0.089382    0.370776    0.375840 ^ _627_/Q (sky130_fd_sc_hd__dfrtp_2)
                                                         bram.waddr[3] (net)
                      0.089382    0.000045    0.375884 ^ _254_/A (sky130_fd_sc_hd__inv_2)
     5    0.024903    0.063247    0.080172    0.456056 v _254_/Y (sky130_fd_sc_hd__inv_2)
                                                         _138_ (net)
                      0.063247    0.000081    0.456138 v _343_/A (sky130_fd_sc_hd__xnor2_2)
     1    0.002267    0.027187    0.128899    0.585037 v _343_/Y (sky130_fd_sc_hd__xnor2_2)
                                                         u_wrptr_handler.g_wptr_next[2] (net)
                      0.027187    0.000004    0.585041 v _631_/D (sky130_fd_sc_hd__dfrtp_2)
                                              0.585041   data arrival time

                                  0.000000    0.000000   clock wclk (rise edge)
                                  0.000000    0.000000   clock source latency
   147    0.348395    0.000000    0.000000    0.000000 ^ wclk (in)
                                                         wclk (net)
                      0.010170    0.005085    0.005085 ^ _631_/CLK (sky130_fd_sc_hd__dfrtp_2)
                                  0.000000    0.005085   clock reconvergence pessimism
                                 -0.042803   -0.037718   library hold time
                                             -0.037718   data required time
---------------------------------------------------------------------------------------------
                                             -0.037718   data required time
                                             -0.585041   data arrival time
---------------------------------------------------------------------------------------------
                                              0.622759   slack (MET)


Startpoint: _660_ (rising edge-triggered flip-flop clocked by rclk)
Endpoint: _664_ (rising edge-triggered flip-flop clocked by rclk)
Path Group: rclk
Path Type: min

Fanout         Cap        Slew       Delay        Time   Description
---------------------------------------------------------------------------------------------
                                  0.000000    0.000000   clock rclk (rise edge)
                                  0.000000    0.000000   clock source latency
    27    0.069564    0.000000    0.000000    0.000000 ^ rclk (in)
                                                         rclk (net)
                      0.001752    0.000876    0.000876 ^ _660_/CLK (sky130_fd_sc_hd__dfrtp_2)
    12    0.056226    0.270795    0.504866    0.505742 ^ _660_/Q (sky130_fd_sc_hd__dfrtp_2)
                                                         bram.raddr[3] (net)
                      0.270795    0.000345    0.506087 ^ _326_/A (sky130_fd_sc_hd__xnor2_2)
     1    0.002296    0.031810    0.096694    0.602781 v _326_/Y (sky130_fd_sc_hd__xnor2_2)
                                                         u_rptr_handler.g_rptr_next[2] (net)
                      0.031810    0.000004    0.602785 v _664_/D (sky130_fd_sc_hd__dfrtp_2)
                                              0.602785   data arrival time

                                  0.000000    0.000000   clock rclk (rise edge)
                                  0.000000    0.000000   clock source latency
    27    0.069564    0.000000    0.000000    0.000000 ^ rclk (in)
                                                         rclk (net)
                      0.001447    0.000723    0.000723 ^ _664_/CLK (sky130_fd_sc_hd__dfrtp_2)
                                  0.000000    0.000723   clock reconvergence pessimism
                                 -0.046675   -0.045952   library hold time
                                             -0.045952   data required time
---------------------------------------------------------------------------------------------
                                             -0.045952   data required time
                                             -0.602785   data arrival time
---------------------------------------------------------------------------------------------
                                              0.648737   slack (MET)


Startpoint: _627_ (rising edge-triggered flip-flop clocked by wclk)
Endpoint: _627_ (rising edge-triggered flip-flop clocked by wclk)
Path Group: wclk
Path Type: min

Fanout         Cap        Slew       Delay        Time   Description
---------------------------------------------------------------------------------------------
                                  0.000000    0.000000   clock wclk (rise edge)
                                  0.000000    0.000000   clock source latency
   147    0.348395    0.000000    0.000000    0.000000 ^ wclk (in)
                                                         wclk (net)
                      0.010126    0.005063    0.005063 ^ _627_/CLK (sky130_fd_sc_hd__dfrtp_2)
     4    0.015033    0.089382    0.370776    0.375840 ^ _627_/Q (sky130_fd_sc_hd__dfrtp_2)
                                                         bram.waddr[3] (net)
                      0.089382    0.000029    0.375869 ^ _341_/B1 (sky130_fd_sc_hd__a41o_2)
     2    0.010734    0.064355    0.132205    0.508073 ^ _341_/X (sky130_fd_sc_hd__a41o_2)
                                                         _205_ (net)
                      0.064355    0.000015    0.508088 ^ _342_/B (sky130_fd_sc_hd__and2_2)
     1    0.002212    0.034868    0.130347    0.638435 ^ _342_/X (sky130_fd_sc_hd__and2_2)
                                                         u_wrptr_handler.b_wptr_next[3] (net)
                      0.034868    0.000003    0.638438 ^ _627_/D (sky130_fd_sc_hd__dfrtp_2)
                                              0.638438   data arrival time

                                  0.000000    0.000000   clock wclk (rise edge)
                                  0.000000    0.000000   clock source latency
   147    0.348395    0.000000    0.000000    0.000000 ^ wclk (in)
                                                         wclk (net)
                      0.010126    0.005063    0.005063 ^ _627_/CLK (sky130_fd_sc_hd__dfrtp_2)
                                  0.000000    0.005063   clock reconvergence pessimism
                                 -0.037335   -0.032272   library hold time
                                             -0.032272   data required time
---------------------------------------------------------------------------------------------
                                             -0.032272   data required time
                                             -0.638438   data arrival time
---------------------------------------------------------------------------------------------
                                              0.670709   slack (MET)


Startpoint: _625_ (rising edge-triggered flip-flop clocked by wclk)
Endpoint: _629_ (rising edge-triggered flip-flop clocked by wclk)
Path Group: wclk
Path Type: min

Fanout         Cap        Slew       Delay        Time   Description
---------------------------------------------------------------------------------------------
                                  0.000000    0.000000   clock wclk (rise edge)
                                  0.000000    0.000000   clock source latency
   147    0.348395    0.000000    0.000000    0.000000 ^ wclk (in)
                                                         wclk (net)
                      0.010269    0.005135    0.005135 ^ _625_/CLK (sky130_fd_sc_hd__dfrtp_2)
    23    0.071568    0.340460    0.557155    0.562290 ^ _625_/Q (sky130_fd_sc_hd__dfrtp_2)
                                                         bram.waddr[1] (net)
                      0.340460    0.000543    0.562833 ^ _335_/A (sky130_fd_sc_hd__xnor2_2)
     1    0.002503    0.032652    0.103386    0.666218 v _335_/Y (sky130_fd_sc_hd__xnor2_2)
                                                         u_wrptr_handler.g_wptr_next[0] (net)
                      0.032652    0.000008    0.666226 v _629_/D (sky130_fd_sc_hd__dfrtp_2)
                                              0.666226   data arrival time

                                  0.000000    0.000000   clock wclk (rise edge)
                                  0.000000    0.000000   clock source latency
   147    0.348395    0.000000    0.000000    0.000000 ^ wclk (in)
                                                         wclk (net)
                      0.009952    0.004976    0.004976 ^ _629_/CLK (sky130_fd_sc_hd__dfrtp_2)
                                  0.000000    0.004976   clock reconvergence pessimism
                                 -0.045079   -0.040103   library hold time
                                             -0.040103   data required time
---------------------------------------------------------------------------------------------
                                             -0.040103   data required time
                                             -0.666226   data arrival time
---------------------------------------------------------------------------------------------
                                              0.706329   slack (MET)


Startpoint: _659_ (rising edge-triggered flip-flop clocked by rclk)
Endpoint: _663_ (rising edge-triggered flip-flop clocked by rclk)
Path Group: rclk
Path Type: min

Fanout         Cap        Slew       Delay        Time   Description
---------------------------------------------------------------------------------------------
                                  0.000000    0.000000   clock rclk (rise edge)
                                  0.000000    0.000000   clock source latency
    27    0.069564    0.000000    0.000000    0.000000 ^ rclk (in)
                                                         rclk (net)
                      0.001841    0.000921    0.000921 ^ _659_/CLK (sky130_fd_sc_hd__dfrtp_2)
    20    0.090948    0.428755    0.616080    0.617000 ^ _659_/Q (sky130_fd_sc_hd__dfrtp_2)
                                                         bram.raddr[2] (net)
                      0.428755    0.000339    0.617339 ^ _322_/A (sky130_fd_sc_hd__xnor2_2)
     1    0.002240    0.032842    0.107453    0.724791 v _322_/Y (sky130_fd_sc_hd__xnor2_2)
                                                         u_rptr_handler.g_rptr_next[1] (net)
                      0.032842    0.000003    0.724795 v _663_/D (sky130_fd_sc_hd__dfrtp_2)
                                              0.724795   data arrival time

                                  0.000000    0.000000   clock rclk (rise edge)
                                  0.000000    0.000000   clock source latency
    27    0.069564    0.000000    0.000000    0.000000 ^ rclk (in)
                                                         rclk (net)
                      0.001454    0.000727    0.000727 ^ _663_/CLK (sky130_fd_sc_hd__dfrtp_2)
                                  0.000000    0.000727   clock reconvergence pessimism
                                 -0.047094   -0.046367   library hold time
                                             -0.046367   data required time
---------------------------------------------------------------------------------------------
                                             -0.046367   data required time
                                             -0.724795   data arrival time
---------------------------------------------------------------------------------------------
                                              0.771162   slack (MET)


Startpoint: _624_ (rising edge-triggered flip-flop clocked by wclk)
Endpoint: _624_ (rising edge-triggered flip-flop clocked by wclk)
Path Group: wclk
Path Type: min

Fanout         Cap        Slew       Delay        Time   Description
---------------------------------------------------------------------------------------------
                                  0.000000    0.000000   clock wclk (rise edge)
                                  0.000000    0.000000   clock source latency
   147    0.348395    0.000000    0.000000    0.000000 ^ wclk (in)
                                                         wclk (net)
                      0.010338    0.005169    0.005169 ^ _624_/CLK (sky130_fd_sc_hd__dfrtp_2)
    23    0.091684    0.432044    0.621543    0.626713 ^ _624_/Q (sky130_fd_sc_hd__dfrtp_2)
                                                         bram.waddr[0] (net)
                      0.432044    0.000365    0.627078 ^ _331_/A (sky130_fd_sc_hd__xor2_2)
     1    0.002095    0.029444    0.111010    0.738088 v _331_/X (sky130_fd_sc_hd__xor2_2)
                                                         u_wrptr_handler.b_wptr_next[0] (net)
                      0.029444    0.000002    0.738090 v _624_/D (sky130_fd_sc_hd__dfrtp_2)
                                              0.738090   data arrival time

                                  0.000000    0.000000   clock wclk (rise edge)
                                  0.000000    0.000000   clock source latency
   147    0.348395    0.000000    0.000000    0.000000 ^ wclk (in)
                                                         wclk (net)
                      0.010338    0.005169    0.005169 ^ _624_/CLK (sky130_fd_sc_hd__dfrtp_2)
                                  0.000000    0.005169   clock reconvergence pessimism
                                 -0.043684   -0.038515   library hold time
                                             -0.038515   data required time
---------------------------------------------------------------------------------------------
                                             -0.038515   data required time
                                             -0.738090   data arrival time
---------------------------------------------------------------------------------------------
                                              0.776605   slack (MET)


Startpoint: _625_ (rising edge-triggered flip-flop clocked by wclk)
Endpoint: _625_ (rising edge-triggered flip-flop clocked by wclk)
Path Group: wclk
Path Type: min

Fanout         Cap        Slew       Delay        Time   Description
---------------------------------------------------------------------------------------------
                                  0.000000    0.000000   clock wclk (rise edge)
                                  0.000000    0.000000   clock source latency
   147    0.348395    0.000000    0.000000    0.000000 ^ wclk (in)
                                                         wclk (net)
                      0.010269    0.005135    0.005135 ^ _625_/CLK (sky130_fd_sc_hd__dfrtp_2)
    23    0.071568    0.340460    0.557155    0.562290 ^ _625_/Q (sky130_fd_sc_hd__dfrtp_2)
                                                         bram.waddr[1] (net)
                      0.340460    0.000231    0.562521 ^ _333_/B1 (sky130_fd_sc_hd__a21oi_2)
     2    0.012727    0.096511    0.096226    0.658747 v _333_/Y (sky130_fd_sc_hd__a21oi_2)
                                                         _201_ (net)
                      0.096511    0.000003    0.658750 v _334_/B (sky130_fd_sc_hd__nor2_2)
     1    0.002205    0.056350    0.084805    0.743555 ^ _334_/Y (sky130_fd_sc_hd__nor2_2)
                                                         u_wrptr_handler.b_wptr_next[1] (net)
                      0.056350    0.000003    0.743557 ^ _625_/D (sky130_fd_sc_hd__dfrtp_2)
                                              0.743557   data arrival time

                                  0.000000    0.000000   clock wclk (rise edge)
                                  0.000000    0.000000   clock source latency
   147    0.348395    0.000000    0.000000    0.000000 ^ wclk (in)
                                                         wclk (net)
                      0.010269    0.005135    0.005135 ^ _625_/CLK (sky130_fd_sc_hd__dfrtp_2)
                                  0.000000    0.005135   clock reconvergence pessimism
                                 -0.041784   -0.036649   library hold time
                                             -0.036649   data required time
---------------------------------------------------------------------------------------------
                                             -0.036649   data required time
                                             -0.743557   data arrival time
---------------------------------------------------------------------------------------------
                                              0.780206   slack (MET)


Startpoint: _660_ (rising edge-triggered flip-flop clocked by rclk)
Endpoint: _660_ (rising edge-triggered flip-flop clocked by rclk)
Path Group: rclk
Path Type: min

Fanout         Cap        Slew       Delay        Time   Description
---------------------------------------------------------------------------------------------
                                  0.000000    0.000000   clock rclk (rise edge)
                                  0.000000    0.000000   clock source latency
    27    0.069564    0.000000    0.000000    0.000000 ^ rclk (in)
                                                         rclk (net)
                      0.001752    0.000876    0.000876 ^ _660_/CLK (sky130_fd_sc_hd__dfrtp_2)
    12    0.053152    0.148002    0.489980    0.490855 v _660_/Q (sky130_fd_sc_hd__dfrtp_2)
                                                         bram.raddr[3] (net)
                      0.148002    0.000149    0.491005 v _324_/A (sky130_fd_sc_hd__nand2_2)
     2    0.010452    0.073797    0.118750    0.609755 ^ _324_/Y (sky130_fd_sc_hd__nand2_2)
                                                         _197_ (net)
                      0.073797    0.000009    0.609764 ^ _325_/B (sky130_fd_sc_hd__and2b_2)
     1    0.002342    0.033380    0.134108    0.743872 ^ _325_/X (sky130_fd_sc_hd__and2b_2)
                                                         u_rptr_handler.b_rptr_next[3] (net)
                      0.033380    0.000003    0.743875 ^ _660_/D (sky130_fd_sc_hd__dfrtp_2)
                                              0.743875   data arrival time

                                  0.000000    0.000000   clock rclk (rise edge)
                                  0.000000    0.000000   clock source latency
    27    0.069564    0.000000    0.000000    0.000000 ^ rclk (in)
                                                         rclk (net)
                      0.001752    0.000876    0.000876 ^ _660_/CLK (sky130_fd_sc_hd__dfrtp_2)
                                  0.000000    0.000876   clock reconvergence pessimism
                                 -0.038167   -0.037292   library hold time
                                             -0.037292   data required time
---------------------------------------------------------------------------------------------
                                             -0.037292   data required time
                                             -0.743875   data arrival time
---------------------------------------------------------------------------------------------
                                              0.781167   slack (MET)


Startpoint: _535_ (rising edge-triggered flip-flop clocked by rclk)
Endpoint: _657_ (rising edge-triggered flip-flop clocked by rclk)
Path Group: rclk
Path Type: min

Fanout         Cap        Slew       Delay        Time   Description
---------------------------------------------------------------------------------------------
                                  0.000000    0.000000   clock rclk (rise edge)
                                  0.000000    0.000000   clock source latency
    27    0.069564    0.000000    0.000000    0.000000 ^ rclk (in)
                                                         rclk (net)
                      0.000907    0.000454    0.000454 ^ _535_/CLK (sky130_fd_sc_hd__dfrtp_2)
     2    0.004391    0.046953    0.323863    0.324317 ^ _535_/Q (sky130_fd_sc_hd__dfrtp_2)
                                                         sync_gwptr_to_rd.q2[3] (net)
                      0.046953    0.000003    0.324319 ^ _307_/B1 (sky130_fd_sc_hd__a221o_2)
     2    0.007494    0.052462    0.148349    0.472668 ^ _307_/X (sky130_fd_sc_hd__a221o_2)
                                                         _186_ (net)
                      0.052462    0.000012    0.472680 ^ _311_/A1 (sky130_fd_sc_hd__o31a_2)
     4    0.016113    0.096813    0.187020    0.659700 ^ _311_/X (sky130_fd_sc_hd__o31a_2)
                                                         _189_ (net)
                      0.096813    0.000151    0.659851 ^ _313_/B (sky130_fd_sc_hd__nor2_2)
     2    0.012370    0.044079    0.062431    0.722282 v _313_/Y (sky130_fd_sc_hd__nor2_2)
                                                         _191_ (net)
                      0.044079    0.000006    0.722287 v _314_/B (sky130_fd_sc_hd__nor2_2)
     1    0.002211    0.055500    0.064235    0.786522 ^ _314_/Y (sky130_fd_sc_hd__nor2_2)
                                                         u_rptr_handler.b_rptr_next[0] (net)
                      0.055500    0.000002    0.786524 ^ _657_/D (sky130_fd_sc_hd__dfrtp_2)
                                              0.786524   data arrival time

                                  0.000000    0.000000   clock rclk (rise edge)
                                  0.000000    0.000000   clock source latency
    27    0.069564    0.000000    0.000000    0.000000 ^ rclk (in)
                                                         rclk (net)
                      0.001011    0.000505    0.000505 ^ _657_/CLK (sky130_fd_sc_hd__dfrtp_2)
                                  0.000000    0.000505   clock reconvergence pessimism
                                 -0.042875   -0.042369   library hold time
                                             -0.042369   data required time
---------------------------------------------------------------------------------------------
                                             -0.042369   data required time
                                             -0.786524   data arrival time
---------------------------------------------------------------------------------------------
                                              0.828893   slack (MET)


Startpoint: _660_ (rising edge-triggered flip-flop clocked by rclk)
Endpoint: _547_ (rising edge-triggered flip-flop clocked by rclk)
Path Group: rclk
Path Type: min

Fanout         Cap        Slew       Delay        Time   Description
---------------------------------------------------------------------------------------------
                                  0.000000    0.000000   clock rclk (rise edge)
                                  0.000000    0.000000   clock source latency
    27    0.069564    0.000000    0.000000    0.000000 ^ rclk (in)
                                                         rclk (net)
                      0.001752    0.000876    0.000876 ^ _660_/CLK (sky130_fd_sc_hd__dfrtp_2)
    12    0.056226    0.270795    0.504866    0.505742 ^ _660_/Q (sky130_fd_sc_hd__dfrtp_2)
                                                         bram.raddr[3] (net)
                      0.270795    0.000941    0.506683 ^ _270_/B1 (sky130_fd_sc_hd__o21a_2)
     1    0.002971    0.031201    0.180581    0.687264 ^ _270_/X (sky130_fd_sc_hd__o21a_2)
                                                         _153_ (net)
                      0.031201    0.000007    0.687271 ^ _274_/A2 (sky130_fd_sc_hd__a22o_2)
     1    0.001911    0.029450    0.122672    0.809943 ^ _274_/X (sky130_fd_sc_hd__a22o_2)
                                                         _005_ (net)
                      0.029450    0.000002    0.809945 ^ _547_/D (sky130_fd_sc_hd__dfxtp_2)
                                              0.809945   data arrival time

                                  0.000000    0.000000   clock rclk (rise edge)
                                  0.000000    0.000000   clock source latency
    27    0.069564    0.000000    0.000000    0.000000 ^ rclk (in)
                                                         rclk (net)
                      0.001016    0.000508    0.000508 ^ _547_/CLK (sky130_fd_sc_hd__dfxtp_2)
                                  0.000000    0.000508   clock reconvergence pessimism
                                 -0.033743   -0.033234   library hold time
                                             -0.033234   data required time
---------------------------------------------------------------------------------------------
                                             -0.033234   data required time
                                             -0.809945   data arrival time
---------------------------------------------------------------------------------------------
                                              0.843180   slack (MET)


Startpoint: _660_ (rising edge-triggered flip-flop clocked by rclk)
Endpoint: _543_ (rising edge-triggered flip-flop clocked by rclk)
Path Group: rclk
Path Type: min

Fanout         Cap        Slew       Delay        Time   Description
---------------------------------------------------------------------------------------------
                                  0.000000    0.000000   clock rclk (rise edge)
                                  0.000000    0.000000   clock source latency
    27    0.069564    0.000000    0.000000    0.000000 ^ rclk (in)
                                                         rclk (net)
                      0.001752    0.000876    0.000876 ^ _660_/CLK (sky130_fd_sc_hd__dfrtp_2)
    12    0.056226    0.270795    0.504866    0.505742 ^ _660_/Q (sky130_fd_sc_hd__dfrtp_2)
                                                         bram.raddr[3] (net)
                      0.270795    0.000505    0.506247 ^ _357_/B1 (sky130_fd_sc_hd__o21a_2)
     1    0.002807    0.030418    0.179710    0.685957 ^ _357_/X (sky130_fd_sc_hd__o21a_2)
                                                         _216_ (net)
                      0.030418    0.000005    0.685962 ^ _361_/A2 (sky130_fd_sc_hd__a22o_2)
     1    0.002660    0.032162    0.126150    0.812112 ^ _361_/X (sky130_fd_sc_hd__a22o_2)
                                                         _001_ (net)
                      0.032162    0.000014    0.812126 ^ _543_/D (sky130_fd_sc_hd__dfxtp_2)
                                              0.812126   data arrival time

                                  0.000000    0.000000   clock rclk (rise edge)
                                  0.000000    0.000000   clock source latency
    27    0.069564    0.000000    0.000000    0.000000 ^ rclk (in)
                                                         rclk (net)
                      0.001920    0.000960    0.000960 ^ _543_/CLK (sky130_fd_sc_hd__dfxtp_2)
                                  0.000000    0.000960   clock reconvergence pessimism
                                 -0.034188   -0.033229   library hold time
                                             -0.033229   data required time
---------------------------------------------------------------------------------------------
                                             -0.033229   data required time
                                             -0.812126   data arrival time
---------------------------------------------------------------------------------------------
                                              0.845355   slack (MET)


Startpoint: _659_ (rising edge-triggered flip-flop clocked by rclk)
Endpoint: _659_ (rising edge-triggered flip-flop clocked by rclk)
Path Group: rclk
Path Type: min

Fanout         Cap        Slew       Delay        Time   Description
---------------------------------------------------------------------------------------------
                                  0.000000    0.000000   clock rclk (rise edge)
                                  0.000000    0.000000   clock source latency
    27    0.069564    0.000000    0.000000    0.000000 ^ rclk (in)
                                                         rclk (net)
                      0.001841    0.000921    0.000921 ^ _659_/CLK (sky130_fd_sc_hd__dfrtp_2)
    20    0.090948    0.428755    0.616080    0.617000 ^ _659_/Q (sky130_fd_sc_hd__dfrtp_2)
                                                         bram.raddr[2] (net)
                      0.428755    0.000310    0.617310 ^ _320_/A (sky130_fd_sc_hd__nor2_2)
     2    0.012847    0.041059    0.120708    0.738018 v _320_/Y (sky130_fd_sc_hd__nor2_2)
                                                         _195_ (net)
                      0.041059    0.000009    0.738026 v _321_/B (sky130_fd_sc_hd__nor2_2)
     1    0.002517    0.058695    0.065519    0.803546 ^ _321_/Y (sky130_fd_sc_hd__nor2_2)
                                                         u_rptr_handler.b_rptr_next[2] (net)
                      0.058695    0.000006    0.803551 ^ _659_/D (sky130_fd_sc_hd__dfrtp_2)
                                              0.803551   data arrival time

                                  0.000000    0.000000   clock rclk (rise edge)
                                  0.000000    0.000000   clock source latency
    27    0.069564    0.000000    0.000000    0.000000 ^ rclk (in)
                                                         rclk (net)
                      0.001841    0.000921    0.000921 ^ _659_/CLK (sky130_fd_sc_hd__dfrtp_2)
                                  0.000000    0.000921   clock reconvergence pessimism
                                 -0.043426   -0.042505   library hold time
                                             -0.042505   data required time
---------------------------------------------------------------------------------------------
                                             -0.042505   data required time
                                             -0.803551   data arrival time
---------------------------------------------------------------------------------------------
                                              0.846057   slack (MET)


Startpoint: _660_ (rising edge-triggered flip-flop clocked by rclk)
Endpoint: _545_ (rising edge-triggered flip-flop clocked by rclk)
Path Group: rclk
Path Type: min

Fanout         Cap        Slew       Delay        Time   Description
---------------------------------------------------------------------------------------------
                                  0.000000    0.000000   clock rclk (rise edge)
                                  0.000000    0.000000   clock source latency
    27    0.069564    0.000000    0.000000    0.000000 ^ rclk (in)
                                                         rclk (net)
                      0.001752    0.000876    0.000876 ^ _660_/CLK (sky130_fd_sc_hd__dfrtp_2)
    12    0.056226    0.270795    0.504866    0.505742 ^ _660_/Q (sky130_fd_sc_hd__dfrtp_2)
                                                         bram.raddr[3] (net)
                      0.270795    0.000791    0.506533 ^ _373_/B1 (sky130_fd_sc_hd__o21a_2)
     1    0.002816    0.030462    0.179759    0.686292 ^ _373_/X (sky130_fd_sc_hd__o21a_2)
                                                         _230_ (net)
                      0.030462    0.000005    0.686298 ^ _377_/A2 (sky130_fd_sc_hd__a22o_2)
     1    0.002739    0.032503    0.126558    0.812855 ^ _377_/X (sky130_fd_sc_hd__a22o_2)
                                                         _003_ (net)
                      0.032503    0.000015    0.812870 ^ _545_/D (sky130_fd_sc_hd__dfxtp_2)
                                              0.812870   data arrival time

                                  0.000000    0.000000   clock rclk (rise edge)
                                  0.000000    0.000000   clock source latency
    27    0.069564    0.000000    0.000000    0.000000 ^ rclk (in)
                                                         rclk (net)
                      0.002002    0.001001    0.001001 ^ _545_/CLK (sky130_fd_sc_hd__dfxtp_2)
                                  0.000000    0.001001   clock reconvergence pessimism
                                 -0.034249   -0.033248   library hold time
                                             -0.033248   data required time
---------------------------------------------------------------------------------------------
                                             -0.033248   data required time
                                             -0.812870   data arrival time
---------------------------------------------------------------------------------------------
                                              0.846118   slack (MET)


Startpoint: _660_ (rising edge-triggered flip-flop clocked by rclk)
Endpoint: _546_ (rising edge-triggered flip-flop clocked by rclk)
Path Group: rclk
Path Type: min

Fanout         Cap        Slew       Delay        Time   Description
---------------------------------------------------------------------------------------------
                                  0.000000    0.000000   clock rclk (rise edge)
                                  0.000000    0.000000   clock source latency
    27    0.069564    0.000000    0.000000    0.000000 ^ rclk (in)
                                                         rclk (net)
                      0.001752    0.000876    0.000876 ^ _660_/CLK (sky130_fd_sc_hd__dfrtp_2)
    12    0.056226    0.270795    0.504866    0.505742 ^ _660_/Q (sky130_fd_sc_hd__dfrtp_2)
                                                         bram.raddr[3] (net)
                      0.270795    0.000913    0.506655 ^ _262_/B1 (sky130_fd_sc_hd__o21a_2)
     1    0.002876    0.030801    0.180075    0.686730 ^ _262_/X (sky130_fd_sc_hd__o21a_2)
                                                         _146_ (net)
                      0.030801    0.000005    0.686734 ^ _266_/A2 (sky130_fd_sc_hd__a22o_2)
     1    0.004157    0.039090    0.133701    0.820435 ^ _266_/X (sky130_fd_sc_hd__a22o_2)
                                                         _004_ (net)
                      0.039090    0.000047    0.820483 ^ _546_/D (sky130_fd_sc_hd__dfxtp_2)
                                              0.820483   data arrival time

                                  0.000000    0.000000   clock rclk (rise edge)
                                  0.000000    0.000000   clock source latency
    27    0.069564    0.000000    0.000000    0.000000 ^ rclk (in)
                                                         rclk (net)
                      0.002008    0.001004    0.001004 ^ _546_/CLK (sky130_fd_sc_hd__dfxtp_2)
                                  0.000000    0.001004   clock reconvergence pessimism
                                 -0.035619   -0.034616   library hold time
                                             -0.034616   data required time
---------------------------------------------------------------------------------------------
                                             -0.034616   data required time
                                             -0.820483   data arrival time
---------------------------------------------------------------------------------------------
                                              0.855098   slack (MET)


Startpoint: _660_ (rising edge-triggered flip-flop clocked by rclk)
Endpoint: _549_ (rising edge-triggered flip-flop clocked by rclk)
Path Group: rclk
Path Type: min

Fanout         Cap        Slew       Delay        Time   Description
---------------------------------------------------------------------------------------------
                                  0.000000    0.000000   clock rclk (rise edge)
                                  0.000000    0.000000   clock source latency
    27    0.069564    0.000000    0.000000    0.000000 ^ rclk (in)
                                                         rclk (net)
                      0.001752    0.000876    0.000876 ^ _660_/CLK (sky130_fd_sc_hd__dfrtp_2)
    12    0.056226    0.270795    0.504866    0.505742 ^ _660_/Q (sky130_fd_sc_hd__dfrtp_2)
                                                         bram.raddr[3] (net)
                      0.270795    0.000931    0.506673 ^ _286_/B1 (sky130_fd_sc_hd__o21a_2)
     1    0.002808    0.030426    0.179717    0.686390 ^ _286_/X (sky130_fd_sc_hd__o21a_2)
                                                         _167_ (net)
                      0.030426    0.000005    0.686395 ^ _290_/A2 (sky130_fd_sc_hd__a22o_2)
     1    0.004754    0.041652    0.136021    0.822416 ^ _290_/X (sky130_fd_sc_hd__a22o_2)
                                                         _007_ (net)
                      0.041652    0.000052    0.822468 ^ _549_/D (sky130_fd_sc_hd__dfxtp_2)
                                              0.822468   data arrival time

                                  0.000000    0.000000   clock rclk (rise edge)
                                  0.000000    0.000000   clock source latency
    27    0.069564    0.000000    0.000000    0.000000 ^ rclk (in)
                                                         rclk (net)
                      0.002002    0.001001    0.001001 ^ _549_/CLK (sky130_fd_sc_hd__dfxtp_2)
                                  0.000000    0.001001   clock reconvergence pessimism
                                 -0.036153   -0.035152   library hold time
                                             -0.035152   data required time
---------------------------------------------------------------------------------------------
                                             -0.035152   data required time
                                             -0.822468   data arrival time
---------------------------------------------------------------------------------------------
                                              0.857620   slack (MET)


Startpoint: _660_ (rising edge-triggered flip-flop clocked by rclk)
Endpoint: _542_ (rising edge-triggered flip-flop clocked by rclk)
Path Group: rclk
Path Type: min

Fanout         Cap        Slew       Delay        Time   Description
---------------------------------------------------------------------------------------------
                                  0.000000    0.000000   clock rclk (rise edge)
                                  0.000000    0.000000   clock source latency
    27    0.069564    0.000000    0.000000    0.000000 ^ rclk (in)
                                                         rclk (net)
                      0.001752    0.000876    0.000876 ^ _660_/CLK (sky130_fd_sc_hd__dfrtp_2)
    12    0.056226    0.270795    0.504866    0.505742 ^ _660_/Q (sky130_fd_sc_hd__dfrtp_2)
                                                         bram.raddr[3] (net)
                      0.270795    0.000659    0.506401 ^ _349_/B1 (sky130_fd_sc_hd__o21a_2)
     1    0.003109    0.030756    0.181316    0.687717 ^ _349_/X (sky130_fd_sc_hd__o21a_2)
                                                         _209_ (net)
                      0.030756    0.000010    0.687727 ^ _353_/A2 (sky130_fd_sc_hd__a22o_2)
     1    0.004572    0.040886    0.135405    0.823132 ^ _353_/X (sky130_fd_sc_hd__a22o_2)
                                                         _000_ (net)
                      0.040886    0.000038    0.823170 ^ _542_/D (sky130_fd_sc_hd__dfxtp_2)
                                              0.823170   data arrival time

                                  0.000000    0.000000   clock rclk (rise edge)
                                  0.000000    0.000000   clock source latency
    27    0.069564    0.000000    0.000000    0.000000 ^ rclk (in)
                                                         rclk (net)
                      0.000435    0.000218    0.000218 ^ _542_/CLK (sky130_fd_sc_hd__dfxtp_2)
                                  0.000000    0.000218   clock reconvergence pessimism
                                 -0.036200   -0.035983   library hold time
                                             -0.035983   data required time
---------------------------------------------------------------------------------------------
                                             -0.035983   data required time
                                             -0.823170   data arrival time
---------------------------------------------------------------------------------------------
                                              0.859153   slack (MET)


Startpoint: _535_ (rising edge-triggered flip-flop clocked by rclk)
Endpoint: _662_ (rising edge-triggered flip-flop clocked by rclk)
Path Group: rclk
Path Type: min

Fanout         Cap        Slew       Delay        Time   Description
---------------------------------------------------------------------------------------------
                                  0.000000    0.000000   clock rclk (rise edge)
                                  0.000000    0.000000   clock source latency
    27    0.069564    0.000000    0.000000    0.000000 ^ rclk (in)
                                                         rclk (net)
                      0.000907    0.000454    0.000454 ^ _535_/CLK (sky130_fd_sc_hd__dfrtp_2)
     2    0.004391    0.046953    0.323863    0.324317 ^ _535_/Q (sky130_fd_sc_hd__dfrtp_2)
                                                         sync_gwptr_to_rd.q2[3] (net)
                      0.046953    0.000003    0.324319 ^ _307_/B1 (sky130_fd_sc_hd__a221o_2)
     2    0.007494    0.052462    0.148349    0.472668 ^ _307_/X (sky130_fd_sc_hd__a221o_2)
                                                         _186_ (net)
                      0.052462    0.000012    0.472680 ^ _311_/A1 (sky130_fd_sc_hd__o31a_2)
     4    0.016113    0.096813    0.187020    0.659700 ^ _311_/X (sky130_fd_sc_hd__o31a_2)
                                                         _189_ (net)
                      0.096813    0.000151    0.659851 ^ _313_/B (sky130_fd_sc_hd__nor2_2)
     2    0.012370    0.044079    0.062431    0.722282 v _313_/Y (sky130_fd_sc_hd__nor2_2)
                                                         _191_ (net)
                      0.044079    0.000007    0.722289 v _318_/B (sky130_fd_sc_hd__xnor2_2)
     1    0.002111    0.033348    0.101094    0.823384 ^ _318_/Y (sky130_fd_sc_hd__xnor2_2)
                                                         u_rptr_handler.g_rptr_next[0] (net)
                      0.033348    0.000001    0.823385 ^ _662_/D (sky130_fd_sc_hd__dfrtp_2)
                                              0.823385   data arrival time

                                  0.000000    0.000000   clock rclk (rise edge)
                                  0.000000    0.000000   clock source latency
    27    0.069564    0.000000    0.000000    0.000000 ^ rclk (in)
                                                         rclk (net)
                      0.001003    0.000502    0.000502 ^ _662_/CLK (sky130_fd_sc_hd__dfrtp_2)
                                  0.000000    0.000502   clock reconvergence pessimism
                                 -0.038263   -0.037761   library hold time
                                             -0.037761   data required time
---------------------------------------------------------------------------------------------
                                             -0.037761   data required time
                                             -0.823385   data arrival time
---------------------------------------------------------------------------------------------
                                              0.861146   slack (MET)


Startpoint: _660_ (rising edge-triggered flip-flop clocked by rclk)
Endpoint: _548_ (rising edge-triggered flip-flop clocked by rclk)
Path Group: rclk
Path Type: min

Fanout         Cap        Slew       Delay        Time   Description
---------------------------------------------------------------------------------------------
                                  0.000000    0.000000   clock rclk (rise edge)
                                  0.000000    0.000000   clock source latency
    27    0.069564    0.000000    0.000000    0.000000 ^ rclk (in)
                                                         rclk (net)
                      0.001752    0.000876    0.000876 ^ _660_/CLK (sky130_fd_sc_hd__dfrtp_2)
    12    0.056226    0.270795    0.504866    0.505742 ^ _660_/Q (sky130_fd_sc_hd__dfrtp_2)
                                                         bram.raddr[3] (net)
                      0.270795    0.000951    0.506693 ^ _278_/B1 (sky130_fd_sc_hd__o21a_2)
     1    0.002982    0.031255    0.180642    0.687335 ^ _278_/X (sky130_fd_sc_hd__o21a_2)
                                                         _160_ (net)
                      0.031255    0.000008    0.687342 ^ _282_/A2 (sky130_fd_sc_hd__a22o_2)
     1    0.005385    0.044323    0.138777    0.826120 ^ _282_/X (sky130_fd_sc_hd__a22o_2)
                                                         _006_ (net)
                      0.044323    0.000063    0.826182 ^ _548_/D (sky130_fd_sc_hd__dfxtp_2)
                                              0.826182   data arrival time

                                  0.000000    0.000000   clock rclk (rise edge)
                                  0.000000    0.000000   clock source latency
    27    0.069564    0.000000    0.000000    0.000000 ^ rclk (in)
                                                         rclk (net)
                      0.001954    0.000977    0.000977 ^ _548_/CLK (sky130_fd_sc_hd__dfxtp_2)
                                  0.000000    0.000977   clock reconvergence pessimism
                                 -0.036716   -0.035739   library hold time
                                             -0.035739   data required time
---------------------------------------------------------------------------------------------
                                             -0.035739   data required time
                                             -0.826182   data arrival time
---------------------------------------------------------------------------------------------
                                              0.861921   slack (MET)


Startpoint: _535_ (rising edge-triggered flip-flop clocked by rclk)
Endpoint: _658_ (rising edge-triggered flip-flop clocked by rclk)
Path Group: rclk
Path Type: min

Fanout         Cap        Slew       Delay        Time   Description
---------------------------------------------------------------------------------------------
                                  0.000000    0.000000   clock rclk (rise edge)
                                  0.000000    0.000000   clock source latency
    27    0.069564    0.000000    0.000000    0.000000 ^ rclk (in)
                                                         rclk (net)
                      0.000907    0.000454    0.000454 ^ _535_/CLK (sky130_fd_sc_hd__dfrtp_2)
     2    0.004391    0.046953    0.323863    0.324317 ^ _535_/Q (sky130_fd_sc_hd__dfrtp_2)
                                                         sync_gwptr_to_rd.q2[3] (net)
                      0.046953    0.000003    0.324319 ^ _307_/B1 (sky130_fd_sc_hd__a221o_2)
     2    0.007494    0.052462    0.148349    0.472668 ^ _307_/X (sky130_fd_sc_hd__a221o_2)
                                                         _186_ (net)
                      0.052462    0.000012    0.472680 ^ _311_/A1 (sky130_fd_sc_hd__o31a_2)
     4    0.016113    0.096813    0.187020    0.659700 ^ _311_/X (sky130_fd_sc_hd__o31a_2)
                                                         _189_ (net)
                      0.096813    0.000177    0.659877 ^ _316_/A2 (sky130_fd_sc_hd__a21oi_2)
     2    0.012641    0.063267    0.087931    0.747808 v _316_/Y (sky130_fd_sc_hd__a21oi_2)
                                                         _193_ (net)
                      0.063267    0.000009    0.747817 v _317_/B (sky130_fd_sc_hd__nor2_2)
     1    0.002438    0.058662    0.073382    0.821199 ^ _317_/Y (sky130_fd_sc_hd__nor2_2)
                                                         u_rptr_handler.b_rptr_next[1] (net)
                      0.058662    0.000005    0.821204 ^ _658_/D (sky130_fd_sc_hd__dfrtp_2)
                                              0.821204   data arrival time

                                  0.000000    0.000000   clock rclk (rise edge)
                                  0.000000    0.000000   clock source latency
    27    0.069564    0.000000    0.000000    0.000000 ^ rclk (in)
                                                         rclk (net)
                      0.001851    0.000926    0.000926 ^ _658_/CLK (sky130_fd_sc_hd__dfrtp_2)
                                  0.000000    0.000926   clock reconvergence pessimism
                                 -0.043418   -0.042492   library hold time
                                             -0.042492   data required time
---------------------------------------------------------------------------------------------
                                             -0.042492   data required time
                                             -0.821204   data arrival time
---------------------------------------------------------------------------------------------
                                              0.863696   slack (MET)


Startpoint: _660_ (rising edge-triggered flip-flop clocked by rclk)
Endpoint: _544_ (rising edge-triggered flip-flop clocked by rclk)
Path Group: rclk
Path Type: min

Fanout         Cap        Slew       Delay        Time   Description
---------------------------------------------------------------------------------------------
                                  0.000000    0.000000   clock rclk (rise edge)
                                  0.000000    0.000000   clock source latency
    27    0.069564    0.000000    0.000000    0.000000 ^ rclk (in)
                                                         rclk (net)
                      0.001752    0.000876    0.000876 ^ _660_/CLK (sky130_fd_sc_hd__dfrtp_2)
    12    0.056226    0.270795    0.504866    0.505742 ^ _660_/Q (sky130_fd_sc_hd__dfrtp_2)
                                                         bram.raddr[3] (net)
                      0.270795    0.000970    0.506712 ^ _365_/B1 (sky130_fd_sc_hd__o21a_2)
     1    0.002626    0.029557    0.178747    0.685458 ^ _365_/X (sky130_fd_sc_hd__o21a_2)
                                                         _223_ (net)
                      0.029557    0.000002    0.685460 ^ _369_/A2 (sky130_fd_sc_hd__a22o_2)
     1    0.006427    0.048891    0.142384    0.827844 ^ _369_/X (sky130_fd_sc_hd__a22o_2)
                                                         _002_ (net)
                      0.048891    0.000113    0.827957 ^ _544_/D (sky130_fd_sc_hd__dfxtp_2)
                                              0.827957   data arrival time

                                  0.000000    0.000000   clock rclk (rise edge)
                                  0.000000    0.000000   clock source latency
    27    0.069564    0.000000    0.000000    0.000000 ^ rclk (in)
                                                         rclk (net)
                      0.002008    0.001004    0.001004 ^ _544_/CLK (sky130_fd_sc_hd__dfxtp_2)
                                  0.000000    0.001004   clock reconvergence pessimism
                                 -0.037660   -0.036656   library hold time
                                             -0.036656   data required time
---------------------------------------------------------------------------------------------
                                             -0.036656   data required time
                                             -0.827957   data arrival time
---------------------------------------------------------------------------------------------
                                              0.864613   slack (MET)



