
===========================================================================
report_checks -path_delay max (Setup)
============================================================================
======================= min_ss_100C_1v60 Corner ===================================

Startpoint: _554_ (rising edge-triggered flip-flop clocked by wclk)
Endpoint: _617_ (rising edge-triggered flip-flop clocked by wclk)
Path Group: wclk
Path Type: max

Fanout         Cap        Slew       Delay        Time   Description
---------------------------------------------------------------------------------------------
                                  0.000000    0.000000   clock wclk (rise edge)
                                  0.000000    0.000000   clock source latency
     1    0.020608    0.000000    0.000000    0.000000 ^ wclk (in)
                                                         wclk (net)
                      0.001924    0.000962    0.000962 ^ clkbuf_0_wclk/A (sky130_fd_sc_hd__clkbuf_16)
    16    0.113775    0.195548    0.300371    0.301333 ^ clkbuf_0_wclk/X (sky130_fd_sc_hd__clkbuf_16)
                                                         clknet_0_wclk (net)
                      0.195552    0.001238    0.302572 ^ clkbuf_4_13_0_wclk/A (sky130_fd_sc_hd__clkbuf_8)
    10    0.032418    0.111752    0.321547    0.624119 ^ clkbuf_4_13_0_wclk/X (sky130_fd_sc_hd__clkbuf_8)
                                                         clknet_4_13_0_wclk (net)
                      0.111752    0.000253    0.624371 ^ _554_/CLK (sky130_fd_sc_hd__dfrtp_1)
     2    0.009387    0.132598    0.816823    1.441195 v _554_/Q (sky130_fd_sc_hd__dfrtp_1)
                                                         r_ptr_gray_sync[4] (net)
                      0.132598    0.000076    1.441270 v _291_/A (sky130_fd_sc_hd__xor2_1)
     3    0.011715    0.455124    0.466101    1.907372 ^ _291_/X (sky130_fd_sc_hd__xor2_1)
                                                         _171_ (net)
                      0.455124    0.000106    1.907478 ^ _292_/B (sky130_fd_sc_hd__xnor2_1)
     3    0.010439    0.446557    0.413451    2.320929 ^ _292_/Y (sky130_fd_sc_hd__xnor2_1)
                                                         _172_ (net)
                      0.446557    0.000148    2.321077 ^ _293_/B (sky130_fd_sc_hd__xnor2_1)
     1    0.004499    0.249368    0.345187    2.666264 ^ _293_/Y (sky130_fd_sc_hd__xnor2_1)
                                                         _173_ (net)
                      0.249368    0.000059    2.666323 ^ _297_/S (sky130_fd_sc_hd__mux2_1)
     2    0.006878    0.148951    0.818909    3.485232 v _297_/X (sky130_fd_sc_hd__mux2_1)
                                                         _177_ (net)
                      0.148951    0.000065    3.485297 v _329_/A1 (sky130_fd_sc_hd__a21boi_2)
     3    0.017422    0.368662    0.415023    3.900321 ^ _329_/Y (sky130_fd_sc_hd__a21boi_2)
                                                         _198_ (net)
                      0.368662    0.000322    3.900643 ^ max_cap23/A (sky130_fd_sc_hd__buf_8)
    20    0.118091    0.301366    0.465706    4.366349 ^ max_cap23/X (sky130_fd_sc_hd__buf_8)
                                                         net23 (net)
                      0.301366    0.000995    4.367344 ^ _453_/C (sky130_fd_sc_hd__and4bb_4)
     8    0.053870    0.338772    0.829063    5.196407 ^ _453_/X (sky130_fd_sc_hd__and4bb_4)
                                                         _245_ (net)
                      0.338772    0.000526    5.196933 ^ _455_/S (sky130_fd_sc_hd__mux2_1)
     1    0.003361    0.115661    0.795777    5.992710 v _455_/X (sky130_fd_sc_hd__mux2_1)
                                                         _073_ (net)
                      0.115661    0.000044    5.992753 v _617_/D (sky130_fd_sc_hd__dfxtp_1)
                                              5.992753   data arrival time

                                 10.000000   10.000000   clock wclk (rise edge)
                                  0.000000   10.000000   clock source latency
     1    0.020608    0.000000    0.000000   10.000000 ^ wclk (in)
                                                         wclk (net)
                      0.001924    0.000962   10.000962 ^ clkbuf_0_wclk/A (sky130_fd_sc_hd__clkbuf_16)
    16    0.113775    0.195548    0.300371   10.301333 ^ clkbuf_0_wclk/X (sky130_fd_sc_hd__clkbuf_16)
                                                         clknet_0_wclk (net)
                      0.195551    0.001186   10.302519 ^ clkbuf_4_7_0_wclk/A (sky130_fd_sc_hd__clkbuf_8)
    11    0.031327    0.109351    0.319364   10.621883 ^ clkbuf_4_7_0_wclk/X (sky130_fd_sc_hd__clkbuf_8)
                                                         clknet_4_7_0_wclk (net)
                      0.109351    0.000205   10.622088 ^ _617_/CLK (sky130_fd_sc_hd__dfxtp_1)
                                  0.000000   10.622088   clock reconvergence pessimism
                                 -0.277347   10.344742   library setup time
                                             10.344742   data required time
---------------------------------------------------------------------------------------------
                                             10.344742   data required time
                                             -5.992753   data arrival time
---------------------------------------------------------------------------------------------
                                              4.351988   slack (MET)


Startpoint: _554_ (rising edge-triggered flip-flop clocked by wclk)
Endpoint: _694_ (rising edge-triggered flip-flop clocked by wclk)
Path Group: wclk
Path Type: max

Fanout         Cap        Slew       Delay        Time   Description
---------------------------------------------------------------------------------------------
                                  0.000000    0.000000   clock wclk (rise edge)
                                  0.000000    0.000000   clock source latency
     1    0.020608    0.000000    0.000000    0.000000 ^ wclk (in)
                                                         wclk (net)
                      0.001924    0.000962    0.000962 ^ clkbuf_0_wclk/A (sky130_fd_sc_hd__clkbuf_16)
    16    0.113775    0.195548    0.300371    0.301333 ^ clkbuf_0_wclk/X (sky130_fd_sc_hd__clkbuf_16)
                                                         clknet_0_wclk (net)
                      0.195552    0.001238    0.302572 ^ clkbuf_4_13_0_wclk/A (sky130_fd_sc_hd__clkbuf_8)
    10    0.032418    0.111752    0.321547    0.624119 ^ clkbuf_4_13_0_wclk/X (sky130_fd_sc_hd__clkbuf_8)
                                                         clknet_4_13_0_wclk (net)
                      0.111752    0.000253    0.624371 ^ _554_/CLK (sky130_fd_sc_hd__dfrtp_1)
     2    0.009387    0.132598    0.816823    1.441195 v _554_/Q (sky130_fd_sc_hd__dfrtp_1)
                                                         r_ptr_gray_sync[4] (net)
                      0.132598    0.000076    1.441270 v _291_/A (sky130_fd_sc_hd__xor2_1)
     3    0.011715    0.455124    0.466101    1.907372 ^ _291_/X (sky130_fd_sc_hd__xor2_1)
                                                         _171_ (net)
                      0.455124    0.000106    1.907478 ^ _292_/B (sky130_fd_sc_hd__xnor2_1)
     3    0.010439    0.446557    0.413451    2.320929 ^ _292_/Y (sky130_fd_sc_hd__xnor2_1)
                                                         _172_ (net)
                      0.446557    0.000148    2.321077 ^ _293_/B (sky130_fd_sc_hd__xnor2_1)
     1    0.004499    0.249368    0.345187    2.666264 ^ _293_/Y (sky130_fd_sc_hd__xnor2_1)
                                                         _173_ (net)
                      0.249368    0.000059    2.666323 ^ _297_/S (sky130_fd_sc_hd__mux2_1)
     2    0.006878    0.148951    0.818909    3.485232 v _297_/X (sky130_fd_sc_hd__mux2_1)
                                                         _177_ (net)
                      0.148951    0.000065    3.485297 v _329_/A1 (sky130_fd_sc_hd__a21boi_2)
     3    0.017422    0.368662    0.415023    3.900321 ^ _329_/Y (sky130_fd_sc_hd__a21boi_2)
                                                         _198_ (net)
                      0.368662    0.000322    3.900643 ^ max_cap23/A (sky130_fd_sc_hd__buf_8)
    20    0.118091    0.301366    0.465706    4.366349 ^ max_cap23/X (sky130_fd_sc_hd__buf_8)
                                                         net23 (net)
                      0.301373    0.001934    4.368283 ^ _515_/C (sky130_fd_sc_hd__and4b_4)
     8    0.053271    0.336279    0.830708    5.198991 ^ _515_/X (sky130_fd_sc_hd__and4b_4)
                                                         _251_ (net)
                      0.336285    0.001966    5.200957 ^ _520_/S (sky130_fd_sc_hd__mux2_1)
     1    0.003136    0.113319    0.791233    5.992190 v _520_/X (sky130_fd_sc_hd__mux2_1)
                                                         _132_ (net)
                      0.113319    0.000044    5.992234 v _694_/D (sky130_fd_sc_hd__dfxtp_1)
                                              5.992234   data arrival time

                                 10.000000   10.000000   clock wclk (rise edge)
                                  0.000000   10.000000   clock source latency
     1    0.020608    0.000000    0.000000   10.000000 ^ wclk (in)
                                                         wclk (net)
                      0.001924    0.000962   10.000962 ^ clkbuf_0_wclk/A (sky130_fd_sc_hd__clkbuf_16)
    16    0.113775    0.195548    0.300371   10.301333 ^ clkbuf_0_wclk/X (sky130_fd_sc_hd__clkbuf_16)
                                                         clknet_0_wclk (net)
                      0.195571    0.002210   10.303543 ^ clkbuf_4_0_0_wclk/A (sky130_fd_sc_hd__clkbuf_8)
    12    0.032566    0.112105    0.321778   10.625321 ^ clkbuf_4_0_0_wclk/X (sky130_fd_sc_hd__clkbuf_8)
                                                         clknet_4_0_0_wclk (net)
                      0.112107    0.000584   10.625906 ^ _694_/CLK (sky130_fd_sc_hd__dfxtp_1)
                                  0.000000   10.625906   clock reconvergence pessimism
                                 -0.275631   10.350275   library setup time
                                             10.350275   data required time
---------------------------------------------------------------------------------------------
                                             10.350275   data required time
                                             -5.992234   data arrival time
---------------------------------------------------------------------------------------------
                                              4.358041   slack (MET)


Startpoint: _554_ (rising edge-triggered flip-flop clocked by wclk)
Endpoint: _592_ (rising edge-triggered flip-flop clocked by wclk)
Path Group: wclk
Path Type: max

Fanout         Cap        Slew       Delay        Time   Description
---------------------------------------------------------------------------------------------
                                  0.000000    0.000000   clock wclk (rise edge)
                                  0.000000    0.000000   clock source latency
     1    0.020608    0.000000    0.000000    0.000000 ^ wclk (in)
                                                         wclk (net)
                      0.001924    0.000962    0.000962 ^ clkbuf_0_wclk/A (sky130_fd_sc_hd__clkbuf_16)
    16    0.113775    0.195548    0.300371    0.301333 ^ clkbuf_0_wclk/X (sky130_fd_sc_hd__clkbuf_16)
                                                         clknet_0_wclk (net)
                      0.195552    0.001238    0.302572 ^ clkbuf_4_13_0_wclk/A (sky130_fd_sc_hd__clkbuf_8)
    10    0.032418    0.111752    0.321547    0.624119 ^ clkbuf_4_13_0_wclk/X (sky130_fd_sc_hd__clkbuf_8)
                                                         clknet_4_13_0_wclk (net)
                      0.111752    0.000253    0.624371 ^ _554_/CLK (sky130_fd_sc_hd__dfrtp_1)
     2    0.009387    0.132598    0.816823    1.441195 v _554_/Q (sky130_fd_sc_hd__dfrtp_1)
                                                         r_ptr_gray_sync[4] (net)
                      0.132598    0.000076    1.441270 v _291_/A (sky130_fd_sc_hd__xor2_1)
     3    0.011715    0.455124    0.466101    1.907372 ^ _291_/X (sky130_fd_sc_hd__xor2_1)
                                                         _171_ (net)
                      0.455124    0.000106    1.907478 ^ _292_/B (sky130_fd_sc_hd__xnor2_1)
     3    0.010439    0.446557    0.413451    2.320929 ^ _292_/Y (sky130_fd_sc_hd__xnor2_1)
                                                         _172_ (net)
                      0.446557    0.000148    2.321077 ^ _293_/B (sky130_fd_sc_hd__xnor2_1)
     1    0.004499    0.249368    0.345187    2.666264 ^ _293_/Y (sky130_fd_sc_hd__xnor2_1)
                                                         _173_ (net)
                      0.249368    0.000059    2.666323 ^ _297_/S (sky130_fd_sc_hd__mux2_1)
     2    0.006878    0.148951    0.818909    3.485232 v _297_/X (sky130_fd_sc_hd__mux2_1)
                                                         _177_ (net)
                      0.148951    0.000065    3.485297 v _329_/A1 (sky130_fd_sc_hd__a21boi_2)
     3    0.017422    0.368662    0.415023    3.900321 ^ _329_/Y (sky130_fd_sc_hd__a21boi_2)
                                                         _198_ (net)
                      0.368662    0.000322    3.900643 ^ max_cap23/A (sky130_fd_sc_hd__buf_8)
    20    0.118091    0.301366    0.465706    4.366349 ^ max_cap23/X (sky130_fd_sc_hd__buf_8)
                                                         net23 (net)
                      0.301379    0.002304    4.368653 ^ _424_/C (sky130_fd_sc_hd__and4b_4)
     8    0.050785    0.324643    0.820315    5.188969 ^ _424_/X (sky130_fd_sc_hd__and4b_4)
                                                         _240_ (net)
                      0.324643    0.000820    5.189788 ^ _425_/S (sky130_fd_sc_hd__mux2_1)
     1    0.003494    0.117099    0.794283    5.984072 v _425_/X (sky130_fd_sc_hd__mux2_1)
                                                         _048_ (net)
                      0.117099    0.000061    5.984133 v _592_/D (sky130_fd_sc_hd__dfxtp_1)
                                              5.984133   data arrival time

                                 10.000000   10.000000   clock wclk (rise edge)
                                  0.000000   10.000000   clock source latency
     1    0.020608    0.000000    0.000000   10.000000 ^ wclk (in)
                                                         wclk (net)
                      0.001924    0.000962   10.000962 ^ clkbuf_0_wclk/A (sky130_fd_sc_hd__clkbuf_16)
    16    0.113775    0.195548    0.300371   10.301333 ^ clkbuf_0_wclk/X (sky130_fd_sc_hd__clkbuf_16)
                                                         clknet_0_wclk (net)
                      0.195550    0.001114   10.302447 ^ clkbuf_4_12_0_wclk/A (sky130_fd_sc_hd__clkbuf_8)
     8    0.030805    0.109061    0.318005   10.620452 ^ clkbuf_4_12_0_wclk/X (sky130_fd_sc_hd__clkbuf_8)
                                                         clknet_4_12_0_wclk (net)
                      0.109063    0.000671   10.621124 ^ _592_/CLK (sky130_fd_sc_hd__dfxtp_1)
                                  0.000000   10.621124   clock reconvergence pessimism
                                 -0.278022   10.343102   library setup time
                                             10.343102   data required time
---------------------------------------------------------------------------------------------
                                             10.343102   data required time
                                             -5.984133   data arrival time
---------------------------------------------------------------------------------------------
                                              4.358969   slack (MET)


Startpoint: _554_ (rising edge-triggered flip-flop clocked by wclk)
Endpoint: _613_ (rising edge-triggered flip-flop clocked by wclk)
Path Group: wclk
Path Type: max

Fanout         Cap        Slew       Delay        Time   Description
---------------------------------------------------------------------------------------------
                                  0.000000    0.000000   clock wclk (rise edge)
                                  0.000000    0.000000   clock source latency
     1    0.020608    0.000000    0.000000    0.000000 ^ wclk (in)
                                                         wclk (net)
                      0.001924    0.000962    0.000962 ^ clkbuf_0_wclk/A (sky130_fd_sc_hd__clkbuf_16)
    16    0.113775    0.195548    0.300371    0.301333 ^ clkbuf_0_wclk/X (sky130_fd_sc_hd__clkbuf_16)
                                                         clknet_0_wclk (net)
                      0.195552    0.001238    0.302572 ^ clkbuf_4_13_0_wclk/A (sky130_fd_sc_hd__clkbuf_8)
    10    0.032418    0.111752    0.321547    0.624119 ^ clkbuf_4_13_0_wclk/X (sky130_fd_sc_hd__clkbuf_8)
                                                         clknet_4_13_0_wclk (net)
                      0.111752    0.000253    0.624371 ^ _554_/CLK (sky130_fd_sc_hd__dfrtp_1)
     2    0.009387    0.132598    0.816823    1.441195 v _554_/Q (sky130_fd_sc_hd__dfrtp_1)
                                                         r_ptr_gray_sync[4] (net)
                      0.132598    0.000076    1.441270 v _291_/A (sky130_fd_sc_hd__xor2_1)
     3    0.011715    0.455124    0.466101    1.907372 ^ _291_/X (sky130_fd_sc_hd__xor2_1)
                                                         _171_ (net)
                      0.455124    0.000106    1.907478 ^ _292_/B (sky130_fd_sc_hd__xnor2_1)
     3    0.010439    0.446557    0.413451    2.320929 ^ _292_/Y (sky130_fd_sc_hd__xnor2_1)
                                                         _172_ (net)
                      0.446557    0.000148    2.321077 ^ _293_/B (sky130_fd_sc_hd__xnor2_1)
     1    0.004499    0.249368    0.345187    2.666264 ^ _293_/Y (sky130_fd_sc_hd__xnor2_1)
                                                         _173_ (net)
                      0.249368    0.000059    2.666323 ^ _297_/S (sky130_fd_sc_hd__mux2_1)
     2    0.006878    0.148951    0.818909    3.485232 v _297_/X (sky130_fd_sc_hd__mux2_1)
                                                         _177_ (net)
                      0.148951    0.000065    3.485297 v _329_/A1 (sky130_fd_sc_hd__a21boi_2)
     3    0.017422    0.368662    0.415023    3.900321 ^ _329_/Y (sky130_fd_sc_hd__a21boi_2)
                                                         _198_ (net)
                      0.368662    0.000322    3.900643 ^ max_cap23/A (sky130_fd_sc_hd__buf_8)
    20    0.118091    0.301366    0.465706    4.366349 ^ max_cap23/X (sky130_fd_sc_hd__buf_8)
                                                         net23 (net)
                      0.301379    0.002286    4.368635 ^ _443_/C (sky130_fd_sc_hd__and4bb_4)
     8    0.053953    0.339239    0.829268    5.197902 ^ _443_/X (sky130_fd_sc_hd__and4bb_4)
                                                         _243_ (net)
                      0.339242    0.001678    5.199581 ^ _449_/S (sky130_fd_sc_hd__mux2_1)
     1    0.003084    0.112812    0.791132    5.990713 v _449_/X (sky130_fd_sc_hd__mux2_1)
                                                         _069_ (net)
                      0.112812    0.000039    5.990751 v _613_/D (sky130_fd_sc_hd__dfxtp_1)
                                              5.990751   data arrival time

                                 10.000000   10.000000   clock wclk (rise edge)
                                  0.000000   10.000000   clock source latency
     1    0.020608    0.000000    0.000000   10.000000 ^ wclk (in)
                                                         wclk (net)
                      0.001924    0.000962   10.000962 ^ clkbuf_0_wclk/A (sky130_fd_sc_hd__clkbuf_16)
    16    0.113775    0.195548    0.300371   10.301333 ^ clkbuf_0_wclk/X (sky130_fd_sc_hd__clkbuf_16)
                                                         clknet_0_wclk (net)
                      0.195559    0.001672   10.303006 ^ clkbuf_4_8_0_wclk/A (sky130_fd_sc_hd__clkbuf_8)
    13    0.032795    0.112646    0.322248   10.625254 ^ clkbuf_4_8_0_wclk/X (sky130_fd_sc_hd__clkbuf_8)
                                                         clknet_4_8_0_wclk (net)
                      0.112646    0.000236   10.625490 ^ _613_/CLK (sky130_fd_sc_hd__dfxtp_1)
                                  0.000000   10.625490   clock reconvergence pessimism
                                 -0.275275   10.350214   library setup time
                                             10.350214   data required time
---------------------------------------------------------------------------------------------
                                             10.350214   data required time
                                             -5.990751   data arrival time
---------------------------------------------------------------------------------------------
                                              4.359463   slack (MET)


Startpoint: _554_ (rising edge-triggered flip-flop clocked by wclk)
Endpoint: _610_ (rising edge-triggered flip-flop clocked by wclk)
Path Group: wclk
Path Type: max

Fanout         Cap        Slew       Delay        Time   Description
---------------------------------------------------------------------------------------------
                                  0.000000    0.000000   clock wclk (rise edge)
                                  0.000000    0.000000   clock source latency
     1    0.020608    0.000000    0.000000    0.000000 ^ wclk (in)
                                                         wclk (net)
                      0.001924    0.000962    0.000962 ^ clkbuf_0_wclk/A (sky130_fd_sc_hd__clkbuf_16)
    16    0.113775    0.195548    0.300371    0.301333 ^ clkbuf_0_wclk/X (sky130_fd_sc_hd__clkbuf_16)
                                                         clknet_0_wclk (net)
                      0.195552    0.001238    0.302572 ^ clkbuf_4_13_0_wclk/A (sky130_fd_sc_hd__clkbuf_8)
    10    0.032418    0.111752    0.321547    0.624119 ^ clkbuf_4_13_0_wclk/X (sky130_fd_sc_hd__clkbuf_8)
                                                         clknet_4_13_0_wclk (net)
                      0.111752    0.000253    0.624371 ^ _554_/CLK (sky130_fd_sc_hd__dfrtp_1)
     2    0.009387    0.132598    0.816823    1.441195 v _554_/Q (sky130_fd_sc_hd__dfrtp_1)
                                                         r_ptr_gray_sync[4] (net)
                      0.132598    0.000076    1.441270 v _291_/A (sky130_fd_sc_hd__xor2_1)
     3    0.011715    0.455124    0.466101    1.907372 ^ _291_/X (sky130_fd_sc_hd__xor2_1)
                                                         _171_ (net)
                      0.455124    0.000106    1.907478 ^ _292_/B (sky130_fd_sc_hd__xnor2_1)
     3    0.010439    0.446557    0.413451    2.320929 ^ _292_/Y (sky130_fd_sc_hd__xnor2_1)
                                                         _172_ (net)
                      0.446557    0.000148    2.321077 ^ _293_/B (sky130_fd_sc_hd__xnor2_1)
     1    0.004499    0.249368    0.345187    2.666264 ^ _293_/Y (sky130_fd_sc_hd__xnor2_1)
                                                         _173_ (net)
                      0.249368    0.000059    2.666323 ^ _297_/S (sky130_fd_sc_hd__mux2_1)
     2    0.006878    0.148951    0.818909    3.485232 v _297_/X (sky130_fd_sc_hd__mux2_1)
                                                         _177_ (net)
                      0.148951    0.000065    3.485297 v _329_/A1 (sky130_fd_sc_hd__a21boi_2)
     3    0.017422    0.368662    0.415023    3.900321 ^ _329_/Y (sky130_fd_sc_hd__a21boi_2)
                                                         _198_ (net)
                      0.368662    0.000322    3.900643 ^ max_cap23/A (sky130_fd_sc_hd__buf_8)
    20    0.118091    0.301366    0.465706    4.366349 ^ max_cap23/X (sky130_fd_sc_hd__buf_8)
                                                         net23 (net)
                      0.301379    0.002286    4.368635 ^ _443_/C (sky130_fd_sc_hd__and4bb_4)
     8    0.053953    0.339239    0.829268    5.197902 ^ _443_/X (sky130_fd_sc_hd__and4bb_4)
                                                         _243_ (net)
                      0.339240    0.001517    5.199419 ^ _446_/S (sky130_fd_sc_hd__mux2_1)
     1    0.002975    0.111751    0.789259    5.988679 v _446_/X (sky130_fd_sc_hd__mux2_1)
                                                         _066_ (net)
                      0.111751    0.000036    5.988715 v _610_/D (sky130_fd_sc_hd__dfxtp_1)
                                              5.988715   data arrival time

                                 10.000000   10.000000   clock wclk (rise edge)
                                  0.000000   10.000000   clock source latency
     1    0.020608    0.000000    0.000000   10.000000 ^ wclk (in)
                                                         wclk (net)
                      0.001924    0.000962   10.000962 ^ clkbuf_0_wclk/A (sky130_fd_sc_hd__clkbuf_16)
    16    0.113775    0.195548    0.300371   10.301333 ^ clkbuf_0_wclk/X (sky130_fd_sc_hd__clkbuf_16)
                                                         clknet_0_wclk (net)
                      0.195559    0.001672   10.303006 ^ clkbuf_4_8_0_wclk/A (sky130_fd_sc_hd__clkbuf_8)
    13    0.032795    0.112646    0.322248   10.625254 ^ clkbuf_4_8_0_wclk/X (sky130_fd_sc_hd__clkbuf_8)
                                                         clknet_4_8_0_wclk (net)
                      0.112646    0.000197   10.625451 ^ _610_/CLK (sky130_fd_sc_hd__dfxtp_1)
                                  0.000000   10.625451   clock reconvergence pessimism
                                 -0.274835   10.350616   library setup time
                                             10.350616   data required time
---------------------------------------------------------------------------------------------
                                             10.350616   data required time
                                             -5.988715   data arrival time
---------------------------------------------------------------------------------------------
                                              4.361902   slack (MET)


Startpoint: _554_ (rising edge-triggered flip-flop clocked by wclk)
Endpoint: _609_ (rising edge-triggered flip-flop clocked by wclk)
Path Group: wclk
Path Type: max

Fanout         Cap        Slew       Delay        Time   Description
---------------------------------------------------------------------------------------------
                                  0.000000    0.000000   clock wclk (rise edge)
                                  0.000000    0.000000   clock source latency
     1    0.020608    0.000000    0.000000    0.000000 ^ wclk (in)
                                                         wclk (net)
                      0.001924    0.000962    0.000962 ^ clkbuf_0_wclk/A (sky130_fd_sc_hd__clkbuf_16)
    16    0.113775    0.195548    0.300371    0.301333 ^ clkbuf_0_wclk/X (sky130_fd_sc_hd__clkbuf_16)
                                                         clknet_0_wclk (net)
                      0.195552    0.001238    0.302572 ^ clkbuf_4_13_0_wclk/A (sky130_fd_sc_hd__clkbuf_8)
    10    0.032418    0.111752    0.321547    0.624119 ^ clkbuf_4_13_0_wclk/X (sky130_fd_sc_hd__clkbuf_8)
                                                         clknet_4_13_0_wclk (net)
                      0.111752    0.000253    0.624371 ^ _554_/CLK (sky130_fd_sc_hd__dfrtp_1)
     2    0.009387    0.132598    0.816823    1.441195 v _554_/Q (sky130_fd_sc_hd__dfrtp_1)
                                                         r_ptr_gray_sync[4] (net)
                      0.132598    0.000076    1.441270 v _291_/A (sky130_fd_sc_hd__xor2_1)
     3    0.011715    0.455124    0.466101    1.907372 ^ _291_/X (sky130_fd_sc_hd__xor2_1)
                                                         _171_ (net)
                      0.455124    0.000106    1.907478 ^ _292_/B (sky130_fd_sc_hd__xnor2_1)
     3    0.010439    0.446557    0.413451    2.320929 ^ _292_/Y (sky130_fd_sc_hd__xnor2_1)
                                                         _172_ (net)
                      0.446557    0.000148    2.321077 ^ _293_/B (sky130_fd_sc_hd__xnor2_1)
     1    0.004499    0.249368    0.345187    2.666264 ^ _293_/Y (sky130_fd_sc_hd__xnor2_1)
                                                         _173_ (net)
                      0.249368    0.000059    2.666323 ^ _297_/S (sky130_fd_sc_hd__mux2_1)
     2    0.006878    0.148951    0.818909    3.485232 v _297_/X (sky130_fd_sc_hd__mux2_1)
                                                         _177_ (net)
                      0.148951    0.000065    3.485297 v _329_/A1 (sky130_fd_sc_hd__a21boi_2)
     3    0.017422    0.368662    0.415023    3.900321 ^ _329_/Y (sky130_fd_sc_hd__a21boi_2)
                                                         _198_ (net)
                      0.368662    0.000322    3.900643 ^ max_cap23/A (sky130_fd_sc_hd__buf_8)
    20    0.118091    0.301366    0.465706    4.366349 ^ max_cap23/X (sky130_fd_sc_hd__buf_8)
                                                         net23 (net)
                      0.301379    0.002286    4.368635 ^ _443_/C (sky130_fd_sc_hd__and4bb_4)
     8    0.053953    0.339239    0.829268    5.197902 ^ _443_/X (sky130_fd_sc_hd__and4bb_4)
                                                         _243_ (net)
                      0.339239    0.001352    5.199254 ^ _445_/S (sky130_fd_sc_hd__mux2_1)
     1    0.002831    0.110347    0.786776    5.986031 v _445_/X (sky130_fd_sc_hd__mux2_1)
                                                         _065_ (net)
                      0.110347    0.000034    5.986065 v _609_/D (sky130_fd_sc_hd__dfxtp_1)
                                              5.986065   data arrival time

                                 10.000000   10.000000   clock wclk (rise edge)
                                  0.000000   10.000000   clock source latency
     1    0.020608    0.000000    0.000000   10.000000 ^ wclk (in)
                                                         wclk (net)
                      0.001924    0.000962   10.000962 ^ clkbuf_0_wclk/A (sky130_fd_sc_hd__clkbuf_16)
    16    0.113775    0.195548    0.300371   10.301333 ^ clkbuf_0_wclk/X (sky130_fd_sc_hd__clkbuf_16)
                                                         clknet_0_wclk (net)
                      0.195557    0.001556   10.302890 ^ clkbuf_4_15_0_wclk/A (sky130_fd_sc_hd__clkbuf_8)
     8    0.031805    0.110304    0.320395   10.623284 ^ clkbuf_4_15_0_wclk/X (sky130_fd_sc_hd__clkbuf_8)
                                                         clknet_4_15_0_wclk (net)
                      0.110304    0.000203   10.623487 ^ _609_/CLK (sky130_fd_sc_hd__dfxtp_1)
                                  0.000000   10.623487   clock reconvergence pessimism
                                 -0.274883   10.348604   library setup time
                                             10.348604   data required time
---------------------------------------------------------------------------------------------
                                             10.348604   data required time
                                             -5.986065   data arrival time
---------------------------------------------------------------------------------------------
                                              4.362539   slack (MET)


Startpoint: _554_ (rising edge-triggered flip-flop clocked by wclk)
Endpoint: _696_ (rising edge-triggered flip-flop clocked by wclk)
Path Group: wclk
Path Type: max

Fanout         Cap        Slew       Delay        Time   Description
---------------------------------------------------------------------------------------------
                                  0.000000    0.000000   clock wclk (rise edge)
                                  0.000000    0.000000   clock source latency
     1    0.020608    0.000000    0.000000    0.000000 ^ wclk (in)
                                                         wclk (net)
                      0.001924    0.000962    0.000962 ^ clkbuf_0_wclk/A (sky130_fd_sc_hd__clkbuf_16)
    16    0.113775    0.195548    0.300371    0.301333 ^ clkbuf_0_wclk/X (sky130_fd_sc_hd__clkbuf_16)
                                                         clknet_0_wclk (net)
                      0.195552    0.001238    0.302572 ^ clkbuf_4_13_0_wclk/A (sky130_fd_sc_hd__clkbuf_8)
    10    0.032418    0.111752    0.321547    0.624119 ^ clkbuf_4_13_0_wclk/X (sky130_fd_sc_hd__clkbuf_8)
                                                         clknet_4_13_0_wclk (net)
                      0.111752    0.000253    0.624371 ^ _554_/CLK (sky130_fd_sc_hd__dfrtp_1)
     2    0.009387    0.132598    0.816823    1.441195 v _554_/Q (sky130_fd_sc_hd__dfrtp_1)
                                                         r_ptr_gray_sync[4] (net)
                      0.132598    0.000076    1.441270 v _291_/A (sky130_fd_sc_hd__xor2_1)
     3    0.011715    0.455124    0.466101    1.907372 ^ _291_/X (sky130_fd_sc_hd__xor2_1)
                                                         _171_ (net)
                      0.455124    0.000106    1.907478 ^ _292_/B (sky130_fd_sc_hd__xnor2_1)
     3    0.010439    0.446557    0.413451    2.320929 ^ _292_/Y (sky130_fd_sc_hd__xnor2_1)
                                                         _172_ (net)
                      0.446557    0.000148    2.321077 ^ _293_/B (sky130_fd_sc_hd__xnor2_1)
     1    0.004499    0.249368    0.345187    2.666264 ^ _293_/Y (sky130_fd_sc_hd__xnor2_1)
                                                         _173_ (net)
                      0.249368    0.000059    2.666323 ^ _297_/S (sky130_fd_sc_hd__mux2_1)
     2    0.006878    0.148951    0.818909    3.485232 v _297_/X (sky130_fd_sc_hd__mux2_1)
                                                         _177_ (net)
                      0.148951    0.000065    3.485297 v _329_/A1 (sky130_fd_sc_hd__a21boi_2)
     3    0.017422    0.368662    0.415023    3.900321 ^ _329_/Y (sky130_fd_sc_hd__a21boi_2)
                                                         _198_ (net)
                      0.368662    0.000322    3.900643 ^ max_cap23/A (sky130_fd_sc_hd__buf_8)
    20    0.118091    0.301366    0.465706    4.366349 ^ max_cap23/X (sky130_fd_sc_hd__buf_8)
                                                         net23 (net)
                      0.301373    0.001934    4.368283 ^ _515_/C (sky130_fd_sc_hd__and4b_4)
     8    0.053271    0.336279    0.830708    5.198991 ^ _515_/X (sky130_fd_sc_hd__and4b_4)
                                                         _251_ (net)
                      0.336279    0.001280    5.200271 ^ _522_/S (sky130_fd_sc_hd__mux2_1)
     1    0.002845    0.110484    0.786234    5.986505 v _522_/X (sky130_fd_sc_hd__mux2_1)
                                                         _134_ (net)
                      0.110484    0.000036    5.986541 v _696_/D (sky130_fd_sc_hd__dfxtp_1)
                                              5.986541   data arrival time

                                 10.000000   10.000000   clock wclk (rise edge)
                                  0.000000   10.000000   clock source latency
     1    0.020608    0.000000    0.000000   10.000000 ^ wclk (in)
                                                         wclk (net)
                      0.001924    0.000962   10.000962 ^ clkbuf_0_wclk/A (sky130_fd_sc_hd__clkbuf_16)
    16    0.113775    0.195548    0.300371   10.301333 ^ clkbuf_0_wclk/X (sky130_fd_sc_hd__clkbuf_16)
                                                         clknet_0_wclk (net)
                      0.195559    0.001672   10.303006 ^ clkbuf_4_8_0_wclk/A (sky130_fd_sc_hd__clkbuf_8)
    13    0.032795    0.112646    0.322248   10.625254 ^ clkbuf_4_8_0_wclk/X (sky130_fd_sc_hd__clkbuf_8)
                                                         clknet_4_8_0_wclk (net)
                      0.112646    0.000282   10.625535 ^ _696_/CLK (sky130_fd_sc_hd__dfxtp_1)
                                  0.000000   10.625535   clock reconvergence pessimism
                                 -0.274309   10.351227   library setup time
                                             10.351227   data required time
---------------------------------------------------------------------------------------------
                                             10.351227   data required time
                                             -5.986541   data arrival time
---------------------------------------------------------------------------------------------
                                              4.364686   slack (MET)


Startpoint: _554_ (rising edge-triggered flip-flop clocked by wclk)
Endpoint: _614_ (rising edge-triggered flip-flop clocked by wclk)
Path Group: wclk
Path Type: max

Fanout         Cap        Slew       Delay        Time   Description
---------------------------------------------------------------------------------------------
                                  0.000000    0.000000   clock wclk (rise edge)
                                  0.000000    0.000000   clock source latency
     1    0.020608    0.000000    0.000000    0.000000 ^ wclk (in)
                                                         wclk (net)
                      0.001924    0.000962    0.000962 ^ clkbuf_0_wclk/A (sky130_fd_sc_hd__clkbuf_16)
    16    0.113775    0.195548    0.300371    0.301333 ^ clkbuf_0_wclk/X (sky130_fd_sc_hd__clkbuf_16)
                                                         clknet_0_wclk (net)
                      0.195552    0.001238    0.302572 ^ clkbuf_4_13_0_wclk/A (sky130_fd_sc_hd__clkbuf_8)
    10    0.032418    0.111752    0.321547    0.624119 ^ clkbuf_4_13_0_wclk/X (sky130_fd_sc_hd__clkbuf_8)
                                                         clknet_4_13_0_wclk (net)
                      0.111752    0.000253    0.624371 ^ _554_/CLK (sky130_fd_sc_hd__dfrtp_1)
     2    0.009387    0.132598    0.816823    1.441195 v _554_/Q (sky130_fd_sc_hd__dfrtp_1)
                                                         r_ptr_gray_sync[4] (net)
                      0.132598    0.000076    1.441270 v _291_/A (sky130_fd_sc_hd__xor2_1)
     3    0.011715    0.455124    0.466101    1.907372 ^ _291_/X (sky130_fd_sc_hd__xor2_1)
                                                         _171_ (net)
                      0.455124    0.000106    1.907478 ^ _292_/B (sky130_fd_sc_hd__xnor2_1)
     3    0.010439    0.446557    0.413451    2.320929 ^ _292_/Y (sky130_fd_sc_hd__xnor2_1)
                                                         _172_ (net)
                      0.446557    0.000148    2.321077 ^ _293_/B (sky130_fd_sc_hd__xnor2_1)
     1    0.004499    0.249368    0.345187    2.666264 ^ _293_/Y (sky130_fd_sc_hd__xnor2_1)
                                                         _173_ (net)
                      0.249368    0.000059    2.666323 ^ _297_/S (sky130_fd_sc_hd__mux2_1)
     2    0.006878    0.148951    0.818909    3.485232 v _297_/X (sky130_fd_sc_hd__mux2_1)
                                                         _177_ (net)
                      0.148951    0.000065    3.485297 v _329_/A1 (sky130_fd_sc_hd__a21boi_2)
     3    0.017422    0.368662    0.415023    3.900321 ^ _329_/Y (sky130_fd_sc_hd__a21boi_2)
                                                         _198_ (net)
                      0.368662    0.000322    3.900643 ^ max_cap23/A (sky130_fd_sc_hd__buf_8)
    20    0.118091    0.301366    0.465706    4.366349 ^ max_cap23/X (sky130_fd_sc_hd__buf_8)
                                                         net23 (net)
                      0.301379    0.002286    4.368635 ^ _443_/C (sky130_fd_sc_hd__and4bb_4)
     8    0.053953    0.339239    0.829268    5.197902 ^ _443_/X (sky130_fd_sc_hd__and4bb_4)
                                                         _243_ (net)
                      0.339241    0.001626    5.199529 ^ _450_/S (sky130_fd_sc_hd__mux2_1)
     1    0.002835    0.110383    0.786837    5.986365 v _450_/X (sky130_fd_sc_hd__mux2_1)
                                                         _070_ (net)
                      0.110383    0.000036    5.986402 v _614_/D (sky130_fd_sc_hd__dfxtp_1)
                                              5.986402   data arrival time

                                 10.000000   10.000000   clock wclk (rise edge)
                                  0.000000   10.000000   clock source latency
     1    0.020608    0.000000    0.000000   10.000000 ^ wclk (in)
                                                         wclk (net)
                      0.001924    0.000962   10.000962 ^ clkbuf_0_wclk/A (sky130_fd_sc_hd__clkbuf_16)
    16    0.113775    0.195548    0.300371   10.301333 ^ clkbuf_0_wclk/X (sky130_fd_sc_hd__clkbuf_16)
                                                         clknet_0_wclk (net)
                      0.195561    0.001800   10.303134 ^ clkbuf_4_11_0_wclk/A (sky130_fd_sc_hd__clkbuf_8)
    11    0.032803    0.112664    0.322260   10.625394 ^ clkbuf_4_11_0_wclk/X (sky130_fd_sc_hd__clkbuf_8)
                                                         clknet_4_11_0_wclk (net)
                      0.112664    0.000371   10.625766 ^ _614_/CLK (sky130_fd_sc_hd__dfxtp_1)
                                  0.000000   10.625766   clock reconvergence pessimism
                                 -0.274262   10.351504   library setup time
                                             10.351504   data required time
---------------------------------------------------------------------------------------------
                                             10.351504   data required time
                                             -5.986402   data arrival time
---------------------------------------------------------------------------------------------
                                              4.365102   slack (MET)


Startpoint: _554_ (rising edge-triggered flip-flop clocked by wclk)
Endpoint: _620_ (rising edge-triggered flip-flop clocked by wclk)
Path Group: wclk
Path Type: max

Fanout         Cap        Slew       Delay        Time   Description
---------------------------------------------------------------------------------------------
                                  0.000000    0.000000   clock wclk (rise edge)
                                  0.000000    0.000000   clock source latency
     1    0.020608    0.000000    0.000000    0.000000 ^ wclk (in)
                                                         wclk (net)
                      0.001924    0.000962    0.000962 ^ clkbuf_0_wclk/A (sky130_fd_sc_hd__clkbuf_16)
    16    0.113775    0.195548    0.300371    0.301333 ^ clkbuf_0_wclk/X (sky130_fd_sc_hd__clkbuf_16)
                                                         clknet_0_wclk (net)
                      0.195552    0.001238    0.302572 ^ clkbuf_4_13_0_wclk/A (sky130_fd_sc_hd__clkbuf_8)
    10    0.032418    0.111752    0.321547    0.624119 ^ clkbuf_4_13_0_wclk/X (sky130_fd_sc_hd__clkbuf_8)
                                                         clknet_4_13_0_wclk (net)
                      0.111752    0.000253    0.624371 ^ _554_/CLK (sky130_fd_sc_hd__dfrtp_1)
     2    0.009387    0.132598    0.816823    1.441195 v _554_/Q (sky130_fd_sc_hd__dfrtp_1)
                                                         r_ptr_gray_sync[4] (net)
                      0.132598    0.000076    1.441270 v _291_/A (sky130_fd_sc_hd__xor2_1)
     3    0.011715    0.455124    0.466101    1.907372 ^ _291_/X (sky130_fd_sc_hd__xor2_1)
                                                         _171_ (net)
                      0.455124    0.000106    1.907478 ^ _292_/B (sky130_fd_sc_hd__xnor2_1)
     3    0.010439    0.446557    0.413451    2.320929 ^ _292_/Y (sky130_fd_sc_hd__xnor2_1)
                                                         _172_ (net)
                      0.446557    0.000148    2.321077 ^ _293_/B (sky130_fd_sc_hd__xnor2_1)
     1    0.004499    0.249368    0.345187    2.666264 ^ _293_/Y (sky130_fd_sc_hd__xnor2_1)
                                                         _173_ (net)
                      0.249368    0.000059    2.666323 ^ _297_/S (sky130_fd_sc_hd__mux2_1)
     2    0.006878    0.148951    0.818909    3.485232 v _297_/X (sky130_fd_sc_hd__mux2_1)
                                                         _177_ (net)
                      0.148951    0.000065    3.485297 v _329_/A1 (sky130_fd_sc_hd__a21boi_2)
     3    0.017422    0.368662    0.415023    3.900321 ^ _329_/Y (sky130_fd_sc_hd__a21boi_2)
                                                         _198_ (net)
                      0.368662    0.000322    3.900643 ^ max_cap23/A (sky130_fd_sc_hd__buf_8)
    20    0.118091    0.301366    0.465706    4.366349 ^ max_cap23/X (sky130_fd_sc_hd__buf_8)
                                                         net23 (net)
                      0.301366    0.000995    4.367344 ^ _453_/C (sky130_fd_sc_hd__and4bb_4)
     8    0.053870    0.338772    0.829063    5.196407 ^ _453_/X (sky130_fd_sc_hd__and4bb_4)
                                                         _245_ (net)
                      0.338774    0.001514    5.197921 ^ _458_/S (sky130_fd_sc_hd__mux2_1)
     1    0.003009    0.112082    0.789717    5.987638 v _458_/X (sky130_fd_sc_hd__mux2_1)
                                                         _076_ (net)
                      0.112082    0.000040    5.987678 v _620_/D (sky130_fd_sc_hd__dfxtp_1)
                                              5.987678   data arrival time

                                 10.000000   10.000000   clock wclk (rise edge)
                                  0.000000   10.000000   clock source latency
     1    0.020608    0.000000    0.000000   10.000000 ^ wclk (in)
                                                         wclk (net)
                      0.001924    0.000962   10.000962 ^ clkbuf_0_wclk/A (sky130_fd_sc_hd__clkbuf_16)
    16    0.113775    0.195548    0.300371   10.301333 ^ clkbuf_0_wclk/X (sky130_fd_sc_hd__clkbuf_16)
                                                         clknet_0_wclk (net)
                      0.195572    0.002235   10.303568 ^ clkbuf_4_1_0_wclk/A (sky130_fd_sc_hd__clkbuf_8)
    11    0.033575    0.114491    0.323738   10.627306 ^ clkbuf_4_1_0_wclk/X (sky130_fd_sc_hd__clkbuf_8)
                                                         clknet_4_1_0_wclk (net)
                      0.114491    0.000232   10.627539 ^ _620_/CLK (sky130_fd_sc_hd__dfxtp_1)
                                  0.000000   10.627539   clock reconvergence pessimism
                                 -0.274475   10.353064   library setup time
                                             10.353064   data required time
---------------------------------------------------------------------------------------------
                                             10.353064   data required time
                                             -5.987678   data arrival time
---------------------------------------------------------------------------------------------
                                              4.365386   slack (MET)


Startpoint: _554_ (rising edge-triggered flip-flop clocked by wclk)
Endpoint: _616_ (rising edge-triggered flip-flop clocked by wclk)
Path Group: wclk
Path Type: max

Fanout         Cap        Slew       Delay        Time   Description
---------------------------------------------------------------------------------------------
                                  0.000000    0.000000   clock wclk (rise edge)
                                  0.000000    0.000000   clock source latency
     1    0.020608    0.000000    0.000000    0.000000 ^ wclk (in)
                                                         wclk (net)
                      0.001924    0.000962    0.000962 ^ clkbuf_0_wclk/A (sky130_fd_sc_hd__clkbuf_16)
    16    0.113775    0.195548    0.300371    0.301333 ^ clkbuf_0_wclk/X (sky130_fd_sc_hd__clkbuf_16)
                                                         clknet_0_wclk (net)
                      0.195552    0.001238    0.302572 ^ clkbuf_4_13_0_wclk/A (sky130_fd_sc_hd__clkbuf_8)
    10    0.032418    0.111752    0.321547    0.624119 ^ clkbuf_4_13_0_wclk/X (sky130_fd_sc_hd__clkbuf_8)
                                                         clknet_4_13_0_wclk (net)
                      0.111752    0.000253    0.624371 ^ _554_/CLK (sky130_fd_sc_hd__dfrtp_1)
     2    0.009387    0.132598    0.816823    1.441195 v _554_/Q (sky130_fd_sc_hd__dfrtp_1)
                                                         r_ptr_gray_sync[4] (net)
                      0.132598    0.000076    1.441270 v _291_/A (sky130_fd_sc_hd__xor2_1)
     3    0.011715    0.455124    0.466101    1.907372 ^ _291_/X (sky130_fd_sc_hd__xor2_1)
                                                         _171_ (net)
                      0.455124    0.000106    1.907478 ^ _292_/B (sky130_fd_sc_hd__xnor2_1)
     3    0.010439    0.446557    0.413451    2.320929 ^ _292_/Y (sky130_fd_sc_hd__xnor2_1)
                                                         _172_ (net)
                      0.446557    0.000148    2.321077 ^ _293_/B (sky130_fd_sc_hd__xnor2_1)
     1    0.004499    0.249368    0.345187    2.666264 ^ _293_/Y (sky130_fd_sc_hd__xnor2_1)
                                                         _173_ (net)
                      0.249368    0.000059    2.666323 ^ _297_/S (sky130_fd_sc_hd__mux2_1)
     2    0.006878    0.148951    0.818909    3.485232 v _297_/X (sky130_fd_sc_hd__mux2_1)
                                                         _177_ (net)
                      0.148951    0.000065    3.485297 v _329_/A1 (sky130_fd_sc_hd__a21boi_2)
     3    0.017422    0.368662    0.415023    3.900321 ^ _329_/Y (sky130_fd_sc_hd__a21boi_2)
                                                         _198_ (net)
                      0.368662    0.000322    3.900643 ^ max_cap23/A (sky130_fd_sc_hd__buf_8)
    20    0.118091    0.301366    0.465706    4.366349 ^ max_cap23/X (sky130_fd_sc_hd__buf_8)
                                                         net23 (net)
                      0.301366    0.000995    4.367344 ^ _453_/C (sky130_fd_sc_hd__and4bb_4)
     8    0.053870    0.338772    0.829063    5.196407 ^ _453_/X (sky130_fd_sc_hd__and4bb_4)
                                                         _245_ (net)
                      0.338772    0.001139    5.197546 ^ _454_/S (sky130_fd_sc_hd__mux2_1)
     1    0.002667    0.108563    0.783836    5.981382 v _454_/X (sky130_fd_sc_hd__mux2_1)
                                                         _072_ (net)
                      0.108563    0.000032    5.981414 v _616_/D (sky130_fd_sc_hd__dfxtp_1)
                                              5.981414   data arrival time

                                 10.000000   10.000000   clock wclk (rise edge)
                                  0.000000   10.000000   clock source latency
     1    0.020608    0.000000    0.000000   10.000000 ^ wclk (in)
                                                         wclk (net)
                      0.001924    0.000962   10.000962 ^ clkbuf_0_wclk/A (sky130_fd_sc_hd__clkbuf_16)
    16    0.113775    0.195548    0.300371   10.301333 ^ clkbuf_0_wclk/X (sky130_fd_sc_hd__clkbuf_16)
                                                         clknet_0_wclk (net)
                      0.195553    0.001307   10.302640 ^ clkbuf_4_5_0_wclk/A (sky130_fd_sc_hd__clkbuf_8)
     8    0.031001    0.109029    0.318688   10.621328 ^ clkbuf_4_5_0_wclk/X (sky130_fd_sc_hd__clkbuf_8)
                                                         clknet_4_5_0_wclk (net)
                      0.109029    0.000332   10.621660 ^ _616_/CLK (sky130_fd_sc_hd__dfxtp_1)
                                  0.000000   10.621660   clock reconvergence pessimism
                                 -0.274486   10.347174   library setup time
                                             10.347174   data required time
---------------------------------------------------------------------------------------------
                                             10.347174   data required time
                                             -5.981414   data arrival time
---------------------------------------------------------------------------------------------
                                              4.365760   slack (MET)


Startpoint: _554_ (rising edge-triggered flip-flop clocked by wclk)
Endpoint: _693_ (rising edge-triggered flip-flop clocked by wclk)
Path Group: wclk
Path Type: max

Fanout         Cap        Slew       Delay        Time   Description
---------------------------------------------------------------------------------------------
                                  0.000000    0.000000   clock wclk (rise edge)
                                  0.000000    0.000000   clock source latency
     1    0.020608    0.000000    0.000000    0.000000 ^ wclk (in)
                                                         wclk (net)
                      0.001924    0.000962    0.000962 ^ clkbuf_0_wclk/A (sky130_fd_sc_hd__clkbuf_16)
    16    0.113775    0.195548    0.300371    0.301333 ^ clkbuf_0_wclk/X (sky130_fd_sc_hd__clkbuf_16)
                                                         clknet_0_wclk (net)
                      0.195552    0.001238    0.302572 ^ clkbuf_4_13_0_wclk/A (sky130_fd_sc_hd__clkbuf_8)
    10    0.032418    0.111752    0.321547    0.624119 ^ clkbuf_4_13_0_wclk/X (sky130_fd_sc_hd__clkbuf_8)
                                                         clknet_4_13_0_wclk (net)
                      0.111752    0.000253    0.624371 ^ _554_/CLK (sky130_fd_sc_hd__dfrtp_1)
     2    0.009387    0.132598    0.816823    1.441195 v _554_/Q (sky130_fd_sc_hd__dfrtp_1)
                                                         r_ptr_gray_sync[4] (net)
                      0.132598    0.000076    1.441270 v _291_/A (sky130_fd_sc_hd__xor2_1)
     3    0.011715    0.455124    0.466101    1.907372 ^ _291_/X (sky130_fd_sc_hd__xor2_1)
                                                         _171_ (net)
                      0.455124    0.000106    1.907478 ^ _292_/B (sky130_fd_sc_hd__xnor2_1)
     3    0.010439    0.446557    0.413451    2.320929 ^ _292_/Y (sky130_fd_sc_hd__xnor2_1)
                                                         _172_ (net)
                      0.446557    0.000148    2.321077 ^ _293_/B (sky130_fd_sc_hd__xnor2_1)
     1    0.004499    0.249368    0.345187    2.666264 ^ _293_/Y (sky130_fd_sc_hd__xnor2_1)
                                                         _173_ (net)
                      0.249368    0.000059    2.666323 ^ _297_/S (sky130_fd_sc_hd__mux2_1)
     2    0.006878    0.148951    0.818909    3.485232 v _297_/X (sky130_fd_sc_hd__mux2_1)
                                                         _177_ (net)
                      0.148951    0.000065    3.485297 v _329_/A1 (sky130_fd_sc_hd__a21boi_2)
     3    0.017422    0.368662    0.415023    3.900321 ^ _329_/Y (sky130_fd_sc_hd__a21boi_2)
                                                         _198_ (net)
                      0.368662    0.000322    3.900643 ^ max_cap23/A (sky130_fd_sc_hd__buf_8)
    20    0.118091    0.301366    0.465706    4.366349 ^ max_cap23/X (sky130_fd_sc_hd__buf_8)
                                                         net23 (net)
                      0.301373    0.001934    4.368283 ^ _515_/C (sky130_fd_sc_hd__and4b_4)
     8    0.053271    0.336279    0.830708    5.198991 ^ _515_/X (sky130_fd_sc_hd__and4b_4)
                                                         _251_ (net)
                      0.336279    0.001211    5.200202 ^ _519_/S (sky130_fd_sc_hd__mux2_1)
     1    0.002087    0.105175    0.773200    5.973402 v _519_/X (sky130_fd_sc_hd__mux2_1)
                                                         _131_ (net)
                      0.105175    0.000020    5.973422 v _693_/D (sky130_fd_sc_hd__dfxtp_1)
                                              5.973422   data arrival time

                                 10.000000   10.000000   clock wclk (rise edge)
                                  0.000000   10.000000   clock source latency
     1    0.020608    0.000000    0.000000   10.000000 ^ wclk (in)
                                                         wclk (net)
                      0.001924    0.000962   10.000962 ^ clkbuf_0_wclk/A (sky130_fd_sc_hd__clkbuf_16)
    16    0.113775    0.195548    0.300371   10.301333 ^ clkbuf_0_wclk/X (sky130_fd_sc_hd__clkbuf_16)
                                                         clknet_0_wclk (net)
                      0.195564    0.001923   10.303256 ^ clkbuf_4_3_0_wclk/A (sky130_fd_sc_hd__clkbuf_8)
    10    0.027727    0.102003    0.311228   10.614484 ^ clkbuf_4_3_0_wclk/X (sky130_fd_sc_hd__clkbuf_8)
                                                         clknet_4_3_0_wclk (net)
                      0.102003    0.000151   10.614635 ^ _693_/CLK (sky130_fd_sc_hd__dfxtp_1)
                                  0.000000   10.614635   clock reconvergence pessimism
                                 -0.274972   10.339663   library setup time
                                             10.339663   data required time
---------------------------------------------------------------------------------------------
                                             10.339663   data required time
                                             -5.973422   data arrival time
---------------------------------------------------------------------------------------------
                                              4.366241   slack (MET)


Startpoint: _554_ (rising edge-triggered flip-flop clocked by wclk)
Endpoint: _622_ (rising edge-triggered flip-flop clocked by wclk)
Path Group: wclk
Path Type: max

Fanout         Cap        Slew       Delay        Time   Description
---------------------------------------------------------------------------------------------
                                  0.000000    0.000000   clock wclk (rise edge)
                                  0.000000    0.000000   clock source latency
     1    0.020608    0.000000    0.000000    0.000000 ^ wclk (in)
                                                         wclk (net)
                      0.001924    0.000962    0.000962 ^ clkbuf_0_wclk/A (sky130_fd_sc_hd__clkbuf_16)
    16    0.113775    0.195548    0.300371    0.301333 ^ clkbuf_0_wclk/X (sky130_fd_sc_hd__clkbuf_16)
                                                         clknet_0_wclk (net)
                      0.195552    0.001238    0.302572 ^ clkbuf_4_13_0_wclk/A (sky130_fd_sc_hd__clkbuf_8)
    10    0.032418    0.111752    0.321547    0.624119 ^ clkbuf_4_13_0_wclk/X (sky130_fd_sc_hd__clkbuf_8)
                                                         clknet_4_13_0_wclk (net)
                      0.111752    0.000253    0.624371 ^ _554_/CLK (sky130_fd_sc_hd__dfrtp_1)
     2    0.009387    0.132598    0.816823    1.441195 v _554_/Q (sky130_fd_sc_hd__dfrtp_1)
                                                         r_ptr_gray_sync[4] (net)
                      0.132598    0.000076    1.441270 v _291_/A (sky130_fd_sc_hd__xor2_1)
     3    0.011715    0.455124    0.466101    1.907372 ^ _291_/X (sky130_fd_sc_hd__xor2_1)
                                                         _171_ (net)
                      0.455124    0.000106    1.907478 ^ _292_/B (sky130_fd_sc_hd__xnor2_1)
     3    0.010439    0.446557    0.413451    2.320929 ^ _292_/Y (sky130_fd_sc_hd__xnor2_1)
                                                         _172_ (net)
                      0.446557    0.000148    2.321077 ^ _293_/B (sky130_fd_sc_hd__xnor2_1)
     1    0.004499    0.249368    0.345187    2.666264 ^ _293_/Y (sky130_fd_sc_hd__xnor2_1)
                                                         _173_ (net)
                      0.249368    0.000059    2.666323 ^ _297_/S (sky130_fd_sc_hd__mux2_1)
     2    0.006878    0.148951    0.818909    3.485232 v _297_/X (sky130_fd_sc_hd__mux2_1)
                                                         _177_ (net)
                      0.148951    0.000065    3.485297 v _329_/A1 (sky130_fd_sc_hd__a21boi_2)
     3    0.017422    0.368662    0.415023    3.900321 ^ _329_/Y (sky130_fd_sc_hd__a21boi_2)
                                                         _198_ (net)
                      0.368662    0.000322    3.900643 ^ max_cap23/A (sky130_fd_sc_hd__buf_8)
    20    0.118091    0.301366    0.465706    4.366349 ^ max_cap23/X (sky130_fd_sc_hd__buf_8)
                                                         net23 (net)
                      0.301366    0.000995    4.367344 ^ _453_/C (sky130_fd_sc_hd__and4bb_4)
     8    0.053870    0.338772    0.829063    5.196407 ^ _453_/X (sky130_fd_sc_hd__and4bb_4)
                                                         _245_ (net)
                      0.338773    0.001429    5.197835 ^ _460_/S (sky130_fd_sc_hd__mux2_1)
     1    0.002154    0.105956    0.775014    5.972850 v _460_/X (sky130_fd_sc_hd__mux2_1)
                                                         _078_ (net)
                      0.105956    0.000020    5.972870 v _622_/D (sky130_fd_sc_hd__dfxtp_1)
                                              5.972870   data arrival time

                                 10.000000   10.000000   clock wclk (rise edge)
                                  0.000000   10.000000   clock source latency
     1    0.020608    0.000000    0.000000   10.000000 ^ wclk (in)
                                                         wclk (net)
                      0.001924    0.000962   10.000962 ^ clkbuf_0_wclk/A (sky130_fd_sc_hd__clkbuf_16)
    16    0.113775    0.195548    0.300371   10.301333 ^ clkbuf_0_wclk/X (sky130_fd_sc_hd__clkbuf_16)
                                                         clknet_0_wclk (net)
                      0.195564    0.001923   10.303256 ^ clkbuf_4_3_0_wclk/A (sky130_fd_sc_hd__clkbuf_8)
    10    0.027727    0.102003    0.311228   10.614484 ^ clkbuf_4_3_0_wclk/X (sky130_fd_sc_hd__clkbuf_8)
                                                         clknet_4_3_0_wclk (net)
                      0.102003    0.000142   10.614626 ^ _622_/CLK (sky130_fd_sc_hd__dfxtp_1)
                                  0.000000   10.614626   clock reconvergence pessimism
                                 -0.275297   10.339329   library setup time
                                             10.339329   data required time
---------------------------------------------------------------------------------------------
                                             10.339329   data required time
                                             -5.972870   data arrival time
---------------------------------------------------------------------------------------------
                                              4.366458   slack (MET)


Startpoint: _554_ (rising edge-triggered flip-flop clocked by wclk)
Endpoint: _691_ (rising edge-triggered flip-flop clocked by wclk)
Path Group: wclk
Path Type: max

Fanout         Cap        Slew       Delay        Time   Description
---------------------------------------------------------------------------------------------
                                  0.000000    0.000000   clock wclk (rise edge)
                                  0.000000    0.000000   clock source latency
     1    0.020608    0.000000    0.000000    0.000000 ^ wclk (in)
                                                         wclk (net)
                      0.001924    0.000962    0.000962 ^ clkbuf_0_wclk/A (sky130_fd_sc_hd__clkbuf_16)
    16    0.113775    0.195548    0.300371    0.301333 ^ clkbuf_0_wclk/X (sky130_fd_sc_hd__clkbuf_16)
                                                         clknet_0_wclk (net)
                      0.195552    0.001238    0.302572 ^ clkbuf_4_13_0_wclk/A (sky130_fd_sc_hd__clkbuf_8)
    10    0.032418    0.111752    0.321547    0.624119 ^ clkbuf_4_13_0_wclk/X (sky130_fd_sc_hd__clkbuf_8)
                                                         clknet_4_13_0_wclk (net)
                      0.111752    0.000253    0.624371 ^ _554_/CLK (sky130_fd_sc_hd__dfrtp_1)
     2    0.009387    0.132598    0.816823    1.441195 v _554_/Q (sky130_fd_sc_hd__dfrtp_1)
                                                         r_ptr_gray_sync[4] (net)
                      0.132598    0.000076    1.441270 v _291_/A (sky130_fd_sc_hd__xor2_1)
     3    0.011715    0.455124    0.466101    1.907372 ^ _291_/X (sky130_fd_sc_hd__xor2_1)
                                                         _171_ (net)
                      0.455124    0.000106    1.907478 ^ _292_/B (sky130_fd_sc_hd__xnor2_1)
     3    0.010439    0.446557    0.413451    2.320929 ^ _292_/Y (sky130_fd_sc_hd__xnor2_1)
                                                         _172_ (net)
                      0.446557    0.000148    2.321077 ^ _293_/B (sky130_fd_sc_hd__xnor2_1)
     1    0.004499    0.249368    0.345187    2.666264 ^ _293_/Y (sky130_fd_sc_hd__xnor2_1)
                                                         _173_ (net)
                      0.249368    0.000059    2.666323 ^ _297_/S (sky130_fd_sc_hd__mux2_1)
     2    0.006878    0.148951    0.818909    3.485232 v _297_/X (sky130_fd_sc_hd__mux2_1)
                                                         _177_ (net)
                      0.148951    0.000065    3.485297 v _329_/A1 (sky130_fd_sc_hd__a21boi_2)
     3    0.017422    0.368662    0.415023    3.900321 ^ _329_/Y (sky130_fd_sc_hd__a21boi_2)
                                                         _198_ (net)
                      0.368662    0.000322    3.900643 ^ max_cap23/A (sky130_fd_sc_hd__buf_8)
    20    0.118091    0.301366    0.465706    4.366349 ^ max_cap23/X (sky130_fd_sc_hd__buf_8)
                                                         net23 (net)
                      0.301373    0.001934    4.368283 ^ _515_/C (sky130_fd_sc_hd__and4b_4)
     8    0.053271    0.336279    0.830708    5.198991 ^ _515_/X (sky130_fd_sc_hd__and4b_4)
                                                         _251_ (net)
                      0.336279    0.001243    5.200234 ^ _517_/S (sky130_fd_sc_hd__mux2_1)
     1    0.002451    0.109381    0.779455    5.979689 v _517_/X (sky130_fd_sc_hd__mux2_1)
                                                         _129_ (net)
                      0.109381    0.000024    5.979714 v _691_/D (sky130_fd_sc_hd__dfxtp_1)
                                              5.979714   data arrival time

                                 10.000000   10.000000   clock wclk (rise edge)
                                  0.000000   10.000000   clock source latency
     1    0.020608    0.000000    0.000000   10.000000 ^ wclk (in)
                                                         wclk (net)
                      0.001924    0.000962   10.000962 ^ clkbuf_0_wclk/A (sky130_fd_sc_hd__clkbuf_16)
    16    0.113775    0.195548    0.300371   10.301333 ^ clkbuf_0_wclk/X (sky130_fd_sc_hd__clkbuf_16)
                                                         clknet_0_wclk (net)
                      0.195553    0.001307   10.302640 ^ clkbuf_4_5_0_wclk/A (sky130_fd_sc_hd__clkbuf_8)
     8    0.031001    0.109029    0.318688   10.621328 ^ clkbuf_4_5_0_wclk/X (sky130_fd_sc_hd__clkbuf_8)
                                                         clknet_4_5_0_wclk (net)
                      0.109029    0.000171   10.621499 ^ _691_/CLK (sky130_fd_sc_hd__dfxtp_1)
                                  0.000000   10.621499   clock reconvergence pessimism
                                 -0.274826   10.346674   library setup time
                                             10.346674   data required time
---------------------------------------------------------------------------------------------
                                             10.346674   data required time
                                             -5.979714   data arrival time
---------------------------------------------------------------------------------------------
                                              4.366960   slack (MET)


Startpoint: _554_ (rising edge-triggered flip-flop clocked by wclk)
Endpoint: _612_ (rising edge-triggered flip-flop clocked by wclk)
Path Group: wclk
Path Type: max

Fanout         Cap        Slew       Delay        Time   Description
---------------------------------------------------------------------------------------------
                                  0.000000    0.000000   clock wclk (rise edge)
                                  0.000000    0.000000   clock source latency
     1    0.020608    0.000000    0.000000    0.000000 ^ wclk (in)
                                                         wclk (net)
                      0.001924    0.000962    0.000962 ^ clkbuf_0_wclk/A (sky130_fd_sc_hd__clkbuf_16)
    16    0.113775    0.195548    0.300371    0.301333 ^ clkbuf_0_wclk/X (sky130_fd_sc_hd__clkbuf_16)
                                                         clknet_0_wclk (net)
                      0.195552    0.001238    0.302572 ^ clkbuf_4_13_0_wclk/A (sky130_fd_sc_hd__clkbuf_8)
    10    0.032418    0.111752    0.321547    0.624119 ^ clkbuf_4_13_0_wclk/X (sky130_fd_sc_hd__clkbuf_8)
                                                         clknet_4_13_0_wclk (net)
                      0.111752    0.000253    0.624371 ^ _554_/CLK (sky130_fd_sc_hd__dfrtp_1)
     2    0.009387    0.132598    0.816823    1.441195 v _554_/Q (sky130_fd_sc_hd__dfrtp_1)
                                                         r_ptr_gray_sync[4] (net)
                      0.132598    0.000076    1.441270 v _291_/A (sky130_fd_sc_hd__xor2_1)
     3    0.011715    0.455124    0.466101    1.907372 ^ _291_/X (sky130_fd_sc_hd__xor2_1)
                                                         _171_ (net)
                      0.455124    0.000106    1.907478 ^ _292_/B (sky130_fd_sc_hd__xnor2_1)
     3    0.010439    0.446557    0.413451    2.320929 ^ _292_/Y (sky130_fd_sc_hd__xnor2_1)
                                                         _172_ (net)
                      0.446557    0.000148    2.321077 ^ _293_/B (sky130_fd_sc_hd__xnor2_1)
     1    0.004499    0.249368    0.345187    2.666264 ^ _293_/Y (sky130_fd_sc_hd__xnor2_1)
                                                         _173_ (net)
                      0.249368    0.000059    2.666323 ^ _297_/S (sky130_fd_sc_hd__mux2_1)
     2    0.006878    0.148951    0.818909    3.485232 v _297_/X (sky130_fd_sc_hd__mux2_1)
                                                         _177_ (net)
                      0.148951    0.000065    3.485297 v _329_/A1 (sky130_fd_sc_hd__a21boi_2)
     3    0.017422    0.368662    0.415023    3.900321 ^ _329_/Y (sky130_fd_sc_hd__a21boi_2)
                                                         _198_ (net)
                      0.368662    0.000322    3.900643 ^ max_cap23/A (sky130_fd_sc_hd__buf_8)
    20    0.118091    0.301366    0.465706    4.366349 ^ max_cap23/X (sky130_fd_sc_hd__buf_8)
                                                         net23 (net)
                      0.301379    0.002286    4.368635 ^ _443_/C (sky130_fd_sc_hd__and4bb_4)
     8    0.053953    0.339239    0.829268    5.197902 ^ _443_/X (sky130_fd_sc_hd__and4bb_4)
                                                         _243_ (net)
                      0.339243    0.001764    5.199667 ^ _448_/S (sky130_fd_sc_hd__mux2_1)
     1    0.002622    0.108114    0.783178    5.982845 v _448_/X (sky130_fd_sc_hd__mux2_1)
                                                         _068_ (net)
                      0.108114    0.000029    5.982873 v _612_/D (sky130_fd_sc_hd__dfxtp_1)
                                              5.982873   data arrival time

                                 10.000000   10.000000   clock wclk (rise edge)
                                  0.000000   10.000000   clock source latency
     1    0.020608    0.000000    0.000000   10.000000 ^ wclk (in)
                                                         wclk (net)
                      0.001924    0.000962   10.000962 ^ clkbuf_0_wclk/A (sky130_fd_sc_hd__clkbuf_16)
    16    0.113775    0.195548    0.300371   10.301333 ^ clkbuf_0_wclk/X (sky130_fd_sc_hd__clkbuf_16)
                                                         clknet_0_wclk (net)
                      0.195563    0.001899   10.303232 ^ clkbuf_4_10_0_wclk/A (sky130_fd_sc_hd__clkbuf_8)
    12    0.031985    0.110731    0.320682   10.623915 ^ clkbuf_4_10_0_wclk/X (sky130_fd_sc_hd__clkbuf_8)
                                                         clknet_4_10_0_wclk (net)
                      0.110731    0.000346   10.624261 ^ _612_/CLK (sky130_fd_sc_hd__dfxtp_1)
                                  0.000000   10.624261   clock reconvergence pessimism
                                 -0.273841   10.350420   library setup time
                                             10.350420   data required time
---------------------------------------------------------------------------------------------
                                             10.350420   data required time
                                             -5.982873   data arrival time
---------------------------------------------------------------------------------------------
                                              4.367547   slack (MET)


Startpoint: _554_ (rising edge-triggered flip-flop clocked by wclk)
Endpoint: _692_ (rising edge-triggered flip-flop clocked by wclk)
Path Group: wclk
Path Type: max

Fanout         Cap        Slew       Delay        Time   Description
---------------------------------------------------------------------------------------------
                                  0.000000    0.000000   clock wclk (rise edge)
                                  0.000000    0.000000   clock source latency
     1    0.020608    0.000000    0.000000    0.000000 ^ wclk (in)
                                                         wclk (net)
                      0.001924    0.000962    0.000962 ^ clkbuf_0_wclk/A (sky130_fd_sc_hd__clkbuf_16)
    16    0.113775    0.195548    0.300371    0.301333 ^ clkbuf_0_wclk/X (sky130_fd_sc_hd__clkbuf_16)
                                                         clknet_0_wclk (net)
                      0.195552    0.001238    0.302572 ^ clkbuf_4_13_0_wclk/A (sky130_fd_sc_hd__clkbuf_8)
    10    0.032418    0.111752    0.321547    0.624119 ^ clkbuf_4_13_0_wclk/X (sky130_fd_sc_hd__clkbuf_8)
                                                         clknet_4_13_0_wclk (net)
                      0.111752    0.000253    0.624371 ^ _554_/CLK (sky130_fd_sc_hd__dfrtp_1)
     2    0.009387    0.132598    0.816823    1.441195 v _554_/Q (sky130_fd_sc_hd__dfrtp_1)
                                                         r_ptr_gray_sync[4] (net)
                      0.132598    0.000076    1.441270 v _291_/A (sky130_fd_sc_hd__xor2_1)
     3    0.011715    0.455124    0.466101    1.907372 ^ _291_/X (sky130_fd_sc_hd__xor2_1)
                                                         _171_ (net)
                      0.455124    0.000106    1.907478 ^ _292_/B (sky130_fd_sc_hd__xnor2_1)
     3    0.010439    0.446557    0.413451    2.320929 ^ _292_/Y (sky130_fd_sc_hd__xnor2_1)
                                                         _172_ (net)
                      0.446557    0.000148    2.321077 ^ _293_/B (sky130_fd_sc_hd__xnor2_1)
     1    0.004499    0.249368    0.345187    2.666264 ^ _293_/Y (sky130_fd_sc_hd__xnor2_1)
                                                         _173_ (net)
                      0.249368    0.000059    2.666323 ^ _297_/S (sky130_fd_sc_hd__mux2_1)
     2    0.006878    0.148951    0.818909    3.485232 v _297_/X (sky130_fd_sc_hd__mux2_1)
                                                         _177_ (net)
                      0.148951    0.000065    3.485297 v _329_/A1 (sky130_fd_sc_hd__a21boi_2)
     3    0.017422    0.368662    0.415023    3.900321 ^ _329_/Y (sky130_fd_sc_hd__a21boi_2)
                                                         _198_ (net)
                      0.368662    0.000322    3.900643 ^ max_cap23/A (sky130_fd_sc_hd__buf_8)
    20    0.118091    0.301366    0.465706    4.366349 ^ max_cap23/X (sky130_fd_sc_hd__buf_8)
                                                         net23 (net)
                      0.301373    0.001934    4.368283 ^ _515_/C (sky130_fd_sc_hd__and4b_4)
     8    0.053271    0.336279    0.830708    5.198991 ^ _515_/X (sky130_fd_sc_hd__and4b_4)
                                                         _251_ (net)
                      0.336281    0.001483    5.200474 ^ _518_/S (sky130_fd_sc_hd__mux2_1)
     1    0.002662    0.108511    0.783074    5.983549 v _518_/X (sky130_fd_sc_hd__mux2_1)
                                                         _130_ (net)
                      0.108511    0.000033    5.983582 v _692_/D (sky130_fd_sc_hd__dfxtp_1)
                                              5.983582   data arrival time

                                 10.000000   10.000000   clock wclk (rise edge)
                                  0.000000   10.000000   clock source latency
     1    0.020608    0.000000    0.000000   10.000000 ^ wclk (in)
                                                         wclk (net)
                      0.001924    0.000962   10.000962 ^ clkbuf_0_wclk/A (sky130_fd_sc_hd__clkbuf_16)
    16    0.113775    0.195548    0.300371   10.301333 ^ clkbuf_0_wclk/X (sky130_fd_sc_hd__clkbuf_16)
                                                         clknet_0_wclk (net)
                      0.195571    0.002210   10.303543 ^ clkbuf_4_0_0_wclk/A (sky130_fd_sc_hd__clkbuf_8)
    12    0.032566    0.112105    0.321778   10.625321 ^ clkbuf_4_0_0_wclk/X (sky130_fd_sc_hd__clkbuf_8)
                                                         clknet_4_0_0_wclk (net)
                      0.112106    0.000508   10.625830 ^ _692_/CLK (sky130_fd_sc_hd__dfxtp_1)
                                  0.000000   10.625830   clock reconvergence pessimism
                                 -0.273635   10.352195   library setup time
                                             10.352195   data required time
---------------------------------------------------------------------------------------------
                                             10.352195   data required time
                                             -5.983582   data arrival time
---------------------------------------------------------------------------------------------
                                              4.368614   slack (MET)


Startpoint: _554_ (rising edge-triggered flip-flop clocked by wclk)
Endpoint: _623_ (rising edge-triggered flip-flop clocked by wclk)
Path Group: wclk
Path Type: max

Fanout         Cap        Slew       Delay        Time   Description
---------------------------------------------------------------------------------------------
                                  0.000000    0.000000   clock wclk (rise edge)
                                  0.000000    0.000000   clock source latency
     1    0.020608    0.000000    0.000000    0.000000 ^ wclk (in)
                                                         wclk (net)
                      0.001924    0.000962    0.000962 ^ clkbuf_0_wclk/A (sky130_fd_sc_hd__clkbuf_16)
    16    0.113775    0.195548    0.300371    0.301333 ^ clkbuf_0_wclk/X (sky130_fd_sc_hd__clkbuf_16)
                                                         clknet_0_wclk (net)
                      0.195552    0.001238    0.302572 ^ clkbuf_4_13_0_wclk/A (sky130_fd_sc_hd__clkbuf_8)
    10    0.032418    0.111752    0.321547    0.624119 ^ clkbuf_4_13_0_wclk/X (sky130_fd_sc_hd__clkbuf_8)
                                                         clknet_4_13_0_wclk (net)
                      0.111752    0.000253    0.624371 ^ _554_/CLK (sky130_fd_sc_hd__dfrtp_1)
     2    0.009387    0.132598    0.816823    1.441195 v _554_/Q (sky130_fd_sc_hd__dfrtp_1)
                                                         r_ptr_gray_sync[4] (net)
                      0.132598    0.000076    1.441270 v _291_/A (sky130_fd_sc_hd__xor2_1)
     3    0.011715    0.455124    0.466101    1.907372 ^ _291_/X (sky130_fd_sc_hd__xor2_1)
                                                         _171_ (net)
                      0.455124    0.000106    1.907478 ^ _292_/B (sky130_fd_sc_hd__xnor2_1)
     3    0.010439    0.446557    0.413451    2.320929 ^ _292_/Y (sky130_fd_sc_hd__xnor2_1)
                                                         _172_ (net)
                      0.446557    0.000148    2.321077 ^ _293_/B (sky130_fd_sc_hd__xnor2_1)
     1    0.004499    0.249368    0.345187    2.666264 ^ _293_/Y (sky130_fd_sc_hd__xnor2_1)
                                                         _173_ (net)
                      0.249368    0.000059    2.666323 ^ _297_/S (sky130_fd_sc_hd__mux2_1)
     2    0.006878    0.148951    0.818909    3.485232 v _297_/X (sky130_fd_sc_hd__mux2_1)
                                                         _177_ (net)
                      0.148951    0.000065    3.485297 v _329_/A1 (sky130_fd_sc_hd__a21boi_2)
     3    0.017422    0.368662    0.415023    3.900321 ^ _329_/Y (sky130_fd_sc_hd__a21boi_2)
                                                         _198_ (net)
                      0.368662    0.000322    3.900643 ^ max_cap23/A (sky130_fd_sc_hd__buf_8)
    20    0.118091    0.301366    0.465706    4.366349 ^ max_cap23/X (sky130_fd_sc_hd__buf_8)
                                                         net23 (net)
                      0.301366    0.000995    4.367344 ^ _453_/C (sky130_fd_sc_hd__and4bb_4)
     8    0.053870    0.338772    0.829063    5.196407 ^ _453_/X (sky130_fd_sc_hd__and4bb_4)
                                                         _245_ (net)
                      0.338775    0.001588    5.197995 ^ _461_/S (sky130_fd_sc_hd__mux2_1)
     1    0.001968    0.103801    0.771807    5.969802 v _461_/X (sky130_fd_sc_hd__mux2_1)
                                                         _079_ (net)
                      0.103801    0.000017    5.969819 v _623_/D (sky130_fd_sc_hd__dfxtp_1)
                                              5.969819   data arrival time

                                 10.000000   10.000000   clock wclk (rise edge)
                                  0.000000   10.000000   clock source latency
     1    0.020608    0.000000    0.000000   10.000000 ^ wclk (in)
                                                         wclk (net)
                      0.001924    0.000962   10.000962 ^ clkbuf_0_wclk/A (sky130_fd_sc_hd__clkbuf_16)
    16    0.113775    0.195548    0.300371   10.301333 ^ clkbuf_0_wclk/X (sky130_fd_sc_hd__clkbuf_16)
                                                         clknet_0_wclk (net)
                      0.195564    0.001923   10.303256 ^ clkbuf_4_3_0_wclk/A (sky130_fd_sc_hd__clkbuf_8)
    10    0.027727    0.102003    0.311228   10.614484 ^ clkbuf_4_3_0_wclk/X (sky130_fd_sc_hd__clkbuf_8)
                                                         clknet_4_3_0_wclk (net)
                      0.102003    0.000171   10.614655 ^ _623_/CLK (sky130_fd_sc_hd__dfxtp_1)
                                  0.000000   10.614655   clock reconvergence pessimism
                                 -0.274402   10.340253   library setup time
                                             10.340253   data required time
---------------------------------------------------------------------------------------------
                                             10.340253   data required time
                                             -5.969819   data arrival time
---------------------------------------------------------------------------------------------
                                              4.370434   slack (MET)


Startpoint: _554_ (rising edge-triggered flip-flop clocked by wclk)
Endpoint: _608_ (rising edge-triggered flip-flop clocked by wclk)
Path Group: wclk
Path Type: max

Fanout         Cap        Slew       Delay        Time   Description
---------------------------------------------------------------------------------------------
                                  0.000000    0.000000   clock wclk (rise edge)
                                  0.000000    0.000000   clock source latency
     1    0.020608    0.000000    0.000000    0.000000 ^ wclk (in)
                                                         wclk (net)
                      0.001924    0.000962    0.000962 ^ clkbuf_0_wclk/A (sky130_fd_sc_hd__clkbuf_16)
    16    0.113775    0.195548    0.300371    0.301333 ^ clkbuf_0_wclk/X (sky130_fd_sc_hd__clkbuf_16)
                                                         clknet_0_wclk (net)
                      0.195552    0.001238    0.302572 ^ clkbuf_4_13_0_wclk/A (sky130_fd_sc_hd__clkbuf_8)
    10    0.032418    0.111752    0.321547    0.624119 ^ clkbuf_4_13_0_wclk/X (sky130_fd_sc_hd__clkbuf_8)
                                                         clknet_4_13_0_wclk (net)
                      0.111752    0.000253    0.624371 ^ _554_/CLK (sky130_fd_sc_hd__dfrtp_1)
     2    0.009387    0.132598    0.816823    1.441195 v _554_/Q (sky130_fd_sc_hd__dfrtp_1)
                                                         r_ptr_gray_sync[4] (net)
                      0.132598    0.000076    1.441270 v _291_/A (sky130_fd_sc_hd__xor2_1)
     3    0.011715    0.455124    0.466101    1.907372 ^ _291_/X (sky130_fd_sc_hd__xor2_1)
                                                         _171_ (net)
                      0.455124    0.000106    1.907478 ^ _292_/B (sky130_fd_sc_hd__xnor2_1)
     3    0.010439    0.446557    0.413451    2.320929 ^ _292_/Y (sky130_fd_sc_hd__xnor2_1)
                                                         _172_ (net)
                      0.446557    0.000148    2.321077 ^ _293_/B (sky130_fd_sc_hd__xnor2_1)
     1    0.004499    0.249368    0.345187    2.666264 ^ _293_/Y (sky130_fd_sc_hd__xnor2_1)
                                                         _173_ (net)
                      0.249368    0.000059    2.666323 ^ _297_/S (sky130_fd_sc_hd__mux2_1)
     2    0.006878    0.148951    0.818909    3.485232 v _297_/X (sky130_fd_sc_hd__mux2_1)
                                                         _177_ (net)
                      0.148951    0.000065    3.485297 v _329_/A1 (sky130_fd_sc_hd__a21boi_2)
     3    0.017422    0.368662    0.415023    3.900321 ^ _329_/Y (sky130_fd_sc_hd__a21boi_2)
                                                         _198_ (net)
                      0.368662    0.000322    3.900643 ^ max_cap23/A (sky130_fd_sc_hd__buf_8)
    20    0.118091    0.301366    0.465706    4.366349 ^ max_cap23/X (sky130_fd_sc_hd__buf_8)
                                                         net23 (net)
                      0.301379    0.002286    4.368635 ^ _443_/C (sky130_fd_sc_hd__and4bb_4)
     8    0.053953    0.339239    0.829268    5.197902 ^ _443_/X (sky130_fd_sc_hd__and4bb_4)
                                                         _243_ (net)
                      0.339239    0.000738    5.198640 ^ _444_/S (sky130_fd_sc_hd__mux2_1)
     1    0.002238    0.106925    0.776577    5.975217 v _444_/X (sky130_fd_sc_hd__mux2_1)
                                                         _064_ (net)
                      0.106925    0.000021    5.975238 v _608_/D (sky130_fd_sc_hd__dfxtp_1)
                                              5.975238   data arrival time

                                 10.000000   10.000000   clock wclk (rise edge)
                                  0.000000   10.000000   clock source latency
     1    0.020608    0.000000    0.000000   10.000000 ^ wclk (in)
                                                         wclk (net)
                      0.001924    0.000962   10.000962 ^ clkbuf_0_wclk/A (sky130_fd_sc_hd__clkbuf_16)
    16    0.113775    0.195548    0.300371   10.301333 ^ clkbuf_0_wclk/X (sky130_fd_sc_hd__clkbuf_16)
                                                         clknet_0_wclk (net)
                      0.195550    0.001114   10.302447 ^ clkbuf_4_12_0_wclk/A (sky130_fd_sc_hd__clkbuf_8)
     8    0.030805    0.109061    0.318005   10.620452 ^ clkbuf_4_12_0_wclk/X (sky130_fd_sc_hd__clkbuf_8)
                                                         clknet_4_12_0_wclk (net)
                      0.109062    0.000556   10.621008 ^ _608_/CLK (sky130_fd_sc_hd__dfxtp_1)
                                  0.000000   10.621008   clock reconvergence pessimism
                                 -0.273796   10.347212   library setup time
                                             10.347212   data required time
---------------------------------------------------------------------------------------------
                                             10.347212   data required time
                                             -5.975238   data arrival time
---------------------------------------------------------------------------------------------
                                              4.371974   slack (MET)


Startpoint: _554_ (rising edge-triggered flip-flop clocked by wclk)
Endpoint: _578_ (rising edge-triggered flip-flop clocked by wclk)
Path Group: wclk
Path Type: max

Fanout         Cap        Slew       Delay        Time   Description
---------------------------------------------------------------------------------------------
                                  0.000000    0.000000   clock wclk (rise edge)
                                  0.000000    0.000000   clock source latency
     1    0.020608    0.000000    0.000000    0.000000 ^ wclk (in)
                                                         wclk (net)
                      0.001924    0.000962    0.000962 ^ clkbuf_0_wclk/A (sky130_fd_sc_hd__clkbuf_16)
    16    0.113775    0.195548    0.300371    0.301333 ^ clkbuf_0_wclk/X (sky130_fd_sc_hd__clkbuf_16)
                                                         clknet_0_wclk (net)
                      0.195552    0.001238    0.302572 ^ clkbuf_4_13_0_wclk/A (sky130_fd_sc_hd__clkbuf_8)
    10    0.032418    0.111752    0.321547    0.624119 ^ clkbuf_4_13_0_wclk/X (sky130_fd_sc_hd__clkbuf_8)
                                                         clknet_4_13_0_wclk (net)
                      0.111752    0.000253    0.624371 ^ _554_/CLK (sky130_fd_sc_hd__dfrtp_1)
     2    0.009387    0.132598    0.816823    1.441195 v _554_/Q (sky130_fd_sc_hd__dfrtp_1)
                                                         r_ptr_gray_sync[4] (net)
                      0.132598    0.000076    1.441270 v _291_/A (sky130_fd_sc_hd__xor2_1)
     3    0.011715    0.455124    0.466101    1.907372 ^ _291_/X (sky130_fd_sc_hd__xor2_1)
                                                         _171_ (net)
                      0.455124    0.000106    1.907478 ^ _292_/B (sky130_fd_sc_hd__xnor2_1)
     3    0.010439    0.446557    0.413451    2.320929 ^ _292_/Y (sky130_fd_sc_hd__xnor2_1)
                                                         _172_ (net)
                      0.446557    0.000148    2.321077 ^ _293_/B (sky130_fd_sc_hd__xnor2_1)
     1    0.004499    0.249368    0.345187    2.666264 ^ _293_/Y (sky130_fd_sc_hd__xnor2_1)
                                                         _173_ (net)
                      0.249368    0.000059    2.666323 ^ _297_/S (sky130_fd_sc_hd__mux2_1)
     2    0.006878    0.148951    0.818909    3.485232 v _297_/X (sky130_fd_sc_hd__mux2_1)
                                                         _177_ (net)
                      0.148951    0.000065    3.485297 v _329_/A1 (sky130_fd_sc_hd__a21boi_2)
     3    0.017422    0.368662    0.415023    3.900321 ^ _329_/Y (sky130_fd_sc_hd__a21boi_2)
                                                         _198_ (net)
                      0.368662    0.000322    3.900643 ^ max_cap23/A (sky130_fd_sc_hd__buf_8)
    20    0.118091    0.301366    0.465706    4.366349 ^ max_cap23/X (sky130_fd_sc_hd__buf_8)
                                                         net23 (net)
                      0.301382    0.002493    4.368842 ^ _406_/C (sky130_fd_sc_hd__and4bb_4)
     8    0.047814    0.310168    0.804214    5.173056 ^ _406_/X (sky130_fd_sc_hd__and4bb_4)
                                                         _238_ (net)
                      0.310171    0.001652    5.174707 ^ _409_/S (sky130_fd_sc_hd__mux2_1)
     1    0.003465    0.116773    0.789913    5.964621 v _409_/X (sky130_fd_sc_hd__mux2_1)
                                                         _034_ (net)
                      0.116773    0.000052    5.964673 v _578_/D (sky130_fd_sc_hd__dfxtp_1)
                                              5.964673   data arrival time

                                 10.000000   10.000000   clock wclk (rise edge)
                                  0.000000   10.000000   clock source latency
     1    0.020608    0.000000    0.000000   10.000000 ^ wclk (in)
                                                         wclk (net)
                      0.001924    0.000962   10.000962 ^ clkbuf_0_wclk/A (sky130_fd_sc_hd__clkbuf_16)
    16    0.113775    0.195548    0.300371   10.301333 ^ clkbuf_0_wclk/X (sky130_fd_sc_hd__clkbuf_16)
                                                         clknet_0_wclk (net)
                      0.195558    0.001616   10.302950 ^ clkbuf_4_9_0_wclk/A (sky130_fd_sc_hd__clkbuf_8)
     9    0.028597    0.104139    0.313218   10.616168 ^ clkbuf_4_9_0_wclk/X (sky130_fd_sc_hd__clkbuf_8)
                                                         clknet_4_9_0_wclk (net)
                      0.104139    0.000171   10.616340 ^ _578_/CLK (sky130_fd_sc_hd__dfxtp_1)
                                  0.000000   10.616340   clock reconvergence pessimism
                                 -0.279215   10.337124   library setup time
                                             10.337124   data required time
---------------------------------------------------------------------------------------------
                                             10.337124   data required time
                                             -5.964673   data arrival time
---------------------------------------------------------------------------------------------
                                              4.372452   slack (MET)


Startpoint: _554_ (rising edge-triggered flip-flop clocked by wclk)
Endpoint: _697_ (rising edge-triggered flip-flop clocked by wclk)
Path Group: wclk
Path Type: max

Fanout         Cap        Slew       Delay        Time   Description
---------------------------------------------------------------------------------------------
                                  0.000000    0.000000   clock wclk (rise edge)
                                  0.000000    0.000000   clock source latency
     1    0.020608    0.000000    0.000000    0.000000 ^ wclk (in)
                                                         wclk (net)
                      0.001924    0.000962    0.000962 ^ clkbuf_0_wclk/A (sky130_fd_sc_hd__clkbuf_16)
    16    0.113775    0.195548    0.300371    0.301333 ^ clkbuf_0_wclk/X (sky130_fd_sc_hd__clkbuf_16)
                                                         clknet_0_wclk (net)
                      0.195552    0.001238    0.302572 ^ clkbuf_4_13_0_wclk/A (sky130_fd_sc_hd__clkbuf_8)
    10    0.032418    0.111752    0.321547    0.624119 ^ clkbuf_4_13_0_wclk/X (sky130_fd_sc_hd__clkbuf_8)
                                                         clknet_4_13_0_wclk (net)
                      0.111752    0.000253    0.624371 ^ _554_/CLK (sky130_fd_sc_hd__dfrtp_1)
     2    0.009387    0.132598    0.816823    1.441195 v _554_/Q (sky130_fd_sc_hd__dfrtp_1)
                                                         r_ptr_gray_sync[4] (net)
                      0.132598    0.000076    1.441270 v _291_/A (sky130_fd_sc_hd__xor2_1)
     3    0.011715    0.455124    0.466101    1.907372 ^ _291_/X (sky130_fd_sc_hd__xor2_1)
                                                         _171_ (net)
                      0.455124    0.000106    1.907478 ^ _292_/B (sky130_fd_sc_hd__xnor2_1)
     3    0.010439    0.446557    0.413451    2.320929 ^ _292_/Y (sky130_fd_sc_hd__xnor2_1)
                                                         _172_ (net)
                      0.446557    0.000148    2.321077 ^ _293_/B (sky130_fd_sc_hd__xnor2_1)
     1    0.004499    0.249368    0.345187    2.666264 ^ _293_/Y (sky130_fd_sc_hd__xnor2_1)
                                                         _173_ (net)
                      0.249368    0.000059    2.666323 ^ _297_/S (sky130_fd_sc_hd__mux2_1)
     2    0.006878    0.148951    0.818909    3.485232 v _297_/X (sky130_fd_sc_hd__mux2_1)
                                                         _177_ (net)
                      0.148951    0.000065    3.485297 v _329_/A1 (sky130_fd_sc_hd__a21boi_2)
     3    0.017422    0.368662    0.415023    3.900321 ^ _329_/Y (sky130_fd_sc_hd__a21boi_2)
                                                         _198_ (net)
                      0.368662    0.000322    3.900643 ^ max_cap23/A (sky130_fd_sc_hd__buf_8)
    20    0.118091    0.301366    0.465706    4.366349 ^ max_cap23/X (sky130_fd_sc_hd__buf_8)
                                                         net23 (net)
                      0.301373    0.001934    4.368283 ^ _515_/C (sky130_fd_sc_hd__and4b_4)
     8    0.053271    0.336279    0.830708    5.198991 ^ _515_/X (sky130_fd_sc_hd__and4b_4)
                                                         _251_ (net)
                      0.336280    0.001314    5.200305 ^ _523_/S (sky130_fd_sc_hd__mux2_1)
     1    0.002351    0.108222    0.777732    5.978037 v _523_/X (sky130_fd_sc_hd__mux2_1)
                                                         _135_ (net)
                      0.108222    0.000024    5.978060 v _697_/D (sky130_fd_sc_hd__dfxtp_1)
                                              5.978060   data arrival time

                                 10.000000   10.000000   clock wclk (rise edge)
                                  0.000000   10.000000   clock source latency
     1    0.020608    0.000000    0.000000   10.000000 ^ wclk (in)
                                                         wclk (net)
                      0.001924    0.000962   10.000962 ^ clkbuf_0_wclk/A (sky130_fd_sc_hd__clkbuf_16)
    16    0.113775    0.195548    0.300371   10.301333 ^ clkbuf_0_wclk/X (sky130_fd_sc_hd__clkbuf_16)
                                                         clknet_0_wclk (net)
                      0.195564    0.001920   10.303254 ^ clkbuf_4_2_0_wclk/A (sky130_fd_sc_hd__clkbuf_8)
    12    0.032585    0.112062    0.321712   10.624966 ^ clkbuf_4_2_0_wclk/X (sky130_fd_sc_hd__clkbuf_8)
                                                         clknet_4_2_0_wclk (net)
                      0.112062    0.000071   10.625037 ^ _697_/CLK (sky130_fd_sc_hd__dfxtp_1)
                                  0.000000   10.625037   clock reconvergence pessimism
                                 -0.273526   10.351511   library setup time
                                             10.351511   data required time
---------------------------------------------------------------------------------------------
                                             10.351511   data required time
                                             -5.978060   data arrival time
---------------------------------------------------------------------------------------------
                                              4.373451   slack (MET)


Startpoint: _554_ (rising edge-triggered flip-flop clocked by wclk)
Endpoint: _593_ (rising edge-triggered flip-flop clocked by wclk)
Path Group: wclk
Path Type: max

Fanout         Cap        Slew       Delay        Time   Description
---------------------------------------------------------------------------------------------
                                  0.000000    0.000000   clock wclk (rise edge)
                                  0.000000    0.000000   clock source latency
     1    0.020608    0.000000    0.000000    0.000000 ^ wclk (in)
                                                         wclk (net)
                      0.001924    0.000962    0.000962 ^ clkbuf_0_wclk/A (sky130_fd_sc_hd__clkbuf_16)
    16    0.113775    0.195548    0.300371    0.301333 ^ clkbuf_0_wclk/X (sky130_fd_sc_hd__clkbuf_16)
                                                         clknet_0_wclk (net)
                      0.195552    0.001238    0.302572 ^ clkbuf_4_13_0_wclk/A (sky130_fd_sc_hd__clkbuf_8)
    10    0.032418    0.111752    0.321547    0.624119 ^ clkbuf_4_13_0_wclk/X (sky130_fd_sc_hd__clkbuf_8)
                                                         clknet_4_13_0_wclk (net)
                      0.111752    0.000253    0.624371 ^ _554_/CLK (sky130_fd_sc_hd__dfrtp_1)
     2    0.009387    0.132598    0.816823    1.441195 v _554_/Q (sky130_fd_sc_hd__dfrtp_1)
                                                         r_ptr_gray_sync[4] (net)
                      0.132598    0.000076    1.441270 v _291_/A (sky130_fd_sc_hd__xor2_1)
     3    0.011715    0.455124    0.466101    1.907372 ^ _291_/X (sky130_fd_sc_hd__xor2_1)
                                                         _171_ (net)
                      0.455124    0.000106    1.907478 ^ _292_/B (sky130_fd_sc_hd__xnor2_1)
     3    0.010439    0.446557    0.413451    2.320929 ^ _292_/Y (sky130_fd_sc_hd__xnor2_1)
                                                         _172_ (net)
                      0.446557    0.000148    2.321077 ^ _293_/B (sky130_fd_sc_hd__xnor2_1)
     1    0.004499    0.249368    0.345187    2.666264 ^ _293_/Y (sky130_fd_sc_hd__xnor2_1)
                                                         _173_ (net)
                      0.249368    0.000059    2.666323 ^ _297_/S (sky130_fd_sc_hd__mux2_1)
     2    0.006878    0.148951    0.818909    3.485232 v _297_/X (sky130_fd_sc_hd__mux2_1)
                                                         _177_ (net)
                      0.148951    0.000065    3.485297 v _329_/A1 (sky130_fd_sc_hd__a21boi_2)
     3    0.017422    0.368662    0.415023    3.900321 ^ _329_/Y (sky130_fd_sc_hd__a21boi_2)
                                                         _198_ (net)
                      0.368662    0.000322    3.900643 ^ max_cap23/A (sky130_fd_sc_hd__buf_8)
    20    0.118091    0.301366    0.465706    4.366349 ^ max_cap23/X (sky130_fd_sc_hd__buf_8)
                                                         net23 (net)
                      0.301379    0.002304    4.368653 ^ _424_/C (sky130_fd_sc_hd__and4b_4)
     8    0.050785    0.324643    0.820315    5.188969 ^ _424_/X (sky130_fd_sc_hd__and4b_4)
                                                         _240_ (net)
                      0.324646    0.001652    5.190621 ^ _426_/S (sky130_fd_sc_hd__mux2_1)
     1    0.002736    0.109255    0.781255    5.971876 v _426_/X (sky130_fd_sc_hd__mux2_1)
                                                         _049_ (net)
                      0.109255    0.000034    5.971910 v _593_/D (sky130_fd_sc_hd__dfxtp_1)
                                              5.971910   data arrival time

                                 10.000000   10.000000   clock wclk (rise edge)
                                  0.000000   10.000000   clock source latency
     1    0.020608    0.000000    0.000000   10.000000 ^ wclk (in)
                                                         wclk (net)
                      0.001924    0.000962   10.000962 ^ clkbuf_0_wclk/A (sky130_fd_sc_hd__clkbuf_16)
    16    0.113775    0.195548    0.300371   10.301333 ^ clkbuf_0_wclk/X (sky130_fd_sc_hd__clkbuf_16)
                                                         clknet_0_wclk (net)
                      0.195558    0.001626   10.302959 ^ clkbuf_4_14_0_wclk/A (sky130_fd_sc_hd__clkbuf_8)
     9    0.031016    0.109068    0.318644   10.621603 ^ clkbuf_4_14_0_wclk/X (sky130_fd_sc_hd__clkbuf_8)
                                                         clknet_4_14_0_wclk (net)
                      0.109068    0.000417   10.622021 ^ _593_/CLK (sky130_fd_sc_hd__dfxtp_1)
                                  0.000000   10.622021   clock reconvergence pessimism
                                 -0.274763   10.347259   library setup time
                                             10.347259   data required time
---------------------------------------------------------------------------------------------
                                             10.347259   data required time
                                             -5.971910   data arrival time
---------------------------------------------------------------------------------------------
                                              4.375349   slack (MET)


Startpoint: _554_ (rising edge-triggered flip-flop clocked by wclk)
Endpoint: _615_ (rising edge-triggered flip-flop clocked by wclk)
Path Group: wclk
Path Type: max

Fanout         Cap        Slew       Delay        Time   Description
---------------------------------------------------------------------------------------------
                                  0.000000    0.000000   clock wclk (rise edge)
                                  0.000000    0.000000   clock source latency
     1    0.020608    0.000000    0.000000    0.000000 ^ wclk (in)
                                                         wclk (net)
                      0.001924    0.000962    0.000962 ^ clkbuf_0_wclk/A (sky130_fd_sc_hd__clkbuf_16)
    16    0.113775    0.195548    0.300371    0.301333 ^ clkbuf_0_wclk/X (sky130_fd_sc_hd__clkbuf_16)
                                                         clknet_0_wclk (net)
                      0.195552    0.001238    0.302572 ^ clkbuf_4_13_0_wclk/A (sky130_fd_sc_hd__clkbuf_8)
    10    0.032418    0.111752    0.321547    0.624119 ^ clkbuf_4_13_0_wclk/X (sky130_fd_sc_hd__clkbuf_8)
                                                         clknet_4_13_0_wclk (net)
                      0.111752    0.000253    0.624371 ^ _554_/CLK (sky130_fd_sc_hd__dfrtp_1)
     2    0.009387    0.132598    0.816823    1.441195 v _554_/Q (sky130_fd_sc_hd__dfrtp_1)
                                                         r_ptr_gray_sync[4] (net)
                      0.132598    0.000076    1.441270 v _291_/A (sky130_fd_sc_hd__xor2_1)
     3    0.011715    0.455124    0.466101    1.907372 ^ _291_/X (sky130_fd_sc_hd__xor2_1)
                                                         _171_ (net)
                      0.455124    0.000106    1.907478 ^ _292_/B (sky130_fd_sc_hd__xnor2_1)
     3    0.010439    0.446557    0.413451    2.320929 ^ _292_/Y (sky130_fd_sc_hd__xnor2_1)
                                                         _172_ (net)
                      0.446557    0.000148    2.321077 ^ _293_/B (sky130_fd_sc_hd__xnor2_1)
     1    0.004499    0.249368    0.345187    2.666264 ^ _293_/Y (sky130_fd_sc_hd__xnor2_1)
                                                         _173_ (net)
                      0.249368    0.000059    2.666323 ^ _297_/S (sky130_fd_sc_hd__mux2_1)
     2    0.006878    0.148951    0.818909    3.485232 v _297_/X (sky130_fd_sc_hd__mux2_1)
                                                         _177_ (net)
                      0.148951    0.000065    3.485297 v _329_/A1 (sky130_fd_sc_hd__a21boi_2)
     3    0.017422    0.368662    0.415023    3.900321 ^ _329_/Y (sky130_fd_sc_hd__a21boi_2)
                                                         _198_ (net)
                      0.368662    0.000322    3.900643 ^ max_cap23/A (sky130_fd_sc_hd__buf_8)
    20    0.118091    0.301366    0.465706    4.366349 ^ max_cap23/X (sky130_fd_sc_hd__buf_8)
                                                         net23 (net)
                      0.301379    0.002286    4.368635 ^ _443_/C (sky130_fd_sc_hd__and4bb_4)
     8    0.053953    0.339239    0.829268    5.197902 ^ _443_/X (sky130_fd_sc_hd__and4bb_4)
                                                         _243_ (net)
                      0.339243    0.001816    5.199718 ^ _451_/S (sky130_fd_sc_hd__mux2_1)
     1    0.002189    0.106353    0.775727    5.975445 v _451_/X (sky130_fd_sc_hd__mux2_1)
                                                         _071_ (net)
                      0.106353    0.000021    5.975466 v _615_/D (sky130_fd_sc_hd__dfxtp_1)
                                              5.975466   data arrival time

                                 10.000000   10.000000   clock wclk (rise edge)
                                  0.000000   10.000000   clock source latency
     1    0.020608    0.000000    0.000000   10.000000 ^ wclk (in)
                                                         wclk (net)
                      0.001924    0.000962   10.000962 ^ clkbuf_0_wclk/A (sky130_fd_sc_hd__clkbuf_16)
    16    0.113775    0.195548    0.300371   10.301333 ^ clkbuf_0_wclk/X (sky130_fd_sc_hd__clkbuf_16)
                                                         clknet_0_wclk (net)
                      0.195563    0.001899   10.303232 ^ clkbuf_4_10_0_wclk/A (sky130_fd_sc_hd__clkbuf_8)
    12    0.031985    0.110731    0.320682   10.623915 ^ clkbuf_4_10_0_wclk/X (sky130_fd_sc_hd__clkbuf_8)
                                                         clknet_4_10_0_wclk (net)
                      0.110731    0.000251   10.624166 ^ _615_/CLK (sky130_fd_sc_hd__dfxtp_1)
                                  0.000000   10.624166   clock reconvergence pessimism
                                 -0.273109   10.351057   library setup time
                                             10.351057   data required time
---------------------------------------------------------------------------------------------
                                             10.351057   data required time
                                             -5.975466   data arrival time
---------------------------------------------------------------------------------------------
                                              4.375591   slack (MET)


Startpoint: _554_ (rising edge-triggered flip-flop clocked by wclk)
Endpoint: _666_ (rising edge-triggered flip-flop clocked by wclk)
Path Group: wclk
Path Type: max

Fanout         Cap        Slew       Delay        Time   Description
---------------------------------------------------------------------------------------------
                                  0.000000    0.000000   clock wclk (rise edge)
                                  0.000000    0.000000   clock source latency
     1    0.020608    0.000000    0.000000    0.000000 ^ wclk (in)
                                                         wclk (net)
                      0.001924    0.000962    0.000962 ^ clkbuf_0_wclk/A (sky130_fd_sc_hd__clkbuf_16)
    16    0.113775    0.195548    0.300371    0.301333 ^ clkbuf_0_wclk/X (sky130_fd_sc_hd__clkbuf_16)
                                                         clknet_0_wclk (net)
                      0.195552    0.001238    0.302572 ^ clkbuf_4_13_0_wclk/A (sky130_fd_sc_hd__clkbuf_8)
    10    0.032418    0.111752    0.321547    0.624119 ^ clkbuf_4_13_0_wclk/X (sky130_fd_sc_hd__clkbuf_8)
                                                         clknet_4_13_0_wclk (net)
                      0.111752    0.000253    0.624371 ^ _554_/CLK (sky130_fd_sc_hd__dfrtp_1)
     2    0.009387    0.132598    0.816823    1.441195 v _554_/Q (sky130_fd_sc_hd__dfrtp_1)
                                                         r_ptr_gray_sync[4] (net)
                      0.132598    0.000076    1.441270 v _291_/A (sky130_fd_sc_hd__xor2_1)
     3    0.011715    0.455124    0.466101    1.907372 ^ _291_/X (sky130_fd_sc_hd__xor2_1)
                                                         _171_ (net)
                      0.455124    0.000106    1.907478 ^ _292_/B (sky130_fd_sc_hd__xnor2_1)
     3    0.010439    0.446557    0.413451    2.320929 ^ _292_/Y (sky130_fd_sc_hd__xnor2_1)
                                                         _172_ (net)
                      0.446557    0.000148    2.321077 ^ _293_/B (sky130_fd_sc_hd__xnor2_1)
     1    0.004499    0.249368    0.345187    2.666264 ^ _293_/Y (sky130_fd_sc_hd__xnor2_1)
                                                         _173_ (net)
                      0.249368    0.000059    2.666323 ^ _297_/S (sky130_fd_sc_hd__mux2_1)
     2    0.006878    0.148951    0.818909    3.485232 v _297_/X (sky130_fd_sc_hd__mux2_1)
                                                         _177_ (net)
                      0.148951    0.000065    3.485297 v _329_/A1 (sky130_fd_sc_hd__a21boi_2)
     3    0.017422    0.368662    0.415023    3.900321 ^ _329_/Y (sky130_fd_sc_hd__a21boi_2)
                                                         _198_ (net)
                      0.368662    0.000322    3.900643 ^ max_cap23/A (sky130_fd_sc_hd__buf_8)
    20    0.118091    0.301366    0.465706    4.366349 ^ max_cap23/X (sky130_fd_sc_hd__buf_8)
                                                         net23 (net)
                      0.301370    0.001632    4.367981 ^ _489_/C (sky130_fd_sc_hd__and4bb_4)
     8    0.048071    0.311584    0.804851    5.172832 ^ _489_/X (sky130_fd_sc_hd__and4bb_4)
                                                         _249_ (net)
                      0.311584    0.001025    5.173857 ^ _490_/S (sky130_fd_sc_hd__mux2_1)
     1    0.003630    0.118636    0.793124    5.966981 v _490_/X (sky130_fd_sc_hd__mux2_1)
                                                         _104_ (net)
                      0.118636    0.000055    5.967036 v _666_/D (sky130_fd_sc_hd__dfxtp_1)
                                              5.967036   data arrival time

                                 10.000000   10.000000   clock wclk (rise edge)
                                  0.000000   10.000000   clock source latency
     1    0.020608    0.000000    0.000000   10.000000 ^ wclk (in)
                                                         wclk (net)
                      0.001924    0.000962   10.000962 ^ clkbuf_0_wclk/A (sky130_fd_sc_hd__clkbuf_16)
    16    0.113775    0.195548    0.300371   10.301333 ^ clkbuf_0_wclk/X (sky130_fd_sc_hd__clkbuf_16)
                                                         clknet_0_wclk (net)
                      0.195553    0.001307   10.302640 ^ clkbuf_4_5_0_wclk/A (sky130_fd_sc_hd__clkbuf_8)
     8    0.031001    0.109029    0.318688   10.621328 ^ clkbuf_4_5_0_wclk/X (sky130_fd_sc_hd__clkbuf_8)
                                                         clknet_4_5_0_wclk (net)
                      0.109029    0.000159   10.621487 ^ _666_/CLK (sky130_fd_sc_hd__dfxtp_1)
                                  0.000000   10.621487   clock reconvergence pessimism
                                 -0.278670   10.342816   library setup time
                                             10.342816   data required time
---------------------------------------------------------------------------------------------
                                             10.342816   data required time
                                             -5.967036   data arrival time
---------------------------------------------------------------------------------------------
                                              4.375780   slack (MET)


Startpoint: _554_ (rising edge-triggered flip-flop clocked by wclk)
Endpoint: _611_ (rising edge-triggered flip-flop clocked by wclk)
Path Group: wclk
Path Type: max

Fanout         Cap        Slew       Delay        Time   Description
---------------------------------------------------------------------------------------------
                                  0.000000    0.000000   clock wclk (rise edge)
                                  0.000000    0.000000   clock source latency
     1    0.020608    0.000000    0.000000    0.000000 ^ wclk (in)
                                                         wclk (net)
                      0.001924    0.000962    0.000962 ^ clkbuf_0_wclk/A (sky130_fd_sc_hd__clkbuf_16)
    16    0.113775    0.195548    0.300371    0.301333 ^ clkbuf_0_wclk/X (sky130_fd_sc_hd__clkbuf_16)
                                                         clknet_0_wclk (net)
                      0.195552    0.001238    0.302572 ^ clkbuf_4_13_0_wclk/A (sky130_fd_sc_hd__clkbuf_8)
    10    0.032418    0.111752    0.321547    0.624119 ^ clkbuf_4_13_0_wclk/X (sky130_fd_sc_hd__clkbuf_8)
                                                         clknet_4_13_0_wclk (net)
                      0.111752    0.000253    0.624371 ^ _554_/CLK (sky130_fd_sc_hd__dfrtp_1)
     2    0.009387    0.132598    0.816823    1.441195 v _554_/Q (sky130_fd_sc_hd__dfrtp_1)
                                                         r_ptr_gray_sync[4] (net)
                      0.132598    0.000076    1.441270 v _291_/A (sky130_fd_sc_hd__xor2_1)
     3    0.011715    0.455124    0.466101    1.907372 ^ _291_/X (sky130_fd_sc_hd__xor2_1)
                                                         _171_ (net)
                      0.455124    0.000106    1.907478 ^ _292_/B (sky130_fd_sc_hd__xnor2_1)
     3    0.010439    0.446557    0.413451    2.320929 ^ _292_/Y (sky130_fd_sc_hd__xnor2_1)
                                                         _172_ (net)
                      0.446557    0.000148    2.321077 ^ _293_/B (sky130_fd_sc_hd__xnor2_1)
     1    0.004499    0.249368    0.345187    2.666264 ^ _293_/Y (sky130_fd_sc_hd__xnor2_1)
                                                         _173_ (net)
                      0.249368    0.000059    2.666323 ^ _297_/S (sky130_fd_sc_hd__mux2_1)
     2    0.006878    0.148951    0.818909    3.485232 v _297_/X (sky130_fd_sc_hd__mux2_1)
                                                         _177_ (net)
                      0.148951    0.000065    3.485297 v _329_/A1 (sky130_fd_sc_hd__a21boi_2)
     3    0.017422    0.368662    0.415023    3.900321 ^ _329_/Y (sky130_fd_sc_hd__a21boi_2)
                                                         _198_ (net)
                      0.368662    0.000322    3.900643 ^ max_cap23/A (sky130_fd_sc_hd__buf_8)
    20    0.118091    0.301366    0.465706    4.366349 ^ max_cap23/X (sky130_fd_sc_hd__buf_8)
                                                         net23 (net)
                      0.301379    0.002286    4.368635 ^ _443_/C (sky130_fd_sc_hd__and4bb_4)
     8    0.053953    0.339239    0.829268    5.197902 ^ _443_/X (sky130_fd_sc_hd__and4bb_4)
                                                         _243_ (net)
                      0.339240    0.001463    5.199365 ^ _447_/S (sky130_fd_sc_hd__mux2_1)
     1    0.002072    0.105003    0.773717    5.973082 v _447_/X (sky130_fd_sc_hd__mux2_1)
                                                         _067_ (net)
                      0.105003    0.000010    5.973093 v _611_/D (sky130_fd_sc_hd__dfxtp_1)
                                              5.973093   data arrival time

                                 10.000000   10.000000   clock wclk (rise edge)
                                  0.000000   10.000000   clock source latency
     1    0.020608    0.000000    0.000000   10.000000 ^ wclk (in)
                                                         wclk (net)
                      0.001924    0.000962   10.000962 ^ clkbuf_0_wclk/A (sky130_fd_sc_hd__clkbuf_16)
    16    0.113775    0.195548    0.300371   10.301333 ^ clkbuf_0_wclk/X (sky130_fd_sc_hd__clkbuf_16)
                                                         clknet_0_wclk (net)
                      0.195558    0.001626   10.302959 ^ clkbuf_4_14_0_wclk/A (sky130_fd_sc_hd__clkbuf_8)
     9    0.031016    0.109068    0.318644   10.621603 ^ clkbuf_4_14_0_wclk/X (sky130_fd_sc_hd__clkbuf_8)
                                                         clknet_4_14_0_wclk (net)
                      0.109068    0.000401   10.622005 ^ _611_/CLK (sky130_fd_sc_hd__dfxtp_1)
                                  0.000000   10.622005   clock reconvergence pessimism
                                 -0.272996   10.349009   library setup time
                                             10.349009   data required time
---------------------------------------------------------------------------------------------
                                             10.349009   data required time
                                             -5.973093   data arrival time
---------------------------------------------------------------------------------------------
                                              4.375916   slack (MET)


Startpoint: _554_ (rising edge-triggered flip-flop clocked by wclk)
Endpoint: _621_ (rising edge-triggered flip-flop clocked by wclk)
Path Group: wclk
Path Type: max

Fanout         Cap        Slew       Delay        Time   Description
---------------------------------------------------------------------------------------------
                                  0.000000    0.000000   clock wclk (rise edge)
                                  0.000000    0.000000   clock source latency
     1    0.020608    0.000000    0.000000    0.000000 ^ wclk (in)
                                                         wclk (net)
                      0.001924    0.000962    0.000962 ^ clkbuf_0_wclk/A (sky130_fd_sc_hd__clkbuf_16)
    16    0.113775    0.195548    0.300371    0.301333 ^ clkbuf_0_wclk/X (sky130_fd_sc_hd__clkbuf_16)
                                                         clknet_0_wclk (net)
                      0.195552    0.001238    0.302572 ^ clkbuf_4_13_0_wclk/A (sky130_fd_sc_hd__clkbuf_8)
    10    0.032418    0.111752    0.321547    0.624119 ^ clkbuf_4_13_0_wclk/X (sky130_fd_sc_hd__clkbuf_8)
                                                         clknet_4_13_0_wclk (net)
                      0.111752    0.000253    0.624371 ^ _554_/CLK (sky130_fd_sc_hd__dfrtp_1)
     2    0.009387    0.132598    0.816823    1.441195 v _554_/Q (sky130_fd_sc_hd__dfrtp_1)
                                                         r_ptr_gray_sync[4] (net)
                      0.132598    0.000076    1.441270 v _291_/A (sky130_fd_sc_hd__xor2_1)
     3    0.011715    0.455124    0.466101    1.907372 ^ _291_/X (sky130_fd_sc_hd__xor2_1)
                                                         _171_ (net)
                      0.455124    0.000106    1.907478 ^ _292_/B (sky130_fd_sc_hd__xnor2_1)
     3    0.010439    0.446557    0.413451    2.320929 ^ _292_/Y (sky130_fd_sc_hd__xnor2_1)
                                                         _172_ (net)
                      0.446557    0.000148    2.321077 ^ _293_/B (sky130_fd_sc_hd__xnor2_1)
     1    0.004499    0.249368    0.345187    2.666264 ^ _293_/Y (sky130_fd_sc_hd__xnor2_1)
                                                         _173_ (net)
                      0.249368    0.000059    2.666323 ^ _297_/S (sky130_fd_sc_hd__mux2_1)
     2    0.006878    0.148951    0.818909    3.485232 v _297_/X (sky130_fd_sc_hd__mux2_1)
                                                         _177_ (net)
                      0.148951    0.000065    3.485297 v _329_/A1 (sky130_fd_sc_hd__a21boi_2)
     3    0.017422    0.368662    0.415023    3.900321 ^ _329_/Y (sky130_fd_sc_hd__a21boi_2)
                                                         _198_ (net)
                      0.368662    0.000322    3.900643 ^ max_cap23/A (sky130_fd_sc_hd__buf_8)
    20    0.118091    0.301366    0.465706    4.366349 ^ max_cap23/X (sky130_fd_sc_hd__buf_8)
                                                         net23 (net)
                      0.301366    0.000995    4.367344 ^ _453_/C (sky130_fd_sc_hd__and4bb_4)
     8    0.053870    0.338772    0.829063    5.196407 ^ _453_/X (sky130_fd_sc_hd__and4bb_4)
                                                         _245_ (net)
                      0.338773    0.001420    5.197827 ^ _459_/S (sky130_fd_sc_hd__mux2_1)
     1    0.002294    0.107574    0.777422    5.975249 v _459_/X (sky130_fd_sc_hd__mux2_1)
                                                         _077_ (net)
                      0.107574    0.000023    5.975272 v _621_/D (sky130_fd_sc_hd__dfxtp_1)
                                              5.975272   data arrival time

                                 10.000000   10.000000   clock wclk (rise edge)
                                  0.000000   10.000000   clock source latency
     1    0.020608    0.000000    0.000000   10.000000 ^ wclk (in)
                                                         wclk (net)
                      0.001924    0.000962   10.000962 ^ clkbuf_0_wclk/A (sky130_fd_sc_hd__clkbuf_16)
    16    0.113775    0.195548    0.300371   10.301333 ^ clkbuf_0_wclk/X (sky130_fd_sc_hd__clkbuf_16)
                                                         clknet_0_wclk (net)
                      0.195554    0.001396   10.302730 ^ clkbuf_4_4_0_wclk/A (sky130_fd_sc_hd__clkbuf_8)
    10    0.032379    0.111664    0.321420   10.624150 ^ clkbuf_4_4_0_wclk/X (sky130_fd_sc_hd__clkbuf_8)
                                                         clknet_4_4_0_wclk (net)
                      0.111664    0.000451   10.624601 ^ _621_/CLK (sky130_fd_sc_hd__dfxtp_1)
                                  0.000000   10.624601   clock reconvergence pessimism
                                 -0.273365   10.351236   library setup time
                                             10.351236   data required time
---------------------------------------------------------------------------------------------
                                             10.351236   data required time
                                             -5.975272   data arrival time
---------------------------------------------------------------------------------------------
                                              4.375965   slack (MET)


Startpoint: _554_ (rising edge-triggered flip-flop clocked by wclk)
Endpoint: _619_ (rising edge-triggered flip-flop clocked by wclk)
Path Group: wclk
Path Type: max

Fanout         Cap        Slew       Delay        Time   Description
---------------------------------------------------------------------------------------------
                                  0.000000    0.000000   clock wclk (rise edge)
                                  0.000000    0.000000   clock source latency
     1    0.020608    0.000000    0.000000    0.000000 ^ wclk (in)
                                                         wclk (net)
                      0.001924    0.000962    0.000962 ^ clkbuf_0_wclk/A (sky130_fd_sc_hd__clkbuf_16)
    16    0.113775    0.195548    0.300371    0.301333 ^ clkbuf_0_wclk/X (sky130_fd_sc_hd__clkbuf_16)
                                                         clknet_0_wclk (net)
                      0.195552    0.001238    0.302572 ^ clkbuf_4_13_0_wclk/A (sky130_fd_sc_hd__clkbuf_8)
    10    0.032418    0.111752    0.321547    0.624119 ^ clkbuf_4_13_0_wclk/X (sky130_fd_sc_hd__clkbuf_8)
                                                         clknet_4_13_0_wclk (net)
                      0.111752    0.000253    0.624371 ^ _554_/CLK (sky130_fd_sc_hd__dfrtp_1)
     2    0.009387    0.132598    0.816823    1.441195 v _554_/Q (sky130_fd_sc_hd__dfrtp_1)
                                                         r_ptr_gray_sync[4] (net)
                      0.132598    0.000076    1.441270 v _291_/A (sky130_fd_sc_hd__xor2_1)
     3    0.011715    0.455124    0.466101    1.907372 ^ _291_/X (sky130_fd_sc_hd__xor2_1)
                                                         _171_ (net)
                      0.455124    0.000106    1.907478 ^ _292_/B (sky130_fd_sc_hd__xnor2_1)
     3    0.010439    0.446557    0.413451    2.320929 ^ _292_/Y (sky130_fd_sc_hd__xnor2_1)
                                                         _172_ (net)
                      0.446557    0.000148    2.321077 ^ _293_/B (sky130_fd_sc_hd__xnor2_1)
     1    0.004499    0.249368    0.345187    2.666264 ^ _293_/Y (sky130_fd_sc_hd__xnor2_1)
                                                         _173_ (net)
                      0.249368    0.000059    2.666323 ^ _297_/S (sky130_fd_sc_hd__mux2_1)
     2    0.006878    0.148951    0.818909    3.485232 v _297_/X (sky130_fd_sc_hd__mux2_1)
                                                         _177_ (net)
                      0.148951    0.000065    3.485297 v _329_/A1 (sky130_fd_sc_hd__a21boi_2)
     3    0.017422    0.368662    0.415023    3.900321 ^ _329_/Y (sky130_fd_sc_hd__a21boi_2)
                                                         _198_ (net)
                      0.368662    0.000322    3.900643 ^ max_cap23/A (sky130_fd_sc_hd__buf_8)
    20    0.118091    0.301366    0.465706    4.366349 ^ max_cap23/X (sky130_fd_sc_hd__buf_8)
                                                         net23 (net)
                      0.301366    0.000995    4.367344 ^ _453_/C (sky130_fd_sc_hd__and4bb_4)
     8    0.053870    0.338772    0.829063    5.196407 ^ _453_/X (sky130_fd_sc_hd__and4bb_4)
                                                         _245_ (net)
                      0.338772    0.000761    5.197168 ^ _457_/S (sky130_fd_sc_hd__mux2_1)
     1    0.002161    0.106035    0.775132    5.972299 v _457_/X (sky130_fd_sc_hd__mux2_1)
                                                         _075_ (net)
                      0.106035    0.000020    5.972319 v _619_/D (sky130_fd_sc_hd__dfxtp_1)
                                              5.972319   data arrival time

                                 10.000000   10.000000   clock wclk (rise edge)
                                  0.000000   10.000000   clock source latency
     1    0.020608    0.000000    0.000000   10.000000 ^ wclk (in)
                                                         wclk (net)
                      0.001924    0.000962   10.000962 ^ clkbuf_0_wclk/A (sky130_fd_sc_hd__clkbuf_16)
    16    0.113775    0.195548    0.300371   10.301333 ^ clkbuf_0_wclk/X (sky130_fd_sc_hd__clkbuf_16)
                                                         clknet_0_wclk (net)
                      0.195551    0.001149   10.302483 ^ clkbuf_4_6_0_wclk/A (sky130_fd_sc_hd__clkbuf_8)
     8    0.031575    0.109760    0.319986   10.622469 ^ clkbuf_4_6_0_wclk/X (sky130_fd_sc_hd__clkbuf_8)
                                                         clknet_4_6_0_wclk (net)
                      0.109760    0.000343   10.622811 ^ _619_/CLK (sky130_fd_sc_hd__dfxtp_1)
                                  0.000000   10.622811   clock reconvergence pessimism
                                 -0.273239   10.349572   library setup time
                                             10.349572   data required time
---------------------------------------------------------------------------------------------
                                             10.349572   data required time
                                             -5.972319   data arrival time
---------------------------------------------------------------------------------------------
                                              4.377254   slack (MET)


Startpoint: _554_ (rising edge-triggered flip-flop clocked by wclk)
Endpoint: _690_ (rising edge-triggered flip-flop clocked by wclk)
Path Group: wclk
Path Type: max

Fanout         Cap        Slew       Delay        Time   Description
---------------------------------------------------------------------------------------------
                                  0.000000    0.000000   clock wclk (rise edge)
                                  0.000000    0.000000   clock source latency
     1    0.020608    0.000000    0.000000    0.000000 ^ wclk (in)
                                                         wclk (net)
                      0.001924    0.000962    0.000962 ^ clkbuf_0_wclk/A (sky130_fd_sc_hd__clkbuf_16)
    16    0.113775    0.195548    0.300371    0.301333 ^ clkbuf_0_wclk/X (sky130_fd_sc_hd__clkbuf_16)
                                                         clknet_0_wclk (net)
                      0.195552    0.001238    0.302572 ^ clkbuf_4_13_0_wclk/A (sky130_fd_sc_hd__clkbuf_8)
    10    0.032418    0.111752    0.321547    0.624119 ^ clkbuf_4_13_0_wclk/X (sky130_fd_sc_hd__clkbuf_8)
                                                         clknet_4_13_0_wclk (net)
                      0.111752    0.000253    0.624371 ^ _554_/CLK (sky130_fd_sc_hd__dfrtp_1)
     2    0.009387    0.132598    0.816823    1.441195 v _554_/Q (sky130_fd_sc_hd__dfrtp_1)
                                                         r_ptr_gray_sync[4] (net)
                      0.132598    0.000076    1.441270 v _291_/A (sky130_fd_sc_hd__xor2_1)
     3    0.011715    0.455124    0.466101    1.907372 ^ _291_/X (sky130_fd_sc_hd__xor2_1)
                                                         _171_ (net)
                      0.455124    0.000106    1.907478 ^ _292_/B (sky130_fd_sc_hd__xnor2_1)
     3    0.010439    0.446557    0.413451    2.320929 ^ _292_/Y (sky130_fd_sc_hd__xnor2_1)
                                                         _172_ (net)
                      0.446557    0.000148    2.321077 ^ _293_/B (sky130_fd_sc_hd__xnor2_1)
     1    0.004499    0.249368    0.345187    2.666264 ^ _293_/Y (sky130_fd_sc_hd__xnor2_1)
                                                         _173_ (net)
                      0.249368    0.000059    2.666323 ^ _297_/S (sky130_fd_sc_hd__mux2_1)
     2    0.006878    0.148951    0.818909    3.485232 v _297_/X (sky130_fd_sc_hd__mux2_1)
                                                         _177_ (net)
                      0.148951    0.000065    3.485297 v _329_/A1 (sky130_fd_sc_hd__a21boi_2)
     3    0.017422    0.368662    0.415023    3.900321 ^ _329_/Y (sky130_fd_sc_hd__a21boi_2)
                                                         _198_ (net)
                      0.368662    0.000322    3.900643 ^ max_cap23/A (sky130_fd_sc_hd__buf_8)
    20    0.118091    0.301366    0.465706    4.366349 ^ max_cap23/X (sky130_fd_sc_hd__buf_8)
                                                         net23 (net)
                      0.301373    0.001934    4.368283 ^ _515_/C (sky130_fd_sc_hd__and4b_4)
     8    0.053271    0.336279    0.830708    5.198991 ^ _515_/X (sky130_fd_sc_hd__and4b_4)
                                                         _251_ (net)
                      0.336282    0.001693    5.200685 ^ _516_/S (sky130_fd_sc_hd__mux2_1)
     1    0.001944    0.103513    0.770729    5.971413 v _516_/X (sky130_fd_sc_hd__mux2_1)
                                                         _128_ (net)
                      0.103513    0.000017    5.971430 v _690_/D (sky130_fd_sc_hd__dfxtp_1)
                                              5.971430   data arrival time

                                 10.000000   10.000000   clock wclk (rise edge)
                                  0.000000   10.000000   clock source latency
     1    0.020608    0.000000    0.000000   10.000000 ^ wclk (in)
                                                         wclk (net)
                      0.001924    0.000962   10.000962 ^ clkbuf_0_wclk/A (sky130_fd_sc_hd__clkbuf_16)
    16    0.113775    0.195548    0.300371   10.301333 ^ clkbuf_0_wclk/X (sky130_fd_sc_hd__clkbuf_16)
                                                         clknet_0_wclk (net)
                      0.195553    0.001307   10.302640 ^ clkbuf_4_5_0_wclk/A (sky130_fd_sc_hd__clkbuf_8)
     8    0.031001    0.109029    0.318688   10.621328 ^ clkbuf_4_5_0_wclk/X (sky130_fd_sc_hd__clkbuf_8)
                                                         clknet_4_5_0_wclk (net)
                      0.109029    0.000323   10.621652 ^ _690_/CLK (sky130_fd_sc_hd__dfxtp_1)
                                  0.000000   10.621652   clock reconvergence pessimism
                                 -0.272388   10.349263   library setup time
                                             10.349263   data required time
---------------------------------------------------------------------------------------------
                                             10.349263   data required time
                                             -5.971430   data arrival time
---------------------------------------------------------------------------------------------
                                              4.377833   slack (MET)


Startpoint: _554_ (rising edge-triggered flip-flop clocked by wclk)
Endpoint: _695_ (rising edge-triggered flip-flop clocked by wclk)
Path Group: wclk
Path Type: max

Fanout         Cap        Slew       Delay        Time   Description
---------------------------------------------------------------------------------------------
                                  0.000000    0.000000   clock wclk (rise edge)
                                  0.000000    0.000000   clock source latency
     1    0.020608    0.000000    0.000000    0.000000 ^ wclk (in)
                                                         wclk (net)
                      0.001924    0.000962    0.000962 ^ clkbuf_0_wclk/A (sky130_fd_sc_hd__clkbuf_16)
    16    0.113775    0.195548    0.300371    0.301333 ^ clkbuf_0_wclk/X (sky130_fd_sc_hd__clkbuf_16)
                                                         clknet_0_wclk (net)
                      0.195552    0.001238    0.302572 ^ clkbuf_4_13_0_wclk/A (sky130_fd_sc_hd__clkbuf_8)
    10    0.032418    0.111752    0.321547    0.624119 ^ clkbuf_4_13_0_wclk/X (sky130_fd_sc_hd__clkbuf_8)
                                                         clknet_4_13_0_wclk (net)
                      0.111752    0.000253    0.624371 ^ _554_/CLK (sky130_fd_sc_hd__dfrtp_1)
     2    0.009387    0.132598    0.816823    1.441195 v _554_/Q (sky130_fd_sc_hd__dfrtp_1)
                                                         r_ptr_gray_sync[4] (net)
                      0.132598    0.000076    1.441270 v _291_/A (sky130_fd_sc_hd__xor2_1)
     3    0.011715    0.455124    0.466101    1.907372 ^ _291_/X (sky130_fd_sc_hd__xor2_1)
                                                         _171_ (net)
                      0.455124    0.000106    1.907478 ^ _292_/B (sky130_fd_sc_hd__xnor2_1)
     3    0.010439    0.446557    0.413451    2.320929 ^ _292_/Y (sky130_fd_sc_hd__xnor2_1)
                                                         _172_ (net)
                      0.446557    0.000148    2.321077 ^ _293_/B (sky130_fd_sc_hd__xnor2_1)
     1    0.004499    0.249368    0.345187    2.666264 ^ _293_/Y (sky130_fd_sc_hd__xnor2_1)
                                                         _173_ (net)
                      0.249368    0.000059    2.666323 ^ _297_/S (sky130_fd_sc_hd__mux2_1)
     2    0.006878    0.148951    0.818909    3.485232 v _297_/X (sky130_fd_sc_hd__mux2_1)
                                                         _177_ (net)
                      0.148951    0.000065    3.485297 v _329_/A1 (sky130_fd_sc_hd__a21boi_2)
     3    0.017422    0.368662    0.415023    3.900321 ^ _329_/Y (sky130_fd_sc_hd__a21boi_2)
                                                         _198_ (net)
                      0.368662    0.000322    3.900643 ^ max_cap23/A (sky130_fd_sc_hd__buf_8)
    20    0.118091    0.301366    0.465706    4.366349 ^ max_cap23/X (sky130_fd_sc_hd__buf_8)
                                                         net23 (net)
                      0.301373    0.001934    4.368283 ^ _515_/C (sky130_fd_sc_hd__and4b_4)
     8    0.053271    0.336279    0.830708    5.198991 ^ _515_/X (sky130_fd_sc_hd__and4b_4)
                                                         _251_ (net)
                      0.336285    0.001913    5.200904 ^ _521_/S (sky130_fd_sc_hd__mux2_1)
     1    0.002170    0.106130    0.774621    5.975525 v _521_/X (sky130_fd_sc_hd__mux2_1)
                                                         _133_ (net)
                      0.106130    0.000022    5.975547 v _695_/D (sky130_fd_sc_hd__dfxtp_1)
                                              5.975547   data arrival time

                                 10.000000   10.000000   clock wclk (rise edge)
                                  0.000000   10.000000   clock source latency
     1    0.020608    0.000000    0.000000   10.000000 ^ wclk (in)
                                                         wclk (net)
                      0.001924    0.000962   10.000962 ^ clkbuf_0_wclk/A (sky130_fd_sc_hd__clkbuf_16)
    16    0.113775    0.195548    0.300371   10.301333 ^ clkbuf_0_wclk/X (sky130_fd_sc_hd__clkbuf_16)
                                                         clknet_0_wclk (net)
                      0.195572    0.002235   10.303568 ^ clkbuf_4_1_0_wclk/A (sky130_fd_sc_hd__clkbuf_8)
    11    0.033575    0.114491    0.323738   10.627306 ^ clkbuf_4_1_0_wclk/X (sky130_fd_sc_hd__clkbuf_8)
                                                         clknet_4_1_0_wclk (net)
                      0.114491    0.000276   10.627583 ^ _695_/CLK (sky130_fd_sc_hd__dfxtp_1)
                                  0.000000   10.627583   clock reconvergence pessimism
                                 -0.272002   10.355580   library setup time
                                             10.355580   data required time
---------------------------------------------------------------------------------------------
                                             10.355580   data required time
                                             -5.975547   data arrival time
---------------------------------------------------------------------------------------------
                                              4.380034   slack (MET)


Startpoint: _554_ (rising edge-triggered flip-flop clocked by wclk)
Endpoint: _618_ (rising edge-triggered flip-flop clocked by wclk)
Path Group: wclk
Path Type: max

Fanout         Cap        Slew       Delay        Time   Description
---------------------------------------------------------------------------------------------
                                  0.000000    0.000000   clock wclk (rise edge)
                                  0.000000    0.000000   clock source latency
     1    0.020608    0.000000    0.000000    0.000000 ^ wclk (in)
                                                         wclk (net)
                      0.001924    0.000962    0.000962 ^ clkbuf_0_wclk/A (sky130_fd_sc_hd__clkbuf_16)
    16    0.113775    0.195548    0.300371    0.301333 ^ clkbuf_0_wclk/X (sky130_fd_sc_hd__clkbuf_16)
                                                         clknet_0_wclk (net)
                      0.195552    0.001238    0.302572 ^ clkbuf_4_13_0_wclk/A (sky130_fd_sc_hd__clkbuf_8)
    10    0.032418    0.111752    0.321547    0.624119 ^ clkbuf_4_13_0_wclk/X (sky130_fd_sc_hd__clkbuf_8)
                                                         clknet_4_13_0_wclk (net)
                      0.111752    0.000253    0.624371 ^ _554_/CLK (sky130_fd_sc_hd__dfrtp_1)
     2    0.009387    0.132598    0.816823    1.441195 v _554_/Q (sky130_fd_sc_hd__dfrtp_1)
                                                         r_ptr_gray_sync[4] (net)
                      0.132598    0.000076    1.441270 v _291_/A (sky130_fd_sc_hd__xor2_1)
     3    0.011715    0.455124    0.466101    1.907372 ^ _291_/X (sky130_fd_sc_hd__xor2_1)
                                                         _171_ (net)
                      0.455124    0.000106    1.907478 ^ _292_/B (sky130_fd_sc_hd__xnor2_1)
     3    0.010439    0.446557    0.413451    2.320929 ^ _292_/Y (sky130_fd_sc_hd__xnor2_1)
                                                         _172_ (net)
                      0.446557    0.000148    2.321077 ^ _293_/B (sky130_fd_sc_hd__xnor2_1)
     1    0.004499    0.249368    0.345187    2.666264 ^ _293_/Y (sky130_fd_sc_hd__xnor2_1)
                                                         _173_ (net)
                      0.249368    0.000059    2.666323 ^ _297_/S (sky130_fd_sc_hd__mux2_1)
     2    0.006878    0.148951    0.818909    3.485232 v _297_/X (sky130_fd_sc_hd__mux2_1)
                                                         _177_ (net)
                      0.148951    0.000065    3.485297 v _329_/A1 (sky130_fd_sc_hd__a21boi_2)
     3    0.017422    0.368662    0.415023    3.900321 ^ _329_/Y (sky130_fd_sc_hd__a21boi_2)
                                                         _198_ (net)
                      0.368662    0.000322    3.900643 ^ max_cap23/A (sky130_fd_sc_hd__buf_8)
    20    0.118091    0.301366    0.465706    4.366349 ^ max_cap23/X (sky130_fd_sc_hd__buf_8)
                                                         net23 (net)
                      0.301366    0.000995    4.367344 ^ _453_/C (sky130_fd_sc_hd__and4bb_4)
     8    0.053870    0.338772    0.829063    5.196407 ^ _453_/X (sky130_fd_sc_hd__and4bb_4)
                                                         _245_ (net)
                      0.338776    0.001745    5.198152 ^ _456_/S (sky130_fd_sc_hd__mux2_1)
     1    0.002038    0.104608    0.773008    5.971160 v _456_/X (sky130_fd_sc_hd__mux2_1)
                                                         _074_ (net)
                      0.104608    0.000019    5.971179 v _618_/D (sky130_fd_sc_hd__dfxtp_1)
                                              5.971179   data arrival time

                                 10.000000   10.000000   clock wclk (rise edge)
                                  0.000000   10.000000   clock source latency
     1    0.020608    0.000000    0.000000   10.000000 ^ wclk (in)
                                                         wclk (net)
                      0.001924    0.000962   10.000962 ^ clkbuf_0_wclk/A (sky130_fd_sc_hd__clkbuf_16)
    16    0.113775    0.195548    0.300371   10.301333 ^ clkbuf_0_wclk/X (sky130_fd_sc_hd__clkbuf_16)
                                                         clknet_0_wclk (net)
                      0.195571    0.002210   10.303543 ^ clkbuf_4_0_0_wclk/A (sky130_fd_sc_hd__clkbuf_8)
    12    0.032566    0.112105    0.321778   10.625321 ^ clkbuf_4_0_0_wclk/X (sky130_fd_sc_hd__clkbuf_8)
                                                         clknet_4_0_0_wclk (net)
                      0.112107    0.000589   10.625910 ^ _618_/CLK (sky130_fd_sc_hd__dfxtp_1)
                                  0.000000   10.625910   clock reconvergence pessimism
                                 -0.272013   10.353898   library setup time
                                             10.353898   data required time
---------------------------------------------------------------------------------------------
                                             10.353898   data required time
                                             -5.971179   data arrival time
---------------------------------------------------------------------------------------------
                                              4.382719   slack (MET)


Startpoint: _554_ (rising edge-triggered flip-flop clocked by wclk)
Endpoint: _670_ (rising edge-triggered flip-flop clocked by wclk)
Path Group: wclk
Path Type: max

Fanout         Cap        Slew       Delay        Time   Description
---------------------------------------------------------------------------------------------
                                  0.000000    0.000000   clock wclk (rise edge)
                                  0.000000    0.000000   clock source latency
     1    0.020608    0.000000    0.000000    0.000000 ^ wclk (in)
                                                         wclk (net)
                      0.001924    0.000962    0.000962 ^ clkbuf_0_wclk/A (sky130_fd_sc_hd__clkbuf_16)
    16    0.113775    0.195548    0.300371    0.301333 ^ clkbuf_0_wclk/X (sky130_fd_sc_hd__clkbuf_16)
                                                         clknet_0_wclk (net)
                      0.195552    0.001238    0.302572 ^ clkbuf_4_13_0_wclk/A (sky130_fd_sc_hd__clkbuf_8)
    10    0.032418    0.111752    0.321547    0.624119 ^ clkbuf_4_13_0_wclk/X (sky130_fd_sc_hd__clkbuf_8)
                                                         clknet_4_13_0_wclk (net)
                      0.111752    0.000253    0.624371 ^ _554_/CLK (sky130_fd_sc_hd__dfrtp_1)
     2    0.009387    0.132598    0.816823    1.441195 v _554_/Q (sky130_fd_sc_hd__dfrtp_1)
                                                         r_ptr_gray_sync[4] (net)
                      0.132598    0.000076    1.441270 v _291_/A (sky130_fd_sc_hd__xor2_1)
     3    0.011715    0.455124    0.466101    1.907372 ^ _291_/X (sky130_fd_sc_hd__xor2_1)
                                                         _171_ (net)
                      0.455124    0.000106    1.907478 ^ _292_/B (sky130_fd_sc_hd__xnor2_1)
     3    0.010439    0.446557    0.413451    2.320929 ^ _292_/Y (sky130_fd_sc_hd__xnor2_1)
                                                         _172_ (net)
                      0.446557    0.000148    2.321077 ^ _293_/B (sky130_fd_sc_hd__xnor2_1)
     1    0.004499    0.249368    0.345187    2.666264 ^ _293_/Y (sky130_fd_sc_hd__xnor2_1)
                                                         _173_ (net)
                      0.249368    0.000059    2.666323 ^ _297_/S (sky130_fd_sc_hd__mux2_1)
     2    0.006878    0.148951    0.818909    3.485232 v _297_/X (sky130_fd_sc_hd__mux2_1)
                                                         _177_ (net)
                      0.148951    0.000065    3.485297 v _329_/A1 (sky130_fd_sc_hd__a21boi_2)
     3    0.017422    0.368662    0.415023    3.900321 ^ _329_/Y (sky130_fd_sc_hd__a21boi_2)
                                                         _198_ (net)
                      0.368662    0.000322    3.900643 ^ max_cap23/A (sky130_fd_sc_hd__buf_8)
    20    0.118091    0.301366    0.465706    4.366349 ^ max_cap23/X (sky130_fd_sc_hd__buf_8)
                                                         net23 (net)
                      0.301370    0.001632    4.367981 ^ _489_/C (sky130_fd_sc_hd__and4bb_4)
     8    0.048071    0.311584    0.804851    5.172832 ^ _489_/X (sky130_fd_sc_hd__and4bb_4)
                                                         _249_ (net)
                      0.311587    0.001682    5.174513 ^ _494_/S (sky130_fd_sc_hd__mux2_1)
     1    0.003459    0.116712    0.790193    5.964707 v _494_/X (sky130_fd_sc_hd__mux2_1)
                                                         _108_ (net)
                      0.116712    0.000052    5.964758 v _670_/D (sky130_fd_sc_hd__dfxtp_1)
                                              5.964758   data arrival time

                                 10.000000   10.000000   clock wclk (rise edge)
                                  0.000000   10.000000   clock source latency
     1    0.020608    0.000000    0.000000   10.000000 ^ wclk (in)
                                                         wclk (net)
                      0.001924    0.000962   10.000962 ^ clkbuf_0_wclk/A (sky130_fd_sc_hd__clkbuf_16)
    16    0.113775    0.195548    0.300371   10.301333 ^ clkbuf_0_wclk/X (sky130_fd_sc_hd__clkbuf_16)
                                                         clknet_0_wclk (net)
                      0.195572    0.002235   10.303568 ^ clkbuf_4_1_0_wclk/A (sky130_fd_sc_hd__clkbuf_8)
    11    0.033575    0.114491    0.323738   10.627306 ^ clkbuf_4_1_0_wclk/X (sky130_fd_sc_hd__clkbuf_8)
                                                         clknet_4_1_0_wclk (net)
                      0.114491    0.000237   10.627543 ^ _670_/CLK (sky130_fd_sc_hd__dfxtp_1)
                                  0.000000   10.627543   clock reconvergence pessimism
                                 -0.276398   10.351145   library setup time
                                             10.351145   data required time
---------------------------------------------------------------------------------------------
                                             10.351145   data required time
                                             -5.964758   data arrival time
---------------------------------------------------------------------------------------------
                                              4.386386   slack (MET)


Startpoint: _554_ (rising edge-triggered flip-flop clocked by wclk)
Endpoint: _595_ (rising edge-triggered flip-flop clocked by wclk)
Path Group: wclk
Path Type: max

Fanout         Cap        Slew       Delay        Time   Description
---------------------------------------------------------------------------------------------
                                  0.000000    0.000000   clock wclk (rise edge)
                                  0.000000    0.000000   clock source latency
     1    0.020608    0.000000    0.000000    0.000000 ^ wclk (in)
                                                         wclk (net)
                      0.001924    0.000962    0.000962 ^ clkbuf_0_wclk/A (sky130_fd_sc_hd__clkbuf_16)
    16    0.113775    0.195548    0.300371    0.301333 ^ clkbuf_0_wclk/X (sky130_fd_sc_hd__clkbuf_16)
                                                         clknet_0_wclk (net)
                      0.195552    0.001238    0.302572 ^ clkbuf_4_13_0_wclk/A (sky130_fd_sc_hd__clkbuf_8)
    10    0.032418    0.111752    0.321547    0.624119 ^ clkbuf_4_13_0_wclk/X (sky130_fd_sc_hd__clkbuf_8)
                                                         clknet_4_13_0_wclk (net)
                      0.111752    0.000253    0.624371 ^ _554_/CLK (sky130_fd_sc_hd__dfrtp_1)
     2    0.009387    0.132598    0.816823    1.441195 v _554_/Q (sky130_fd_sc_hd__dfrtp_1)
                                                         r_ptr_gray_sync[4] (net)
                      0.132598    0.000076    1.441270 v _291_/A (sky130_fd_sc_hd__xor2_1)
     3    0.011715    0.455124    0.466101    1.907372 ^ _291_/X (sky130_fd_sc_hd__xor2_1)
                                                         _171_ (net)
                      0.455124    0.000106    1.907478 ^ _292_/B (sky130_fd_sc_hd__xnor2_1)
     3    0.010439    0.446557    0.413451    2.320929 ^ _292_/Y (sky130_fd_sc_hd__xnor2_1)
                                                         _172_ (net)
                      0.446557    0.000148    2.321077 ^ _293_/B (sky130_fd_sc_hd__xnor2_1)
     1    0.004499    0.249368    0.345187    2.666264 ^ _293_/Y (sky130_fd_sc_hd__xnor2_1)
                                                         _173_ (net)
                      0.249368    0.000059    2.666323 ^ _297_/S (sky130_fd_sc_hd__mux2_1)
     2    0.006878    0.148951    0.818909    3.485232 v _297_/X (sky130_fd_sc_hd__mux2_1)
                                                         _177_ (net)
                      0.148951    0.000065    3.485297 v _329_/A1 (sky130_fd_sc_hd__a21boi_2)
     3    0.017422    0.368662    0.415023    3.900321 ^ _329_/Y (sky130_fd_sc_hd__a21boi_2)
                                                         _198_ (net)
                      0.368662    0.000322    3.900643 ^ max_cap23/A (sky130_fd_sc_hd__buf_8)
    20    0.118091    0.301366    0.465706    4.366349 ^ max_cap23/X (sky130_fd_sc_hd__buf_8)
                                                         net23 (net)
                      0.301379    0.002304    4.368653 ^ _424_/C (sky130_fd_sc_hd__and4b_4)
     8    0.050785    0.324643    0.820315    5.188969 ^ _424_/X (sky130_fd_sc_hd__and4b_4)
                                                         _240_ (net)
                      0.324648    0.001902    5.190871 ^ _428_/S (sky130_fd_sc_hd__mux2_1)
     1    0.002345    0.108131    0.774544    5.965415 v _428_/X (sky130_fd_sc_hd__mux2_1)
                                                         _051_ (net)
                      0.108131    0.000025    5.965440 v _595_/D (sky130_fd_sc_hd__dfxtp_1)
                                              5.965440   data arrival time

                                 10.000000   10.000000   clock wclk (rise edge)
                                  0.000000   10.000000   clock source latency
     1    0.020608    0.000000    0.000000   10.000000 ^ wclk (in)
                                                         wclk (net)
                      0.001924    0.000962   10.000962 ^ clkbuf_0_wclk/A (sky130_fd_sc_hd__clkbuf_16)
    16    0.113775    0.195548    0.300371   10.301333 ^ clkbuf_0_wclk/X (sky130_fd_sc_hd__clkbuf_16)
                                                         clknet_0_wclk (net)
                      0.195561    0.001800   10.303134 ^ clkbuf_4_11_0_wclk/A (sky130_fd_sc_hd__clkbuf_8)
    11    0.032803    0.112664    0.322260   10.625394 ^ clkbuf_4_11_0_wclk/X (sky130_fd_sc_hd__clkbuf_8)
                                                         clknet_4_11_0_wclk (net)
                      0.112664    0.000306   10.625700 ^ _595_/CLK (sky130_fd_sc_hd__dfxtp_1)
                                  0.000000   10.625700   clock reconvergence pessimism
                                 -0.273326   10.352373   library setup time
                                             10.352373   data required time
---------------------------------------------------------------------------------------------
                                             10.352373   data required time
                                             -5.965440   data arrival time
---------------------------------------------------------------------------------------------
                                              4.386933   slack (MET)


Startpoint: _554_ (rising edge-triggered flip-flop clocked by wclk)
Endpoint: _594_ (rising edge-triggered flip-flop clocked by wclk)
Path Group: wclk
Path Type: max

Fanout         Cap        Slew       Delay        Time   Description
---------------------------------------------------------------------------------------------
                                  0.000000    0.000000   clock wclk (rise edge)
                                  0.000000    0.000000   clock source latency
     1    0.020608    0.000000    0.000000    0.000000 ^ wclk (in)
                                                         wclk (net)
                      0.001924    0.000962    0.000962 ^ clkbuf_0_wclk/A (sky130_fd_sc_hd__clkbuf_16)
    16    0.113775    0.195548    0.300371    0.301333 ^ clkbuf_0_wclk/X (sky130_fd_sc_hd__clkbuf_16)
                                                         clknet_0_wclk (net)
                      0.195552    0.001238    0.302572 ^ clkbuf_4_13_0_wclk/A (sky130_fd_sc_hd__clkbuf_8)
    10    0.032418    0.111752    0.321547    0.624119 ^ clkbuf_4_13_0_wclk/X (sky130_fd_sc_hd__clkbuf_8)
                                                         clknet_4_13_0_wclk (net)
                      0.111752    0.000253    0.624371 ^ _554_/CLK (sky130_fd_sc_hd__dfrtp_1)
     2    0.009387    0.132598    0.816823    1.441195 v _554_/Q (sky130_fd_sc_hd__dfrtp_1)
                                                         r_ptr_gray_sync[4] (net)
                      0.132598    0.000076    1.441270 v _291_/A (sky130_fd_sc_hd__xor2_1)
     3    0.011715    0.455124    0.466101    1.907372 ^ _291_/X (sky130_fd_sc_hd__xor2_1)
                                                         _171_ (net)
                      0.455124    0.000106    1.907478 ^ _292_/B (sky130_fd_sc_hd__xnor2_1)
     3    0.010439    0.446557    0.413451    2.320929 ^ _292_/Y (sky130_fd_sc_hd__xnor2_1)
                                                         _172_ (net)
                      0.446557    0.000148    2.321077 ^ _293_/B (sky130_fd_sc_hd__xnor2_1)
     1    0.004499    0.249368    0.345187    2.666264 ^ _293_/Y (sky130_fd_sc_hd__xnor2_1)
                                                         _173_ (net)
                      0.249368    0.000059    2.666323 ^ _297_/S (sky130_fd_sc_hd__mux2_1)
     2    0.006878    0.148951    0.818909    3.485232 v _297_/X (sky130_fd_sc_hd__mux2_1)
                                                         _177_ (net)
                      0.148951    0.000065    3.485297 v _329_/A1 (sky130_fd_sc_hd__a21boi_2)
     3    0.017422    0.368662    0.415023    3.900321 ^ _329_/Y (sky130_fd_sc_hd__a21boi_2)
                                                         _198_ (net)
                      0.368662    0.000322    3.900643 ^ max_cap23/A (sky130_fd_sc_hd__buf_8)
    20    0.118091    0.301366    0.465706    4.366349 ^ max_cap23/X (sky130_fd_sc_hd__buf_8)
                                                         net23 (net)
                      0.301379    0.002304    4.368653 ^ _424_/C (sky130_fd_sc_hd__and4b_4)
     8    0.050785    0.324643    0.820315    5.188969 ^ _424_/X (sky130_fd_sc_hd__and4b_4)
                                                         _240_ (net)
                      0.324643    0.001231    5.190199 ^ _427_/S (sky130_fd_sc_hd__mux2_1)
     1    0.002418    0.106272    0.775795    5.965994 v _427_/X (sky130_fd_sc_hd__mux2_1)
                                                         _050_ (net)
                      0.106272    0.000027    5.966020 v _594_/D (sky130_fd_sc_hd__dfxtp_1)
                                              5.966020   data arrival time

                                 10.000000   10.000000   clock wclk (rise edge)
                                  0.000000   10.000000   clock source latency
     1    0.020608    0.000000    0.000000   10.000000 ^ wclk (in)
                                                         wclk (net)
                      0.001924    0.000962   10.000962 ^ clkbuf_0_wclk/A (sky130_fd_sc_hd__clkbuf_16)
    16    0.113775    0.195548    0.300371   10.301333 ^ clkbuf_0_wclk/X (sky130_fd_sc_hd__clkbuf_16)
                                                         clknet_0_wclk (net)
                      0.195559    0.001672   10.303006 ^ clkbuf_4_8_0_wclk/A (sky130_fd_sc_hd__clkbuf_8)
    13    0.032795    0.112646    0.322248   10.625254 ^ clkbuf_4_8_0_wclk/X (sky130_fd_sc_hd__clkbuf_8)
                                                         clknet_4_8_0_wclk (net)
                      0.112646    0.000290   10.625545 ^ _594_/CLK (sky130_fd_sc_hd__dfxtp_1)
                                  0.000000   10.625545   clock reconvergence pessimism
                                 -0.272559   10.352985   library setup time
                                             10.352985   data required time
---------------------------------------------------------------------------------------------
                                             10.352985   data required time
                                             -5.966020   data arrival time
---------------------------------------------------------------------------------------------
                                              4.386965   slack (MET)


Startpoint: _554_ (rising edge-triggered flip-flop clocked by wclk)
Endpoint: _596_ (rising edge-triggered flip-flop clocked by wclk)
Path Group: wclk
Path Type: max

Fanout         Cap        Slew       Delay        Time   Description
---------------------------------------------------------------------------------------------
                                  0.000000    0.000000   clock wclk (rise edge)
                                  0.000000    0.000000   clock source latency
     1    0.020608    0.000000    0.000000    0.000000 ^ wclk (in)
                                                         wclk (net)
                      0.001924    0.000962    0.000962 ^ clkbuf_0_wclk/A (sky130_fd_sc_hd__clkbuf_16)
    16    0.113775    0.195548    0.300371    0.301333 ^ clkbuf_0_wclk/X (sky130_fd_sc_hd__clkbuf_16)
                                                         clknet_0_wclk (net)
                      0.195552    0.001238    0.302572 ^ clkbuf_4_13_0_wclk/A (sky130_fd_sc_hd__clkbuf_8)
    10    0.032418    0.111752    0.321547    0.624119 ^ clkbuf_4_13_0_wclk/X (sky130_fd_sc_hd__clkbuf_8)
                                                         clknet_4_13_0_wclk (net)
                      0.111752    0.000253    0.624371 ^ _554_/CLK (sky130_fd_sc_hd__dfrtp_1)
     2    0.009387    0.132598    0.816823    1.441195 v _554_/Q (sky130_fd_sc_hd__dfrtp_1)
                                                         r_ptr_gray_sync[4] (net)
                      0.132598    0.000076    1.441270 v _291_/A (sky130_fd_sc_hd__xor2_1)
     3    0.011715    0.455124    0.466101    1.907372 ^ _291_/X (sky130_fd_sc_hd__xor2_1)
                                                         _171_ (net)
                      0.455124    0.000106    1.907478 ^ _292_/B (sky130_fd_sc_hd__xnor2_1)
     3    0.010439    0.446557    0.413451    2.320929 ^ _292_/Y (sky130_fd_sc_hd__xnor2_1)
                                                         _172_ (net)
                      0.446557    0.000148    2.321077 ^ _293_/B (sky130_fd_sc_hd__xnor2_1)
     1    0.004499    0.249368    0.345187    2.666264 ^ _293_/Y (sky130_fd_sc_hd__xnor2_1)
                                                         _173_ (net)
                      0.249368    0.000059    2.666323 ^ _297_/S (sky130_fd_sc_hd__mux2_1)
     2    0.006878    0.148951    0.818909    3.485232 v _297_/X (sky130_fd_sc_hd__mux2_1)
                                                         _177_ (net)
                      0.148951    0.000065    3.485297 v _329_/A1 (sky130_fd_sc_hd__a21boi_2)
     3    0.017422    0.368662    0.415023    3.900321 ^ _329_/Y (sky130_fd_sc_hd__a21boi_2)
                                                         _198_ (net)
                      0.368662    0.000322    3.900643 ^ max_cap23/A (sky130_fd_sc_hd__buf_8)
    20    0.118091    0.301366    0.465706    4.366349 ^ max_cap23/X (sky130_fd_sc_hd__buf_8)
                                                         net23 (net)
                      0.301379    0.002304    4.368653 ^ _424_/C (sky130_fd_sc_hd__and4b_4)
     8    0.050785    0.324643    0.820315    5.188969 ^ _424_/X (sky130_fd_sc_hd__and4b_4)
                                                         _240_ (net)
                      0.324656    0.002478    5.191446 ^ _429_/S (sky130_fd_sc_hd__mux2_1)
     1    0.002061    0.104839    0.769665    5.961112 v _429_/X (sky130_fd_sc_hd__mux2_1)
                                                         _052_ (net)
                      0.104839    0.000018    5.961130 v _596_/D (sky130_fd_sc_hd__dfxtp_1)
                                              5.961130   data arrival time

                                 10.000000   10.000000   clock wclk (rise edge)
                                  0.000000   10.000000   clock source latency
     1    0.020608    0.000000    0.000000   10.000000 ^ wclk (in)
                                                         wclk (net)
                      0.001924    0.000962   10.000962 ^ clkbuf_0_wclk/A (sky130_fd_sc_hd__clkbuf_16)
    16    0.113775    0.195548    0.300371   10.301333 ^ clkbuf_0_wclk/X (sky130_fd_sc_hd__clkbuf_16)
                                                         clknet_0_wclk (net)
                      0.195563    0.001899   10.303232 ^ clkbuf_4_10_0_wclk/A (sky130_fd_sc_hd__clkbuf_8)
    12    0.031985    0.110731    0.320682   10.623915 ^ clkbuf_4_10_0_wclk/X (sky130_fd_sc_hd__clkbuf_8)
                                                         clknet_4_10_0_wclk (net)
                      0.110732    0.000511   10.624425 ^ _596_/CLK (sky130_fd_sc_hd__dfxtp_1)
                                  0.000000   10.624425   clock reconvergence pessimism
                                 -0.272480   10.351945   library setup time
                                             10.351945   data required time
---------------------------------------------------------------------------------------------
                                             10.351945   data required time
                                             -5.961130   data arrival time
---------------------------------------------------------------------------------------------
                                              4.390815   slack (MET)


Startpoint: _554_ (rising edge-triggered flip-flop clocked by wclk)
Endpoint: _599_ (rising edge-triggered flip-flop clocked by wclk)
Path Group: wclk
Path Type: max

Fanout         Cap        Slew       Delay        Time   Description
---------------------------------------------------------------------------------------------
                                  0.000000    0.000000   clock wclk (rise edge)
                                  0.000000    0.000000   clock source latency
     1    0.020608    0.000000    0.000000    0.000000 ^ wclk (in)
                                                         wclk (net)
                      0.001924    0.000962    0.000962 ^ clkbuf_0_wclk/A (sky130_fd_sc_hd__clkbuf_16)
    16    0.113775    0.195548    0.300371    0.301333 ^ clkbuf_0_wclk/X (sky130_fd_sc_hd__clkbuf_16)
                                                         clknet_0_wclk (net)
                      0.195552    0.001238    0.302572 ^ clkbuf_4_13_0_wclk/A (sky130_fd_sc_hd__clkbuf_8)
    10    0.032418    0.111752    0.321547    0.624119 ^ clkbuf_4_13_0_wclk/X (sky130_fd_sc_hd__clkbuf_8)
                                                         clknet_4_13_0_wclk (net)
                      0.111752    0.000253    0.624371 ^ _554_/CLK (sky130_fd_sc_hd__dfrtp_1)
     2    0.009387    0.132598    0.816823    1.441195 v _554_/Q (sky130_fd_sc_hd__dfrtp_1)
                                                         r_ptr_gray_sync[4] (net)
                      0.132598    0.000076    1.441270 v _291_/A (sky130_fd_sc_hd__xor2_1)
     3    0.011715    0.455124    0.466101    1.907372 ^ _291_/X (sky130_fd_sc_hd__xor2_1)
                                                         _171_ (net)
                      0.455124    0.000106    1.907478 ^ _292_/B (sky130_fd_sc_hd__xnor2_1)
     3    0.010439    0.446557    0.413451    2.320929 ^ _292_/Y (sky130_fd_sc_hd__xnor2_1)
                                                         _172_ (net)
                      0.446557    0.000148    2.321077 ^ _293_/B (sky130_fd_sc_hd__xnor2_1)
     1    0.004499    0.249368    0.345187    2.666264 ^ _293_/Y (sky130_fd_sc_hd__xnor2_1)
                                                         _173_ (net)
                      0.249368    0.000059    2.666323 ^ _297_/S (sky130_fd_sc_hd__mux2_1)
     2    0.006878    0.148951    0.818909    3.485232 v _297_/X (sky130_fd_sc_hd__mux2_1)
                                                         _177_ (net)
                      0.148951    0.000065    3.485297 v _329_/A1 (sky130_fd_sc_hd__a21boi_2)
     3    0.017422    0.368662    0.415023    3.900321 ^ _329_/Y (sky130_fd_sc_hd__a21boi_2)
                                                         _198_ (net)
                      0.368662    0.000322    3.900643 ^ max_cap23/A (sky130_fd_sc_hd__buf_8)
    20    0.118091    0.301366    0.465706    4.366349 ^ max_cap23/X (sky130_fd_sc_hd__buf_8)
                                                         net23 (net)
                      0.301379    0.002304    4.368653 ^ _424_/C (sky130_fd_sc_hd__and4b_4)
     8    0.050785    0.324643    0.820315    5.188969 ^ _424_/X (sky130_fd_sc_hd__and4b_4)
                                                         _240_ (net)
                      0.324655    0.002367    5.191336 ^ _432_/S (sky130_fd_sc_hd__mux2_1)
     1    0.002027    0.104443    0.769077    5.960413 v _432_/X (sky130_fd_sc_hd__mux2_1)
                                                         _055_ (net)
                      0.104443    0.000019    5.960432 v _599_/D (sky130_fd_sc_hd__dfxtp_1)
                                              5.960432   data arrival time

                                 10.000000   10.000000   clock wclk (rise edge)
                                  0.000000   10.000000   clock source latency
     1    0.020608    0.000000    0.000000   10.000000 ^ wclk (in)
                                                         wclk (net)
                      0.001924    0.000962   10.000962 ^ clkbuf_0_wclk/A (sky130_fd_sc_hd__clkbuf_16)
    16    0.113775    0.195548    0.300371   10.301333 ^ clkbuf_0_wclk/X (sky130_fd_sc_hd__clkbuf_16)
                                                         clknet_0_wclk (net)
                      0.195563    0.001899   10.303232 ^ clkbuf_4_10_0_wclk/A (sky130_fd_sc_hd__clkbuf_8)
    12    0.031985    0.110731    0.320682   10.623915 ^ clkbuf_4_10_0_wclk/X (sky130_fd_sc_hd__clkbuf_8)
                                                         clknet_4_10_0_wclk (net)
                      0.110732    0.000541   10.624455 ^ _599_/CLK (sky130_fd_sc_hd__dfxtp_1)
                                  0.000000   10.624455   clock reconvergence pessimism
                                 -0.272315   10.352139   library setup time
                                             10.352139   data required time
---------------------------------------------------------------------------------------------
                                             10.352139   data required time
                                             -5.960432   data arrival time
---------------------------------------------------------------------------------------------
                                              4.391708   slack (MET)


Startpoint: _554_ (rising edge-triggered flip-flop clocked by wclk)
Endpoint: _576_ (rising edge-triggered flip-flop clocked by wclk)
Path Group: wclk
Path Type: max

Fanout         Cap        Slew       Delay        Time   Description
---------------------------------------------------------------------------------------------
                                  0.000000    0.000000   clock wclk (rise edge)
                                  0.000000    0.000000   clock source latency
     1    0.020608    0.000000    0.000000    0.000000 ^ wclk (in)
                                                         wclk (net)
                      0.001924    0.000962    0.000962 ^ clkbuf_0_wclk/A (sky130_fd_sc_hd__clkbuf_16)
    16    0.113775    0.195548    0.300371    0.301333 ^ clkbuf_0_wclk/X (sky130_fd_sc_hd__clkbuf_16)
                                                         clknet_0_wclk (net)
                      0.195552    0.001238    0.302572 ^ clkbuf_4_13_0_wclk/A (sky130_fd_sc_hd__clkbuf_8)
    10    0.032418    0.111752    0.321547    0.624119 ^ clkbuf_4_13_0_wclk/X (sky130_fd_sc_hd__clkbuf_8)
                                                         clknet_4_13_0_wclk (net)
                      0.111752    0.000253    0.624371 ^ _554_/CLK (sky130_fd_sc_hd__dfrtp_1)
     2    0.009387    0.132598    0.816823    1.441195 v _554_/Q (sky130_fd_sc_hd__dfrtp_1)
                                                         r_ptr_gray_sync[4] (net)
                      0.132598    0.000076    1.441270 v _291_/A (sky130_fd_sc_hd__xor2_1)
     3    0.011715    0.455124    0.466101    1.907372 ^ _291_/X (sky130_fd_sc_hd__xor2_1)
                                                         _171_ (net)
                      0.455124    0.000106    1.907478 ^ _292_/B (sky130_fd_sc_hd__xnor2_1)
     3    0.010439    0.446557    0.413451    2.320929 ^ _292_/Y (sky130_fd_sc_hd__xnor2_1)
                                                         _172_ (net)
                      0.446557    0.000148    2.321077 ^ _293_/B (sky130_fd_sc_hd__xnor2_1)
     1    0.004499    0.249368    0.345187    2.666264 ^ _293_/Y (sky130_fd_sc_hd__xnor2_1)
                                                         _173_ (net)
                      0.249368    0.000059    2.666323 ^ _297_/S (sky130_fd_sc_hd__mux2_1)
     2    0.006878    0.148951    0.818909    3.485232 v _297_/X (sky130_fd_sc_hd__mux2_1)
                                                         _177_ (net)
                      0.148951    0.000065    3.485297 v _329_/A1 (sky130_fd_sc_hd__a21boi_2)
     3    0.017422    0.368662    0.415023    3.900321 ^ _329_/Y (sky130_fd_sc_hd__a21boi_2)
                                                         _198_ (net)
                      0.368662    0.000322    3.900643 ^ max_cap23/A (sky130_fd_sc_hd__buf_8)
    20    0.118091    0.301366    0.465706    4.366349 ^ max_cap23/X (sky130_fd_sc_hd__buf_8)
                                                         net23 (net)
                      0.301382    0.002493    4.368842 ^ _406_/C (sky130_fd_sc_hd__and4bb_4)
     8    0.047814    0.310168    0.804214    5.173056 ^ _406_/X (sky130_fd_sc_hd__and4bb_4)
                                                         _238_ (net)
                      0.310168    0.000365    5.173421 ^ _407_/S (sky130_fd_sc_hd__mux2_1)
     1    0.002859    0.110596    0.779520    5.952941 v _407_/X (sky130_fd_sc_hd__mux2_1)
                                                         _032_ (net)
                      0.110596    0.000036    5.952977 v _576_/D (sky130_fd_sc_hd__dfxtp_1)
                                              5.952977   data arrival time

                                 10.000000   10.000000   clock wclk (rise edge)
                                  0.000000   10.000000   clock source latency
     1    0.020608    0.000000    0.000000   10.000000 ^ wclk (in)
                                                         wclk (net)
                      0.001924    0.000962   10.000962 ^ clkbuf_0_wclk/A (sky130_fd_sc_hd__clkbuf_16)
    16    0.113775    0.195548    0.300371   10.301333 ^ clkbuf_0_wclk/X (sky130_fd_sc_hd__clkbuf_16)
                                                         clknet_0_wclk (net)
                      0.195550    0.001114   10.302447 ^ clkbuf_4_12_0_wclk/A (sky130_fd_sc_hd__clkbuf_8)
     8    0.030805    0.109061    0.318005   10.620452 ^ clkbuf_4_12_0_wclk/X (sky130_fd_sc_hd__clkbuf_8)
                                                         clknet_4_12_0_wclk (net)
                      0.109061    0.000218   10.620671 ^ _576_/CLK (sky130_fd_sc_hd__dfxtp_1)
                                  0.000000   10.620671   clock reconvergence pessimism
                                 -0.275322   10.345349   library setup time
                                             10.345349   data required time
---------------------------------------------------------------------------------------------
                                             10.345349   data required time
                                             -5.952977   data arrival time
---------------------------------------------------------------------------------------------
                                              4.392372   slack (MET)


Startpoint: _554_ (rising edge-triggered flip-flop clocked by wclk)
Endpoint: _597_ (rising edge-triggered flip-flop clocked by wclk)
Path Group: wclk
Path Type: max

Fanout         Cap        Slew       Delay        Time   Description
---------------------------------------------------------------------------------------------
                                  0.000000    0.000000   clock wclk (rise edge)
                                  0.000000    0.000000   clock source latency
     1    0.020608    0.000000    0.000000    0.000000 ^ wclk (in)
                                                         wclk (net)
                      0.001924    0.000962    0.000962 ^ clkbuf_0_wclk/A (sky130_fd_sc_hd__clkbuf_16)
    16    0.113775    0.195548    0.300371    0.301333 ^ clkbuf_0_wclk/X (sky130_fd_sc_hd__clkbuf_16)
                                                         clknet_0_wclk (net)
                      0.195552    0.001238    0.302572 ^ clkbuf_4_13_0_wclk/A (sky130_fd_sc_hd__clkbuf_8)
    10    0.032418    0.111752    0.321547    0.624119 ^ clkbuf_4_13_0_wclk/X (sky130_fd_sc_hd__clkbuf_8)
                                                         clknet_4_13_0_wclk (net)
                      0.111752    0.000253    0.624371 ^ _554_/CLK (sky130_fd_sc_hd__dfrtp_1)
     2    0.009387    0.132598    0.816823    1.441195 v _554_/Q (sky130_fd_sc_hd__dfrtp_1)
                                                         r_ptr_gray_sync[4] (net)
                      0.132598    0.000076    1.441270 v _291_/A (sky130_fd_sc_hd__xor2_1)
     3    0.011715    0.455124    0.466101    1.907372 ^ _291_/X (sky130_fd_sc_hd__xor2_1)
                                                         _171_ (net)
                      0.455124    0.000106    1.907478 ^ _292_/B (sky130_fd_sc_hd__xnor2_1)
     3    0.010439    0.446557    0.413451    2.320929 ^ _292_/Y (sky130_fd_sc_hd__xnor2_1)
                                                         _172_ (net)
                      0.446557    0.000148    2.321077 ^ _293_/B (sky130_fd_sc_hd__xnor2_1)
     1    0.004499    0.249368    0.345187    2.666264 ^ _293_/Y (sky130_fd_sc_hd__xnor2_1)
                                                         _173_ (net)
                      0.249368    0.000059    2.666323 ^ _297_/S (sky130_fd_sc_hd__mux2_1)
     2    0.006878    0.148951    0.818909    3.485232 v _297_/X (sky130_fd_sc_hd__mux2_1)
                                                         _177_ (net)
                      0.148951    0.000065    3.485297 v _329_/A1 (sky130_fd_sc_hd__a21boi_2)
     3    0.017422    0.368662    0.415023    3.900321 ^ _329_/Y (sky130_fd_sc_hd__a21boi_2)
                                                         _198_ (net)
                      0.368662    0.000322    3.900643 ^ max_cap23/A (sky130_fd_sc_hd__buf_8)
    20    0.118091    0.301366    0.465706    4.366349 ^ max_cap23/X (sky130_fd_sc_hd__buf_8)
                                                         net23 (net)
                      0.301379    0.002304    4.368653 ^ _424_/C (sky130_fd_sc_hd__and4b_4)
     8    0.050785    0.324643    0.820315    5.188969 ^ _424_/X (sky130_fd_sc_hd__and4b_4)
                                                         _240_ (net)
                      0.324643    0.001215    5.190184 ^ _430_/S (sky130_fd_sc_hd__mux2_1)
     1    0.002100    0.105286    0.770325    5.960508 v _430_/X (sky130_fd_sc_hd__mux2_1)
                                                         _053_ (net)
                      0.105286    0.000020    5.960528 v _597_/D (sky130_fd_sc_hd__dfxtp_1)
                                              5.960528   data arrival time

                                 10.000000   10.000000   clock wclk (rise edge)
                                  0.000000   10.000000   clock source latency
     1    0.020608    0.000000    0.000000   10.000000 ^ wclk (in)
                                                         wclk (net)
                      0.001924    0.000962   10.000962 ^ clkbuf_0_wclk/A (sky130_fd_sc_hd__clkbuf_16)
    16    0.113775    0.195548    0.300371   10.301333 ^ clkbuf_0_wclk/X (sky130_fd_sc_hd__clkbuf_16)
                                                         clknet_0_wclk (net)
                      0.195559    0.001672   10.303006 ^ clkbuf_4_8_0_wclk/A (sky130_fd_sc_hd__clkbuf_8)
    13    0.032795    0.112646    0.322248   10.625254 ^ clkbuf_4_8_0_wclk/X (sky130_fd_sc_hd__clkbuf_8)
                                                         clknet_4_8_0_wclk (net)
                      0.112646    0.000374   10.625628 ^ _597_/CLK (sky130_fd_sc_hd__dfxtp_1)
                                  0.000000   10.625628   clock reconvergence pessimism
                                 -0.272150   10.353478   library setup time
                                             10.353478   data required time
---------------------------------------------------------------------------------------------
                                             10.353478   data required time
                                             -5.960528   data arrival time
---------------------------------------------------------------------------------------------
                                              4.392951   slack (MET)


Startpoint: _554_ (rising edge-triggered flip-flop clocked by wclk)
Endpoint: _598_ (rising edge-triggered flip-flop clocked by wclk)
Path Group: wclk
Path Type: max

Fanout         Cap        Slew       Delay        Time   Description
---------------------------------------------------------------------------------------------
                                  0.000000    0.000000   clock wclk (rise edge)
                                  0.000000    0.000000   clock source latency
     1    0.020608    0.000000    0.000000    0.000000 ^ wclk (in)
                                                         wclk (net)
                      0.001924    0.000962    0.000962 ^ clkbuf_0_wclk/A (sky130_fd_sc_hd__clkbuf_16)
    16    0.113775    0.195548    0.300371    0.301333 ^ clkbuf_0_wclk/X (sky130_fd_sc_hd__clkbuf_16)
                                                         clknet_0_wclk (net)
                      0.195552    0.001238    0.302572 ^ clkbuf_4_13_0_wclk/A (sky130_fd_sc_hd__clkbuf_8)
    10    0.032418    0.111752    0.321547    0.624119 ^ clkbuf_4_13_0_wclk/X (sky130_fd_sc_hd__clkbuf_8)
                                                         clknet_4_13_0_wclk (net)
                      0.111752    0.000253    0.624371 ^ _554_/CLK (sky130_fd_sc_hd__dfrtp_1)
     2    0.009387    0.132598    0.816823    1.441195 v _554_/Q (sky130_fd_sc_hd__dfrtp_1)
                                                         r_ptr_gray_sync[4] (net)
                      0.132598    0.000076    1.441270 v _291_/A (sky130_fd_sc_hd__xor2_1)
     3    0.011715    0.455124    0.466101    1.907372 ^ _291_/X (sky130_fd_sc_hd__xor2_1)
                                                         _171_ (net)
                      0.455124    0.000106    1.907478 ^ _292_/B (sky130_fd_sc_hd__xnor2_1)
     3    0.010439    0.446557    0.413451    2.320929 ^ _292_/Y (sky130_fd_sc_hd__xnor2_1)
                                                         _172_ (net)
                      0.446557    0.000148    2.321077 ^ _293_/B (sky130_fd_sc_hd__xnor2_1)
     1    0.004499    0.249368    0.345187    2.666264 ^ _293_/Y (sky130_fd_sc_hd__xnor2_1)
                                                         _173_ (net)
                      0.249368    0.000059    2.666323 ^ _297_/S (sky130_fd_sc_hd__mux2_1)
     2    0.006878    0.148951    0.818909    3.485232 v _297_/X (sky130_fd_sc_hd__mux2_1)
                                                         _177_ (net)
                      0.148951    0.000065    3.485297 v _329_/A1 (sky130_fd_sc_hd__a21boi_2)
     3    0.017422    0.368662    0.415023    3.900321 ^ _329_/Y (sky130_fd_sc_hd__a21boi_2)
                                                         _198_ (net)
                      0.368662    0.000322    3.900643 ^ max_cap23/A (sky130_fd_sc_hd__buf_8)
    20    0.118091    0.301366    0.465706    4.366349 ^ max_cap23/X (sky130_fd_sc_hd__buf_8)
                                                         net23 (net)
                      0.301379    0.002304    4.368653 ^ _424_/C (sky130_fd_sc_hd__and4b_4)
     8    0.050785    0.324643    0.820315    5.188969 ^ _424_/X (sky130_fd_sc_hd__and4b_4)
                                                         _240_ (net)
                      0.324653    0.002246    5.191215 ^ _431_/S (sky130_fd_sc_hd__mux2_1)
     1    0.001958    0.103644    0.767892    5.959106 v _431_/X (sky130_fd_sc_hd__mux2_1)
                                                         _054_ (net)
                      0.103644    0.000016    5.959123 v _598_/D (sky130_fd_sc_hd__dfxtp_1)
                                              5.959123   data arrival time

                                 10.000000   10.000000   clock wclk (rise edge)
                                  0.000000   10.000000   clock source latency
     1    0.020608    0.000000    0.000000   10.000000 ^ wclk (in)
                                                         wclk (net)
                      0.001924    0.000962   10.000962 ^ clkbuf_0_wclk/A (sky130_fd_sc_hd__clkbuf_16)
    16    0.113775    0.195548    0.300371   10.301333 ^ clkbuf_0_wclk/X (sky130_fd_sc_hd__clkbuf_16)
                                                         clknet_0_wclk (net)
                      0.195563    0.001899   10.303232 ^ clkbuf_4_10_0_wclk/A (sky130_fd_sc_hd__clkbuf_8)
    12    0.031985    0.110731    0.320682   10.623915 ^ clkbuf_4_10_0_wclk/X (sky130_fd_sc_hd__clkbuf_8)
                                                         clknet_4_10_0_wclk (net)
                      0.110731    0.000290   10.624205 ^ _598_/CLK (sky130_fd_sc_hd__dfxtp_1)
                                  0.000000   10.624205   clock reconvergence pessimism
                                 -0.271984   10.352221   library setup time
                                             10.352221   data required time
---------------------------------------------------------------------------------------------
                                             10.352221   data required time
                                             -5.959123   data arrival time
---------------------------------------------------------------------------------------------
                                              4.393099   slack (MET)


Startpoint: _554_ (rising edge-triggered flip-flop clocked by wclk)
Endpoint: _560_ (rising edge-triggered flip-flop clocked by wclk)
Path Group: wclk
Path Type: max

Fanout         Cap        Slew       Delay        Time   Description
---------------------------------------------------------------------------------------------
                                  0.000000    0.000000   clock wclk (rise edge)
                                  0.000000    0.000000   clock source latency
     1    0.020608    0.000000    0.000000    0.000000 ^ wclk (in)
                                                         wclk (net)
                      0.001924    0.000962    0.000962 ^ clkbuf_0_wclk/A (sky130_fd_sc_hd__clkbuf_16)
    16    0.113775    0.195548    0.300371    0.301333 ^ clkbuf_0_wclk/X (sky130_fd_sc_hd__clkbuf_16)
                                                         clknet_0_wclk (net)
                      0.195552    0.001238    0.302572 ^ clkbuf_4_13_0_wclk/A (sky130_fd_sc_hd__clkbuf_8)
    10    0.032418    0.111752    0.321547    0.624119 ^ clkbuf_4_13_0_wclk/X (sky130_fd_sc_hd__clkbuf_8)
                                                         clknet_4_13_0_wclk (net)
                      0.111752    0.000253    0.624371 ^ _554_/CLK (sky130_fd_sc_hd__dfrtp_1)
     2    0.009387    0.132598    0.816823    1.441195 v _554_/Q (sky130_fd_sc_hd__dfrtp_1)
                                                         r_ptr_gray_sync[4] (net)
                      0.132598    0.000076    1.441270 v _291_/A (sky130_fd_sc_hd__xor2_1)
     3    0.011715    0.455124    0.466101    1.907372 ^ _291_/X (sky130_fd_sc_hd__xor2_1)
                                                         _171_ (net)
                      0.455124    0.000106    1.907478 ^ _292_/B (sky130_fd_sc_hd__xnor2_1)
     3    0.010439    0.446557    0.413451    2.320929 ^ _292_/Y (sky130_fd_sc_hd__xnor2_1)
                                                         _172_ (net)
                      0.446557    0.000148    2.321077 ^ _293_/B (sky130_fd_sc_hd__xnor2_1)
     1    0.004499    0.249368    0.345187    2.666264 ^ _293_/Y (sky130_fd_sc_hd__xnor2_1)
                                                         _173_ (net)
                      0.249368    0.000059    2.666323 ^ _297_/S (sky130_fd_sc_hd__mux2_1)
     2    0.006878    0.148951    0.818909    3.485232 v _297_/X (sky130_fd_sc_hd__mux2_1)
                                                         _177_ (net)
                      0.148951    0.000065    3.485297 v _329_/A1 (sky130_fd_sc_hd__a21boi_2)
     3    0.017422    0.368662    0.415023    3.900321 ^ _329_/Y (sky130_fd_sc_hd__a21boi_2)
                                                         _198_ (net)
                      0.368662    0.000322    3.900643 ^ max_cap23/A (sky130_fd_sc_hd__buf_8)
    20    0.118091    0.301366    0.465706    4.366349 ^ max_cap23/X (sky130_fd_sc_hd__buf_8)
                                                         net23 (net)
                      0.301379    0.002296    4.368645 ^ _388_/C (sky130_fd_sc_hd__and4b_4)
     8    0.045982    0.301882    0.801078    5.169723 ^ _388_/X (sky130_fd_sc_hd__and4b_4)
                                                         _236_ (net)
                      0.301882    0.000376    5.170099 ^ _389_/S (sky130_fd_sc_hd__mux2_1)
     1    0.003020    0.112159    0.780061    5.950160 v _389_/X (sky130_fd_sc_hd__mux2_1)
                                                         _016_ (net)
                      0.112159    0.000040    5.950200 v _560_/D (sky130_fd_sc_hd__dfxtp_1)
                                              5.950200   data arrival time

                                 10.000000   10.000000   clock wclk (rise edge)
                                  0.000000   10.000000   clock source latency
     1    0.020608    0.000000    0.000000   10.000000 ^ wclk (in)
                                                         wclk (net)
                      0.001924    0.000962   10.000962 ^ clkbuf_0_wclk/A (sky130_fd_sc_hd__clkbuf_16)
    16    0.113775    0.195548    0.300371   10.301333 ^ clkbuf_0_wclk/X (sky130_fd_sc_hd__clkbuf_16)
                                                         clknet_0_wclk (net)
                      0.195550    0.001114   10.302447 ^ clkbuf_4_12_0_wclk/A (sky130_fd_sc_hd__clkbuf_8)
     8    0.030805    0.109061    0.318005   10.620452 ^ clkbuf_4_12_0_wclk/X (sky130_fd_sc_hd__clkbuf_8)
                                                         clknet_4_12_0_wclk (net)
                      0.109061    0.000377   10.620830 ^ _560_/CLK (sky130_fd_sc_hd__dfxtp_1)
                                  0.000000   10.620830   clock reconvergence pessimism
                                 -0.275971   10.344858   library setup time
                                             10.344858   data required time
---------------------------------------------------------------------------------------------
                                             10.344858   data required time
                                             -5.950200   data arrival time
---------------------------------------------------------------------------------------------
                                              4.394659   slack (MET)


Startpoint: _554_ (rising edge-triggered flip-flop clocked by wclk)
Endpoint: _561_ (rising edge-triggered flip-flop clocked by wclk)
Path Group: wclk
Path Type: max

Fanout         Cap        Slew       Delay        Time   Description
---------------------------------------------------------------------------------------------
                                  0.000000    0.000000   clock wclk (rise edge)
                                  0.000000    0.000000   clock source latency
     1    0.020608    0.000000    0.000000    0.000000 ^ wclk (in)
                                                         wclk (net)
                      0.001924    0.000962    0.000962 ^ clkbuf_0_wclk/A (sky130_fd_sc_hd__clkbuf_16)
    16    0.113775    0.195548    0.300371    0.301333 ^ clkbuf_0_wclk/X (sky130_fd_sc_hd__clkbuf_16)
                                                         clknet_0_wclk (net)
                      0.195552    0.001238    0.302572 ^ clkbuf_4_13_0_wclk/A (sky130_fd_sc_hd__clkbuf_8)
    10    0.032418    0.111752    0.321547    0.624119 ^ clkbuf_4_13_0_wclk/X (sky130_fd_sc_hd__clkbuf_8)
                                                         clknet_4_13_0_wclk (net)
                      0.111752    0.000253    0.624371 ^ _554_/CLK (sky130_fd_sc_hd__dfrtp_1)
     2    0.009387    0.132598    0.816823    1.441195 v _554_/Q (sky130_fd_sc_hd__dfrtp_1)
                                                         r_ptr_gray_sync[4] (net)
                      0.132598    0.000076    1.441270 v _291_/A (sky130_fd_sc_hd__xor2_1)
     3    0.011715    0.455124    0.466101    1.907372 ^ _291_/X (sky130_fd_sc_hd__xor2_1)
                                                         _171_ (net)
                      0.455124    0.000106    1.907478 ^ _292_/B (sky130_fd_sc_hd__xnor2_1)
     3    0.010439    0.446557    0.413451    2.320929 ^ _292_/Y (sky130_fd_sc_hd__xnor2_1)
                                                         _172_ (net)
                      0.446557    0.000148    2.321077 ^ _293_/B (sky130_fd_sc_hd__xnor2_1)
     1    0.004499    0.249368    0.345187    2.666264 ^ _293_/Y (sky130_fd_sc_hd__xnor2_1)
                                                         _173_ (net)
                      0.249368    0.000059    2.666323 ^ _297_/S (sky130_fd_sc_hd__mux2_1)
     2    0.006878    0.148951    0.818909    3.485232 v _297_/X (sky130_fd_sc_hd__mux2_1)
                                                         _177_ (net)
                      0.148951    0.000065    3.485297 v _329_/A1 (sky130_fd_sc_hd__a21boi_2)
     3    0.017422    0.368662    0.415023    3.900321 ^ _329_/Y (sky130_fd_sc_hd__a21boi_2)
                                                         _198_ (net)
                      0.368662    0.000322    3.900643 ^ max_cap23/A (sky130_fd_sc_hd__buf_8)
    20    0.118091    0.301366    0.465706    4.366349 ^ max_cap23/X (sky130_fd_sc_hd__buf_8)
                                                         net23 (net)
                      0.301379    0.002296    4.368645 ^ _388_/C (sky130_fd_sc_hd__and4b_4)
     8    0.045982    0.301882    0.801078    5.169723 ^ _388_/X (sky130_fd_sc_hd__and4b_4)
                                                         _236_ (net)
                      0.301882    0.000497    5.170220 ^ _390_/S (sky130_fd_sc_hd__mux2_1)
     1    0.002921    0.114777    0.778377    5.948597 v _390_/X (sky130_fd_sc_hd__mux2_1)
                                                         _017_ (net)
                      0.114777    0.000025    5.948622 v _561_/D (sky130_fd_sc_hd__dfxtp_1)
                                              5.948622   data arrival time

                                 10.000000   10.000000   clock wclk (rise edge)
                                  0.000000   10.000000   clock source latency
     1    0.020608    0.000000    0.000000   10.000000 ^ wclk (in)
                                                         wclk (net)
                      0.001924    0.000962   10.000962 ^ clkbuf_0_wclk/A (sky130_fd_sc_hd__clkbuf_16)
    16    0.113775    0.195548    0.300371   10.301333 ^ clkbuf_0_wclk/X (sky130_fd_sc_hd__clkbuf_16)
                                                         clknet_0_wclk (net)
                      0.195558    0.001626   10.302959 ^ clkbuf_4_14_0_wclk/A (sky130_fd_sc_hd__clkbuf_8)
     9    0.031016    0.109068    0.318644   10.621603 ^ clkbuf_4_14_0_wclk/X (sky130_fd_sc_hd__clkbuf_8)
                                                         clknet_4_14_0_wclk (net)
                      0.109068    0.000191   10.621795 ^ _561_/CLK (sky130_fd_sc_hd__dfxtp_1)
                                  0.000000   10.621795   clock reconvergence pessimism
                                 -0.277057   10.344738   library setup time
                                             10.344738   data required time
---------------------------------------------------------------------------------------------
                                             10.344738   data required time
                                             -5.948622   data arrival time
---------------------------------------------------------------------------------------------
                                              4.396116   slack (MET)


Startpoint: _554_ (rising edge-triggered flip-flop clocked by wclk)
Endpoint: _579_ (rising edge-triggered flip-flop clocked by wclk)
Path Group: wclk
Path Type: max

Fanout         Cap        Slew       Delay        Time   Description
---------------------------------------------------------------------------------------------
                                  0.000000    0.000000   clock wclk (rise edge)
                                  0.000000    0.000000   clock source latency
     1    0.020608    0.000000    0.000000    0.000000 ^ wclk (in)
                                                         wclk (net)
                      0.001924    0.000962    0.000962 ^ clkbuf_0_wclk/A (sky130_fd_sc_hd__clkbuf_16)
    16    0.113775    0.195548    0.300371    0.301333 ^ clkbuf_0_wclk/X (sky130_fd_sc_hd__clkbuf_16)
                                                         clknet_0_wclk (net)
                      0.195552    0.001238    0.302572 ^ clkbuf_4_13_0_wclk/A (sky130_fd_sc_hd__clkbuf_8)
    10    0.032418    0.111752    0.321547    0.624119 ^ clkbuf_4_13_0_wclk/X (sky130_fd_sc_hd__clkbuf_8)
                                                         clknet_4_13_0_wclk (net)
                      0.111752    0.000253    0.624371 ^ _554_/CLK (sky130_fd_sc_hd__dfrtp_1)
     2    0.009387    0.132598    0.816823    1.441195 v _554_/Q (sky130_fd_sc_hd__dfrtp_1)
                                                         r_ptr_gray_sync[4] (net)
                      0.132598    0.000076    1.441270 v _291_/A (sky130_fd_sc_hd__xor2_1)
     3    0.011715    0.455124    0.466101    1.907372 ^ _291_/X (sky130_fd_sc_hd__xor2_1)
                                                         _171_ (net)
                      0.455124    0.000106    1.907478 ^ _292_/B (sky130_fd_sc_hd__xnor2_1)
     3    0.010439    0.446557    0.413451    2.320929 ^ _292_/Y (sky130_fd_sc_hd__xnor2_1)
                                                         _172_ (net)
                      0.446557    0.000148    2.321077 ^ _293_/B (sky130_fd_sc_hd__xnor2_1)
     1    0.004499    0.249368    0.345187    2.666264 ^ _293_/Y (sky130_fd_sc_hd__xnor2_1)
                                                         _173_ (net)
                      0.249368    0.000059    2.666323 ^ _297_/S (sky130_fd_sc_hd__mux2_1)
     2    0.006878    0.148951    0.818909    3.485232 v _297_/X (sky130_fd_sc_hd__mux2_1)
                                                         _177_ (net)
                      0.148951    0.000065    3.485297 v _329_/A1 (sky130_fd_sc_hd__a21boi_2)
     3    0.017422    0.368662    0.415023    3.900321 ^ _329_/Y (sky130_fd_sc_hd__a21boi_2)
                                                         _198_ (net)
                      0.368662    0.000322    3.900643 ^ max_cap23/A (sky130_fd_sc_hd__buf_8)
    20    0.118091    0.301366    0.465706    4.366349 ^ max_cap23/X (sky130_fd_sc_hd__buf_8)
                                                         net23 (net)
                      0.301382    0.002493    4.368842 ^ _406_/C (sky130_fd_sc_hd__and4bb_4)
     8    0.047814    0.310168    0.804214    5.173056 ^ _406_/X (sky130_fd_sc_hd__and4bb_4)
                                                         _238_ (net)
                      0.310168    0.000492    5.173548 ^ _410_/S (sky130_fd_sc_hd__mux2_1)
     1    0.002774    0.109761    0.778056    5.951604 v _410_/X (sky130_fd_sc_hd__mux2_1)
                                                         _035_ (net)
                      0.109761    0.000032    5.951636 v _579_/D (sky130_fd_sc_hd__dfxtp_1)
                                              5.951636   data arrival time

                                 10.000000   10.000000   clock wclk (rise edge)
                                  0.000000   10.000000   clock source latency
     1    0.020608    0.000000    0.000000   10.000000 ^ wclk (in)
                                                         wclk (net)
                      0.001924    0.000962   10.000962 ^ clkbuf_0_wclk/A (sky130_fd_sc_hd__clkbuf_16)
    16    0.113775    0.195548    0.300371   10.301333 ^ clkbuf_0_wclk/X (sky130_fd_sc_hd__clkbuf_16)
                                                         clknet_0_wclk (net)
                      0.195557    0.001556   10.302890 ^ clkbuf_4_15_0_wclk/A (sky130_fd_sc_hd__clkbuf_8)
     8    0.031805    0.110304    0.320395   10.623284 ^ clkbuf_4_15_0_wclk/X (sky130_fd_sc_hd__clkbuf_8)
                                                         clknet_4_15_0_wclk (net)
                      0.110304    0.000305   10.623590 ^ _579_/CLK (sky130_fd_sc_hd__dfxtp_1)
                                  0.000000   10.623590   clock reconvergence pessimism
                                 -0.274640   10.348949   library setup time
                                             10.348949   data required time
---------------------------------------------------------------------------------------------
                                             10.348949   data required time
                                             -5.951636   data arrival time
---------------------------------------------------------------------------------------------
                                              4.397314   slack (MET)


Startpoint: _554_ (rising edge-triggered flip-flop clocked by wclk)
Endpoint: _644_ (rising edge-triggered flip-flop clocked by wclk)
Path Group: wclk
Path Type: max

Fanout         Cap        Slew       Delay        Time   Description
---------------------------------------------------------------------------------------------
                                  0.000000    0.000000   clock wclk (rise edge)
                                  0.000000    0.000000   clock source latency
     1    0.020608    0.000000    0.000000    0.000000 ^ wclk (in)
                                                         wclk (net)
                      0.001924    0.000962    0.000962 ^ clkbuf_0_wclk/A (sky130_fd_sc_hd__clkbuf_16)
    16    0.113775    0.195548    0.300371    0.301333 ^ clkbuf_0_wclk/X (sky130_fd_sc_hd__clkbuf_16)
                                                         clknet_0_wclk (net)
                      0.195552    0.001238    0.302572 ^ clkbuf_4_13_0_wclk/A (sky130_fd_sc_hd__clkbuf_8)
    10    0.032418    0.111752    0.321547    0.624119 ^ clkbuf_4_13_0_wclk/X (sky130_fd_sc_hd__clkbuf_8)
                                                         clknet_4_13_0_wclk (net)
                      0.111752    0.000253    0.624371 ^ _554_/CLK (sky130_fd_sc_hd__dfrtp_1)
     2    0.009387    0.132598    0.816823    1.441195 v _554_/Q (sky130_fd_sc_hd__dfrtp_1)
                                                         r_ptr_gray_sync[4] (net)
                      0.132598    0.000076    1.441270 v _291_/A (sky130_fd_sc_hd__xor2_1)
     3    0.011715    0.455124    0.466101    1.907372 ^ _291_/X (sky130_fd_sc_hd__xor2_1)
                                                         _171_ (net)
                      0.455124    0.000106    1.907478 ^ _292_/B (sky130_fd_sc_hd__xnor2_1)
     3    0.010439    0.446557    0.413451    2.320929 ^ _292_/Y (sky130_fd_sc_hd__xnor2_1)
                                                         _172_ (net)
                      0.446557    0.000148    2.321077 ^ _293_/B (sky130_fd_sc_hd__xnor2_1)
     1    0.004499    0.249368    0.345187    2.666264 ^ _293_/Y (sky130_fd_sc_hd__xnor2_1)
                                                         _173_ (net)
                      0.249368    0.000059    2.666323 ^ _297_/S (sky130_fd_sc_hd__mux2_1)
     2    0.006878    0.148951    0.818909    3.485232 v _297_/X (sky130_fd_sc_hd__mux2_1)
                                                         _177_ (net)
                      0.148951    0.000065    3.485297 v _329_/A1 (sky130_fd_sc_hd__a21boi_2)
     3    0.017422    0.368662    0.415023    3.900321 ^ _329_/Y (sky130_fd_sc_hd__a21boi_2)
                                                         _198_ (net)
                      0.368662    0.000322    3.900643 ^ max_cap23/A (sky130_fd_sc_hd__buf_8)
    20    0.118091    0.301366    0.465706    4.366349 ^ max_cap23/X (sky130_fd_sc_hd__buf_8)
                                                         net23 (net)
                      0.301376    0.002135    4.368484 ^ _471_/C (sky130_fd_sc_hd__and4b_4)
     8    0.044767    0.296437    0.795617    5.164100 ^ _471_/X (sky130_fd_sc_hd__and4b_4)
                                                         _247_ (net)
                      0.296437    0.001223    5.165323 ^ _475_/S (sky130_fd_sc_hd__mux2_1)
     1    0.002777    0.109776    0.774454    5.939778 v _475_/X (sky130_fd_sc_hd__mux2_1)
                                                         _091_ (net)
                      0.109776    0.000036    5.939813 v _644_/D (sky130_fd_sc_hd__dfxtp_1)
                                              5.939813   data arrival time

                                 10.000000   10.000000   clock wclk (rise edge)
                                  0.000000   10.000000   clock source latency
     1    0.020608    0.000000    0.000000   10.000000 ^ wclk (in)
                                                         wclk (net)
                      0.001924    0.000962   10.000962 ^ clkbuf_0_wclk/A (sky130_fd_sc_hd__clkbuf_16)
    16    0.113775    0.195548    0.300371   10.301333 ^ clkbuf_0_wclk/X (sky130_fd_sc_hd__clkbuf_16)
                                                         clknet_0_wclk (net)
                      0.195564    0.001923   10.303256 ^ clkbuf_4_3_0_wclk/A (sky130_fd_sc_hd__clkbuf_8)
    10    0.027727    0.102003    0.311228   10.614484 ^ clkbuf_4_3_0_wclk/X (sky130_fd_sc_hd__clkbuf_8)
                                                         clknet_4_3_0_wclk (net)
                      0.102003    0.000053   10.614537 ^ _644_/CLK (sky130_fd_sc_hd__dfxtp_1)
                                  0.000000   10.614537   clock reconvergence pessimism
                                 -0.276884   10.337653   library setup time
                                             10.337653   data required time
---------------------------------------------------------------------------------------------
                                             10.337653   data required time
                                             -5.939813   data arrival time
---------------------------------------------------------------------------------------------
                                              4.397840   slack (MET)


Startpoint: _554_ (rising edge-triggered flip-flop clocked by wclk)
Endpoint: _583_ (rising edge-triggered flip-flop clocked by wclk)
Path Group: wclk
Path Type: max

Fanout         Cap        Slew       Delay        Time   Description
---------------------------------------------------------------------------------------------
                                  0.000000    0.000000   clock wclk (rise edge)
                                  0.000000    0.000000   clock source latency
     1    0.020608    0.000000    0.000000    0.000000 ^ wclk (in)
                                                         wclk (net)
                      0.001924    0.000962    0.000962 ^ clkbuf_0_wclk/A (sky130_fd_sc_hd__clkbuf_16)
    16    0.113775    0.195548    0.300371    0.301333 ^ clkbuf_0_wclk/X (sky130_fd_sc_hd__clkbuf_16)
                                                         clknet_0_wclk (net)
                      0.195552    0.001238    0.302572 ^ clkbuf_4_13_0_wclk/A (sky130_fd_sc_hd__clkbuf_8)
    10    0.032418    0.111752    0.321547    0.624119 ^ clkbuf_4_13_0_wclk/X (sky130_fd_sc_hd__clkbuf_8)
                                                         clknet_4_13_0_wclk (net)
                      0.111752    0.000253    0.624371 ^ _554_/CLK (sky130_fd_sc_hd__dfrtp_1)
     2    0.009387    0.132598    0.816823    1.441195 v _554_/Q (sky130_fd_sc_hd__dfrtp_1)
                                                         r_ptr_gray_sync[4] (net)
                      0.132598    0.000076    1.441270 v _291_/A (sky130_fd_sc_hd__xor2_1)
     3    0.011715    0.455124    0.466101    1.907372 ^ _291_/X (sky130_fd_sc_hd__xor2_1)
                                                         _171_ (net)
                      0.455124    0.000106    1.907478 ^ _292_/B (sky130_fd_sc_hd__xnor2_1)
     3    0.010439    0.446557    0.413451    2.320929 ^ _292_/Y (sky130_fd_sc_hd__xnor2_1)
                                                         _172_ (net)
                      0.446557    0.000148    2.321077 ^ _293_/B (sky130_fd_sc_hd__xnor2_1)
     1    0.004499    0.249368    0.345187    2.666264 ^ _293_/Y (sky130_fd_sc_hd__xnor2_1)
                                                         _173_ (net)
                      0.249368    0.000059    2.666323 ^ _297_/S (sky130_fd_sc_hd__mux2_1)
     2    0.006878    0.148951    0.818909    3.485232 v _297_/X (sky130_fd_sc_hd__mux2_1)
                                                         _177_ (net)
                      0.148951    0.000065    3.485297 v _329_/A1 (sky130_fd_sc_hd__a21boi_2)
     3    0.017422    0.368662    0.415023    3.900321 ^ _329_/Y (sky130_fd_sc_hd__a21boi_2)
                                                         _198_ (net)
                      0.368662    0.000322    3.900643 ^ max_cap23/A (sky130_fd_sc_hd__buf_8)
    20    0.118091    0.301366    0.465706    4.366349 ^ max_cap23/X (sky130_fd_sc_hd__buf_8)
                                                         net23 (net)
                      0.301382    0.002493    4.368842 ^ _406_/C (sky130_fd_sc_hd__and4bb_4)
     8    0.047814    0.310168    0.804214    5.173056 ^ _406_/X (sky130_fd_sc_hd__and4bb_4)
                                                         _238_ (net)
                      0.310170    0.001566    5.174622 ^ _414_/S (sky130_fd_sc_hd__mux2_1)
     1    0.002203    0.106444    0.768253    5.942875 v _414_/X (sky130_fd_sc_hd__mux2_1)
                                                         _039_ (net)
                      0.106444    0.000022    5.942897 v _583_/D (sky130_fd_sc_hd__dfxtp_1)
                                              5.942897   data arrival time

                                 10.000000   10.000000   clock wclk (rise edge)
                                  0.000000   10.000000   clock source latency
     1    0.020608    0.000000    0.000000   10.000000 ^ wclk (in)
                                                         wclk (net)
                      0.001924    0.000962   10.000962 ^ clkbuf_0_wclk/A (sky130_fd_sc_hd__clkbuf_16)
    16    0.113775    0.195548    0.300371   10.301333 ^ clkbuf_0_wclk/X (sky130_fd_sc_hd__clkbuf_16)
                                                         clknet_0_wclk (net)
                      0.195558    0.001616   10.302950 ^ clkbuf_4_9_0_wclk/A (sky130_fd_sc_hd__clkbuf_8)
     9    0.028597    0.104139    0.313218   10.616168 ^ clkbuf_4_9_0_wclk/X (sky130_fd_sc_hd__clkbuf_8)
                                                         clknet_4_9_0_wclk (net)
                      0.104139    0.000183   10.616351 ^ _583_/CLK (sky130_fd_sc_hd__dfxtp_1)
                                  0.000000   10.616351   clock reconvergence pessimism
                                 -0.274924   10.341427   library setup time
                                             10.341427   data required time
---------------------------------------------------------------------------------------------
                                             10.341427   data required time
                                             -5.942897   data arrival time
---------------------------------------------------------------------------------------------
                                              4.398530   slack (MET)


Startpoint: _554_ (rising edge-triggered flip-flop clocked by wclk)
Endpoint: _668_ (rising edge-triggered flip-flop clocked by wclk)
Path Group: wclk
Path Type: max

Fanout         Cap        Slew       Delay        Time   Description
---------------------------------------------------------------------------------------------
                                  0.000000    0.000000   clock wclk (rise edge)
                                  0.000000    0.000000   clock source latency
     1    0.020608    0.000000    0.000000    0.000000 ^ wclk (in)
                                                         wclk (net)
                      0.001924    0.000962    0.000962 ^ clkbuf_0_wclk/A (sky130_fd_sc_hd__clkbuf_16)
    16    0.113775    0.195548    0.300371    0.301333 ^ clkbuf_0_wclk/X (sky130_fd_sc_hd__clkbuf_16)
                                                         clknet_0_wclk (net)
                      0.195552    0.001238    0.302572 ^ clkbuf_4_13_0_wclk/A (sky130_fd_sc_hd__clkbuf_8)
    10    0.032418    0.111752    0.321547    0.624119 ^ clkbuf_4_13_0_wclk/X (sky130_fd_sc_hd__clkbuf_8)
                                                         clknet_4_13_0_wclk (net)
                      0.111752    0.000253    0.624371 ^ _554_/CLK (sky130_fd_sc_hd__dfrtp_1)
     2    0.009387    0.132598    0.816823    1.441195 v _554_/Q (sky130_fd_sc_hd__dfrtp_1)
                                                         r_ptr_gray_sync[4] (net)
                      0.132598    0.000076    1.441270 v _291_/A (sky130_fd_sc_hd__xor2_1)
     3    0.011715    0.455124    0.466101    1.907372 ^ _291_/X (sky130_fd_sc_hd__xor2_1)
                                                         _171_ (net)
                      0.455124    0.000106    1.907478 ^ _292_/B (sky130_fd_sc_hd__xnor2_1)
     3    0.010439    0.446557    0.413451    2.320929 ^ _292_/Y (sky130_fd_sc_hd__xnor2_1)
                                                         _172_ (net)
                      0.446557    0.000148    2.321077 ^ _293_/B (sky130_fd_sc_hd__xnor2_1)
     1    0.004499    0.249368    0.345187    2.666264 ^ _293_/Y (sky130_fd_sc_hd__xnor2_1)
                                                         _173_ (net)
                      0.249368    0.000059    2.666323 ^ _297_/S (sky130_fd_sc_hd__mux2_1)
     2    0.006878    0.148951    0.818909    3.485232 v _297_/X (sky130_fd_sc_hd__mux2_1)
                                                         _177_ (net)
                      0.148951    0.000065    3.485297 v _329_/A1 (sky130_fd_sc_hd__a21boi_2)
     3    0.017422    0.368662    0.415023    3.900321 ^ _329_/Y (sky130_fd_sc_hd__a21boi_2)
                                                         _198_ (net)
                      0.368662    0.000322    3.900643 ^ max_cap23/A (sky130_fd_sc_hd__buf_8)
    20    0.118091    0.301366    0.465706    4.366349 ^ max_cap23/X (sky130_fd_sc_hd__buf_8)
                                                         net23 (net)
                      0.301370    0.001632    4.367981 ^ _489_/C (sky130_fd_sc_hd__and4bb_4)
     8    0.048071    0.311584    0.804851    5.172832 ^ _489_/X (sky130_fd_sc_hd__and4bb_4)
                                                         _249_ (net)
                      0.311594    0.002218    5.175050 ^ _492_/S (sky130_fd_sc_hd__mux2_1)
     1    0.002730    0.109205    0.777675    5.952725 v _492_/X (sky130_fd_sc_hd__mux2_1)
                                                         _106_ (net)
                      0.109205    0.000034    5.952759 v _668_/D (sky130_fd_sc_hd__dfxtp_1)
                                              5.952759   data arrival time

                                 10.000000   10.000000   clock wclk (rise edge)
                                  0.000000   10.000000   clock source latency
     1    0.020608    0.000000    0.000000   10.000000 ^ wclk (in)
                                                         wclk (net)
                      0.001924    0.000962   10.000962 ^ clkbuf_0_wclk/A (sky130_fd_sc_hd__clkbuf_16)
    16    0.113775    0.195548    0.300371   10.301333 ^ clkbuf_0_wclk/X (sky130_fd_sc_hd__clkbuf_16)
                                                         clknet_0_wclk (net)
                      0.195571    0.002210   10.303543 ^ clkbuf_4_0_0_wclk/A (sky130_fd_sc_hd__clkbuf_8)
    12    0.032566    0.112105    0.321778   10.625321 ^ clkbuf_4_0_0_wclk/X (sky130_fd_sc_hd__clkbuf_8)
                                                         clknet_4_0_0_wclk (net)
                      0.112105    0.000080   10.625401 ^ _668_/CLK (sky130_fd_sc_hd__dfxtp_1)
                                  0.000000   10.625401   clock reconvergence pessimism
                                 -0.273923   10.351479   library setup time
                                             10.351479   data required time
---------------------------------------------------------------------------------------------
                                             10.351479   data required time
                                             -5.952759   data arrival time
---------------------------------------------------------------------------------------------
                                              4.398719   slack (MET)


Startpoint: _554_ (rising edge-triggered flip-flop clocked by wclk)
Endpoint: _582_ (rising edge-triggered flip-flop clocked by wclk)
Path Group: wclk
Path Type: max

Fanout         Cap        Slew       Delay        Time   Description
---------------------------------------------------------------------------------------------
                                  0.000000    0.000000   clock wclk (rise edge)
                                  0.000000    0.000000   clock source latency
     1    0.020608    0.000000    0.000000    0.000000 ^ wclk (in)
                                                         wclk (net)
                      0.001924    0.000962    0.000962 ^ clkbuf_0_wclk/A (sky130_fd_sc_hd__clkbuf_16)
    16    0.113775    0.195548    0.300371    0.301333 ^ clkbuf_0_wclk/X (sky130_fd_sc_hd__clkbuf_16)
                                                         clknet_0_wclk (net)
                      0.195552    0.001238    0.302572 ^ clkbuf_4_13_0_wclk/A (sky130_fd_sc_hd__clkbuf_8)
    10    0.032418    0.111752    0.321547    0.624119 ^ clkbuf_4_13_0_wclk/X (sky130_fd_sc_hd__clkbuf_8)
                                                         clknet_4_13_0_wclk (net)
                      0.111752    0.000253    0.624371 ^ _554_/CLK (sky130_fd_sc_hd__dfrtp_1)
     2    0.009387    0.132598    0.816823    1.441195 v _554_/Q (sky130_fd_sc_hd__dfrtp_1)
                                                         r_ptr_gray_sync[4] (net)
                      0.132598    0.000076    1.441270 v _291_/A (sky130_fd_sc_hd__xor2_1)
     3    0.011715    0.455124    0.466101    1.907372 ^ _291_/X (sky130_fd_sc_hd__xor2_1)
                                                         _171_ (net)
                      0.455124    0.000106    1.907478 ^ _292_/B (sky130_fd_sc_hd__xnor2_1)
     3    0.010439    0.446557    0.413451    2.320929 ^ _292_/Y (sky130_fd_sc_hd__xnor2_1)
                                                         _172_ (net)
                      0.446557    0.000148    2.321077 ^ _293_/B (sky130_fd_sc_hd__xnor2_1)
     1    0.004499    0.249368    0.345187    2.666264 ^ _293_/Y (sky130_fd_sc_hd__xnor2_1)
                                                         _173_ (net)
                      0.249368    0.000059    2.666323 ^ _297_/S (sky130_fd_sc_hd__mux2_1)
     2    0.006878    0.148951    0.818909    3.485232 v _297_/X (sky130_fd_sc_hd__mux2_1)
                                                         _177_ (net)
                      0.148951    0.000065    3.485297 v _329_/A1 (sky130_fd_sc_hd__a21boi_2)
     3    0.017422    0.368662    0.415023    3.900321 ^ _329_/Y (sky130_fd_sc_hd__a21boi_2)
                                                         _198_ (net)
                      0.368662    0.000322    3.900643 ^ max_cap23/A (sky130_fd_sc_hd__buf_8)
    20    0.118091    0.301366    0.465706    4.366349 ^ max_cap23/X (sky130_fd_sc_hd__buf_8)
                                                         net23 (net)
                      0.301382    0.002493    4.368842 ^ _406_/C (sky130_fd_sc_hd__and4bb_4)
     8    0.047814    0.310168    0.804214    5.173056 ^ _406_/X (sky130_fd_sc_hd__and4bb_4)
                                                         _238_ (net)
                      0.310171    0.001619    5.174675 ^ _413_/S (sky130_fd_sc_hd__mux2_1)
     1    0.002641    0.108318    0.775777    5.950451 v _413_/X (sky130_fd_sc_hd__mux2_1)
                                                         _038_ (net)
                      0.108318    0.000031    5.950482 v _582_/D (sky130_fd_sc_hd__dfxtp_1)
                                              5.950482   data arrival time

                                 10.000000   10.000000   clock wclk (rise edge)
                                  0.000000   10.000000   clock source latency
     1    0.020608    0.000000    0.000000   10.000000 ^ wclk (in)
                                                         wclk (net)
                      0.001924    0.000962   10.000962 ^ clkbuf_0_wclk/A (sky130_fd_sc_hd__clkbuf_16)
    16    0.113775    0.195548    0.300371   10.301333 ^ clkbuf_0_wclk/X (sky130_fd_sc_hd__clkbuf_16)
                                                         clknet_0_wclk (net)
                      0.195561    0.001800   10.303134 ^ clkbuf_4_11_0_wclk/A (sky130_fd_sc_hd__clkbuf_8)
    11    0.032803    0.112664    0.322260   10.625394 ^ clkbuf_4_11_0_wclk/X (sky130_fd_sc_hd__clkbuf_8)
                                                         clknet_4_11_0_wclk (net)
                      0.112664    0.000170   10.625564 ^ _582_/CLK (sky130_fd_sc_hd__dfxtp_1)
                                  0.000000   10.625564   clock reconvergence pessimism
                                 -0.273404   10.352160   library setup time
                                             10.352160   data required time
---------------------------------------------------------------------------------------------
                                             10.352160   data required time
                                             -5.950482   data arrival time
---------------------------------------------------------------------------------------------
                                              4.401677   slack (MET)


Startpoint: _554_ (rising edge-triggered flip-flop clocked by wclk)
Endpoint: _672_ (rising edge-triggered flip-flop clocked by wclk)
Path Group: wclk
Path Type: max

Fanout         Cap        Slew       Delay        Time   Description
---------------------------------------------------------------------------------------------
                                  0.000000    0.000000   clock wclk (rise edge)
                                  0.000000    0.000000   clock source latency
     1    0.020608    0.000000    0.000000    0.000000 ^ wclk (in)
                                                         wclk (net)
                      0.001924    0.000962    0.000962 ^ clkbuf_0_wclk/A (sky130_fd_sc_hd__clkbuf_16)
    16    0.113775    0.195548    0.300371    0.301333 ^ clkbuf_0_wclk/X (sky130_fd_sc_hd__clkbuf_16)
                                                         clknet_0_wclk (net)
                      0.195552    0.001238    0.302572 ^ clkbuf_4_13_0_wclk/A (sky130_fd_sc_hd__clkbuf_8)
    10    0.032418    0.111752    0.321547    0.624119 ^ clkbuf_4_13_0_wclk/X (sky130_fd_sc_hd__clkbuf_8)
                                                         clknet_4_13_0_wclk (net)
                      0.111752    0.000253    0.624371 ^ _554_/CLK (sky130_fd_sc_hd__dfrtp_1)
     2    0.009387    0.132598    0.816823    1.441195 v _554_/Q (sky130_fd_sc_hd__dfrtp_1)
                                                         r_ptr_gray_sync[4] (net)
                      0.132598    0.000076    1.441270 v _291_/A (sky130_fd_sc_hd__xor2_1)
     3    0.011715    0.455124    0.466101    1.907372 ^ _291_/X (sky130_fd_sc_hd__xor2_1)
                                                         _171_ (net)
                      0.455124    0.000106    1.907478 ^ _292_/B (sky130_fd_sc_hd__xnor2_1)
     3    0.010439    0.446557    0.413451    2.320929 ^ _292_/Y (sky130_fd_sc_hd__xnor2_1)
                                                         _172_ (net)
                      0.446557    0.000148    2.321077 ^ _293_/B (sky130_fd_sc_hd__xnor2_1)
     1    0.004499    0.249368    0.345187    2.666264 ^ _293_/Y (sky130_fd_sc_hd__xnor2_1)
                                                         _173_ (net)
                      0.249368    0.000059    2.666323 ^ _297_/S (sky130_fd_sc_hd__mux2_1)
     2    0.006878    0.148951    0.818909    3.485232 v _297_/X (sky130_fd_sc_hd__mux2_1)
                                                         _177_ (net)
                      0.148951    0.000065    3.485297 v _329_/A1 (sky130_fd_sc_hd__a21boi_2)
     3    0.017422    0.368662    0.415023    3.900321 ^ _329_/Y (sky130_fd_sc_hd__a21boi_2)
                                                         _198_ (net)
                      0.368662    0.000322    3.900643 ^ max_cap23/A (sky130_fd_sc_hd__buf_8)
    20    0.118091    0.301366    0.465706    4.366349 ^ max_cap23/X (sky130_fd_sc_hd__buf_8)
                                                         net23 (net)
                      0.301370    0.001632    4.367981 ^ _489_/C (sky130_fd_sc_hd__and4bb_4)
     8    0.048071    0.311584    0.804851    5.172832 ^ _489_/X (sky130_fd_sc_hd__and4bb_4)
                                                         _249_ (net)
                      0.311595    0.002257    5.175089 ^ _496_/S (sky130_fd_sc_hd__mux2_1)
     1    0.002495    0.106796    0.773650    5.948739 v _496_/X (sky130_fd_sc_hd__mux2_1)
                                                         _110_ (net)
                      0.106796    0.000028    5.948766 v _672_/D (sky130_fd_sc_hd__dfxtp_1)
                                              5.948766   data arrival time

                                 10.000000   10.000000   clock wclk (rise edge)
                                  0.000000   10.000000   clock source latency
     1    0.020608    0.000000    0.000000   10.000000 ^ wclk (in)
                                                         wclk (net)
                      0.001924    0.000962   10.000962 ^ clkbuf_0_wclk/A (sky130_fd_sc_hd__clkbuf_16)
    16    0.113775    0.195548    0.300371   10.301333 ^ clkbuf_0_wclk/X (sky130_fd_sc_hd__clkbuf_16)
                                                         clknet_0_wclk (net)
                      0.195564    0.001920   10.303254 ^ clkbuf_4_2_0_wclk/A (sky130_fd_sc_hd__clkbuf_8)
    12    0.032585    0.112062    0.321712   10.624966 ^ clkbuf_4_2_0_wclk/X (sky130_fd_sc_hd__clkbuf_8)
                                                         clknet_4_2_0_wclk (net)
                      0.112062    0.000451   10.625418 ^ _672_/CLK (sky130_fd_sc_hd__dfxtp_1)
                                  0.000000   10.625418   clock reconvergence pessimism
                                 -0.272934   10.352483   library setup time
                                             10.352483   data required time
---------------------------------------------------------------------------------------------
                                             10.352483   data required time
                                             -5.948766   data arrival time
---------------------------------------------------------------------------------------------
                                              4.403717   slack (MET)


Startpoint: _554_ (rising edge-triggered flip-flop clocked by wclk)
Endpoint: _565_ (rising edge-triggered flip-flop clocked by wclk)
Path Group: wclk
Path Type: max

Fanout         Cap        Slew       Delay        Time   Description
---------------------------------------------------------------------------------------------
                                  0.000000    0.000000   clock wclk (rise edge)
                                  0.000000    0.000000   clock source latency
     1    0.020608    0.000000    0.000000    0.000000 ^ wclk (in)
                                                         wclk (net)
                      0.001924    0.000962    0.000962 ^ clkbuf_0_wclk/A (sky130_fd_sc_hd__clkbuf_16)
    16    0.113775    0.195548    0.300371    0.301333 ^ clkbuf_0_wclk/X (sky130_fd_sc_hd__clkbuf_16)
                                                         clknet_0_wclk (net)
                      0.195552    0.001238    0.302572 ^ clkbuf_4_13_0_wclk/A (sky130_fd_sc_hd__clkbuf_8)
    10    0.032418    0.111752    0.321547    0.624119 ^ clkbuf_4_13_0_wclk/X (sky130_fd_sc_hd__clkbuf_8)
                                                         clknet_4_13_0_wclk (net)
                      0.111752    0.000253    0.624371 ^ _554_/CLK (sky130_fd_sc_hd__dfrtp_1)
     2    0.009387    0.132598    0.816823    1.441195 v _554_/Q (sky130_fd_sc_hd__dfrtp_1)
                                                         r_ptr_gray_sync[4] (net)
                      0.132598    0.000076    1.441270 v _291_/A (sky130_fd_sc_hd__xor2_1)
     3    0.011715    0.455124    0.466101    1.907372 ^ _291_/X (sky130_fd_sc_hd__xor2_1)
                                                         _171_ (net)
                      0.455124    0.000106    1.907478 ^ _292_/B (sky130_fd_sc_hd__xnor2_1)
     3    0.010439    0.446557    0.413451    2.320929 ^ _292_/Y (sky130_fd_sc_hd__xnor2_1)
                                                         _172_ (net)
                      0.446557    0.000148    2.321077 ^ _293_/B (sky130_fd_sc_hd__xnor2_1)
     1    0.004499    0.249368    0.345187    2.666264 ^ _293_/Y (sky130_fd_sc_hd__xnor2_1)
                                                         _173_ (net)
                      0.249368    0.000059    2.666323 ^ _297_/S (sky130_fd_sc_hd__mux2_1)
     2    0.006878    0.148951    0.818909    3.485232 v _297_/X (sky130_fd_sc_hd__mux2_1)
                                                         _177_ (net)
                      0.148951    0.000065    3.485297 v _329_/A1 (sky130_fd_sc_hd__a21boi_2)
     3    0.017422    0.368662    0.415023    3.900321 ^ _329_/Y (sky130_fd_sc_hd__a21boi_2)
                                                         _198_ (net)
                      0.368662    0.000322    3.900643 ^ max_cap23/A (sky130_fd_sc_hd__buf_8)
    20    0.118091    0.301366    0.465706    4.366349 ^ max_cap23/X (sky130_fd_sc_hd__buf_8)
                                                         net23 (net)
                      0.301379    0.002296    4.368645 ^ _388_/C (sky130_fd_sc_hd__and4b_4)
     8    0.045982    0.301882    0.801078    5.169723 ^ _388_/X (sky130_fd_sc_hd__and4b_4)
                                                         _236_ (net)
                      0.301882    0.000751    5.170474 ^ _394_/S (sky130_fd_sc_hd__mux2_1)
     1    0.002107    0.105309    0.764409    5.934884 v _394_/X (sky130_fd_sc_hd__mux2_1)
                                                         _021_ (net)
                      0.105309    0.000020    5.934903 v _565_/D (sky130_fd_sc_hd__dfxtp_1)
                                              5.934903   data arrival time

                                 10.000000   10.000000   clock wclk (rise edge)
                                  0.000000   10.000000   clock source latency
     1    0.020608    0.000000    0.000000   10.000000 ^ wclk (in)
                                                         wclk (net)
                      0.001924    0.000962   10.000962 ^ clkbuf_0_wclk/A (sky130_fd_sc_hd__clkbuf_16)
    16    0.113775    0.195548    0.300371   10.301333 ^ clkbuf_0_wclk/X (sky130_fd_sc_hd__clkbuf_16)
                                                         clknet_0_wclk (net)
                      0.195558    0.001616   10.302950 ^ clkbuf_4_9_0_wclk/A (sky130_fd_sc_hd__clkbuf_8)
     9    0.028597    0.104139    0.313218   10.616168 ^ clkbuf_4_9_0_wclk/X (sky130_fd_sc_hd__clkbuf_8)
                                                         clknet_4_9_0_wclk (net)
                      0.104139    0.000172   10.616340 ^ _565_/CLK (sky130_fd_sc_hd__dfxtp_1)
                                  0.000000   10.616340   clock reconvergence pessimism
                                 -0.274453   10.341887   library setup time
                                             10.341887   data required time
---------------------------------------------------------------------------------------------
                                             10.341887   data required time
                                             -5.934903   data arrival time
---------------------------------------------------------------------------------------------
                                              4.406985   slack (MET)


Startpoint: _554_ (rising edge-triggered flip-flop clocked by wclk)
Endpoint: _564_ (rising edge-triggered flip-flop clocked by wclk)
Path Group: wclk
Path Type: max

Fanout         Cap        Slew       Delay        Time   Description
---------------------------------------------------------------------------------------------
                                  0.000000    0.000000   clock wclk (rise edge)
                                  0.000000    0.000000   clock source latency
     1    0.020608    0.000000    0.000000    0.000000 ^ wclk (in)
                                                         wclk (net)
                      0.001924    0.000962    0.000962 ^ clkbuf_0_wclk/A (sky130_fd_sc_hd__clkbuf_16)
    16    0.113775    0.195548    0.300371    0.301333 ^ clkbuf_0_wclk/X (sky130_fd_sc_hd__clkbuf_16)
                                                         clknet_0_wclk (net)
                      0.195552    0.001238    0.302572 ^ clkbuf_4_13_0_wclk/A (sky130_fd_sc_hd__clkbuf_8)
    10    0.032418    0.111752    0.321547    0.624119 ^ clkbuf_4_13_0_wclk/X (sky130_fd_sc_hd__clkbuf_8)
                                                         clknet_4_13_0_wclk (net)
                      0.111752    0.000253    0.624371 ^ _554_/CLK (sky130_fd_sc_hd__dfrtp_1)
     2    0.009387    0.132598    0.816823    1.441195 v _554_/Q (sky130_fd_sc_hd__dfrtp_1)
                                                         r_ptr_gray_sync[4] (net)
                      0.132598    0.000076    1.441270 v _291_/A (sky130_fd_sc_hd__xor2_1)
     3    0.011715    0.455124    0.466101    1.907372 ^ _291_/X (sky130_fd_sc_hd__xor2_1)
                                                         _171_ (net)
                      0.455124    0.000106    1.907478 ^ _292_/B (sky130_fd_sc_hd__xnor2_1)
     3    0.010439    0.446557    0.413451    2.320929 ^ _292_/Y (sky130_fd_sc_hd__xnor2_1)
                                                         _172_ (net)
                      0.446557    0.000148    2.321077 ^ _293_/B (sky130_fd_sc_hd__xnor2_1)
     1    0.004499    0.249368    0.345187    2.666264 ^ _293_/Y (sky130_fd_sc_hd__xnor2_1)
                                                         _173_ (net)
                      0.249368    0.000059    2.666323 ^ _297_/S (sky130_fd_sc_hd__mux2_1)
     2    0.006878    0.148951    0.818909    3.485232 v _297_/X (sky130_fd_sc_hd__mux2_1)
                                                         _177_ (net)
                      0.148951    0.000065    3.485297 v _329_/A1 (sky130_fd_sc_hd__a21boi_2)
     3    0.017422    0.368662    0.415023    3.900321 ^ _329_/Y (sky130_fd_sc_hd__a21boi_2)
                                                         _198_ (net)
                      0.368662    0.000322    3.900643 ^ max_cap23/A (sky130_fd_sc_hd__buf_8)
    20    0.118091    0.301366    0.465706    4.366349 ^ max_cap23/X (sky130_fd_sc_hd__buf_8)
                                                         net23 (net)
                      0.301379    0.002296    4.368645 ^ _388_/C (sky130_fd_sc_hd__and4b_4)
     8    0.045982    0.301882    0.801078    5.169723 ^ _388_/X (sky130_fd_sc_hd__and4b_4)
                                                         _236_ (net)
                      0.301882    0.000759    5.170482 ^ _393_/S (sky130_fd_sc_hd__mux2_1)
     1    0.002072    0.104895    0.763799    5.934280 v _393_/X (sky130_fd_sc_hd__mux2_1)
                                                         _020_ (net)
                      0.104895    0.000020    5.934300 v _564_/D (sky130_fd_sc_hd__dfxtp_1)
                                              5.934300   data arrival time

                                 10.000000   10.000000   clock wclk (rise edge)
                                  0.000000   10.000000   clock source latency
     1    0.020608    0.000000    0.000000   10.000000 ^ wclk (in)
                                                         wclk (net)
                      0.001924    0.000962   10.000962 ^ clkbuf_0_wclk/A (sky130_fd_sc_hd__clkbuf_16)
    16    0.113775    0.195548    0.300371   10.301333 ^ clkbuf_0_wclk/X (sky130_fd_sc_hd__clkbuf_16)
                                                         clknet_0_wclk (net)
                      0.195558    0.001616   10.302950 ^ clkbuf_4_9_0_wclk/A (sky130_fd_sc_hd__clkbuf_8)
     9    0.028597    0.104139    0.313218   10.616168 ^ clkbuf_4_9_0_wclk/X (sky130_fd_sc_hd__clkbuf_8)
                                                         clknet_4_9_0_wclk (net)
                      0.104139    0.000182   10.616350 ^ _564_/CLK (sky130_fd_sc_hd__dfxtp_1)
                                  0.000000   10.616350   clock reconvergence pessimism
                                 -0.274281   10.342070   library setup time
                                             10.342070   data required time
---------------------------------------------------------------------------------------------
                                             10.342070   data required time
                                             -5.934300   data arrival time
---------------------------------------------------------------------------------------------
                                              4.407770   slack (MET)


Startpoint: _554_ (rising edge-triggered flip-flop clocked by wclk)
Endpoint: _667_ (rising edge-triggered flip-flop clocked by wclk)
Path Group: wclk
Path Type: max

Fanout         Cap        Slew       Delay        Time   Description
---------------------------------------------------------------------------------------------
                                  0.000000    0.000000   clock wclk (rise edge)
                                  0.000000    0.000000   clock source latency
     1    0.020608    0.000000    0.000000    0.000000 ^ wclk (in)
                                                         wclk (net)
                      0.001924    0.000962    0.000962 ^ clkbuf_0_wclk/A (sky130_fd_sc_hd__clkbuf_16)
    16    0.113775    0.195548    0.300371    0.301333 ^ clkbuf_0_wclk/X (sky130_fd_sc_hd__clkbuf_16)
                                                         clknet_0_wclk (net)
                      0.195552    0.001238    0.302572 ^ clkbuf_4_13_0_wclk/A (sky130_fd_sc_hd__clkbuf_8)
    10    0.032418    0.111752    0.321547    0.624119 ^ clkbuf_4_13_0_wclk/X (sky130_fd_sc_hd__clkbuf_8)
                                                         clknet_4_13_0_wclk (net)
                      0.111752    0.000253    0.624371 ^ _554_/CLK (sky130_fd_sc_hd__dfrtp_1)
     2    0.009387    0.132598    0.816823    1.441195 v _554_/Q (sky130_fd_sc_hd__dfrtp_1)
                                                         r_ptr_gray_sync[4] (net)
                      0.132598    0.000076    1.441270 v _291_/A (sky130_fd_sc_hd__xor2_1)
     3    0.011715    0.455124    0.466101    1.907372 ^ _291_/X (sky130_fd_sc_hd__xor2_1)
                                                         _171_ (net)
                      0.455124    0.000106    1.907478 ^ _292_/B (sky130_fd_sc_hd__xnor2_1)
     3    0.010439    0.446557    0.413451    2.320929 ^ _292_/Y (sky130_fd_sc_hd__xnor2_1)
                                                         _172_ (net)
                      0.446557    0.000148    2.321077 ^ _293_/B (sky130_fd_sc_hd__xnor2_1)
     1    0.004499    0.249368    0.345187    2.666264 ^ _293_/Y (sky130_fd_sc_hd__xnor2_1)
                                                         _173_ (net)
                      0.249368    0.000059    2.666323 ^ _297_/S (sky130_fd_sc_hd__mux2_1)
     2    0.006878    0.148951    0.818909    3.485232 v _297_/X (sky130_fd_sc_hd__mux2_1)
                                                         _177_ (net)
                      0.148951    0.000065    3.485297 v _329_/A1 (sky130_fd_sc_hd__a21boi_2)
     3    0.017422    0.368662    0.415023    3.900321 ^ _329_/Y (sky130_fd_sc_hd__a21boi_2)
                                                         _198_ (net)
                      0.368662    0.000322    3.900643 ^ max_cap23/A (sky130_fd_sc_hd__buf_8)
    20    0.118091    0.301366    0.465706    4.366349 ^ max_cap23/X (sky130_fd_sc_hd__buf_8)
                                                         net23 (net)
                      0.301370    0.001632    4.367981 ^ _489_/C (sky130_fd_sc_hd__and4bb_4)
     8    0.048071    0.311584    0.804851    5.172832 ^ _489_/X (sky130_fd_sc_hd__and4bb_4)
                                                         _249_ (net)
                      0.311584    0.001170    5.174002 ^ _491_/S (sky130_fd_sc_hd__mux2_1)
     1    0.002085    0.105080    0.766605    5.940607 v _491_/X (sky130_fd_sc_hd__mux2_1)
                                                         _105_ (net)
                      0.105080    0.000019    5.940626 v _667_/D (sky130_fd_sc_hd__dfxtp_1)
                                              5.940626   data arrival time

                                 10.000000   10.000000   clock wclk (rise edge)
                                  0.000000   10.000000   clock source latency
     1    0.020608    0.000000    0.000000   10.000000 ^ wclk (in)
                                                         wclk (net)
                      0.001924    0.000962   10.000962 ^ clkbuf_0_wclk/A (sky130_fd_sc_hd__clkbuf_16)
    16    0.113775    0.195548    0.300371   10.301333 ^ clkbuf_0_wclk/X (sky130_fd_sc_hd__clkbuf_16)
                                                         clknet_0_wclk (net)
                      0.195553    0.001307   10.302640 ^ clkbuf_4_5_0_wclk/A (sky130_fd_sc_hd__clkbuf_8)
     8    0.031001    0.109029    0.318688   10.621328 ^ clkbuf_4_5_0_wclk/X (sky130_fd_sc_hd__clkbuf_8)
                                                         clknet_4_5_0_wclk (net)
                      0.109029    0.000186   10.621513 ^ _667_/CLK (sky130_fd_sc_hd__dfxtp_1)
                                  0.000000   10.621513   clock reconvergence pessimism
                                 -0.273039   10.348475   library setup time
                                             10.348475   data required time
---------------------------------------------------------------------------------------------
                                             10.348475   data required time
                                             -5.940626   data arrival time
---------------------------------------------------------------------------------------------
                                              4.407849   slack (MET)


Startpoint: _554_ (rising edge-triggered flip-flop clocked by wclk)
Endpoint: _562_ (rising edge-triggered flip-flop clocked by wclk)
Path Group: wclk
Path Type: max

Fanout         Cap        Slew       Delay        Time   Description
---------------------------------------------------------------------------------------------
                                  0.000000    0.000000   clock wclk (rise edge)
                                  0.000000    0.000000   clock source latency
     1    0.020608    0.000000    0.000000    0.000000 ^ wclk (in)
                                                         wclk (net)
                      0.001924    0.000962    0.000962 ^ clkbuf_0_wclk/A (sky130_fd_sc_hd__clkbuf_16)
    16    0.113775    0.195548    0.300371    0.301333 ^ clkbuf_0_wclk/X (sky130_fd_sc_hd__clkbuf_16)
                                                         clknet_0_wclk (net)
                      0.195552    0.001238    0.302572 ^ clkbuf_4_13_0_wclk/A (sky130_fd_sc_hd__clkbuf_8)
    10    0.032418    0.111752    0.321547    0.624119 ^ clkbuf_4_13_0_wclk/X (sky130_fd_sc_hd__clkbuf_8)
                                                         clknet_4_13_0_wclk (net)
                      0.111752    0.000253    0.624371 ^ _554_/CLK (sky130_fd_sc_hd__dfrtp_1)
     2    0.009387    0.132598    0.816823    1.441195 v _554_/Q (sky130_fd_sc_hd__dfrtp_1)
                                                         r_ptr_gray_sync[4] (net)
                      0.132598    0.000076    1.441270 v _291_/A (sky130_fd_sc_hd__xor2_1)
     3    0.011715    0.455124    0.466101    1.907372 ^ _291_/X (sky130_fd_sc_hd__xor2_1)
                                                         _171_ (net)
                      0.455124    0.000106    1.907478 ^ _292_/B (sky130_fd_sc_hd__xnor2_1)
     3    0.010439    0.446557    0.413451    2.320929 ^ _292_/Y (sky130_fd_sc_hd__xnor2_1)
                                                         _172_ (net)
                      0.446557    0.000148    2.321077 ^ _293_/B (sky130_fd_sc_hd__xnor2_1)
     1    0.004499    0.249368    0.345187    2.666264 ^ _293_/Y (sky130_fd_sc_hd__xnor2_1)
                                                         _173_ (net)
                      0.249368    0.000059    2.666323 ^ _297_/S (sky130_fd_sc_hd__mux2_1)
     2    0.006878    0.148951    0.818909    3.485232 v _297_/X (sky130_fd_sc_hd__mux2_1)
                                                         _177_ (net)
                      0.148951    0.000065    3.485297 v _329_/A1 (sky130_fd_sc_hd__a21boi_2)
     3    0.017422    0.368662    0.415023    3.900321 ^ _329_/Y (sky130_fd_sc_hd__a21boi_2)
                                                         _198_ (net)
                      0.368662    0.000322    3.900643 ^ max_cap23/A (sky130_fd_sc_hd__buf_8)
    20    0.118091    0.301366    0.465706    4.366349 ^ max_cap23/X (sky130_fd_sc_hd__buf_8)
                                                         net23 (net)
                      0.301379    0.002296    4.368645 ^ _388_/C (sky130_fd_sc_hd__and4b_4)
     8    0.045982    0.301882    0.801078    5.169723 ^ _388_/X (sky130_fd_sc_hd__and4b_4)
                                                         _236_ (net)
                      0.301882    0.000967    5.170690 ^ _391_/S (sky130_fd_sc_hd__mux2_1)
     1    0.002570    0.110696    0.772357    5.943047 v _391_/X (sky130_fd_sc_hd__mux2_1)
                                                         _018_ (net)
                      0.110696    0.000028    5.943075 v _562_/D (sky130_fd_sc_hd__dfxtp_1)
                                              5.943075   data arrival time

                                 10.000000   10.000000   clock wclk (rise edge)
                                  0.000000   10.000000   clock source latency
     1    0.020608    0.000000    0.000000   10.000000 ^ wclk (in)
                                                         wclk (net)
                      0.001924    0.000962   10.000962 ^ clkbuf_0_wclk/A (sky130_fd_sc_hd__clkbuf_16)
    16    0.113775    0.195548    0.300371   10.301333 ^ clkbuf_0_wclk/X (sky130_fd_sc_hd__clkbuf_16)
                                                         clknet_0_wclk (net)
                      0.195559    0.001672   10.303006 ^ clkbuf_4_8_0_wclk/A (sky130_fd_sc_hd__clkbuf_8)
    13    0.032795    0.112646    0.322248   10.625254 ^ clkbuf_4_8_0_wclk/X (sky130_fd_sc_hd__clkbuf_8)
                                                         clknet_4_8_0_wclk (net)
                      0.112646    0.000202   10.625456 ^ _562_/CLK (sky130_fd_sc_hd__dfxtp_1)
                                  0.000000   10.625456   clock reconvergence pessimism
                                 -0.274397   10.351059   library setup time
                                             10.351059   data required time
---------------------------------------------------------------------------------------------
                                             10.351059   data required time
                                             -5.943075   data arrival time
---------------------------------------------------------------------------------------------
                                              4.407984   slack (MET)


Startpoint: _554_ (rising edge-triggered flip-flop clocked by wclk)
Endpoint: _581_ (rising edge-triggered flip-flop clocked by wclk)
Path Group: wclk
Path Type: max

Fanout         Cap        Slew       Delay        Time   Description
---------------------------------------------------------------------------------------------
                                  0.000000    0.000000   clock wclk (rise edge)
                                  0.000000    0.000000   clock source latency
     1    0.020608    0.000000    0.000000    0.000000 ^ wclk (in)
                                                         wclk (net)
                      0.001924    0.000962    0.000962 ^ clkbuf_0_wclk/A (sky130_fd_sc_hd__clkbuf_16)
    16    0.113775    0.195548    0.300371    0.301333 ^ clkbuf_0_wclk/X (sky130_fd_sc_hd__clkbuf_16)
                                                         clknet_0_wclk (net)
                      0.195552    0.001238    0.302572 ^ clkbuf_4_13_0_wclk/A (sky130_fd_sc_hd__clkbuf_8)
    10    0.032418    0.111752    0.321547    0.624119 ^ clkbuf_4_13_0_wclk/X (sky130_fd_sc_hd__clkbuf_8)
                                                         clknet_4_13_0_wclk (net)
                      0.111752    0.000253    0.624371 ^ _554_/CLK (sky130_fd_sc_hd__dfrtp_1)
     2    0.009387    0.132598    0.816823    1.441195 v _554_/Q (sky130_fd_sc_hd__dfrtp_1)
                                                         r_ptr_gray_sync[4] (net)
                      0.132598    0.000076    1.441270 v _291_/A (sky130_fd_sc_hd__xor2_1)
     3    0.011715    0.455124    0.466101    1.907372 ^ _291_/X (sky130_fd_sc_hd__xor2_1)
                                                         _171_ (net)
                      0.455124    0.000106    1.907478 ^ _292_/B (sky130_fd_sc_hd__xnor2_1)
     3    0.010439    0.446557    0.413451    2.320929 ^ _292_/Y (sky130_fd_sc_hd__xnor2_1)
                                                         _172_ (net)
                      0.446557    0.000148    2.321077 ^ _293_/B (sky130_fd_sc_hd__xnor2_1)
     1    0.004499    0.249368    0.345187    2.666264 ^ _293_/Y (sky130_fd_sc_hd__xnor2_1)
                                                         _173_ (net)
                      0.249368    0.000059    2.666323 ^ _297_/S (sky130_fd_sc_hd__mux2_1)
     2    0.006878    0.148951    0.818909    3.485232 v _297_/X (sky130_fd_sc_hd__mux2_1)
                                                         _177_ (net)
                      0.148951    0.000065    3.485297 v _329_/A1 (sky130_fd_sc_hd__a21boi_2)
     3    0.017422    0.368662    0.415023    3.900321 ^ _329_/Y (sky130_fd_sc_hd__a21boi_2)
                                                         _198_ (net)
                      0.368662    0.000322    3.900643 ^ max_cap23/A (sky130_fd_sc_hd__buf_8)
    20    0.118091    0.301366    0.465706    4.366349 ^ max_cap23/X (sky130_fd_sc_hd__buf_8)
                                                         net23 (net)
                      0.301382    0.002493    4.368842 ^ _406_/C (sky130_fd_sc_hd__and4bb_4)
     8    0.047814    0.310168    0.804214    5.173056 ^ _406_/X (sky130_fd_sc_hd__and4bb_4)
                                                         _238_ (net)
                      0.310168    0.000960    5.174016 ^ _412_/S (sky130_fd_sc_hd__mux2_1)
     1    0.002037    0.104516    0.765402    5.939418 v _412_/X (sky130_fd_sc_hd__mux2_1)
                                                         _037_ (net)
                      0.104516    0.000010    5.939428 v _581_/D (sky130_fd_sc_hd__dfxtp_1)
                                              5.939428   data arrival time

                                 10.000000   10.000000   clock wclk (rise edge)
                                  0.000000   10.000000   clock source latency
     1    0.020608    0.000000    0.000000   10.000000 ^ wclk (in)
                                                         wclk (net)
                      0.001924    0.000962   10.000962 ^ clkbuf_0_wclk/A (sky130_fd_sc_hd__clkbuf_16)
    16    0.113775    0.195548    0.300371   10.301333 ^ clkbuf_0_wclk/X (sky130_fd_sc_hd__clkbuf_16)
                                                         clknet_0_wclk (net)
                      0.195550    0.001114   10.302447 ^ clkbuf_4_12_0_wclk/A (sky130_fd_sc_hd__clkbuf_8)
     8    0.030805    0.109061    0.318005   10.620452 ^ clkbuf_4_12_0_wclk/X (sky130_fd_sc_hd__clkbuf_8)
                                                         clknet_4_12_0_wclk (net)
                      0.109063    0.000690   10.621142 ^ _581_/CLK (sky130_fd_sc_hd__dfxtp_1)
                                  0.000000   10.621142   clock reconvergence pessimism
                                 -0.272795   10.348348   library setup time
                                             10.348348   data required time
---------------------------------------------------------------------------------------------
                                             10.348348   data required time
                                             -5.939428   data arrival time
---------------------------------------------------------------------------------------------
                                              4.408919   slack (MET)


Startpoint: _554_ (rising edge-triggered flip-flop clocked by wclk)
Endpoint: _642_ (rising edge-triggered flip-flop clocked by wclk)
Path Group: wclk
Path Type: max

Fanout         Cap        Slew       Delay        Time   Description
---------------------------------------------------------------------------------------------
                                  0.000000    0.000000   clock wclk (rise edge)
                                  0.000000    0.000000   clock source latency
     1    0.020608    0.000000    0.000000    0.000000 ^ wclk (in)
                                                         wclk (net)
                      0.001924    0.000962    0.000962 ^ clkbuf_0_wclk/A (sky130_fd_sc_hd__clkbuf_16)
    16    0.113775    0.195548    0.300371    0.301333 ^ clkbuf_0_wclk/X (sky130_fd_sc_hd__clkbuf_16)
                                                         clknet_0_wclk (net)
                      0.195552    0.001238    0.302572 ^ clkbuf_4_13_0_wclk/A (sky130_fd_sc_hd__clkbuf_8)
    10    0.032418    0.111752    0.321547    0.624119 ^ clkbuf_4_13_0_wclk/X (sky130_fd_sc_hd__clkbuf_8)
                                                         clknet_4_13_0_wclk (net)
                      0.111752    0.000253    0.624371 ^ _554_/CLK (sky130_fd_sc_hd__dfrtp_1)
     2    0.009387    0.132598    0.816823    1.441195 v _554_/Q (sky130_fd_sc_hd__dfrtp_1)
                                                         r_ptr_gray_sync[4] (net)
                      0.132598    0.000076    1.441270 v _291_/A (sky130_fd_sc_hd__xor2_1)
     3    0.011715    0.455124    0.466101    1.907372 ^ _291_/X (sky130_fd_sc_hd__xor2_1)
                                                         _171_ (net)
                      0.455124    0.000106    1.907478 ^ _292_/B (sky130_fd_sc_hd__xnor2_1)
     3    0.010439    0.446557    0.413451    2.320929 ^ _292_/Y (sky130_fd_sc_hd__xnor2_1)
                                                         _172_ (net)
                      0.446557    0.000148    2.321077 ^ _293_/B (sky130_fd_sc_hd__xnor2_1)
     1    0.004499    0.249368    0.345187    2.666264 ^ _293_/Y (sky130_fd_sc_hd__xnor2_1)
                                                         _173_ (net)
                      0.249368    0.000059    2.666323 ^ _297_/S (sky130_fd_sc_hd__mux2_1)
     2    0.006878    0.148951    0.818909    3.485232 v _297_/X (sky130_fd_sc_hd__mux2_1)
                                                         _177_ (net)
                      0.148951    0.000065    3.485297 v _329_/A1 (sky130_fd_sc_hd__a21boi_2)
     3    0.017422    0.368662    0.415023    3.900321 ^ _329_/Y (sky130_fd_sc_hd__a21boi_2)
                                                         _198_ (net)
                      0.368662    0.000322    3.900643 ^ max_cap23/A (sky130_fd_sc_hd__buf_8)
    20    0.118091    0.301366    0.465706    4.366349 ^ max_cap23/X (sky130_fd_sc_hd__buf_8)
                                                         net23 (net)
                      0.301376    0.002135    4.368484 ^ _471_/C (sky130_fd_sc_hd__and4b_4)
     8    0.044767    0.296437    0.795617    5.164100 ^ _471_/X (sky130_fd_sc_hd__and4b_4)
                                                         _247_ (net)
                      0.296437    0.000551    5.164651 ^ _473_/S (sky130_fd_sc_hd__mux2_1)
     1    0.002720    0.112428    0.773474    5.938126 v _473_/X (sky130_fd_sc_hd__mux2_1)
                                                         _089_ (net)
                      0.112428    0.000023    5.938148 v _642_/D (sky130_fd_sc_hd__dfxtp_1)
                                              5.938148   data arrival time

                                 10.000000   10.000000   clock wclk (rise edge)
                                  0.000000   10.000000   clock source latency
     1    0.020608    0.000000    0.000000   10.000000 ^ wclk (in)
                                                         wclk (net)
                      0.001924    0.000962   10.000962 ^ clkbuf_0_wclk/A (sky130_fd_sc_hd__clkbuf_16)
    16    0.113775    0.195548    0.300371   10.301333 ^ clkbuf_0_wclk/X (sky130_fd_sc_hd__clkbuf_16)
                                                         clknet_0_wclk (net)
                      0.195554    0.001396   10.302730 ^ clkbuf_4_4_0_wclk/A (sky130_fd_sc_hd__clkbuf_8)
    10    0.032379    0.111664    0.321420   10.624150 ^ clkbuf_4_4_0_wclk/X (sky130_fd_sc_hd__clkbuf_8)
                                                         clknet_4_4_0_wclk (net)
                      0.111664    0.000405   10.624555 ^ _642_/CLK (sky130_fd_sc_hd__dfxtp_1)
                                  0.000000   10.624555   clock reconvergence pessimism
                                 -0.275381   10.349174   library setup time
                                             10.349174   data required time
---------------------------------------------------------------------------------------------
                                             10.349174   data required time
                                             -5.938148   data arrival time
---------------------------------------------------------------------------------------------
                                              4.411026   slack (MET)


Startpoint: _554_ (rising edge-triggered flip-flop clocked by wclk)
Endpoint: _643_ (rising edge-triggered flip-flop clocked by wclk)
Path Group: wclk
Path Type: max

Fanout         Cap        Slew       Delay        Time   Description
---------------------------------------------------------------------------------------------
                                  0.000000    0.000000   clock wclk (rise edge)
                                  0.000000    0.000000   clock source latency
     1    0.020608    0.000000    0.000000    0.000000 ^ wclk (in)
                                                         wclk (net)
                      0.001924    0.000962    0.000962 ^ clkbuf_0_wclk/A (sky130_fd_sc_hd__clkbuf_16)
    16    0.113775    0.195548    0.300371    0.301333 ^ clkbuf_0_wclk/X (sky130_fd_sc_hd__clkbuf_16)
                                                         clknet_0_wclk (net)
                      0.195552    0.001238    0.302572 ^ clkbuf_4_13_0_wclk/A (sky130_fd_sc_hd__clkbuf_8)
    10    0.032418    0.111752    0.321547    0.624119 ^ clkbuf_4_13_0_wclk/X (sky130_fd_sc_hd__clkbuf_8)
                                                         clknet_4_13_0_wclk (net)
                      0.111752    0.000253    0.624371 ^ _554_/CLK (sky130_fd_sc_hd__dfrtp_1)
     2    0.009387    0.132598    0.816823    1.441195 v _554_/Q (sky130_fd_sc_hd__dfrtp_1)
                                                         r_ptr_gray_sync[4] (net)
                      0.132598    0.000076    1.441270 v _291_/A (sky130_fd_sc_hd__xor2_1)
     3    0.011715    0.455124    0.466101    1.907372 ^ _291_/X (sky130_fd_sc_hd__xor2_1)
                                                         _171_ (net)
                      0.455124    0.000106    1.907478 ^ _292_/B (sky130_fd_sc_hd__xnor2_1)
     3    0.010439    0.446557    0.413451    2.320929 ^ _292_/Y (sky130_fd_sc_hd__xnor2_1)
                                                         _172_ (net)
                      0.446557    0.000148    2.321077 ^ _293_/B (sky130_fd_sc_hd__xnor2_1)
     1    0.004499    0.249368    0.345187    2.666264 ^ _293_/Y (sky130_fd_sc_hd__xnor2_1)
                                                         _173_ (net)
                      0.249368    0.000059    2.666323 ^ _297_/S (sky130_fd_sc_hd__mux2_1)
     2    0.006878    0.148951    0.818909    3.485232 v _297_/X (sky130_fd_sc_hd__mux2_1)
                                                         _177_ (net)
                      0.148951    0.000065    3.485297 v _329_/A1 (sky130_fd_sc_hd__a21boi_2)
     3    0.017422    0.368662    0.415023    3.900321 ^ _329_/Y (sky130_fd_sc_hd__a21boi_2)
                                                         _198_ (net)
                      0.368662    0.000322    3.900643 ^ max_cap23/A (sky130_fd_sc_hd__buf_8)
    20    0.118091    0.301366    0.465706    4.366349 ^ max_cap23/X (sky130_fd_sc_hd__buf_8)
                                                         net23 (net)
                      0.301376    0.002135    4.368484 ^ _471_/C (sky130_fd_sc_hd__and4b_4)
     8    0.044767    0.296437    0.795617    5.164100 ^ _471_/X (sky130_fd_sc_hd__and4b_4)
                                                         _247_ (net)
                      0.296445    0.002040    5.166140 ^ _474_/S (sky130_fd_sc_hd__mux2_1)
     1    0.002762    0.109626    0.774192    5.940332 v _474_/X (sky130_fd_sc_hd__mux2_1)
                                                         _090_ (net)
                      0.109626    0.000036    5.940368 v _643_/D (sky130_fd_sc_hd__dfxtp_1)
                                              5.940368   data arrival time

                                 10.000000   10.000000   clock wclk (rise edge)
                                  0.000000   10.000000   clock source latency
     1    0.020608    0.000000    0.000000   10.000000 ^ wclk (in)
                                                         wclk (net)
                      0.001924    0.000962   10.000962 ^ clkbuf_0_wclk/A (sky130_fd_sc_hd__clkbuf_16)
    16    0.113775    0.195548    0.300371   10.301333 ^ clkbuf_0_wclk/X (sky130_fd_sc_hd__clkbuf_16)
                                                         clknet_0_wclk (net)
                      0.195571    0.002210   10.303543 ^ clkbuf_4_0_0_wclk/A (sky130_fd_sc_hd__clkbuf_8)
    12    0.032566    0.112105    0.321778   10.625321 ^ clkbuf_4_0_0_wclk/X (sky130_fd_sc_hd__clkbuf_8)
                                                         clknet_4_0_0_wclk (net)
                      0.112105    0.000403   10.625725 ^ _643_/CLK (sky130_fd_sc_hd__dfxtp_1)
                                  0.000000   10.625725   clock reconvergence pessimism
                                 -0.274098   10.351626   library setup time
                                             10.351626   data required time
---------------------------------------------------------------------------------------------
                                             10.351626   data required time
                                             -5.940368   data arrival time
---------------------------------------------------------------------------------------------
                                              4.411259   slack (MET)


Startpoint: _554_ (rising edge-triggered flip-flop clocked by wclk)
Endpoint: _566_ (rising edge-triggered flip-flop clocked by wclk)
Path Group: wclk
Path Type: max

Fanout         Cap        Slew       Delay        Time   Description
---------------------------------------------------------------------------------------------
                                  0.000000    0.000000   clock wclk (rise edge)
                                  0.000000    0.000000   clock source latency
     1    0.020608    0.000000    0.000000    0.000000 ^ wclk (in)
                                                         wclk (net)
                      0.001924    0.000962    0.000962 ^ clkbuf_0_wclk/A (sky130_fd_sc_hd__clkbuf_16)
    16    0.113775    0.195548    0.300371    0.301333 ^ clkbuf_0_wclk/X (sky130_fd_sc_hd__clkbuf_16)
                                                         clknet_0_wclk (net)
                      0.195552    0.001238    0.302572 ^ clkbuf_4_13_0_wclk/A (sky130_fd_sc_hd__clkbuf_8)
    10    0.032418    0.111752    0.321547    0.624119 ^ clkbuf_4_13_0_wclk/X (sky130_fd_sc_hd__clkbuf_8)
                                                         clknet_4_13_0_wclk (net)
                      0.111752    0.000253    0.624371 ^ _554_/CLK (sky130_fd_sc_hd__dfrtp_1)
     2    0.009387    0.132598    0.816823    1.441195 v _554_/Q (sky130_fd_sc_hd__dfrtp_1)
                                                         r_ptr_gray_sync[4] (net)
                      0.132598    0.000076    1.441270 v _291_/A (sky130_fd_sc_hd__xor2_1)
     3    0.011715    0.455124    0.466101    1.907372 ^ _291_/X (sky130_fd_sc_hd__xor2_1)
                                                         _171_ (net)
                      0.455124    0.000106    1.907478 ^ _292_/B (sky130_fd_sc_hd__xnor2_1)
     3    0.010439    0.446557    0.413451    2.320929 ^ _292_/Y (sky130_fd_sc_hd__xnor2_1)
                                                         _172_ (net)
                      0.446557    0.000148    2.321077 ^ _293_/B (sky130_fd_sc_hd__xnor2_1)
     1    0.004499    0.249368    0.345187    2.666264 ^ _293_/Y (sky130_fd_sc_hd__xnor2_1)
                                                         _173_ (net)
                      0.249368    0.000059    2.666323 ^ _297_/S (sky130_fd_sc_hd__mux2_1)
     2    0.006878    0.148951    0.818909    3.485232 v _297_/X (sky130_fd_sc_hd__mux2_1)
                                                         _177_ (net)
                      0.148951    0.000065    3.485297 v _329_/A1 (sky130_fd_sc_hd__a21boi_2)
     3    0.017422    0.368662    0.415023    3.900321 ^ _329_/Y (sky130_fd_sc_hd__a21boi_2)
                                                         _198_ (net)
                      0.368662    0.000322    3.900643 ^ max_cap23/A (sky130_fd_sc_hd__buf_8)
    20    0.118091    0.301366    0.465706    4.366349 ^ max_cap23/X (sky130_fd_sc_hd__buf_8)
                                                         net23 (net)
                      0.301379    0.002296    4.368645 ^ _388_/C (sky130_fd_sc_hd__and4b_4)
     8    0.045982    0.301882    0.801078    5.169723 ^ _388_/X (sky130_fd_sc_hd__and4b_4)
                                                         _236_ (net)
                      0.301882    0.001152    5.170876 ^ _395_/S (sky130_fd_sc_hd__mux2_1)
     1    0.002331    0.107917    0.768257    5.939132 v _395_/X (sky130_fd_sc_hd__mux2_1)
                                                         _022_ (net)
                      0.107917    0.000024    5.939156 v _566_/D (sky130_fd_sc_hd__dfxtp_1)
                                              5.939156   data arrival time

                                 10.000000   10.000000   clock wclk (rise edge)
                                  0.000000   10.000000   clock source latency
     1    0.020608    0.000000    0.000000   10.000000 ^ wclk (in)
                                                         wclk (net)
                      0.001924    0.000962   10.000962 ^ clkbuf_0_wclk/A (sky130_fd_sc_hd__clkbuf_16)
    16    0.113775    0.195548    0.300371   10.301333 ^ clkbuf_0_wclk/X (sky130_fd_sc_hd__clkbuf_16)
                                                         clknet_0_wclk (net)
                      0.195563    0.001899   10.303232 ^ clkbuf_4_10_0_wclk/A (sky130_fd_sc_hd__clkbuf_8)
    12    0.031985    0.110731    0.320682   10.623915 ^ clkbuf_4_10_0_wclk/X (sky130_fd_sc_hd__clkbuf_8)
                                                         clknet_4_10_0_wclk (net)
                      0.110731    0.000322   10.624236 ^ _566_/CLK (sky130_fd_sc_hd__dfxtp_1)
                                  0.000000   10.624236   clock reconvergence pessimism
                                 -0.273759   10.350477   library setup time
                                             10.350477   data required time
---------------------------------------------------------------------------------------------
                                             10.350477   data required time
                                             -5.939156   data arrival time
---------------------------------------------------------------------------------------------
                                              4.411322   slack (MET)


Startpoint: _554_ (rising edge-triggered flip-flop clocked by wclk)
Endpoint: _671_ (rising edge-triggered flip-flop clocked by wclk)
Path Group: wclk
Path Type: max

Fanout         Cap        Slew       Delay        Time   Description
---------------------------------------------------------------------------------------------
                                  0.000000    0.000000   clock wclk (rise edge)
                                  0.000000    0.000000   clock source latency
     1    0.020608    0.000000    0.000000    0.000000 ^ wclk (in)
                                                         wclk (net)
                      0.001924    0.000962    0.000962 ^ clkbuf_0_wclk/A (sky130_fd_sc_hd__clkbuf_16)
    16    0.113775    0.195548    0.300371    0.301333 ^ clkbuf_0_wclk/X (sky130_fd_sc_hd__clkbuf_16)
                                                         clknet_0_wclk (net)
                      0.195552    0.001238    0.302572 ^ clkbuf_4_13_0_wclk/A (sky130_fd_sc_hd__clkbuf_8)
    10    0.032418    0.111752    0.321547    0.624119 ^ clkbuf_4_13_0_wclk/X (sky130_fd_sc_hd__clkbuf_8)
                                                         clknet_4_13_0_wclk (net)
                      0.111752    0.000253    0.624371 ^ _554_/CLK (sky130_fd_sc_hd__dfrtp_1)
     2    0.009387    0.132598    0.816823    1.441195 v _554_/Q (sky130_fd_sc_hd__dfrtp_1)
                                                         r_ptr_gray_sync[4] (net)
                      0.132598    0.000076    1.441270 v _291_/A (sky130_fd_sc_hd__xor2_1)
     3    0.011715    0.455124    0.466101    1.907372 ^ _291_/X (sky130_fd_sc_hd__xor2_1)
                                                         _171_ (net)
                      0.455124    0.000106    1.907478 ^ _292_/B (sky130_fd_sc_hd__xnor2_1)
     3    0.010439    0.446557    0.413451    2.320929 ^ _292_/Y (sky130_fd_sc_hd__xnor2_1)
                                                         _172_ (net)
                      0.446557    0.000148    2.321077 ^ _293_/B (sky130_fd_sc_hd__xnor2_1)
     1    0.004499    0.249368    0.345187    2.666264 ^ _293_/Y (sky130_fd_sc_hd__xnor2_1)
                                                         _173_ (net)
                      0.249368    0.000059    2.666323 ^ _297_/S (sky130_fd_sc_hd__mux2_1)
     2    0.006878    0.148951    0.818909    3.485232 v _297_/X (sky130_fd_sc_hd__mux2_1)
                                                         _177_ (net)
                      0.148951    0.000065    3.485297 v _329_/A1 (sky130_fd_sc_hd__a21boi_2)
     3    0.017422    0.368662    0.415023    3.900321 ^ _329_/Y (sky130_fd_sc_hd__a21boi_2)
                                                         _198_ (net)
                      0.368662    0.000322    3.900643 ^ max_cap23/A (sky130_fd_sc_hd__buf_8)
    20    0.118091    0.301366    0.465706    4.366349 ^ max_cap23/X (sky130_fd_sc_hd__buf_8)
                                                         net23 (net)
                      0.301370    0.001632    4.367981 ^ _489_/C (sky130_fd_sc_hd__and4bb_4)
     8    0.048071    0.311584    0.804851    5.172832 ^ _489_/X (sky130_fd_sc_hd__and4bb_4)
                                                         _249_ (net)
                      0.311587    0.001611    5.174442 ^ _495_/S (sky130_fd_sc_hd__mux2_1)
     1    0.002064    0.104831    0.766238    5.940681 v _495_/X (sky130_fd_sc_hd__mux2_1)
                                                         _109_ (net)
                      0.104831    0.000019    5.940700 v _671_/D (sky130_fd_sc_hd__dfxtp_1)
                                              5.940700   data arrival time

                                 10.000000   10.000000   clock wclk (rise edge)
                                  0.000000   10.000000   clock source latency
     1    0.020608    0.000000    0.000000   10.000000 ^ wclk (in)
                                                         wclk (net)
                      0.001924    0.000962   10.000962 ^ clkbuf_0_wclk/A (sky130_fd_sc_hd__clkbuf_16)
    16    0.113775    0.195548    0.300371   10.301333 ^ clkbuf_0_wclk/X (sky130_fd_sc_hd__clkbuf_16)
                                                         clknet_0_wclk (net)
                      0.195554    0.001396   10.302730 ^ clkbuf_4_4_0_wclk/A (sky130_fd_sc_hd__clkbuf_8)
    10    0.032379    0.111664    0.321420   10.624150 ^ clkbuf_4_4_0_wclk/X (sky130_fd_sc_hd__clkbuf_8)
                                                         clknet_4_4_0_wclk (net)
                      0.111664    0.000357   10.624507 ^ _671_/CLK (sky130_fd_sc_hd__dfxtp_1)
                                  0.000000   10.624507   clock reconvergence pessimism
                                 -0.272225   10.352282   library setup time
                                             10.352282   data required time
---------------------------------------------------------------------------------------------
                                             10.352282   data required time
                                             -5.940700   data arrival time
---------------------------------------------------------------------------------------------
                                              4.411582   slack (MET)


Startpoint: _554_ (rising edge-triggered flip-flop clocked by wclk)
Endpoint: _577_ (rising edge-triggered flip-flop clocked by wclk)
Path Group: wclk
Path Type: max

Fanout         Cap        Slew       Delay        Time   Description
---------------------------------------------------------------------------------------------
                                  0.000000    0.000000   clock wclk (rise edge)
                                  0.000000    0.000000   clock source latency
     1    0.020608    0.000000    0.000000    0.000000 ^ wclk (in)
                                                         wclk (net)
                      0.001924    0.000962    0.000962 ^ clkbuf_0_wclk/A (sky130_fd_sc_hd__clkbuf_16)
    16    0.113775    0.195548    0.300371    0.301333 ^ clkbuf_0_wclk/X (sky130_fd_sc_hd__clkbuf_16)
                                                         clknet_0_wclk (net)
                      0.195552    0.001238    0.302572 ^ clkbuf_4_13_0_wclk/A (sky130_fd_sc_hd__clkbuf_8)
    10    0.032418    0.111752    0.321547    0.624119 ^ clkbuf_4_13_0_wclk/X (sky130_fd_sc_hd__clkbuf_8)
                                                         clknet_4_13_0_wclk (net)
                      0.111752    0.000253    0.624371 ^ _554_/CLK (sky130_fd_sc_hd__dfrtp_1)
     2    0.009387    0.132598    0.816823    1.441195 v _554_/Q (sky130_fd_sc_hd__dfrtp_1)
                                                         r_ptr_gray_sync[4] (net)
                      0.132598    0.000076    1.441270 v _291_/A (sky130_fd_sc_hd__xor2_1)
     3    0.011715    0.455124    0.466101    1.907372 ^ _291_/X (sky130_fd_sc_hd__xor2_1)
                                                         _171_ (net)
                      0.455124    0.000106    1.907478 ^ _292_/B (sky130_fd_sc_hd__xnor2_1)
     3    0.010439    0.446557    0.413451    2.320929 ^ _292_/Y (sky130_fd_sc_hd__xnor2_1)
                                                         _172_ (net)
                      0.446557    0.000148    2.321077 ^ _293_/B (sky130_fd_sc_hd__xnor2_1)
     1    0.004499    0.249368    0.345187    2.666264 ^ _293_/Y (sky130_fd_sc_hd__xnor2_1)
                                                         _173_ (net)
                      0.249368    0.000059    2.666323 ^ _297_/S (sky130_fd_sc_hd__mux2_1)
     2    0.006878    0.148951    0.818909    3.485232 v _297_/X (sky130_fd_sc_hd__mux2_1)
                                                         _177_ (net)
                      0.148951    0.000065    3.485297 v _329_/A1 (sky130_fd_sc_hd__a21boi_2)
     3    0.017422    0.368662    0.415023    3.900321 ^ _329_/Y (sky130_fd_sc_hd__a21boi_2)
                                                         _198_ (net)
                      0.368662    0.000322    3.900643 ^ max_cap23/A (sky130_fd_sc_hd__buf_8)
    20    0.118091    0.301366    0.465706    4.366349 ^ max_cap23/X (sky130_fd_sc_hd__buf_8)
                                                         net23 (net)
                      0.301382    0.002493    4.368842 ^ _406_/C (sky130_fd_sc_hd__and4bb_4)
     8    0.047814    0.310168    0.804214    5.173056 ^ _406_/X (sky130_fd_sc_hd__and4bb_4)
                                                         _238_ (net)
                      0.310168    0.000478    5.173534 ^ _408_/S (sky130_fd_sc_hd__mux2_1)
     1    0.002062    0.104806    0.765832    5.939366 v _408_/X (sky130_fd_sc_hd__mux2_1)
                                                         _033_ (net)
                      0.104806    0.000020    5.939385 v _577_/D (sky130_fd_sc_hd__dfxtp_1)
                                              5.939385   data arrival time

                                 10.000000   10.000000   clock wclk (rise edge)
                                  0.000000   10.000000   clock source latency
     1    0.020608    0.000000    0.000000   10.000000 ^ wclk (in)
                                                         wclk (net)
                      0.001924    0.000962   10.000962 ^ clkbuf_0_wclk/A (sky130_fd_sc_hd__clkbuf_16)
    16    0.113775    0.195548    0.300371   10.301333 ^ clkbuf_0_wclk/X (sky130_fd_sc_hd__clkbuf_16)
                                                         clknet_0_wclk (net)
                      0.195557    0.001556   10.302890 ^ clkbuf_4_15_0_wclk/A (sky130_fd_sc_hd__clkbuf_8)
     8    0.031805    0.110304    0.320395   10.623284 ^ clkbuf_4_15_0_wclk/X (sky130_fd_sc_hd__clkbuf_8)
                                                         clknet_4_15_0_wclk (net)
                      0.110304    0.000330   10.623615 ^ _577_/CLK (sky130_fd_sc_hd__dfxtp_1)
                                  0.000000   10.623615   clock reconvergence pessimism
                                 -0.272582   10.351033   library setup time
                                             10.351033   data required time
---------------------------------------------------------------------------------------------
                                             10.351033   data required time
                                             -5.939385   data arrival time
---------------------------------------------------------------------------------------------
                                              4.411648   slack (MET)


Startpoint: _554_ (rising edge-triggered flip-flop clocked by wclk)
Endpoint: _580_ (rising edge-triggered flip-flop clocked by wclk)
Path Group: wclk
Path Type: max

Fanout         Cap        Slew       Delay        Time   Description
---------------------------------------------------------------------------------------------
                                  0.000000    0.000000   clock wclk (rise edge)
                                  0.000000    0.000000   clock source latency
     1    0.020608    0.000000    0.000000    0.000000 ^ wclk (in)
                                                         wclk (net)
                      0.001924    0.000962    0.000962 ^ clkbuf_0_wclk/A (sky130_fd_sc_hd__clkbuf_16)
    16    0.113775    0.195548    0.300371    0.301333 ^ clkbuf_0_wclk/X (sky130_fd_sc_hd__clkbuf_16)
                                                         clknet_0_wclk (net)
                      0.195552    0.001238    0.302572 ^ clkbuf_4_13_0_wclk/A (sky130_fd_sc_hd__clkbuf_8)
    10    0.032418    0.111752    0.321547    0.624119 ^ clkbuf_4_13_0_wclk/X (sky130_fd_sc_hd__clkbuf_8)
                                                         clknet_4_13_0_wclk (net)
                      0.111752    0.000253    0.624371 ^ _554_/CLK (sky130_fd_sc_hd__dfrtp_1)
     2    0.009387    0.132598    0.816823    1.441195 v _554_/Q (sky130_fd_sc_hd__dfrtp_1)
                                                         r_ptr_gray_sync[4] (net)
                      0.132598    0.000076    1.441270 v _291_/A (sky130_fd_sc_hd__xor2_1)
     3    0.011715    0.455124    0.466101    1.907372 ^ _291_/X (sky130_fd_sc_hd__xor2_1)
                                                         _171_ (net)
                      0.455124    0.000106    1.907478 ^ _292_/B (sky130_fd_sc_hd__xnor2_1)
     3    0.010439    0.446557    0.413451    2.320929 ^ _292_/Y (sky130_fd_sc_hd__xnor2_1)
                                                         _172_ (net)
                      0.446557    0.000148    2.321077 ^ _293_/B (sky130_fd_sc_hd__xnor2_1)
     1    0.004499    0.249368    0.345187    2.666264 ^ _293_/Y (sky130_fd_sc_hd__xnor2_1)
                                                         _173_ (net)
                      0.249368    0.000059    2.666323 ^ _297_/S (sky130_fd_sc_hd__mux2_1)
     2    0.006878    0.148951    0.818909    3.485232 v _297_/X (sky130_fd_sc_hd__mux2_1)
                                                         _177_ (net)
                      0.148951    0.000065    3.485297 v _329_/A1 (sky130_fd_sc_hd__a21boi_2)
     3    0.017422    0.368662    0.415023    3.900321 ^ _329_/Y (sky130_fd_sc_hd__a21boi_2)
                                                         _198_ (net)
                      0.368662    0.000322    3.900643 ^ max_cap23/A (sky130_fd_sc_hd__buf_8)
    20    0.118091    0.301366    0.465706    4.366349 ^ max_cap23/X (sky130_fd_sc_hd__buf_8)
                                                         net23 (net)
                      0.301382    0.002493    4.368842 ^ _406_/C (sky130_fd_sc_hd__and4bb_4)
     8    0.047814    0.310168    0.804214    5.173056 ^ _406_/X (sky130_fd_sc_hd__and4bb_4)
                                                         _238_ (net)
                      0.310169    0.001374    5.174430 ^ _411_/S (sky130_fd_sc_hd__mux2_1)
     1    0.001928    0.103248    0.763528    5.937958 v _411_/X (sky130_fd_sc_hd__mux2_1)
                                                         _036_ (net)
                      0.103248    0.000016    5.937974 v _580_/D (sky130_fd_sc_hd__dfxtp_1)
                                              5.937974   data arrival time

                                 10.000000   10.000000   clock wclk (rise edge)
                                  0.000000   10.000000   clock source latency
     1    0.020608    0.000000    0.000000   10.000000 ^ wclk (in)
                                                         wclk (net)
                      0.001924    0.000962   10.000962 ^ clkbuf_0_wclk/A (sky130_fd_sc_hd__clkbuf_16)
    16    0.113775    0.195548    0.300371   10.301333 ^ clkbuf_0_wclk/X (sky130_fd_sc_hd__clkbuf_16)
                                                         clknet_0_wclk (net)
                      0.195558    0.001626   10.302959 ^ clkbuf_4_14_0_wclk/A (sky130_fd_sc_hd__clkbuf_8)
     9    0.031016    0.109068    0.318644   10.621603 ^ clkbuf_4_14_0_wclk/X (sky130_fd_sc_hd__clkbuf_8)
                                                         clknet_4_14_0_wclk (net)
                      0.109068    0.000312   10.621915 ^ _580_/CLK (sky130_fd_sc_hd__dfxtp_1)
                                  0.000000   10.621915   clock reconvergence pessimism
                                 -0.272267   10.349648   library setup time
                                             10.349648   data required time
---------------------------------------------------------------------------------------------
                                             10.349648   data required time
                                             -5.937974   data arrival time
---------------------------------------------------------------------------------------------
                                              4.411674   slack (MET)


Startpoint: _554_ (rising edge-triggered flip-flop clocked by wclk)
Endpoint: _669_ (rising edge-triggered flip-flop clocked by wclk)
Path Group: wclk
Path Type: max

Fanout         Cap        Slew       Delay        Time   Description
---------------------------------------------------------------------------------------------
                                  0.000000    0.000000   clock wclk (rise edge)
                                  0.000000    0.000000   clock source latency
     1    0.020608    0.000000    0.000000    0.000000 ^ wclk (in)
                                                         wclk (net)
                      0.001924    0.000962    0.000962 ^ clkbuf_0_wclk/A (sky130_fd_sc_hd__clkbuf_16)
    16    0.113775    0.195548    0.300371    0.301333 ^ clkbuf_0_wclk/X (sky130_fd_sc_hd__clkbuf_16)
                                                         clknet_0_wclk (net)
                      0.195552    0.001238    0.302572 ^ clkbuf_4_13_0_wclk/A (sky130_fd_sc_hd__clkbuf_8)
    10    0.032418    0.111752    0.321547    0.624119 ^ clkbuf_4_13_0_wclk/X (sky130_fd_sc_hd__clkbuf_8)
                                                         clknet_4_13_0_wclk (net)
                      0.111752    0.000253    0.624371 ^ _554_/CLK (sky130_fd_sc_hd__dfrtp_1)
     2    0.009387    0.132598    0.816823    1.441195 v _554_/Q (sky130_fd_sc_hd__dfrtp_1)
                                                         r_ptr_gray_sync[4] (net)
                      0.132598    0.000076    1.441270 v _291_/A (sky130_fd_sc_hd__xor2_1)
     3    0.011715    0.455124    0.466101    1.907372 ^ _291_/X (sky130_fd_sc_hd__xor2_1)
                                                         _171_ (net)
                      0.455124    0.000106    1.907478 ^ _292_/B (sky130_fd_sc_hd__xnor2_1)
     3    0.010439    0.446557    0.413451    2.320929 ^ _292_/Y (sky130_fd_sc_hd__xnor2_1)
                                                         _172_ (net)
                      0.446557    0.000148    2.321077 ^ _293_/B (sky130_fd_sc_hd__xnor2_1)
     1    0.004499    0.249368    0.345187    2.666264 ^ _293_/Y (sky130_fd_sc_hd__xnor2_1)
                                                         _173_ (net)
                      0.249368    0.000059    2.666323 ^ _297_/S (sky130_fd_sc_hd__mux2_1)
     2    0.006878    0.148951    0.818909    3.485232 v _297_/X (sky130_fd_sc_hd__mux2_1)
                                                         _177_ (net)
                      0.148951    0.000065    3.485297 v _329_/A1 (sky130_fd_sc_hd__a21boi_2)
     3    0.017422    0.368662    0.415023    3.900321 ^ _329_/Y (sky130_fd_sc_hd__a21boi_2)
                                                         _198_ (net)
                      0.368662    0.000322    3.900643 ^ max_cap23/A (sky130_fd_sc_hd__buf_8)
    20    0.118091    0.301366    0.465706    4.366349 ^ max_cap23/X (sky130_fd_sc_hd__buf_8)
                                                         net23 (net)
                      0.301370    0.001632    4.367981 ^ _489_/C (sky130_fd_sc_hd__and4bb_4)
     8    0.048071    0.311584    0.804851    5.172832 ^ _489_/X (sky130_fd_sc_hd__and4bb_4)
                                                         _249_ (net)
                      0.311587    0.001617    5.174448 ^ _493_/S (sky130_fd_sc_hd__mux2_1)
     1    0.002042    0.104578    0.765865    5.940313 v _493_/X (sky130_fd_sc_hd__mux2_1)
                                                         _107_ (net)
                      0.104578    0.000019    5.940332 v _669_/D (sky130_fd_sc_hd__dfxtp_1)
                                              5.940332   data arrival time

                                 10.000000   10.000000   clock wclk (rise edge)
                                  0.000000   10.000000   clock source latency
     1    0.020608    0.000000    0.000000   10.000000 ^ wclk (in)
                                                         wclk (net)
                      0.001924    0.000962   10.000962 ^ clkbuf_0_wclk/A (sky130_fd_sc_hd__clkbuf_16)
    16    0.113775    0.195548    0.300371   10.301333 ^ clkbuf_0_wclk/X (sky130_fd_sc_hd__clkbuf_16)
                                                         clknet_0_wclk (net)
                      0.195554    0.001396   10.302730 ^ clkbuf_4_4_0_wclk/A (sky130_fd_sc_hd__clkbuf_8)
    10    0.032379    0.111664    0.321420   10.624150 ^ clkbuf_4_4_0_wclk/X (sky130_fd_sc_hd__clkbuf_8)
                                                         clknet_4_4_0_wclk (net)
                      0.111664    0.000407   10.624557 ^ _669_/CLK (sky130_fd_sc_hd__dfxtp_1)
                                  0.000000   10.624557   clock reconvergence pessimism
                                 -0.272120   10.352436   library setup time
                                             10.352436   data required time
---------------------------------------------------------------------------------------------
                                             10.352436   data required time
                                             -5.940332   data arrival time
---------------------------------------------------------------------------------------------
                                              4.412105   slack (MET)


Startpoint: _554_ (rising edge-triggered flip-flop clocked by wclk)
Endpoint: _673_ (rising edge-triggered flip-flop clocked by wclk)
Path Group: wclk
Path Type: max

Fanout         Cap        Slew       Delay        Time   Description
---------------------------------------------------------------------------------------------
                                  0.000000    0.000000   clock wclk (rise edge)
                                  0.000000    0.000000   clock source latency
     1    0.020608    0.000000    0.000000    0.000000 ^ wclk (in)
                                                         wclk (net)
                      0.001924    0.000962    0.000962 ^ clkbuf_0_wclk/A (sky130_fd_sc_hd__clkbuf_16)
    16    0.113775    0.195548    0.300371    0.301333 ^ clkbuf_0_wclk/X (sky130_fd_sc_hd__clkbuf_16)
                                                         clknet_0_wclk (net)
                      0.195552    0.001238    0.302572 ^ clkbuf_4_13_0_wclk/A (sky130_fd_sc_hd__clkbuf_8)
    10    0.032418    0.111752    0.321547    0.624119 ^ clkbuf_4_13_0_wclk/X (sky130_fd_sc_hd__clkbuf_8)
                                                         clknet_4_13_0_wclk (net)
                      0.111752    0.000253    0.624371 ^ _554_/CLK (sky130_fd_sc_hd__dfrtp_1)
     2    0.009387    0.132598    0.816823    1.441195 v _554_/Q (sky130_fd_sc_hd__dfrtp_1)
                                                         r_ptr_gray_sync[4] (net)
                      0.132598    0.000076    1.441270 v _291_/A (sky130_fd_sc_hd__xor2_1)
     3    0.011715    0.455124    0.466101    1.907372 ^ _291_/X (sky130_fd_sc_hd__xor2_1)
                                                         _171_ (net)
                      0.455124    0.000106    1.907478 ^ _292_/B (sky130_fd_sc_hd__xnor2_1)
     3    0.010439    0.446557    0.413451    2.320929 ^ _292_/Y (sky130_fd_sc_hd__xnor2_1)
                                                         _172_ (net)
                      0.446557    0.000148    2.321077 ^ _293_/B (sky130_fd_sc_hd__xnor2_1)
     1    0.004499    0.249368    0.345187    2.666264 ^ _293_/Y (sky130_fd_sc_hd__xnor2_1)
                                                         _173_ (net)
                      0.249368    0.000059    2.666323 ^ _297_/S (sky130_fd_sc_hd__mux2_1)
     2    0.006878    0.148951    0.818909    3.485232 v _297_/X (sky130_fd_sc_hd__mux2_1)
                                                         _177_ (net)
                      0.148951    0.000065    3.485297 v _329_/A1 (sky130_fd_sc_hd__a21boi_2)
     3    0.017422    0.368662    0.415023    3.900321 ^ _329_/Y (sky130_fd_sc_hd__a21boi_2)
                                                         _198_ (net)
                      0.368662    0.000322    3.900643 ^ max_cap23/A (sky130_fd_sc_hd__buf_8)
    20    0.118091    0.301366    0.465706    4.366349 ^ max_cap23/X (sky130_fd_sc_hd__buf_8)
                                                         net23 (net)
                      0.301370    0.001632    4.367981 ^ _489_/C (sky130_fd_sc_hd__and4bb_4)
     8    0.048071    0.311584    0.804851    5.172832 ^ _489_/X (sky130_fd_sc_hd__and4bb_4)
                                                         _249_ (net)
                      0.311593    0.002159    5.174991 ^ _497_/S (sky130_fd_sc_hd__mux2_1)
     1    0.002040    0.104555    0.765833    5.940824 v _497_/X (sky130_fd_sc_hd__mux2_1)
                                                         _111_ (net)
                      0.104555    0.000018    5.940842 v _673_/D (sky130_fd_sc_hd__dfxtp_1)
                                              5.940842   data arrival time

                                 10.000000   10.000000   clock wclk (rise edge)
                                  0.000000   10.000000   clock source latency
     1    0.020608    0.000000    0.000000   10.000000 ^ wclk (in)
                                                         wclk (net)
                      0.001924    0.000962   10.000962 ^ clkbuf_0_wclk/A (sky130_fd_sc_hd__clkbuf_16)
    16    0.113775    0.195548    0.300371   10.301333 ^ clkbuf_0_wclk/X (sky130_fd_sc_hd__clkbuf_16)
                                                         clknet_0_wclk (net)
                      0.195564    0.001920   10.303254 ^ clkbuf_4_2_0_wclk/A (sky130_fd_sc_hd__clkbuf_8)
    12    0.032585    0.112062    0.321712   10.624966 ^ clkbuf_4_2_0_wclk/X (sky130_fd_sc_hd__clkbuf_8)
                                                         clknet_4_2_0_wclk (net)
                      0.112068    0.000956   10.625922 ^ _673_/CLK (sky130_fd_sc_hd__dfxtp_1)
                                  0.000000   10.625922   clock reconvergence pessimism
                                 -0.272002   10.353920   library setup time
                                             10.353920   data required time
---------------------------------------------------------------------------------------------
                                             10.353920   data required time
                                             -5.940842   data arrival time
---------------------------------------------------------------------------------------------
                                              4.413078   slack (MET)


Startpoint: _554_ (rising edge-triggered flip-flop clocked by wclk)
Endpoint: _567_ (rising edge-triggered flip-flop clocked by wclk)
Path Group: wclk
Path Type: max

Fanout         Cap        Slew       Delay        Time   Description
---------------------------------------------------------------------------------------------
                                  0.000000    0.000000   clock wclk (rise edge)
                                  0.000000    0.000000   clock source latency
     1    0.020608    0.000000    0.000000    0.000000 ^ wclk (in)
                                                         wclk (net)
                      0.001924    0.000962    0.000962 ^ clkbuf_0_wclk/A (sky130_fd_sc_hd__clkbuf_16)
    16    0.113775    0.195548    0.300371    0.301333 ^ clkbuf_0_wclk/X (sky130_fd_sc_hd__clkbuf_16)
                                                         clknet_0_wclk (net)
                      0.195552    0.001238    0.302572 ^ clkbuf_4_13_0_wclk/A (sky130_fd_sc_hd__clkbuf_8)
    10    0.032418    0.111752    0.321547    0.624119 ^ clkbuf_4_13_0_wclk/X (sky130_fd_sc_hd__clkbuf_8)
                                                         clknet_4_13_0_wclk (net)
                      0.111752    0.000253    0.624371 ^ _554_/CLK (sky130_fd_sc_hd__dfrtp_1)
     2    0.009387    0.132598    0.816823    1.441195 v _554_/Q (sky130_fd_sc_hd__dfrtp_1)
                                                         r_ptr_gray_sync[4] (net)
                      0.132598    0.000076    1.441270 v _291_/A (sky130_fd_sc_hd__xor2_1)
     3    0.011715    0.455124    0.466101    1.907372 ^ _291_/X (sky130_fd_sc_hd__xor2_1)
                                                         _171_ (net)
                      0.455124    0.000106    1.907478 ^ _292_/B (sky130_fd_sc_hd__xnor2_1)
     3    0.010439    0.446557    0.413451    2.320929 ^ _292_/Y (sky130_fd_sc_hd__xnor2_1)
                                                         _172_ (net)
                      0.446557    0.000148    2.321077 ^ _293_/B (sky130_fd_sc_hd__xnor2_1)
     1    0.004499    0.249368    0.345187    2.666264 ^ _293_/Y (sky130_fd_sc_hd__xnor2_1)
                                                         _173_ (net)
                      0.249368    0.000059    2.666323 ^ _297_/S (sky130_fd_sc_hd__mux2_1)
     2    0.006878    0.148951    0.818909    3.485232 v _297_/X (sky130_fd_sc_hd__mux2_1)
                                                         _177_ (net)
                      0.148951    0.000065    3.485297 v _329_/A1 (sky130_fd_sc_hd__a21boi_2)
     3    0.017422    0.368662    0.415023    3.900321 ^ _329_/Y (sky130_fd_sc_hd__a21boi_2)
                                                         _198_ (net)
                      0.368662    0.000322    3.900643 ^ max_cap23/A (sky130_fd_sc_hd__buf_8)
    20    0.118091    0.301366    0.465706    4.366349 ^ max_cap23/X (sky130_fd_sc_hd__buf_8)
                                                         net23 (net)
                      0.301379    0.002296    4.368645 ^ _388_/C (sky130_fd_sc_hd__and4b_4)
     8    0.045982    0.301882    0.801078    5.169723 ^ _388_/X (sky130_fd_sc_hd__and4b_4)
                                                         _236_ (net)
                      0.301882    0.001141    5.170864 ^ _396_/S (sky130_fd_sc_hd__mux2_1)
     1    0.002322    0.105324    0.768083    5.938947 v _396_/X (sky130_fd_sc_hd__mux2_1)
                                                         _023_ (net)
                      0.105324    0.000026    5.938972 v _567_/D (sky130_fd_sc_hd__dfxtp_1)
                                              5.938972   data arrival time

                                 10.000000   10.000000   clock wclk (rise edge)
                                  0.000000   10.000000   clock source latency
     1    0.020608    0.000000    0.000000   10.000000 ^ wclk (in)
                                                         wclk (net)
                      0.001924    0.000962   10.000962 ^ clkbuf_0_wclk/A (sky130_fd_sc_hd__clkbuf_16)
    16    0.113775    0.195548    0.300371   10.301333 ^ clkbuf_0_wclk/X (sky130_fd_sc_hd__clkbuf_16)
                                                         clknet_0_wclk (net)
                      0.195559    0.001672   10.303006 ^ clkbuf_4_8_0_wclk/A (sky130_fd_sc_hd__clkbuf_8)
    13    0.032795    0.112646    0.322248   10.625254 ^ clkbuf_4_8_0_wclk/X (sky130_fd_sc_hd__clkbuf_8)
                                                         clknet_4_8_0_wclk (net)
                      0.112646    0.000218   10.625472 ^ _567_/CLK (sky130_fd_sc_hd__dfxtp_1)
                                  0.000000   10.625472   clock reconvergence pessimism
                                 -0.272165   10.353307   library setup time
                                             10.353307   data required time
---------------------------------------------------------------------------------------------
                                             10.353307   data required time
                                             -5.938972   data arrival time
---------------------------------------------------------------------------------------------
                                              4.414334   slack (MET)


Startpoint: _554_ (rising edge-triggered flip-flop clocked by wclk)
Endpoint: _641_ (rising edge-triggered flip-flop clocked by wclk)
Path Group: wclk
Path Type: max

Fanout         Cap        Slew       Delay        Time   Description
---------------------------------------------------------------------------------------------
                                  0.000000    0.000000   clock wclk (rise edge)
                                  0.000000    0.000000   clock source latency
     1    0.020608    0.000000    0.000000    0.000000 ^ wclk (in)
                                                         wclk (net)
                      0.001924    0.000962    0.000962 ^ clkbuf_0_wclk/A (sky130_fd_sc_hd__clkbuf_16)
    16    0.113775    0.195548    0.300371    0.301333 ^ clkbuf_0_wclk/X (sky130_fd_sc_hd__clkbuf_16)
                                                         clknet_0_wclk (net)
                      0.195552    0.001238    0.302572 ^ clkbuf_4_13_0_wclk/A (sky130_fd_sc_hd__clkbuf_8)
    10    0.032418    0.111752    0.321547    0.624119 ^ clkbuf_4_13_0_wclk/X (sky130_fd_sc_hd__clkbuf_8)
                                                         clknet_4_13_0_wclk (net)
                      0.111752    0.000253    0.624371 ^ _554_/CLK (sky130_fd_sc_hd__dfrtp_1)
     2    0.009387    0.132598    0.816823    1.441195 v _554_/Q (sky130_fd_sc_hd__dfrtp_1)
                                                         r_ptr_gray_sync[4] (net)
                      0.132598    0.000076    1.441270 v _291_/A (sky130_fd_sc_hd__xor2_1)
     3    0.011715    0.455124    0.466101    1.907372 ^ _291_/X (sky130_fd_sc_hd__xor2_1)
                                                         _171_ (net)
                      0.455124    0.000106    1.907478 ^ _292_/B (sky130_fd_sc_hd__xnor2_1)
     3    0.010439    0.446557    0.413451    2.320929 ^ _292_/Y (sky130_fd_sc_hd__xnor2_1)
                                                         _172_ (net)
                      0.446557    0.000148    2.321077 ^ _293_/B (sky130_fd_sc_hd__xnor2_1)
     1    0.004499    0.249368    0.345187    2.666264 ^ _293_/Y (sky130_fd_sc_hd__xnor2_1)
                                                         _173_ (net)
                      0.249368    0.000059    2.666323 ^ _297_/S (sky130_fd_sc_hd__mux2_1)
     2    0.006878    0.148951    0.818909    3.485232 v _297_/X (sky130_fd_sc_hd__mux2_1)
                                                         _177_ (net)
                      0.148951    0.000065    3.485297 v _329_/A1 (sky130_fd_sc_hd__a21boi_2)
     3    0.017422    0.368662    0.415023    3.900321 ^ _329_/Y (sky130_fd_sc_hd__a21boi_2)
                                                         _198_ (net)
                      0.368662    0.000322    3.900643 ^ max_cap23/A (sky130_fd_sc_hd__buf_8)
    20    0.118091    0.301366    0.465706    4.366349 ^ max_cap23/X (sky130_fd_sc_hd__buf_8)
                                                         net23 (net)
                      0.301376    0.002135    4.368484 ^ _471_/C (sky130_fd_sc_hd__and4b_4)
     8    0.044767    0.296437    0.795617    5.164100 ^ _471_/X (sky130_fd_sc_hd__and4b_4)
                                                         _247_ (net)
                      0.296437    0.000646    5.164747 ^ _472_/S (sky130_fd_sc_hd__mux2_1)
     1    0.002344    0.108050    0.767023    5.931770 v _472_/X (sky130_fd_sc_hd__mux2_1)
                                                         _088_ (net)
                      0.108050    0.000016    5.931787 v _641_/D (sky130_fd_sc_hd__dfxtp_1)
                                              5.931787   data arrival time

                                 10.000000   10.000000   clock wclk (rise edge)
                                  0.000000   10.000000   clock source latency
     1    0.020608    0.000000    0.000000   10.000000 ^ wclk (in)
                                                         wclk (net)
                      0.001924    0.000962   10.000962 ^ clkbuf_0_wclk/A (sky130_fd_sc_hd__clkbuf_16)
    16    0.113775    0.195548    0.300371   10.301333 ^ clkbuf_0_wclk/X (sky130_fd_sc_hd__clkbuf_16)
                                                         clknet_0_wclk (net)
                      0.195554    0.001396   10.302730 ^ clkbuf_4_4_0_wclk/A (sky130_fd_sc_hd__clkbuf_8)
    10    0.032379    0.111664    0.321420   10.624150 ^ clkbuf_4_4_0_wclk/X (sky130_fd_sc_hd__clkbuf_8)
                                                         clknet_4_4_0_wclk (net)
                      0.111664    0.000314   10.624463 ^ _641_/CLK (sky130_fd_sc_hd__dfxtp_1)
                                  0.000000   10.624463   clock reconvergence pessimism
                                 -0.273562   10.350901   library setup time
                                             10.350901   data required time
---------------------------------------------------------------------------------------------
                                             10.350901   data required time
                                             -5.931787   data arrival time
---------------------------------------------------------------------------------------------
                                              4.419115   slack (MET)


Startpoint: _554_ (rising edge-triggered flip-flop clocked by wclk)
Endpoint: _647_ (rising edge-triggered flip-flop clocked by wclk)
Path Group: wclk
Path Type: max

Fanout         Cap        Slew       Delay        Time   Description
---------------------------------------------------------------------------------------------
                                  0.000000    0.000000   clock wclk (rise edge)
                                  0.000000    0.000000   clock source latency
     1    0.020608    0.000000    0.000000    0.000000 ^ wclk (in)
                                                         wclk (net)
                      0.001924    0.000962    0.000962 ^ clkbuf_0_wclk/A (sky130_fd_sc_hd__clkbuf_16)
    16    0.113775    0.195548    0.300371    0.301333 ^ clkbuf_0_wclk/X (sky130_fd_sc_hd__clkbuf_16)
                                                         clknet_0_wclk (net)
                      0.195552    0.001238    0.302572 ^ clkbuf_4_13_0_wclk/A (sky130_fd_sc_hd__clkbuf_8)
    10    0.032418    0.111752    0.321547    0.624119 ^ clkbuf_4_13_0_wclk/X (sky130_fd_sc_hd__clkbuf_8)
                                                         clknet_4_13_0_wclk (net)
                      0.111752    0.000253    0.624371 ^ _554_/CLK (sky130_fd_sc_hd__dfrtp_1)
     2    0.009387    0.132598    0.816823    1.441195 v _554_/Q (sky130_fd_sc_hd__dfrtp_1)
                                                         r_ptr_gray_sync[4] (net)
                      0.132598    0.000076    1.441270 v _291_/A (sky130_fd_sc_hd__xor2_1)
     3    0.011715    0.455124    0.466101    1.907372 ^ _291_/X (sky130_fd_sc_hd__xor2_1)
                                                         _171_ (net)
                      0.455124    0.000106    1.907478 ^ _292_/B (sky130_fd_sc_hd__xnor2_1)
     3    0.010439    0.446557    0.413451    2.320929 ^ _292_/Y (sky130_fd_sc_hd__xnor2_1)
                                                         _172_ (net)
                      0.446557    0.000148    2.321077 ^ _293_/B (sky130_fd_sc_hd__xnor2_1)
     1    0.004499    0.249368    0.345187    2.666264 ^ _293_/Y (sky130_fd_sc_hd__xnor2_1)
                                                         _173_ (net)
                      0.249368    0.000059    2.666323 ^ _297_/S (sky130_fd_sc_hd__mux2_1)
     2    0.006878    0.148951    0.818909    3.485232 v _297_/X (sky130_fd_sc_hd__mux2_1)
                                                         _177_ (net)
                      0.148951    0.000065    3.485297 v _329_/A1 (sky130_fd_sc_hd__a21boi_2)
     3    0.017422    0.368662    0.415023    3.900321 ^ _329_/Y (sky130_fd_sc_hd__a21boi_2)
                                                         _198_ (net)
                      0.368662    0.000322    3.900643 ^ max_cap23/A (sky130_fd_sc_hd__buf_8)
    20    0.118091    0.301366    0.465706    4.366349 ^ max_cap23/X (sky130_fd_sc_hd__buf_8)
                                                         net23 (net)
                      0.301376    0.002135    4.368484 ^ _471_/C (sky130_fd_sc_hd__and4b_4)
     8    0.044767    0.296437    0.795617    5.164100 ^ _471_/X (sky130_fd_sc_hd__and4b_4)
                                                         _247_ (net)
                      0.296448    0.002245    5.166345 ^ _478_/S (sky130_fd_sc_hd__mux2_1)
     1    0.002236    0.106791    0.765172    5.931518 v _478_/X (sky130_fd_sc_hd__mux2_1)
                                                         _094_ (net)
                      0.106791    0.000022    5.931540 v _647_/D (sky130_fd_sc_hd__dfxtp_1)
                                              5.931540   data arrival time

                                 10.000000   10.000000   clock wclk (rise edge)
                                  0.000000   10.000000   clock source latency
     1    0.020608    0.000000    0.000000   10.000000 ^ wclk (in)
                                                         wclk (net)
                      0.001924    0.000962   10.000962 ^ clkbuf_0_wclk/A (sky130_fd_sc_hd__clkbuf_16)
    16    0.113775    0.195548    0.300371   10.301333 ^ clkbuf_0_wclk/X (sky130_fd_sc_hd__clkbuf_16)
                                                         clknet_0_wclk (net)
                      0.195564    0.001920   10.303254 ^ clkbuf_4_2_0_wclk/A (sky130_fd_sc_hd__clkbuf_8)
    12    0.032585    0.112062    0.321712   10.624966 ^ clkbuf_4_2_0_wclk/X (sky130_fd_sc_hd__clkbuf_8)
                                                         clknet_4_2_0_wclk (net)
                      0.112064    0.000687   10.625653 ^ _647_/CLK (sky130_fd_sc_hd__dfxtp_1)
                                  0.000000   10.625653   clock reconvergence pessimism
                                 -0.272932   10.352721   library setup time
                                             10.352721   data required time
---------------------------------------------------------------------------------------------
                                             10.352721   data required time
                                             -5.931540   data arrival time
---------------------------------------------------------------------------------------------
                                              4.421182   slack (MET)


Startpoint: _554_ (rising edge-triggered flip-flop clocked by wclk)
Endpoint: _563_ (rising edge-triggered flip-flop clocked by wclk)
Path Group: wclk
Path Type: max

Fanout         Cap        Slew       Delay        Time   Description
---------------------------------------------------------------------------------------------
                                  0.000000    0.000000   clock wclk (rise edge)
                                  0.000000    0.000000   clock source latency
     1    0.020608    0.000000    0.000000    0.000000 ^ wclk (in)
                                                         wclk (net)
                      0.001924    0.000962    0.000962 ^ clkbuf_0_wclk/A (sky130_fd_sc_hd__clkbuf_16)
    16    0.113775    0.195548    0.300371    0.301333 ^ clkbuf_0_wclk/X (sky130_fd_sc_hd__clkbuf_16)
                                                         clknet_0_wclk (net)
                      0.195552    0.001238    0.302572 ^ clkbuf_4_13_0_wclk/A (sky130_fd_sc_hd__clkbuf_8)
    10    0.032418    0.111752    0.321547    0.624119 ^ clkbuf_4_13_0_wclk/X (sky130_fd_sc_hd__clkbuf_8)
                                                         clknet_4_13_0_wclk (net)
                      0.111752    0.000253    0.624371 ^ _554_/CLK (sky130_fd_sc_hd__dfrtp_1)
     2    0.009387    0.132598    0.816823    1.441195 v _554_/Q (sky130_fd_sc_hd__dfrtp_1)
                                                         r_ptr_gray_sync[4] (net)
                      0.132598    0.000076    1.441270 v _291_/A (sky130_fd_sc_hd__xor2_1)
     3    0.011715    0.455124    0.466101    1.907372 ^ _291_/X (sky130_fd_sc_hd__xor2_1)
                                                         _171_ (net)
                      0.455124    0.000106    1.907478 ^ _292_/B (sky130_fd_sc_hd__xnor2_1)
     3    0.010439    0.446557    0.413451    2.320929 ^ _292_/Y (sky130_fd_sc_hd__xnor2_1)
                                                         _172_ (net)
                      0.446557    0.000148    2.321077 ^ _293_/B (sky130_fd_sc_hd__xnor2_1)
     1    0.004499    0.249368    0.345187    2.666264 ^ _293_/Y (sky130_fd_sc_hd__xnor2_1)
                                                         _173_ (net)
                      0.249368    0.000059    2.666323 ^ _297_/S (sky130_fd_sc_hd__mux2_1)
     2    0.006878    0.148951    0.818909    3.485232 v _297_/X (sky130_fd_sc_hd__mux2_1)
                                                         _177_ (net)
                      0.148951    0.000065    3.485297 v _329_/A1 (sky130_fd_sc_hd__a21boi_2)
     3    0.017422    0.368662    0.415023    3.900321 ^ _329_/Y (sky130_fd_sc_hd__a21boi_2)
                                                         _198_ (net)
                      0.368662    0.000322    3.900643 ^ max_cap23/A (sky130_fd_sc_hd__buf_8)
    20    0.118091    0.301366    0.465706    4.366349 ^ max_cap23/X (sky130_fd_sc_hd__buf_8)
                                                         net23 (net)
                      0.301379    0.002296    4.368645 ^ _388_/C (sky130_fd_sc_hd__and4b_4)
     8    0.045982    0.301882    0.801078    5.169723 ^ _388_/X (sky130_fd_sc_hd__and4b_4)
                                                         _236_ (net)
                      0.301882    0.000650    5.170372 ^ _392_/S (sky130_fd_sc_hd__mux2_1)
     1    0.001957    0.103562    0.761832    5.932205 v _392_/X (sky130_fd_sc_hd__mux2_1)
                                                         _019_ (net)
                      0.103562    0.000017    5.932222 v _563_/D (sky130_fd_sc_hd__dfxtp_1)
                                              5.932222   data arrival time

                                 10.000000   10.000000   clock wclk (rise edge)
                                  0.000000   10.000000   clock source latency
     1    0.020608    0.000000    0.000000   10.000000 ^ wclk (in)
                                                         wclk (net)
                      0.001924    0.000962   10.000962 ^ clkbuf_0_wclk/A (sky130_fd_sc_hd__clkbuf_16)
    16    0.113775    0.195548    0.300371   10.301333 ^ clkbuf_0_wclk/X (sky130_fd_sc_hd__clkbuf_16)
                                                         clknet_0_wclk (net)
                      0.195561    0.001800   10.303134 ^ clkbuf_4_11_0_wclk/A (sky130_fd_sc_hd__clkbuf_8)
    11    0.032803    0.112664    0.322260   10.625394 ^ clkbuf_4_11_0_wclk/X (sky130_fd_sc_hd__clkbuf_8)
                                                         clknet_4_11_0_wclk (net)
                      0.112664    0.000057   10.625451 ^ _563_/CLK (sky130_fd_sc_hd__dfxtp_1)
                                  0.000000   10.625451   clock reconvergence pessimism
                                 -0.271429   10.354022   library setup time
                                             10.354022   data required time
---------------------------------------------------------------------------------------------
                                             10.354022   data required time
                                             -5.932222   data arrival time
---------------------------------------------------------------------------------------------
                                              4.421800   slack (MET)


Startpoint: _554_ (rising edge-triggered flip-flop clocked by wclk)
Endpoint: _646_ (rising edge-triggered flip-flop clocked by wclk)
Path Group: wclk
Path Type: max

Fanout         Cap        Slew       Delay        Time   Description
---------------------------------------------------------------------------------------------
                                  0.000000    0.000000   clock wclk (rise edge)
                                  0.000000    0.000000   clock source latency
     1    0.020608    0.000000    0.000000    0.000000 ^ wclk (in)
                                                         wclk (net)
                      0.001924    0.000962    0.000962 ^ clkbuf_0_wclk/A (sky130_fd_sc_hd__clkbuf_16)
    16    0.113775    0.195548    0.300371    0.301333 ^ clkbuf_0_wclk/X (sky130_fd_sc_hd__clkbuf_16)
                                                         clknet_0_wclk (net)
                      0.195552    0.001238    0.302572 ^ clkbuf_4_13_0_wclk/A (sky130_fd_sc_hd__clkbuf_8)
    10    0.032418    0.111752    0.321547    0.624119 ^ clkbuf_4_13_0_wclk/X (sky130_fd_sc_hd__clkbuf_8)
                                                         clknet_4_13_0_wclk (net)
                      0.111752    0.000253    0.624371 ^ _554_/CLK (sky130_fd_sc_hd__dfrtp_1)
     2    0.009387    0.132598    0.816823    1.441195 v _554_/Q (sky130_fd_sc_hd__dfrtp_1)
                                                         r_ptr_gray_sync[4] (net)
                      0.132598    0.000076    1.441270 v _291_/A (sky130_fd_sc_hd__xor2_1)
     3    0.011715    0.455124    0.466101    1.907372 ^ _291_/X (sky130_fd_sc_hd__xor2_1)
                                                         _171_ (net)
                      0.455124    0.000106    1.907478 ^ _292_/B (sky130_fd_sc_hd__xnor2_1)
     3    0.010439    0.446557    0.413451    2.320929 ^ _292_/Y (sky130_fd_sc_hd__xnor2_1)
                                                         _172_ (net)
                      0.446557    0.000148    2.321077 ^ _293_/B (sky130_fd_sc_hd__xnor2_1)
     1    0.004499    0.249368    0.345187    2.666264 ^ _293_/Y (sky130_fd_sc_hd__xnor2_1)
                                                         _173_ (net)
                      0.249368    0.000059    2.666323 ^ _297_/S (sky130_fd_sc_hd__mux2_1)
     2    0.006878    0.148951    0.818909    3.485232 v _297_/X (sky130_fd_sc_hd__mux2_1)
                                                         _177_ (net)
                      0.148951    0.000065    3.485297 v _329_/A1 (sky130_fd_sc_hd__a21boi_2)
     3    0.017422    0.368662    0.415023    3.900321 ^ _329_/Y (sky130_fd_sc_hd__a21boi_2)
                                                         _198_ (net)
                      0.368662    0.000322    3.900643 ^ max_cap23/A (sky130_fd_sc_hd__buf_8)
    20    0.118091    0.301366    0.465706    4.366349 ^ max_cap23/X (sky130_fd_sc_hd__buf_8)
                                                         net23 (net)
                      0.301376    0.002135    4.368484 ^ _471_/C (sky130_fd_sc_hd__and4b_4)
     8    0.044767    0.296437    0.795617    5.164100 ^ _471_/X (sky130_fd_sc_hd__and4b_4)
                                                         _247_ (net)
                      0.296438    0.001394    5.165495 ^ _477_/S (sky130_fd_sc_hd__mux2_1)
     1    0.002408    0.106161    0.768121    5.933616 v _477_/X (sky130_fd_sc_hd__mux2_1)
                                                         _093_ (net)
                      0.106161    0.000027    5.933643 v _646_/D (sky130_fd_sc_hd__dfxtp_1)
                                              5.933643   data arrival time

                                 10.000000   10.000000   clock wclk (rise edge)
                                  0.000000   10.000000   clock source latency
     1    0.020608    0.000000    0.000000   10.000000 ^ wclk (in)
                                                         wclk (net)
                      0.001924    0.000962   10.000962 ^ clkbuf_0_wclk/A (sky130_fd_sc_hd__clkbuf_16)
    16    0.113775    0.195548    0.300371   10.301333 ^ clkbuf_0_wclk/X (sky130_fd_sc_hd__clkbuf_16)
                                                         clknet_0_wclk (net)
                      0.195572    0.002235   10.303568 ^ clkbuf_4_1_0_wclk/A (sky130_fd_sc_hd__clkbuf_8)
    11    0.033575    0.114491    0.323738   10.627306 ^ clkbuf_4_1_0_wclk/X (sky130_fd_sc_hd__clkbuf_8)
                                                         clknet_4_1_0_wclk (net)
                      0.114491    0.000193   10.627500 ^ _646_/CLK (sky130_fd_sc_hd__dfxtp_1)
                                  0.000000   10.627500   clock reconvergence pessimism
                                 -0.272015   10.355484   library setup time
                                             10.355484   data required time
---------------------------------------------------------------------------------------------
                                             10.355484   data required time
                                             -5.933643   data arrival time
---------------------------------------------------------------------------------------------
                                              4.421841   slack (MET)


Startpoint: _554_ (rising edge-triggered flip-flop clocked by wclk)
Endpoint: _645_ (rising edge-triggered flip-flop clocked by wclk)
Path Group: wclk
Path Type: max

Fanout         Cap        Slew       Delay        Time   Description
---------------------------------------------------------------------------------------------
                                  0.000000    0.000000   clock wclk (rise edge)
                                  0.000000    0.000000   clock source latency
     1    0.020608    0.000000    0.000000    0.000000 ^ wclk (in)
                                                         wclk (net)
                      0.001924    0.000962    0.000962 ^ clkbuf_0_wclk/A (sky130_fd_sc_hd__clkbuf_16)
    16    0.113775    0.195548    0.300371    0.301333 ^ clkbuf_0_wclk/X (sky130_fd_sc_hd__clkbuf_16)
                                                         clknet_0_wclk (net)
                      0.195552    0.001238    0.302572 ^ clkbuf_4_13_0_wclk/A (sky130_fd_sc_hd__clkbuf_8)
    10    0.032418    0.111752    0.321547    0.624119 ^ clkbuf_4_13_0_wclk/X (sky130_fd_sc_hd__clkbuf_8)
                                                         clknet_4_13_0_wclk (net)
                      0.111752    0.000253    0.624371 ^ _554_/CLK (sky130_fd_sc_hd__dfrtp_1)
     2    0.009387    0.132598    0.816823    1.441195 v _554_/Q (sky130_fd_sc_hd__dfrtp_1)
                                                         r_ptr_gray_sync[4] (net)
                      0.132598    0.000076    1.441270 v _291_/A (sky130_fd_sc_hd__xor2_1)
     3    0.011715    0.455124    0.466101    1.907372 ^ _291_/X (sky130_fd_sc_hd__xor2_1)
                                                         _171_ (net)
                      0.455124    0.000106    1.907478 ^ _292_/B (sky130_fd_sc_hd__xnor2_1)
     3    0.010439    0.446557    0.413451    2.320929 ^ _292_/Y (sky130_fd_sc_hd__xnor2_1)
                                                         _172_ (net)
                      0.446557    0.000148    2.321077 ^ _293_/B (sky130_fd_sc_hd__xnor2_1)
     1    0.004499    0.249368    0.345187    2.666264 ^ _293_/Y (sky130_fd_sc_hd__xnor2_1)
                                                         _173_ (net)
                      0.249368    0.000059    2.666323 ^ _297_/S (sky130_fd_sc_hd__mux2_1)
     2    0.006878    0.148951    0.818909    3.485232 v _297_/X (sky130_fd_sc_hd__mux2_1)
                                                         _177_ (net)
                      0.148951    0.000065    3.485297 v _329_/A1 (sky130_fd_sc_hd__a21boi_2)
     3    0.017422    0.368662    0.415023    3.900321 ^ _329_/Y (sky130_fd_sc_hd__a21boi_2)
                                                         _198_ (net)
                      0.368662    0.000322    3.900643 ^ max_cap23/A (sky130_fd_sc_hd__buf_8)
    20    0.118091    0.301366    0.465706    4.366349 ^ max_cap23/X (sky130_fd_sc_hd__buf_8)
                                                         net23 (net)
                      0.301376    0.002135    4.368484 ^ _471_/C (sky130_fd_sc_hd__and4b_4)
     8    0.044767    0.296437    0.795617    5.164100 ^ _471_/X (sky130_fd_sc_hd__and4b_4)
                                                         _247_ (net)
                      0.296442    0.001848    5.165949 ^ _476_/S (sky130_fd_sc_hd__mux2_1)
     1    0.002213    0.106532    0.764788    5.930737 v _476_/X (sky130_fd_sc_hd__mux2_1)
                                                         _092_ (net)
                      0.106532    0.000022    5.930759 v _645_/D (sky130_fd_sc_hd__dfxtp_1)
                                              5.930759   data arrival time

                                 10.000000   10.000000   clock wclk (rise edge)
                                  0.000000   10.000000   clock source latency
     1    0.020608    0.000000    0.000000   10.000000 ^ wclk (in)
                                                         wclk (net)
                      0.001924    0.000962   10.000962 ^ clkbuf_0_wclk/A (sky130_fd_sc_hd__clkbuf_16)
    16    0.113775    0.195548    0.300371   10.301333 ^ clkbuf_0_wclk/X (sky130_fd_sc_hd__clkbuf_16)
                                                         clknet_0_wclk (net)
                      0.195571    0.002210   10.303543 ^ clkbuf_4_0_0_wclk/A (sky130_fd_sc_hd__clkbuf_8)
    12    0.032566    0.112105    0.321778   10.625321 ^ clkbuf_4_0_0_wclk/X (sky130_fd_sc_hd__clkbuf_8)
                                                         clknet_4_0_0_wclk (net)
                      0.112105    0.000166   10.625487 ^ _645_/CLK (sky130_fd_sc_hd__dfxtp_1)
                                  0.000000   10.625487   clock reconvergence pessimism
                                 -0.272813   10.352674   library setup time
                                             10.352674   data required time
---------------------------------------------------------------------------------------------
                                             10.352674   data required time
                                             -5.930759   data arrival time
---------------------------------------------------------------------------------------------
                                              4.421916   slack (MET)


Startpoint: _554_ (rising edge-triggered flip-flop clocked by wclk)
Endpoint: _648_ (rising edge-triggered flip-flop clocked by wclk)
Path Group: wclk
Path Type: max

Fanout         Cap        Slew       Delay        Time   Description
---------------------------------------------------------------------------------------------
                                  0.000000    0.000000   clock wclk (rise edge)
                                  0.000000    0.000000   clock source latency
     1    0.020608    0.000000    0.000000    0.000000 ^ wclk (in)
                                                         wclk (net)
                      0.001924    0.000962    0.000962 ^ clkbuf_0_wclk/A (sky130_fd_sc_hd__clkbuf_16)
    16    0.113775    0.195548    0.300371    0.301333 ^ clkbuf_0_wclk/X (sky130_fd_sc_hd__clkbuf_16)
                                                         clknet_0_wclk (net)
                      0.195552    0.001238    0.302572 ^ clkbuf_4_13_0_wclk/A (sky130_fd_sc_hd__clkbuf_8)
    10    0.032418    0.111752    0.321547    0.624119 ^ clkbuf_4_13_0_wclk/X (sky130_fd_sc_hd__clkbuf_8)
                                                         clknet_4_13_0_wclk (net)
                      0.111752    0.000253    0.624371 ^ _554_/CLK (sky130_fd_sc_hd__dfrtp_1)
     2    0.009387    0.132598    0.816823    1.441195 v _554_/Q (sky130_fd_sc_hd__dfrtp_1)
                                                         r_ptr_gray_sync[4] (net)
                      0.132598    0.000076    1.441270 v _291_/A (sky130_fd_sc_hd__xor2_1)
     3    0.011715    0.455124    0.466101    1.907372 ^ _291_/X (sky130_fd_sc_hd__xor2_1)
                                                         _171_ (net)
                      0.455124    0.000106    1.907478 ^ _292_/B (sky130_fd_sc_hd__xnor2_1)
     3    0.010439    0.446557    0.413451    2.320929 ^ _292_/Y (sky130_fd_sc_hd__xnor2_1)
                                                         _172_ (net)
                      0.446557    0.000148    2.321077 ^ _293_/B (sky130_fd_sc_hd__xnor2_1)
     1    0.004499    0.249368    0.345187    2.666264 ^ _293_/Y (sky130_fd_sc_hd__xnor2_1)
                                                         _173_ (net)
                      0.249368    0.000059    2.666323 ^ _297_/S (sky130_fd_sc_hd__mux2_1)
     2    0.006878    0.148951    0.818909    3.485232 v _297_/X (sky130_fd_sc_hd__mux2_1)
                                                         _177_ (net)
                      0.148951    0.000065    3.485297 v _329_/A1 (sky130_fd_sc_hd__a21boi_2)
     3    0.017422    0.368662    0.415023    3.900321 ^ _329_/Y (sky130_fd_sc_hd__a21boi_2)
                                                         _198_ (net)
                      0.368662    0.000322    3.900643 ^ max_cap23/A (sky130_fd_sc_hd__buf_8)
    20    0.118091    0.301366    0.465706    4.366349 ^ max_cap23/X (sky130_fd_sc_hd__buf_8)
                                                         net23 (net)
                      0.301376    0.002135    4.368484 ^ _471_/C (sky130_fd_sc_hd__and4b_4)
     8    0.044767    0.296437    0.795617    5.164100 ^ _471_/X (sky130_fd_sc_hd__and4b_4)
                                                         _247_ (net)
                      0.296447    0.002203    5.166303 ^ _479_/S (sky130_fd_sc_hd__mux2_1)
     1    0.002107    0.105286    0.762954    5.929257 v _479_/X (sky130_fd_sc_hd__mux2_1)
                                                         _095_ (net)
                      0.105286    0.000021    5.929278 v _648_/D (sky130_fd_sc_hd__dfxtp_1)
                                              5.929278   data arrival time

                                 10.000000   10.000000   clock wclk (rise edge)
                                  0.000000   10.000000   clock source latency
     1    0.020608    0.000000    0.000000   10.000000 ^ wclk (in)
                                                         wclk (net)
                      0.001924    0.000962   10.000962 ^ clkbuf_0_wclk/A (sky130_fd_sc_hd__clkbuf_16)
    16    0.113775    0.195548    0.300371   10.301333 ^ clkbuf_0_wclk/X (sky130_fd_sc_hd__clkbuf_16)
                                                         clknet_0_wclk (net)
                      0.195564    0.001920   10.303254 ^ clkbuf_4_2_0_wclk/A (sky130_fd_sc_hd__clkbuf_8)
    12    0.032585    0.112062    0.321712   10.624966 ^ clkbuf_4_2_0_wclk/X (sky130_fd_sc_hd__clkbuf_8)
                                                         clknet_4_2_0_wclk (net)
                      0.112066    0.000827   10.625793 ^ _648_/CLK (sky130_fd_sc_hd__dfxtp_1)
                                  0.000000   10.625793   clock reconvergence pessimism
                                 -0.272306   10.353487   library setup time
                                             10.353487   data required time
---------------------------------------------------------------------------------------------
                                             10.353487   data required time
                                             -5.929278   data arrival time
---------------------------------------------------------------------------------------------
                                              4.424209   slack (MET)


Startpoint: _554_ (rising edge-triggered flip-flop clocked by wclk)
Endpoint: _531_ (rising edge-triggered flip-flop clocked by wclk)
Path Group: wclk
Path Type: max

Fanout         Cap        Slew       Delay        Time   Description
---------------------------------------------------------------------------------------------
                                  0.000000    0.000000   clock wclk (rise edge)
                                  0.000000    0.000000   clock source latency
     1    0.020608    0.000000    0.000000    0.000000 ^ wclk (in)
                                                         wclk (net)
                      0.001924    0.000962    0.000962 ^ clkbuf_0_wclk/A (sky130_fd_sc_hd__clkbuf_16)
    16    0.113775    0.195548    0.300371    0.301333 ^ clkbuf_0_wclk/X (sky130_fd_sc_hd__clkbuf_16)
                                                         clknet_0_wclk (net)
                      0.195552    0.001238    0.302572 ^ clkbuf_4_13_0_wclk/A (sky130_fd_sc_hd__clkbuf_8)
    10    0.032418    0.111752    0.321547    0.624119 ^ clkbuf_4_13_0_wclk/X (sky130_fd_sc_hd__clkbuf_8)
                                                         clknet_4_13_0_wclk (net)
                      0.111752    0.000253    0.624371 ^ _554_/CLK (sky130_fd_sc_hd__dfrtp_1)
     2    0.009387    0.132598    0.816823    1.441195 v _554_/Q (sky130_fd_sc_hd__dfrtp_1)
                                                         r_ptr_gray_sync[4] (net)
                      0.132598    0.000076    1.441270 v _291_/A (sky130_fd_sc_hd__xor2_1)
     3    0.011715    0.455124    0.466101    1.907372 ^ _291_/X (sky130_fd_sc_hd__xor2_1)
                                                         _171_ (net)
                      0.455124    0.000106    1.907478 ^ _292_/B (sky130_fd_sc_hd__xnor2_1)
     3    0.010439    0.446557    0.413451    2.320929 ^ _292_/Y (sky130_fd_sc_hd__xnor2_1)
                                                         _172_ (net)
                      0.446557    0.000148    2.321077 ^ _293_/B (sky130_fd_sc_hd__xnor2_1)
     1    0.004499    0.249368    0.345187    2.666264 ^ _293_/Y (sky130_fd_sc_hd__xnor2_1)
                                                         _173_ (net)
                      0.249368    0.000059    2.666323 ^ _297_/S (sky130_fd_sc_hd__mux2_1)
     2    0.006878    0.148951    0.818909    3.485232 v _297_/X (sky130_fd_sc_hd__mux2_1)
                                                         _177_ (net)
                      0.148951    0.000065    3.485297 v _329_/A1 (sky130_fd_sc_hd__a21boi_2)
     3    0.017422    0.368662    0.415023    3.900321 ^ _329_/Y (sky130_fd_sc_hd__a21boi_2)
                                                         _198_ (net)
                      0.368662    0.000322    3.900643 ^ max_cap23/A (sky130_fd_sc_hd__buf_8)
    20    0.118091    0.301366    0.465706    4.366349 ^ max_cap23/X (sky130_fd_sc_hd__buf_8)
                                                         net23 (net)
                      0.301376    0.002097    4.368445 ^ _379_/B (sky130_fd_sc_hd__nand4b_4)
     8    0.059734    0.580862    0.603331    4.971776 v _379_/Y (sky130_fd_sc_hd__nand4b_4)
                                                         _235_ (net)
                      0.580870    0.001825    4.973602 v _387_/S (sky130_fd_sc_hd__mux2_1)
     1    0.002893    0.111222    0.898295    5.871897 v _387_/X (sky130_fd_sc_hd__mux2_1)
                                                         _015_ (net)
                      0.111222    0.000035    5.871932 v _531_/D (sky130_fd_sc_hd__dfxtp_1)
                                              5.871932   data arrival time

                                 10.000000   10.000000   clock wclk (rise edge)
                                  0.000000   10.000000   clock source latency
     1    0.020608    0.000000    0.000000   10.000000 ^ wclk (in)
                                                         wclk (net)
                      0.001924    0.000962   10.000962 ^ clkbuf_0_wclk/A (sky130_fd_sc_hd__clkbuf_16)
    16    0.113775    0.195548    0.300371   10.301333 ^ clkbuf_0_wclk/X (sky130_fd_sc_hd__clkbuf_16)
                                                         clknet_0_wclk (net)
                      0.195563    0.001899   10.303232 ^ clkbuf_4_10_0_wclk/A (sky130_fd_sc_hd__clkbuf_8)
    12    0.031985    0.110731    0.320682   10.623915 ^ clkbuf_4_10_0_wclk/X (sky130_fd_sc_hd__clkbuf_8)
                                                         clknet_4_10_0_wclk (net)
                      0.110732    0.000527   10.624441 ^ _531_/CLK (sky130_fd_sc_hd__dfxtp_1)
                                  0.000000   10.624441   clock reconvergence pessimism
                                 -0.275131   10.349310   library setup time
                                             10.349310   data required time
---------------------------------------------------------------------------------------------
                                             10.349310   data required time
                                             -5.871932   data arrival time
---------------------------------------------------------------------------------------------
                                              4.477378   slack (MET)


Startpoint: _554_ (rising edge-triggered flip-flop clocked by wclk)
Endpoint: _526_ (rising edge-triggered flip-flop clocked by wclk)
Path Group: wclk
Path Type: max

Fanout         Cap        Slew       Delay        Time   Description
---------------------------------------------------------------------------------------------
                                  0.000000    0.000000   clock wclk (rise edge)
                                  0.000000    0.000000   clock source latency
     1    0.020608    0.000000    0.000000    0.000000 ^ wclk (in)
                                                         wclk (net)
                      0.001924    0.000962    0.000962 ^ clkbuf_0_wclk/A (sky130_fd_sc_hd__clkbuf_16)
    16    0.113775    0.195548    0.300371    0.301333 ^ clkbuf_0_wclk/X (sky130_fd_sc_hd__clkbuf_16)
                                                         clknet_0_wclk (net)
                      0.195552    0.001238    0.302572 ^ clkbuf_4_13_0_wclk/A (sky130_fd_sc_hd__clkbuf_8)
    10    0.032418    0.111752    0.321547    0.624119 ^ clkbuf_4_13_0_wclk/X (sky130_fd_sc_hd__clkbuf_8)
                                                         clknet_4_13_0_wclk (net)
                      0.111752    0.000253    0.624371 ^ _554_/CLK (sky130_fd_sc_hd__dfrtp_1)
     2    0.009387    0.132598    0.816823    1.441195 v _554_/Q (sky130_fd_sc_hd__dfrtp_1)
                                                         r_ptr_gray_sync[4] (net)
                      0.132598    0.000076    1.441270 v _291_/A (sky130_fd_sc_hd__xor2_1)
     3    0.011715    0.455124    0.466101    1.907372 ^ _291_/X (sky130_fd_sc_hd__xor2_1)
                                                         _171_ (net)
                      0.455124    0.000106    1.907478 ^ _292_/B (sky130_fd_sc_hd__xnor2_1)
     3    0.010439    0.446557    0.413451    2.320929 ^ _292_/Y (sky130_fd_sc_hd__xnor2_1)
                                                         _172_ (net)
                      0.446557    0.000148    2.321077 ^ _293_/B (sky130_fd_sc_hd__xnor2_1)
     1    0.004499    0.249368    0.345187    2.666264 ^ _293_/Y (sky130_fd_sc_hd__xnor2_1)
                                                         _173_ (net)
                      0.249368    0.000059    2.666323 ^ _297_/S (sky130_fd_sc_hd__mux2_1)
     2    0.006878    0.148951    0.818909    3.485232 v _297_/X (sky130_fd_sc_hd__mux2_1)
                                                         _177_ (net)
                      0.148951    0.000065    3.485297 v _329_/A1 (sky130_fd_sc_hd__a21boi_2)
     3    0.017422    0.368662    0.415023    3.900321 ^ _329_/Y (sky130_fd_sc_hd__a21boi_2)
                                                         _198_ (net)
                      0.368662    0.000322    3.900643 ^ max_cap23/A (sky130_fd_sc_hd__buf_8)
    20    0.118091    0.301366    0.465706    4.366349 ^ max_cap23/X (sky130_fd_sc_hd__buf_8)
                                                         net23 (net)
                      0.301376    0.002097    4.368445 ^ _379_/B (sky130_fd_sc_hd__nand4b_4)
     8    0.059734    0.580862    0.603331    4.971776 v _379_/Y (sky130_fd_sc_hd__nand4b_4)
                                                         _235_ (net)
                      0.580868    0.001573    4.973349 v _382_/S (sky130_fd_sc_hd__mux2_1)
     1    0.002700    0.109316    0.894950    5.868299 v _382_/X (sky130_fd_sc_hd__mux2_1)
                                                         _010_ (net)
                      0.109316    0.000032    5.868332 v _526_/D (sky130_fd_sc_hd__dfxtp_1)
                                              5.868332   data arrival time

                                 10.000000   10.000000   clock wclk (rise edge)
                                  0.000000   10.000000   clock source latency
     1    0.020608    0.000000    0.000000   10.000000 ^ wclk (in)
                                                         wclk (net)
                      0.001924    0.000962   10.000962 ^ clkbuf_0_wclk/A (sky130_fd_sc_hd__clkbuf_16)
    16    0.113775    0.195548    0.300371   10.301333 ^ clkbuf_0_wclk/X (sky130_fd_sc_hd__clkbuf_16)
                                                         clknet_0_wclk (net)
                      0.195559    0.001672   10.303006 ^ clkbuf_4_8_0_wclk/A (sky130_fd_sc_hd__clkbuf_8)
    13    0.032795    0.112646    0.322248   10.625254 ^ clkbuf_4_8_0_wclk/X (sky130_fd_sc_hd__clkbuf_8)
                                                         clknet_4_8_0_wclk (net)
                      0.112646    0.000210   10.625464 ^ _526_/CLK (sky130_fd_sc_hd__dfxtp_1)
                                  0.000000   10.625464   clock reconvergence pessimism
                                 -0.273824   10.351641   library setup time
                                             10.351641   data required time
---------------------------------------------------------------------------------------------
                                             10.351641   data required time
                                             -5.868332   data arrival time
---------------------------------------------------------------------------------------------
                                              4.483309   slack (MET)


Startpoint: _554_ (rising edge-triggered flip-flop clocked by wclk)
Endpoint: _528_ (rising edge-triggered flip-flop clocked by wclk)
Path Group: wclk
Path Type: max

Fanout         Cap        Slew       Delay        Time   Description
---------------------------------------------------------------------------------------------
                                  0.000000    0.000000   clock wclk (rise edge)
                                  0.000000    0.000000   clock source latency
     1    0.020608    0.000000    0.000000    0.000000 ^ wclk (in)
                                                         wclk (net)
                      0.001924    0.000962    0.000962 ^ clkbuf_0_wclk/A (sky130_fd_sc_hd__clkbuf_16)
    16    0.113775    0.195548    0.300371    0.301333 ^ clkbuf_0_wclk/X (sky130_fd_sc_hd__clkbuf_16)
                                                         clknet_0_wclk (net)
                      0.195552    0.001238    0.302572 ^ clkbuf_4_13_0_wclk/A (sky130_fd_sc_hd__clkbuf_8)
    10    0.032418    0.111752    0.321547    0.624119 ^ clkbuf_4_13_0_wclk/X (sky130_fd_sc_hd__clkbuf_8)
                                                         clknet_4_13_0_wclk (net)
                      0.111752    0.000253    0.624371 ^ _554_/CLK (sky130_fd_sc_hd__dfrtp_1)
     2    0.009387    0.132598    0.816823    1.441195 v _554_/Q (sky130_fd_sc_hd__dfrtp_1)
                                                         r_ptr_gray_sync[4] (net)
                      0.132598    0.000076    1.441270 v _291_/A (sky130_fd_sc_hd__xor2_1)
     3    0.011715    0.455124    0.466101    1.907372 ^ _291_/X (sky130_fd_sc_hd__xor2_1)
                                                         _171_ (net)
                      0.455124    0.000106    1.907478 ^ _292_/B (sky130_fd_sc_hd__xnor2_1)
     3    0.010439    0.446557    0.413451    2.320929 ^ _292_/Y (sky130_fd_sc_hd__xnor2_1)
                                                         _172_ (net)
                      0.446557    0.000148    2.321077 ^ _293_/B (sky130_fd_sc_hd__xnor2_1)
     1    0.004499    0.249368    0.345187    2.666264 ^ _293_/Y (sky130_fd_sc_hd__xnor2_1)
                                                         _173_ (net)
                      0.249368    0.000059    2.666323 ^ _297_/S (sky130_fd_sc_hd__mux2_1)
     2    0.006878    0.148951    0.818909    3.485232 v _297_/X (sky130_fd_sc_hd__mux2_1)
                                                         _177_ (net)
                      0.148951    0.000065    3.485297 v _329_/A1 (sky130_fd_sc_hd__a21boi_2)
     3    0.017422    0.368662    0.415023    3.900321 ^ _329_/Y (sky130_fd_sc_hd__a21boi_2)
                                                         _198_ (net)
                      0.368662    0.000322    3.900643 ^ max_cap23/A (sky130_fd_sc_hd__buf_8)
    20    0.118091    0.301366    0.465706    4.366349 ^ max_cap23/X (sky130_fd_sc_hd__buf_8)
                                                         net23 (net)
                      0.301376    0.002097    4.368445 ^ _379_/B (sky130_fd_sc_hd__nand4b_4)
     8    0.059734    0.580862    0.603331    4.971776 v _379_/Y (sky130_fd_sc_hd__nand4b_4)
                                                         _235_ (net)
                      0.580870    0.001782    4.973558 v _384_/S (sky130_fd_sc_hd__mux2_1)
     1    0.002428    0.109252    0.890249    5.863807 v _384_/X (sky130_fd_sc_hd__mux2_1)
                                                         _012_ (net)
                      0.109252    0.000027    5.863834 v _528_/D (sky130_fd_sc_hd__dfxtp_1)
                                              5.863834   data arrival time

                                 10.000000   10.000000   clock wclk (rise edge)
                                  0.000000   10.000000   clock source latency
     1    0.020608    0.000000    0.000000   10.000000 ^ wclk (in)
                                                         wclk (net)
                      0.001924    0.000962   10.000962 ^ clkbuf_0_wclk/A (sky130_fd_sc_hd__clkbuf_16)
    16    0.113775    0.195548    0.300371   10.301333 ^ clkbuf_0_wclk/X (sky130_fd_sc_hd__clkbuf_16)
                                                         clknet_0_wclk (net)
                      0.195563    0.001899   10.303232 ^ clkbuf_4_10_0_wclk/A (sky130_fd_sc_hd__clkbuf_8)
    12    0.031985    0.110731    0.320682   10.623915 ^ clkbuf_4_10_0_wclk/X (sky130_fd_sc_hd__clkbuf_8)
                                                         clknet_4_10_0_wclk (net)
                      0.110732    0.000499   10.624413 ^ _528_/CLK (sky130_fd_sc_hd__dfxtp_1)
                                  0.000000   10.624413   clock reconvergence pessimism
                                 -0.274313   10.350101   library setup time
                                             10.350101   data required time
---------------------------------------------------------------------------------------------
                                             10.350101   data required time
                                             -5.863834   data arrival time
---------------------------------------------------------------------------------------------
                                              4.486267   slack (MET)


Startpoint: _554_ (rising edge-triggered flip-flop clocked by wclk)
Endpoint: _524_ (rising edge-triggered flip-flop clocked by wclk)
Path Group: wclk
Path Type: max

Fanout         Cap        Slew       Delay        Time   Description
---------------------------------------------------------------------------------------------
                                  0.000000    0.000000   clock wclk (rise edge)
                                  0.000000    0.000000   clock source latency
     1    0.020608    0.000000    0.000000    0.000000 ^ wclk (in)
                                                         wclk (net)
                      0.001924    0.000962    0.000962 ^ clkbuf_0_wclk/A (sky130_fd_sc_hd__clkbuf_16)
    16    0.113775    0.195548    0.300371    0.301333 ^ clkbuf_0_wclk/X (sky130_fd_sc_hd__clkbuf_16)
                                                         clknet_0_wclk (net)
                      0.195552    0.001238    0.302572 ^ clkbuf_4_13_0_wclk/A (sky130_fd_sc_hd__clkbuf_8)
    10    0.032418    0.111752    0.321547    0.624119 ^ clkbuf_4_13_0_wclk/X (sky130_fd_sc_hd__clkbuf_8)
                                                         clknet_4_13_0_wclk (net)
                      0.111752    0.000253    0.624371 ^ _554_/CLK (sky130_fd_sc_hd__dfrtp_1)
     2    0.009387    0.132598    0.816823    1.441195 v _554_/Q (sky130_fd_sc_hd__dfrtp_1)
                                                         r_ptr_gray_sync[4] (net)
                      0.132598    0.000076    1.441270 v _291_/A (sky130_fd_sc_hd__xor2_1)
     3    0.011715    0.455124    0.466101    1.907372 ^ _291_/X (sky130_fd_sc_hd__xor2_1)
                                                         _171_ (net)
                      0.455124    0.000106    1.907478 ^ _292_/B (sky130_fd_sc_hd__xnor2_1)
     3    0.010439    0.446557    0.413451    2.320929 ^ _292_/Y (sky130_fd_sc_hd__xnor2_1)
                                                         _172_ (net)
                      0.446557    0.000148    2.321077 ^ _293_/B (sky130_fd_sc_hd__xnor2_1)
     1    0.004499    0.249368    0.345187    2.666264 ^ _293_/Y (sky130_fd_sc_hd__xnor2_1)
                                                         _173_ (net)
                      0.249368    0.000059    2.666323 ^ _297_/S (sky130_fd_sc_hd__mux2_1)
     2    0.006878    0.148951    0.818909    3.485232 v _297_/X (sky130_fd_sc_hd__mux2_1)
                                                         _177_ (net)
                      0.148951    0.000065    3.485297 v _329_/A1 (sky130_fd_sc_hd__a21boi_2)
     3    0.017422    0.368662    0.415023    3.900321 ^ _329_/Y (sky130_fd_sc_hd__a21boi_2)
                                                         _198_ (net)
                      0.368662    0.000322    3.900643 ^ max_cap23/A (sky130_fd_sc_hd__buf_8)
    20    0.118091    0.301366    0.465706    4.366349 ^ max_cap23/X (sky130_fd_sc_hd__buf_8)
                                                         net23 (net)
                      0.301376    0.002097    4.368445 ^ _379_/B (sky130_fd_sc_hd__nand4b_4)
     8    0.059734    0.580862    0.603331    4.971776 v _379_/Y (sky130_fd_sc_hd__nand4b_4)
                                                         _235_ (net)
                      0.580862    0.000341    4.972117 v _380_/S (sky130_fd_sc_hd__mux2_1)
     1    0.002196    0.106797    0.886234    5.858352 v _380_/X (sky130_fd_sc_hd__mux2_1)
                                                         _008_ (net)
                      0.106797    0.000022    5.858374 v _524_/D (sky130_fd_sc_hd__dfxtp_1)
                                              5.858374   data arrival time

                                 10.000000   10.000000   clock wclk (rise edge)
                                  0.000000   10.000000   clock source latency
     1    0.020608    0.000000    0.000000   10.000000 ^ wclk (in)
                                                         wclk (net)
                      0.001924    0.000962   10.000962 ^ clkbuf_0_wclk/A (sky130_fd_sc_hd__clkbuf_16)
    16    0.113775    0.195548    0.300371   10.301333 ^ clkbuf_0_wclk/X (sky130_fd_sc_hd__clkbuf_16)
                                                         clknet_0_wclk (net)
                      0.195551    0.001149   10.302483 ^ clkbuf_4_6_0_wclk/A (sky130_fd_sc_hd__clkbuf_8)
     8    0.031575    0.109760    0.319986   10.622469 ^ clkbuf_4_6_0_wclk/X (sky130_fd_sc_hd__clkbuf_8)
                                                         clknet_4_6_0_wclk (net)
                      0.109760    0.000363   10.622831 ^ _524_/CLK (sky130_fd_sc_hd__dfxtp_1)
                                  0.000000   10.622831   clock reconvergence pessimism
                                 -0.273555   10.349277   library setup time
                                             10.349277   data required time
---------------------------------------------------------------------------------------------
                                             10.349277   data required time
                                             -5.858374   data arrival time
---------------------------------------------------------------------------------------------
                                              4.490902   slack (MET)


Startpoint: _554_ (rising edge-triggered flip-flop clocked by wclk)
Endpoint: _525_ (rising edge-triggered flip-flop clocked by wclk)
Path Group: wclk
Path Type: max

Fanout         Cap        Slew       Delay        Time   Description
---------------------------------------------------------------------------------------------
                                  0.000000    0.000000   clock wclk (rise edge)
                                  0.000000    0.000000   clock source latency
     1    0.020608    0.000000    0.000000    0.000000 ^ wclk (in)
                                                         wclk (net)
                      0.001924    0.000962    0.000962 ^ clkbuf_0_wclk/A (sky130_fd_sc_hd__clkbuf_16)
    16    0.113775    0.195548    0.300371    0.301333 ^ clkbuf_0_wclk/X (sky130_fd_sc_hd__clkbuf_16)
                                                         clknet_0_wclk (net)
                      0.195552    0.001238    0.302572 ^ clkbuf_4_13_0_wclk/A (sky130_fd_sc_hd__clkbuf_8)
    10    0.032418    0.111752    0.321547    0.624119 ^ clkbuf_4_13_0_wclk/X (sky130_fd_sc_hd__clkbuf_8)
                                                         clknet_4_13_0_wclk (net)
                      0.111752    0.000253    0.624371 ^ _554_/CLK (sky130_fd_sc_hd__dfrtp_1)
     2    0.009387    0.132598    0.816823    1.441195 v _554_/Q (sky130_fd_sc_hd__dfrtp_1)
                                                         r_ptr_gray_sync[4] (net)
                      0.132598    0.000076    1.441270 v _291_/A (sky130_fd_sc_hd__xor2_1)
     3    0.011715    0.455124    0.466101    1.907372 ^ _291_/X (sky130_fd_sc_hd__xor2_1)
                                                         _171_ (net)
                      0.455124    0.000106    1.907478 ^ _292_/B (sky130_fd_sc_hd__xnor2_1)
     3    0.010439    0.446557    0.413451    2.320929 ^ _292_/Y (sky130_fd_sc_hd__xnor2_1)
                                                         _172_ (net)
                      0.446557    0.000148    2.321077 ^ _293_/B (sky130_fd_sc_hd__xnor2_1)
     1    0.004499    0.249368    0.345187    2.666264 ^ _293_/Y (sky130_fd_sc_hd__xnor2_1)
                                                         _173_ (net)
                      0.249368    0.000059    2.666323 ^ _297_/S (sky130_fd_sc_hd__mux2_1)
     2    0.006878    0.148951    0.818909    3.485232 v _297_/X (sky130_fd_sc_hd__mux2_1)
                                                         _177_ (net)
                      0.148951    0.000065    3.485297 v _329_/A1 (sky130_fd_sc_hd__a21boi_2)
     3    0.017422    0.368662    0.415023    3.900321 ^ _329_/Y (sky130_fd_sc_hd__a21boi_2)
                                                         _198_ (net)
                      0.368662    0.000322    3.900643 ^ max_cap23/A (sky130_fd_sc_hd__buf_8)
    20    0.118091    0.301366    0.465706    4.366349 ^ max_cap23/X (sky130_fd_sc_hd__buf_8)
                                                         net23 (net)
                      0.301376    0.002097    4.368445 ^ _379_/B (sky130_fd_sc_hd__nand4b_4)
     8    0.059734    0.580862    0.603331    4.971776 v _379_/Y (sky130_fd_sc_hd__nand4b_4)
                                                         _235_ (net)
                      0.580862    0.000430    4.972207 v _381_/S (sky130_fd_sc_hd__mux2_1)
     1    0.002149    0.106268    0.885424    5.857631 v _381_/X (sky130_fd_sc_hd__mux2_1)
                                                         _009_ (net)
                      0.106268    0.000020    5.857650 v _525_/D (sky130_fd_sc_hd__dfxtp_1)
                                              5.857650   data arrival time

                                 10.000000   10.000000   clock wclk (rise edge)
                                  0.000000   10.000000   clock source latency
     1    0.020608    0.000000    0.000000   10.000000 ^ wclk (in)
                                                         wclk (net)
                      0.001924    0.000962   10.000962 ^ clkbuf_0_wclk/A (sky130_fd_sc_hd__clkbuf_16)
    16    0.113775    0.195548    0.300371   10.301333 ^ clkbuf_0_wclk/X (sky130_fd_sc_hd__clkbuf_16)
                                                         clknet_0_wclk (net)
                      0.195557    0.001556   10.302890 ^ clkbuf_4_15_0_wclk/A (sky130_fd_sc_hd__clkbuf_8)
     8    0.031805    0.110304    0.320395   10.623284 ^ clkbuf_4_15_0_wclk/X (sky130_fd_sc_hd__clkbuf_8)
                                                         clknet_4_15_0_wclk (net)
                      0.110304    0.000252   10.623537 ^ _525_/CLK (sky130_fd_sc_hd__dfxtp_1)
                                  0.000000   10.623537   clock reconvergence pessimism
                                 -0.273189   10.350348   library setup time
                                             10.350348   data required time
---------------------------------------------------------------------------------------------
                                             10.350348   data required time
                                             -5.857650   data arrival time
---------------------------------------------------------------------------------------------
                                              4.492698   slack (MET)


Startpoint: _554_ (rising edge-triggered flip-flop clocked by wclk)
Endpoint: _529_ (rising edge-triggered flip-flop clocked by wclk)
Path Group: wclk
Path Type: max

Fanout         Cap        Slew       Delay        Time   Description
---------------------------------------------------------------------------------------------
                                  0.000000    0.000000   clock wclk (rise edge)
                                  0.000000    0.000000   clock source latency
     1    0.020608    0.000000    0.000000    0.000000 ^ wclk (in)
                                                         wclk (net)
                      0.001924    0.000962    0.000962 ^ clkbuf_0_wclk/A (sky130_fd_sc_hd__clkbuf_16)
    16    0.113775    0.195548    0.300371    0.301333 ^ clkbuf_0_wclk/X (sky130_fd_sc_hd__clkbuf_16)
                                                         clknet_0_wclk (net)
                      0.195552    0.001238    0.302572 ^ clkbuf_4_13_0_wclk/A (sky130_fd_sc_hd__clkbuf_8)
    10    0.032418    0.111752    0.321547    0.624119 ^ clkbuf_4_13_0_wclk/X (sky130_fd_sc_hd__clkbuf_8)
                                                         clknet_4_13_0_wclk (net)
                      0.111752    0.000253    0.624371 ^ _554_/CLK (sky130_fd_sc_hd__dfrtp_1)
     2    0.009387    0.132598    0.816823    1.441195 v _554_/Q (sky130_fd_sc_hd__dfrtp_1)
                                                         r_ptr_gray_sync[4] (net)
                      0.132598    0.000076    1.441270 v _291_/A (sky130_fd_sc_hd__xor2_1)
     3    0.011715    0.455124    0.466101    1.907372 ^ _291_/X (sky130_fd_sc_hd__xor2_1)
                                                         _171_ (net)
                      0.455124    0.000106    1.907478 ^ _292_/B (sky130_fd_sc_hd__xnor2_1)
     3    0.010439    0.446557    0.413451    2.320929 ^ _292_/Y (sky130_fd_sc_hd__xnor2_1)
                                                         _172_ (net)
                      0.446557    0.000148    2.321077 ^ _293_/B (sky130_fd_sc_hd__xnor2_1)
     1    0.004499    0.249368    0.345187    2.666264 ^ _293_/Y (sky130_fd_sc_hd__xnor2_1)
                                                         _173_ (net)
                      0.249368    0.000059    2.666323 ^ _297_/S (sky130_fd_sc_hd__mux2_1)
     2    0.006878    0.148951    0.818909    3.485232 v _297_/X (sky130_fd_sc_hd__mux2_1)
                                                         _177_ (net)
                      0.148951    0.000065    3.485297 v _329_/A1 (sky130_fd_sc_hd__a21boi_2)
     3    0.017422    0.368662    0.415023    3.900321 ^ _329_/Y (sky130_fd_sc_hd__a21boi_2)
                                                         _198_ (net)
                      0.368662    0.000322    3.900643 ^ max_cap23/A (sky130_fd_sc_hd__buf_8)
    20    0.118091    0.301366    0.465706    4.366349 ^ max_cap23/X (sky130_fd_sc_hd__buf_8)
                                                         net23 (net)
                      0.301376    0.002097    4.368445 ^ _379_/B (sky130_fd_sc_hd__nand4b_4)
     8    0.059734    0.580862    0.603331    4.971776 v _379_/Y (sky130_fd_sc_hd__nand4b_4)
                                                         _235_ (net)
                      0.580866    0.001350    4.973126 v _385_/S (sky130_fd_sc_hd__mux2_1)
     1    0.002181    0.106708    0.885970    5.859097 v _385_/X (sky130_fd_sc_hd__mux2_1)
                                                         _013_ (net)
                      0.106708    0.000021    5.859118 v _529_/D (sky130_fd_sc_hd__dfxtp_1)
                                              5.859118   data arrival time

                                 10.000000   10.000000   clock wclk (rise edge)
                                  0.000000   10.000000   clock source latency
     1    0.020608    0.000000    0.000000   10.000000 ^ wclk (in)
                                                         wclk (net)
                      0.001924    0.000962   10.000962 ^ clkbuf_0_wclk/A (sky130_fd_sc_hd__clkbuf_16)
    16    0.113775    0.195548    0.300371   10.301333 ^ clkbuf_0_wclk/X (sky130_fd_sc_hd__clkbuf_16)
                                                         clknet_0_wclk (net)
                      0.195559    0.001672   10.303006 ^ clkbuf_4_8_0_wclk/A (sky130_fd_sc_hd__clkbuf_8)
    13    0.032795    0.112646    0.322248   10.625254 ^ clkbuf_4_8_0_wclk/X (sky130_fd_sc_hd__clkbuf_8)
                                                         clknet_4_8_0_wclk (net)
                      0.112646    0.000330   10.625585 ^ _529_/CLK (sky130_fd_sc_hd__dfxtp_1)
                                  0.000000   10.625585   clock reconvergence pessimism
                                 -0.272740   10.352844   library setup time
                                             10.352844   data required time
---------------------------------------------------------------------------------------------
                                             10.352844   data required time
                                             -5.859118   data arrival time
---------------------------------------------------------------------------------------------
                                              4.493726   slack (MET)


Startpoint: _554_ (rising edge-triggered flip-flop clocked by wclk)
Endpoint: _527_ (rising edge-triggered flip-flop clocked by wclk)
Path Group: wclk
Path Type: max

Fanout         Cap        Slew       Delay        Time   Description
---------------------------------------------------------------------------------------------
                                  0.000000    0.000000   clock wclk (rise edge)
                                  0.000000    0.000000   clock source latency
     1    0.020608    0.000000    0.000000    0.000000 ^ wclk (in)
                                                         wclk (net)
                      0.001924    0.000962    0.000962 ^ clkbuf_0_wclk/A (sky130_fd_sc_hd__clkbuf_16)
    16    0.113775    0.195548    0.300371    0.301333 ^ clkbuf_0_wclk/X (sky130_fd_sc_hd__clkbuf_16)
                                                         clknet_0_wclk (net)
                      0.195552    0.001238    0.302572 ^ clkbuf_4_13_0_wclk/A (sky130_fd_sc_hd__clkbuf_8)
    10    0.032418    0.111752    0.321547    0.624119 ^ clkbuf_4_13_0_wclk/X (sky130_fd_sc_hd__clkbuf_8)
                                                         clknet_4_13_0_wclk (net)
                      0.111752    0.000253    0.624371 ^ _554_/CLK (sky130_fd_sc_hd__dfrtp_1)
     2    0.009387    0.132598    0.816823    1.441195 v _554_/Q (sky130_fd_sc_hd__dfrtp_1)
                                                         r_ptr_gray_sync[4] (net)
                      0.132598    0.000076    1.441270 v _291_/A (sky130_fd_sc_hd__xor2_1)
     3    0.011715    0.455124    0.466101    1.907372 ^ _291_/X (sky130_fd_sc_hd__xor2_1)
                                                         _171_ (net)
                      0.455124    0.000106    1.907478 ^ _292_/B (sky130_fd_sc_hd__xnor2_1)
     3    0.010439    0.446557    0.413451    2.320929 ^ _292_/Y (sky130_fd_sc_hd__xnor2_1)
                                                         _172_ (net)
                      0.446557    0.000148    2.321077 ^ _293_/B (sky130_fd_sc_hd__xnor2_1)
     1    0.004499    0.249368    0.345187    2.666264 ^ _293_/Y (sky130_fd_sc_hd__xnor2_1)
                                                         _173_ (net)
                      0.249368    0.000059    2.666323 ^ _297_/S (sky130_fd_sc_hd__mux2_1)
     2    0.006878    0.148951    0.818909    3.485232 v _297_/X (sky130_fd_sc_hd__mux2_1)
                                                         _177_ (net)
                      0.148951    0.000065    3.485297 v _329_/A1 (sky130_fd_sc_hd__a21boi_2)
     3    0.017422    0.368662    0.415023    3.900321 ^ _329_/Y (sky130_fd_sc_hd__a21boi_2)
                                                         _198_ (net)
                      0.368662    0.000322    3.900643 ^ max_cap23/A (sky130_fd_sc_hd__buf_8)
    20    0.118091    0.301366    0.465706    4.366349 ^ max_cap23/X (sky130_fd_sc_hd__buf_8)
                                                         net23 (net)
                      0.301376    0.002097    4.368445 ^ _379_/B (sky130_fd_sc_hd__nand4b_4)
     8    0.059734    0.580862    0.603331    4.971776 v _379_/Y (sky130_fd_sc_hd__nand4b_4)
                                                         _235_ (net)
                      0.580863    0.000647    4.972423 v _383_/S (sky130_fd_sc_hd__mux2_1)
     1    0.001861    0.102840    0.880439    5.852862 v _383_/X (sky130_fd_sc_hd__mux2_1)
                                                         _011_ (net)
                      0.102840    0.000016    5.852878 v _527_/D (sky130_fd_sc_hd__dfxtp_1)
                                              5.852878   data arrival time

                                 10.000000   10.000000   clock wclk (rise edge)
                                  0.000000   10.000000   clock source latency
     1    0.020608    0.000000    0.000000   10.000000 ^ wclk (in)
                                                         wclk (net)
                      0.001924    0.000962   10.000962 ^ clkbuf_0_wclk/A (sky130_fd_sc_hd__clkbuf_16)
    16    0.113775    0.195548    0.300371   10.301333 ^ clkbuf_0_wclk/X (sky130_fd_sc_hd__clkbuf_16)
                                                         clknet_0_wclk (net)
                      0.195558    0.001626   10.302959 ^ clkbuf_4_14_0_wclk/A (sky130_fd_sc_hd__clkbuf_8)
     9    0.031016    0.109068    0.318644   10.621603 ^ clkbuf_4_14_0_wclk/X (sky130_fd_sc_hd__clkbuf_8)
                                                         clknet_4_14_0_wclk (net)
                      0.109068    0.000417   10.622020 ^ _527_/CLK (sky130_fd_sc_hd__dfxtp_1)
                                  0.000000   10.622020   clock reconvergence pessimism
                                 -0.272098   10.349922   library setup time
                                             10.349922   data required time
---------------------------------------------------------------------------------------------
                                             10.349922   data required time
                                             -5.852878   data arrival time
---------------------------------------------------------------------------------------------
                                              4.497044   slack (MET)


Startpoint: _554_ (rising edge-triggered flip-flop clocked by wclk)
Endpoint: _530_ (rising edge-triggered flip-flop clocked by wclk)
Path Group: wclk
Path Type: max

Fanout         Cap        Slew       Delay        Time   Description
---------------------------------------------------------------------------------------------
                                  0.000000    0.000000   clock wclk (rise edge)
                                  0.000000    0.000000   clock source latency
     1    0.020608    0.000000    0.000000    0.000000 ^ wclk (in)
                                                         wclk (net)
                      0.001924    0.000962    0.000962 ^ clkbuf_0_wclk/A (sky130_fd_sc_hd__clkbuf_16)
    16    0.113775    0.195548    0.300371    0.301333 ^ clkbuf_0_wclk/X (sky130_fd_sc_hd__clkbuf_16)
                                                         clknet_0_wclk (net)
                      0.195552    0.001238    0.302572 ^ clkbuf_4_13_0_wclk/A (sky130_fd_sc_hd__clkbuf_8)
    10    0.032418    0.111752    0.321547    0.624119 ^ clkbuf_4_13_0_wclk/X (sky130_fd_sc_hd__clkbuf_8)
                                                         clknet_4_13_0_wclk (net)
                      0.111752    0.000253    0.624371 ^ _554_/CLK (sky130_fd_sc_hd__dfrtp_1)
     2    0.009387    0.132598    0.816823    1.441195 v _554_/Q (sky130_fd_sc_hd__dfrtp_1)
                                                         r_ptr_gray_sync[4] (net)
                      0.132598    0.000076    1.441270 v _291_/A (sky130_fd_sc_hd__xor2_1)
     3    0.011715    0.455124    0.466101    1.907372 ^ _291_/X (sky130_fd_sc_hd__xor2_1)
                                                         _171_ (net)
                      0.455124    0.000106    1.907478 ^ _292_/B (sky130_fd_sc_hd__xnor2_1)
     3    0.010439    0.446557    0.413451    2.320929 ^ _292_/Y (sky130_fd_sc_hd__xnor2_1)
                                                         _172_ (net)
                      0.446557    0.000148    2.321077 ^ _293_/B (sky130_fd_sc_hd__xnor2_1)
     1    0.004499    0.249368    0.345187    2.666264 ^ _293_/Y (sky130_fd_sc_hd__xnor2_1)
                                                         _173_ (net)
                      0.249368    0.000059    2.666323 ^ _297_/S (sky130_fd_sc_hd__mux2_1)
     2    0.006878    0.148951    0.818909    3.485232 v _297_/X (sky130_fd_sc_hd__mux2_1)
                                                         _177_ (net)
                      0.148951    0.000065    3.485297 v _329_/A1 (sky130_fd_sc_hd__a21boi_2)
     3    0.017422    0.368662    0.415023    3.900321 ^ _329_/Y (sky130_fd_sc_hd__a21boi_2)
                                                         _198_ (net)
                      0.368662    0.000322    3.900643 ^ max_cap23/A (sky130_fd_sc_hd__buf_8)
    20    0.118091    0.301366    0.465706    4.366349 ^ max_cap23/X (sky130_fd_sc_hd__buf_8)
                                                         net23 (net)
                      0.301376    0.002097    4.368445 ^ _379_/B (sky130_fd_sc_hd__nand4b_4)
     8    0.059734    0.580862    0.603331    4.971776 v _379_/Y (sky130_fd_sc_hd__nand4b_4)
                                                         _235_ (net)
                      0.580863    0.000743    4.972520 v _386_/S (sky130_fd_sc_hd__mux2_1)
     1    0.001963    0.104023    0.882189    5.854709 v _386_/X (sky130_fd_sc_hd__mux2_1)
                                                         _014_ (net)
                      0.104023    0.000018    5.854727 v _530_/D (sky130_fd_sc_hd__dfxtp_1)
                                              5.854727   data arrival time

                                 10.000000   10.000000   clock wclk (rise edge)
                                  0.000000   10.000000   clock source latency
     1    0.020608    0.000000    0.000000   10.000000 ^ wclk (in)
                                                         wclk (net)
                      0.001924    0.000962   10.000962 ^ clkbuf_0_wclk/A (sky130_fd_sc_hd__clkbuf_16)
    16    0.113775    0.195548    0.300371   10.301333 ^ clkbuf_0_wclk/X (sky130_fd_sc_hd__clkbuf_16)
                                                         clknet_0_wclk (net)
                      0.195561    0.001800   10.303134 ^ clkbuf_4_11_0_wclk/A (sky130_fd_sc_hd__clkbuf_8)
    11    0.032803    0.112664    0.322260   10.625394 ^ clkbuf_4_11_0_wclk/X (sky130_fd_sc_hd__clkbuf_8)
                                                         clknet_4_11_0_wclk (net)
                      0.112664    0.000423   10.625817 ^ _530_/CLK (sky130_fd_sc_hd__dfxtp_1)
                                  0.000000   10.625817   clock reconvergence pessimism
                                 -0.271620   10.354197   library setup time
                                             10.354197   data required time
---------------------------------------------------------------------------------------------
                                             10.354197   data required time
                                             -5.854727   data arrival time
---------------------------------------------------------------------------------------------
                                              4.499470   slack (MET)


Startpoint: _554_ (rising edge-triggered flip-flop clocked by wclk)
Endpoint: _650_ (rising edge-triggered flip-flop clocked by wclk)
Path Group: wclk
Path Type: max

Fanout         Cap        Slew       Delay        Time   Description
---------------------------------------------------------------------------------------------
                                  0.000000    0.000000   clock wclk (rise edge)
                                  0.000000    0.000000   clock source latency
     1    0.020608    0.000000    0.000000    0.000000 ^ wclk (in)
                                                         wclk (net)
                      0.001924    0.000962    0.000962 ^ clkbuf_0_wclk/A (sky130_fd_sc_hd__clkbuf_16)
    16    0.113775    0.195548    0.300371    0.301333 ^ clkbuf_0_wclk/X (sky130_fd_sc_hd__clkbuf_16)
                                                         clknet_0_wclk (net)
                      0.195552    0.001238    0.302572 ^ clkbuf_4_13_0_wclk/A (sky130_fd_sc_hd__clkbuf_8)
    10    0.032418    0.111752    0.321547    0.624119 ^ clkbuf_4_13_0_wclk/X (sky130_fd_sc_hd__clkbuf_8)
                                                         clknet_4_13_0_wclk (net)
                      0.111752    0.000253    0.624371 ^ _554_/CLK (sky130_fd_sc_hd__dfrtp_1)
     2    0.009387    0.132598    0.816823    1.441195 v _554_/Q (sky130_fd_sc_hd__dfrtp_1)
                                                         r_ptr_gray_sync[4] (net)
                      0.132598    0.000076    1.441270 v _291_/A (sky130_fd_sc_hd__xor2_1)
     3    0.011715    0.455124    0.466101    1.907372 ^ _291_/X (sky130_fd_sc_hd__xor2_1)
                                                         _171_ (net)
                      0.455124    0.000106    1.907478 ^ _292_/B (sky130_fd_sc_hd__xnor2_1)
     3    0.010439    0.446557    0.413451    2.320929 ^ _292_/Y (sky130_fd_sc_hd__xnor2_1)
                                                         _172_ (net)
                      0.446557    0.000148    2.321077 ^ _293_/B (sky130_fd_sc_hd__xnor2_1)
     1    0.004499    0.249368    0.345187    2.666264 ^ _293_/Y (sky130_fd_sc_hd__xnor2_1)
                                                         _173_ (net)
                      0.249368    0.000059    2.666323 ^ _297_/S (sky130_fd_sc_hd__mux2_1)
     2    0.006878    0.148951    0.818909    3.485232 v _297_/X (sky130_fd_sc_hd__mux2_1)
                                                         _177_ (net)
                      0.148951    0.000065    3.485297 v _329_/A1 (sky130_fd_sc_hd__a21boi_2)
     3    0.017422    0.368662    0.415023    3.900321 ^ _329_/Y (sky130_fd_sc_hd__a21boi_2)
                                                         _198_ (net)
                      0.368662    0.000322    3.900643 ^ max_cap23/A (sky130_fd_sc_hd__buf_8)
    20    0.118091    0.301366    0.465706    4.366349 ^ max_cap23/X (sky130_fd_sc_hd__buf_8)
                                                         net23 (net)
                      0.301378    0.002265    4.368614 ^ _480_/C (sky130_fd_sc_hd__nand4_4)
     8    0.054737    0.543198    0.579702    4.948316 v _480_/Y (sky130_fd_sc_hd__nand4_4)
                                                         _248_ (net)
                      0.543365    0.000685    4.949000 v _482_/S (sky130_fd_sc_hd__mux2_1)
     1    0.003341    0.115781    0.890577    5.839578 v _482_/X (sky130_fd_sc_hd__mux2_1)
                                                         _097_ (net)
                      0.115781    0.000048    5.839626 v _650_/D (sky130_fd_sc_hd__dfxtp_1)
                                              5.839626   data arrival time

                                 10.000000   10.000000   clock wclk (rise edge)
                                  0.000000   10.000000   clock source latency
     1    0.020608    0.000000    0.000000   10.000000 ^ wclk (in)
                                                         wclk (net)
                      0.001924    0.000962   10.000962 ^ clkbuf_0_wclk/A (sky130_fd_sc_hd__clkbuf_16)
    16    0.113775    0.195548    0.300371   10.301333 ^ clkbuf_0_wclk/X (sky130_fd_sc_hd__clkbuf_16)
                                                         clknet_0_wclk (net)
                      0.195551    0.001149   10.302483 ^ clkbuf_4_6_0_wclk/A (sky130_fd_sc_hd__clkbuf_8)
     8    0.031575    0.109760    0.319986   10.622469 ^ clkbuf_4_6_0_wclk/X (sky130_fd_sc_hd__clkbuf_8)
                                                         clknet_4_6_0_wclk (net)
                      0.109760    0.000150   10.622619 ^ _650_/CLK (sky130_fd_sc_hd__dfxtp_1)
                                  0.000000   10.622619   clock reconvergence pessimism
                                 -0.277287   10.345331   library setup time
                                             10.345331   data required time
---------------------------------------------------------------------------------------------
                                             10.345331   data required time
                                             -5.839626   data arrival time
---------------------------------------------------------------------------------------------
                                              4.505705   slack (MET)


Startpoint: _554_ (rising edge-triggered flip-flop clocked by wclk)
Endpoint: _683_ (rising edge-triggered flip-flop clocked by wclk)
Path Group: wclk
Path Type: max

Fanout         Cap        Slew       Delay        Time   Description
---------------------------------------------------------------------------------------------
                                  0.000000    0.000000   clock wclk (rise edge)
                                  0.000000    0.000000   clock source latency
     1    0.020608    0.000000    0.000000    0.000000 ^ wclk (in)
                                                         wclk (net)
                      0.001924    0.000962    0.000962 ^ clkbuf_0_wclk/A (sky130_fd_sc_hd__clkbuf_16)
    16    0.113775    0.195548    0.300371    0.301333 ^ clkbuf_0_wclk/X (sky130_fd_sc_hd__clkbuf_16)
                                                         clknet_0_wclk (net)
                      0.195552    0.001238    0.302572 ^ clkbuf_4_13_0_wclk/A (sky130_fd_sc_hd__clkbuf_8)
    10    0.032418    0.111752    0.321547    0.624119 ^ clkbuf_4_13_0_wclk/X (sky130_fd_sc_hd__clkbuf_8)
                                                         clknet_4_13_0_wclk (net)
                      0.111752    0.000253    0.624371 ^ _554_/CLK (sky130_fd_sc_hd__dfrtp_1)
     2    0.009387    0.132598    0.816823    1.441195 v _554_/Q (sky130_fd_sc_hd__dfrtp_1)
                                                         r_ptr_gray_sync[4] (net)
                      0.132598    0.000076    1.441270 v _291_/A (sky130_fd_sc_hd__xor2_1)
     3    0.011715    0.455124    0.466101    1.907372 ^ _291_/X (sky130_fd_sc_hd__xor2_1)
                                                         _171_ (net)
                      0.455124    0.000106    1.907478 ^ _292_/B (sky130_fd_sc_hd__xnor2_1)
     3    0.010439    0.446557    0.413451    2.320929 ^ _292_/Y (sky130_fd_sc_hd__xnor2_1)
                                                         _172_ (net)
                      0.446557    0.000148    2.321077 ^ _293_/B (sky130_fd_sc_hd__xnor2_1)
     1    0.004499    0.249368    0.345187    2.666264 ^ _293_/Y (sky130_fd_sc_hd__xnor2_1)
                                                         _173_ (net)
                      0.249368    0.000059    2.666323 ^ _297_/S (sky130_fd_sc_hd__mux2_1)
     2    0.006878    0.148951    0.818909    3.485232 v _297_/X (sky130_fd_sc_hd__mux2_1)
                                                         _177_ (net)
                      0.148951    0.000065    3.485297 v _329_/A1 (sky130_fd_sc_hd__a21boi_2)
     3    0.017422    0.368662    0.415023    3.900321 ^ _329_/Y (sky130_fd_sc_hd__a21boi_2)
                                                         _198_ (net)
                      0.368662    0.000322    3.900643 ^ max_cap23/A (sky130_fd_sc_hd__buf_8)
    20    0.118091    0.301366    0.465706    4.366349 ^ max_cap23/X (sky130_fd_sc_hd__buf_8)
                                                         net23 (net)
                      0.301382    0.002484    4.368833 ^ _340_/C (sky130_fd_sc_hd__nand4_4)
    10    0.054894    0.544389    0.580188    4.949021 v _340_/Y (sky130_fd_sc_hd__nand4_4)
                                                         _204_ (net)
                      0.544395    0.001520    4.950541 v _508_/S (sky130_fd_sc_hd__mux2_1)
     1    0.002830    0.110655    0.882147    5.832688 v _508_/X (sky130_fd_sc_hd__mux2_1)
                                                         _121_ (net)
                      0.110655    0.000036    5.832724 v _683_/D (sky130_fd_sc_hd__dfxtp_1)
                                              5.832724   data arrival time

                                 10.000000   10.000000   clock wclk (rise edge)
                                  0.000000   10.000000   clock source latency
     1    0.020608    0.000000    0.000000   10.000000 ^ wclk (in)
                                                         wclk (net)
                      0.001924    0.000962   10.000962 ^ clkbuf_0_wclk/A (sky130_fd_sc_hd__clkbuf_16)
    16    0.113775    0.195548    0.300371   10.301333 ^ clkbuf_0_wclk/X (sky130_fd_sc_hd__clkbuf_16)
                                                         clknet_0_wclk (net)
                      0.195557    0.001556   10.302890 ^ clkbuf_4_15_0_wclk/A (sky130_fd_sc_hd__clkbuf_8)
     8    0.031805    0.110304    0.320395   10.623284 ^ clkbuf_4_15_0_wclk/X (sky130_fd_sc_hd__clkbuf_8)
                                                         clknet_4_15_0_wclk (net)
                      0.110304    0.000269   10.623554 ^ _683_/CLK (sky130_fd_sc_hd__dfxtp_1)
                                  0.000000   10.623554   clock reconvergence pessimism
                                 -0.275011   10.348543   library setup time
                                             10.348543   data required time
---------------------------------------------------------------------------------------------
                                             10.348543   data required time
                                             -5.832724   data arrival time
---------------------------------------------------------------------------------------------
                                              4.515819   slack (MET)


Startpoint: _554_ (rising edge-triggered flip-flop clocked by wclk)
Endpoint: _686_ (rising edge-triggered flip-flop clocked by wclk)
Path Group: wclk
Path Type: max

Fanout         Cap        Slew       Delay        Time   Description
---------------------------------------------------------------------------------------------
                                  0.000000    0.000000   clock wclk (rise edge)
                                  0.000000    0.000000   clock source latency
     1    0.020608    0.000000    0.000000    0.000000 ^ wclk (in)
                                                         wclk (net)
                      0.001924    0.000962    0.000962 ^ clkbuf_0_wclk/A (sky130_fd_sc_hd__clkbuf_16)
    16    0.113775    0.195548    0.300371    0.301333 ^ clkbuf_0_wclk/X (sky130_fd_sc_hd__clkbuf_16)
                                                         clknet_0_wclk (net)
                      0.195552    0.001238    0.302572 ^ clkbuf_4_13_0_wclk/A (sky130_fd_sc_hd__clkbuf_8)
    10    0.032418    0.111752    0.321547    0.624119 ^ clkbuf_4_13_0_wclk/X (sky130_fd_sc_hd__clkbuf_8)
                                                         clknet_4_13_0_wclk (net)
                      0.111752    0.000253    0.624371 ^ _554_/CLK (sky130_fd_sc_hd__dfrtp_1)
     2    0.009387    0.132598    0.816823    1.441195 v _554_/Q (sky130_fd_sc_hd__dfrtp_1)
                                                         r_ptr_gray_sync[4] (net)
                      0.132598    0.000076    1.441270 v _291_/A (sky130_fd_sc_hd__xor2_1)
     3    0.011715    0.455124    0.466101    1.907372 ^ _291_/X (sky130_fd_sc_hd__xor2_1)
                                                         _171_ (net)
                      0.455124    0.000106    1.907478 ^ _292_/B (sky130_fd_sc_hd__xnor2_1)
     3    0.010439    0.446557    0.413451    2.320929 ^ _292_/Y (sky130_fd_sc_hd__xnor2_1)
                                                         _172_ (net)
                      0.446557    0.000148    2.321077 ^ _293_/B (sky130_fd_sc_hd__xnor2_1)
     1    0.004499    0.249368    0.345187    2.666264 ^ _293_/Y (sky130_fd_sc_hd__xnor2_1)
                                                         _173_ (net)
                      0.249368    0.000059    2.666323 ^ _297_/S (sky130_fd_sc_hd__mux2_1)
     2    0.006878    0.148951    0.818909    3.485232 v _297_/X (sky130_fd_sc_hd__mux2_1)
                                                         _177_ (net)
                      0.148951    0.000065    3.485297 v _329_/A1 (sky130_fd_sc_hd__a21boi_2)
     3    0.017422    0.368662    0.415023    3.900321 ^ _329_/Y (sky130_fd_sc_hd__a21boi_2)
                                                         _198_ (net)
                      0.368662    0.000322    3.900643 ^ max_cap23/A (sky130_fd_sc_hd__buf_8)
    20    0.118091    0.301366    0.465706    4.366349 ^ max_cap23/X (sky130_fd_sc_hd__buf_8)
                                                         net23 (net)
                      0.301382    0.002484    4.368833 ^ _340_/C (sky130_fd_sc_hd__nand4_4)
    10    0.054894    0.544389    0.580188    4.949021 v _340_/Y (sky130_fd_sc_hd__nand4_4)
                                                         _204_ (net)
                      0.544402    0.002270    4.951291 v _511_/S (sky130_fd_sc_hd__mux2_1)
     1    0.002293    0.107939    0.872867    5.824157 v _511_/X (sky130_fd_sc_hd__mux2_1)
                                                         _124_ (net)
                      0.107939    0.000024    5.824182 v _686_/D (sky130_fd_sc_hd__dfxtp_1)
                                              5.824182   data arrival time

                                 10.000000   10.000000   clock wclk (rise edge)
                                  0.000000   10.000000   clock source latency
     1    0.020608    0.000000    0.000000   10.000000 ^ wclk (in)
                                                         wclk (net)
                      0.001924    0.000962   10.000962 ^ clkbuf_0_wclk/A (sky130_fd_sc_hd__clkbuf_16)
    16    0.113775    0.195548    0.300371   10.301333 ^ clkbuf_0_wclk/X (sky130_fd_sc_hd__clkbuf_16)
                                                         clknet_0_wclk (net)
                      0.195558    0.001616   10.302950 ^ clkbuf_4_9_0_wclk/A (sky130_fd_sc_hd__clkbuf_8)
     9    0.028597    0.104139    0.313218   10.616168 ^ clkbuf_4_9_0_wclk/X (sky130_fd_sc_hd__clkbuf_8)
                                                         clknet_4_9_0_wclk (net)
                      0.104139    0.000181   10.616349 ^ _686_/CLK (sky130_fd_sc_hd__dfxtp_1)
                                  0.000000   10.616349   clock reconvergence pessimism
                                 -0.275545   10.340804   library setup time
                                             10.340804   data required time
---------------------------------------------------------------------------------------------
                                             10.340804   data required time
                                             -5.824182   data arrival time
---------------------------------------------------------------------------------------------
                                              4.516623   slack (MET)


Startpoint: _554_ (rising edge-triggered flip-flop clocked by wclk)
Endpoint: _603_ (rising edge-triggered flip-flop clocked by wclk)
Path Group: wclk
Path Type: max

Fanout         Cap        Slew       Delay        Time   Description
---------------------------------------------------------------------------------------------
                                  0.000000    0.000000   clock wclk (rise edge)
                                  0.000000    0.000000   clock source latency
     1    0.020608    0.000000    0.000000    0.000000 ^ wclk (in)
                                                         wclk (net)
                      0.001924    0.000962    0.000962 ^ clkbuf_0_wclk/A (sky130_fd_sc_hd__clkbuf_16)
    16    0.113775    0.195548    0.300371    0.301333 ^ clkbuf_0_wclk/X (sky130_fd_sc_hd__clkbuf_16)
                                                         clknet_0_wclk (net)
                      0.195552    0.001238    0.302572 ^ clkbuf_4_13_0_wclk/A (sky130_fd_sc_hd__clkbuf_8)
    10    0.032418    0.111752    0.321547    0.624119 ^ clkbuf_4_13_0_wclk/X (sky130_fd_sc_hd__clkbuf_8)
                                                         clknet_4_13_0_wclk (net)
                      0.111752    0.000253    0.624371 ^ _554_/CLK (sky130_fd_sc_hd__dfrtp_1)
     2    0.009387    0.132598    0.816823    1.441195 v _554_/Q (sky130_fd_sc_hd__dfrtp_1)
                                                         r_ptr_gray_sync[4] (net)
                      0.132598    0.000076    1.441270 v _291_/A (sky130_fd_sc_hd__xor2_1)
     3    0.011715    0.455124    0.466101    1.907372 ^ _291_/X (sky130_fd_sc_hd__xor2_1)
                                                         _171_ (net)
                      0.455124    0.000106    1.907478 ^ _292_/B (sky130_fd_sc_hd__xnor2_1)
     3    0.010439    0.446557    0.413451    2.320929 ^ _292_/Y (sky130_fd_sc_hd__xnor2_1)
                                                         _172_ (net)
                      0.446557    0.000148    2.321077 ^ _293_/B (sky130_fd_sc_hd__xnor2_1)
     1    0.004499    0.249368    0.345187    2.666264 ^ _293_/Y (sky130_fd_sc_hd__xnor2_1)
                                                         _173_ (net)
                      0.249368    0.000059    2.666323 ^ _297_/S (sky130_fd_sc_hd__mux2_1)
     2    0.006878    0.148951    0.818909    3.485232 v _297_/X (sky130_fd_sc_hd__mux2_1)
                                                         _177_ (net)
                      0.148951    0.000065    3.485297 v _329_/A1 (sky130_fd_sc_hd__a21boi_2)
     3    0.017422    0.368662    0.415023    3.900321 ^ _329_/Y (sky130_fd_sc_hd__a21boi_2)
                                                         _198_ (net)
                      0.368662    0.000322    3.900643 ^ max_cap23/A (sky130_fd_sc_hd__buf_8)
    20    0.118091    0.301366    0.465706    4.366349 ^ max_cap23/X (sky130_fd_sc_hd__buf_8)
                                                         net23 (net)
                      0.301377    0.002157    4.368505 ^ _434_/C (sky130_fd_sc_hd__nand4_4)
     8    0.050980    0.515374    0.555994    4.924500 v _434_/Y (sky130_fd_sc_hd__nand4_4)
                                                         _242_ (net)
                      0.515541    0.001283    4.925784 v _438_/S (sky130_fd_sc_hd__mux2_1)
     1    0.003939    0.122574    0.889430    5.815213 v _438_/X (sky130_fd_sc_hd__mux2_1)
                                                         _059_ (net)
                      0.122574    0.000072    5.815285 v _603_/D (sky130_fd_sc_hd__dfxtp_1)
                                              5.815285   data arrival time

                                 10.000000   10.000000   clock wclk (rise edge)
                                  0.000000   10.000000   clock source latency
     1    0.020608    0.000000    0.000000   10.000000 ^ wclk (in)
                                                         wclk (net)
                      0.001924    0.000962   10.000962 ^ clkbuf_0_wclk/A (sky130_fd_sc_hd__clkbuf_16)
    16    0.113775    0.195548    0.300371   10.301333 ^ clkbuf_0_wclk/X (sky130_fd_sc_hd__clkbuf_16)
                                                         clknet_0_wclk (net)
                      0.195564    0.001923   10.303256 ^ clkbuf_4_3_0_wclk/A (sky130_fd_sc_hd__clkbuf_8)
    10    0.027727    0.102003    0.311228   10.614484 ^ clkbuf_4_3_0_wclk/X (sky130_fd_sc_hd__clkbuf_8)
                                                         clknet_4_3_0_wclk (net)
                      0.102003    0.000173   10.614657 ^ _603_/CLK (sky130_fd_sc_hd__dfxtp_1)
                                  0.000000   10.614657   clock reconvergence pessimism
                                 -0.282201   10.332456   library setup time
                                             10.332456   data required time
---------------------------------------------------------------------------------------------
                                             10.332456   data required time
                                             -5.815285   data arrival time
---------------------------------------------------------------------------------------------
                                              4.517171   slack (MET)


Startpoint: _554_ (rising edge-triggered flip-flop clocked by wclk)
Endpoint: _654_ (rising edge-triggered flip-flop clocked by wclk)
Path Group: wclk
Path Type: max

Fanout         Cap        Slew       Delay        Time   Description
---------------------------------------------------------------------------------------------
                                  0.000000    0.000000   clock wclk (rise edge)
                                  0.000000    0.000000   clock source latency
     1    0.020608    0.000000    0.000000    0.000000 ^ wclk (in)
                                                         wclk (net)
                      0.001924    0.000962    0.000962 ^ clkbuf_0_wclk/A (sky130_fd_sc_hd__clkbuf_16)
    16    0.113775    0.195548    0.300371    0.301333 ^ clkbuf_0_wclk/X (sky130_fd_sc_hd__clkbuf_16)
                                                         clknet_0_wclk (net)
                      0.195552    0.001238    0.302572 ^ clkbuf_4_13_0_wclk/A (sky130_fd_sc_hd__clkbuf_8)
    10    0.032418    0.111752    0.321547    0.624119 ^ clkbuf_4_13_0_wclk/X (sky130_fd_sc_hd__clkbuf_8)
                                                         clknet_4_13_0_wclk (net)
                      0.111752    0.000253    0.624371 ^ _554_/CLK (sky130_fd_sc_hd__dfrtp_1)
     2    0.009387    0.132598    0.816823    1.441195 v _554_/Q (sky130_fd_sc_hd__dfrtp_1)
                                                         r_ptr_gray_sync[4] (net)
                      0.132598    0.000076    1.441270 v _291_/A (sky130_fd_sc_hd__xor2_1)
     3    0.011715    0.455124    0.466101    1.907372 ^ _291_/X (sky130_fd_sc_hd__xor2_1)
                                                         _171_ (net)
                      0.455124    0.000106    1.907478 ^ _292_/B (sky130_fd_sc_hd__xnor2_1)
     3    0.010439    0.446557    0.413451    2.320929 ^ _292_/Y (sky130_fd_sc_hd__xnor2_1)
                                                         _172_ (net)
                      0.446557    0.000148    2.321077 ^ _293_/B (sky130_fd_sc_hd__xnor2_1)
     1    0.004499    0.249368    0.345187    2.666264 ^ _293_/Y (sky130_fd_sc_hd__xnor2_1)
                                                         _173_ (net)
                      0.249368    0.000059    2.666323 ^ _297_/S (sky130_fd_sc_hd__mux2_1)
     2    0.006878    0.148951    0.818909    3.485232 v _297_/X (sky130_fd_sc_hd__mux2_1)
                                                         _177_ (net)
                      0.148951    0.000065    3.485297 v _329_/A1 (sky130_fd_sc_hd__a21boi_2)
     3    0.017422    0.368662    0.415023    3.900321 ^ _329_/Y (sky130_fd_sc_hd__a21boi_2)
                                                         _198_ (net)
                      0.368662    0.000322    3.900643 ^ max_cap23/A (sky130_fd_sc_hd__buf_8)
    20    0.118091    0.301366    0.465706    4.366349 ^ max_cap23/X (sky130_fd_sc_hd__buf_8)
                                                         net23 (net)
                      0.301378    0.002265    4.368614 ^ _480_/C (sky130_fd_sc_hd__nand4_4)
     8    0.054737    0.543198    0.579702    4.948316 v _480_/Y (sky130_fd_sc_hd__nand4_4)
                                                         _248_ (net)
                      0.543371    0.001735    4.950051 v _486_/S (sky130_fd_sc_hd__mux2_1)
     1    0.002999    0.112350    0.884666    5.834716 v _486_/X (sky130_fd_sc_hd__mux2_1)
                                                         _101_ (net)
                      0.112350    0.000040    5.834756 v _654_/D (sky130_fd_sc_hd__dfxtp_1)
                                              5.834756   data arrival time

                                 10.000000   10.000000   clock wclk (rise edge)
                                  0.000000   10.000000   clock source latency
     1    0.020608    0.000000    0.000000   10.000000 ^ wclk (in)
                                                         wclk (net)
                      0.001924    0.000962   10.000962 ^ clkbuf_0_wclk/A (sky130_fd_sc_hd__clkbuf_16)
    16    0.113775    0.195548    0.300371   10.301333 ^ clkbuf_0_wclk/X (sky130_fd_sc_hd__clkbuf_16)
                                                         clknet_0_wclk (net)
                      0.195572    0.002235   10.303568 ^ clkbuf_4_1_0_wclk/A (sky130_fd_sc_hd__clkbuf_8)
    11    0.033575    0.114491    0.323738   10.627306 ^ clkbuf_4_1_0_wclk/X (sky130_fd_sc_hd__clkbuf_8)
                                                         clknet_4_1_0_wclk (net)
                      0.114491    0.000249   10.627555 ^ _654_/CLK (sky130_fd_sc_hd__dfxtp_1)
                                  0.000000   10.627555   clock reconvergence pessimism
                                 -0.274586   10.352968   library setup time
                                             10.352968   data required time
---------------------------------------------------------------------------------------------
                                             10.352968   data required time
                                             -5.834756   data arrival time
---------------------------------------------------------------------------------------------
                                              4.518212   slack (MET)


Startpoint: _554_ (rising edge-triggered flip-flop clocked by wclk)
Endpoint: _652_ (rising edge-triggered flip-flop clocked by wclk)
Path Group: wclk
Path Type: max

Fanout         Cap        Slew       Delay        Time   Description
---------------------------------------------------------------------------------------------
                                  0.000000    0.000000   clock wclk (rise edge)
                                  0.000000    0.000000   clock source latency
     1    0.020608    0.000000    0.000000    0.000000 ^ wclk (in)
                                                         wclk (net)
                      0.001924    0.000962    0.000962 ^ clkbuf_0_wclk/A (sky130_fd_sc_hd__clkbuf_16)
    16    0.113775    0.195548    0.300371    0.301333 ^ clkbuf_0_wclk/X (sky130_fd_sc_hd__clkbuf_16)
                                                         clknet_0_wclk (net)
                      0.195552    0.001238    0.302572 ^ clkbuf_4_13_0_wclk/A (sky130_fd_sc_hd__clkbuf_8)
    10    0.032418    0.111752    0.321547    0.624119 ^ clkbuf_4_13_0_wclk/X (sky130_fd_sc_hd__clkbuf_8)
                                                         clknet_4_13_0_wclk (net)
                      0.111752    0.000253    0.624371 ^ _554_/CLK (sky130_fd_sc_hd__dfrtp_1)
     2    0.009387    0.132598    0.816823    1.441195 v _554_/Q (sky130_fd_sc_hd__dfrtp_1)
                                                         r_ptr_gray_sync[4] (net)
                      0.132598    0.000076    1.441270 v _291_/A (sky130_fd_sc_hd__xor2_1)
     3    0.011715    0.455124    0.466101    1.907372 ^ _291_/X (sky130_fd_sc_hd__xor2_1)
                                                         _171_ (net)
                      0.455124    0.000106    1.907478 ^ _292_/B (sky130_fd_sc_hd__xnor2_1)
     3    0.010439    0.446557    0.413451    2.320929 ^ _292_/Y (sky130_fd_sc_hd__xnor2_1)
                                                         _172_ (net)
                      0.446557    0.000148    2.321077 ^ _293_/B (sky130_fd_sc_hd__xnor2_1)
     1    0.004499    0.249368    0.345187    2.666264 ^ _293_/Y (sky130_fd_sc_hd__xnor2_1)
                                                         _173_ (net)
                      0.249368    0.000059    2.666323 ^ _297_/S (sky130_fd_sc_hd__mux2_1)
     2    0.006878    0.148951    0.818909    3.485232 v _297_/X (sky130_fd_sc_hd__mux2_1)
                                                         _177_ (net)
                      0.148951    0.000065    3.485297 v _329_/A1 (sky130_fd_sc_hd__a21boi_2)
     3    0.017422    0.368662    0.415023    3.900321 ^ _329_/Y (sky130_fd_sc_hd__a21boi_2)
                                                         _198_ (net)
                      0.368662    0.000322    3.900643 ^ max_cap23/A (sky130_fd_sc_hd__buf_8)
    20    0.118091    0.301366    0.465706    4.366349 ^ max_cap23/X (sky130_fd_sc_hd__buf_8)
                                                         net23 (net)
                      0.301378    0.002265    4.368614 ^ _480_/C (sky130_fd_sc_hd__nand4_4)
     8    0.054737    0.543198    0.579702    4.948316 v _480_/Y (sky130_fd_sc_hd__nand4_4)
                                                         _248_ (net)
                      0.543365    0.000774    4.949089 v _484_/S (sky130_fd_sc_hd__mux2_1)
     1    0.002128    0.105924    0.869579    5.818668 v _484_/X (sky130_fd_sc_hd__mux2_1)
                                                         _099_ (net)
                      0.105924    0.000021    5.818689 v _652_/D (sky130_fd_sc_hd__dfxtp_1)
                                              5.818689   data arrival time

                                 10.000000   10.000000   clock wclk (rise edge)
                                  0.000000   10.000000   clock source latency
     1    0.020608    0.000000    0.000000   10.000000 ^ wclk (in)
                                                         wclk (net)
                      0.001924    0.000962   10.000962 ^ clkbuf_0_wclk/A (sky130_fd_sc_hd__clkbuf_16)
    16    0.113775    0.195548    0.300371   10.301333 ^ clkbuf_0_wclk/X (sky130_fd_sc_hd__clkbuf_16)
                                                         clknet_0_wclk (net)
                      0.195564    0.001923   10.303256 ^ clkbuf_4_3_0_wclk/A (sky130_fd_sc_hd__clkbuf_8)
    10    0.027727    0.102003    0.311228   10.614484 ^ clkbuf_4_3_0_wclk/X (sky130_fd_sc_hd__clkbuf_8)
                                                         clknet_4_3_0_wclk (net)
                      0.102003    0.000155   10.614638 ^ _652_/CLK (sky130_fd_sc_hd__dfxtp_1)
                                  0.000000   10.614638   clock reconvergence pessimism
                                 -0.275284   10.339355   library setup time
                                             10.339355   data required time
---------------------------------------------------------------------------------------------
                                             10.339355   data required time
                                             -5.818689   data arrival time
---------------------------------------------------------------------------------------------
                                              4.520666   slack (MET)


Startpoint: _554_ (rising edge-triggered flip-flop clocked by wclk)
Endpoint: _688_ (rising edge-triggered flip-flop clocked by wclk)
Path Group: wclk
Path Type: max

Fanout         Cap        Slew       Delay        Time   Description
---------------------------------------------------------------------------------------------
                                  0.000000    0.000000   clock wclk (rise edge)
                                  0.000000    0.000000   clock source latency
     1    0.020608    0.000000    0.000000    0.000000 ^ wclk (in)
                                                         wclk (net)
                      0.001924    0.000962    0.000962 ^ clkbuf_0_wclk/A (sky130_fd_sc_hd__clkbuf_16)
    16    0.113775    0.195548    0.300371    0.301333 ^ clkbuf_0_wclk/X (sky130_fd_sc_hd__clkbuf_16)
                                                         clknet_0_wclk (net)
                      0.195552    0.001238    0.302572 ^ clkbuf_4_13_0_wclk/A (sky130_fd_sc_hd__clkbuf_8)
    10    0.032418    0.111752    0.321547    0.624119 ^ clkbuf_4_13_0_wclk/X (sky130_fd_sc_hd__clkbuf_8)
                                                         clknet_4_13_0_wclk (net)
                      0.111752    0.000253    0.624371 ^ _554_/CLK (sky130_fd_sc_hd__dfrtp_1)
     2    0.009387    0.132598    0.816823    1.441195 v _554_/Q (sky130_fd_sc_hd__dfrtp_1)
                                                         r_ptr_gray_sync[4] (net)
                      0.132598    0.000076    1.441270 v _291_/A (sky130_fd_sc_hd__xor2_1)
     3    0.011715    0.455124    0.466101    1.907372 ^ _291_/X (sky130_fd_sc_hd__xor2_1)
                                                         _171_ (net)
                      0.455124    0.000106    1.907478 ^ _292_/B (sky130_fd_sc_hd__xnor2_1)
     3    0.010439    0.446557    0.413451    2.320929 ^ _292_/Y (sky130_fd_sc_hd__xnor2_1)
                                                         _172_ (net)
                      0.446557    0.000148    2.321077 ^ _293_/B (sky130_fd_sc_hd__xnor2_1)
     1    0.004499    0.249368    0.345187    2.666264 ^ _293_/Y (sky130_fd_sc_hd__xnor2_1)
                                                         _173_ (net)
                      0.249368    0.000059    2.666323 ^ _297_/S (sky130_fd_sc_hd__mux2_1)
     2    0.006878    0.148951    0.818909    3.485232 v _297_/X (sky130_fd_sc_hd__mux2_1)
                                                         _177_ (net)
                      0.148951    0.000065    3.485297 v _329_/A1 (sky130_fd_sc_hd__a21boi_2)
     3    0.017422    0.368662    0.415023    3.900321 ^ _329_/Y (sky130_fd_sc_hd__a21boi_2)
                                                         _198_ (net)
                      0.368662    0.000322    3.900643 ^ max_cap23/A (sky130_fd_sc_hd__buf_8)
    20    0.118091    0.301366    0.465706    4.366349 ^ max_cap23/X (sky130_fd_sc_hd__buf_8)
                                                         net23 (net)
                      0.301382    0.002484    4.368833 ^ _340_/C (sky130_fd_sc_hd__nand4_4)
    10    0.054894    0.544389    0.580188    4.949021 v _340_/Y (sky130_fd_sc_hd__nand4_4)
                                                         _204_ (net)
                      0.544410    0.002800    4.951821 v _513_/S (sky130_fd_sc_hd__mux2_1)
     1    0.002512    0.110384    0.876660    5.828481 v _513_/X (sky130_fd_sc_hd__mux2_1)
                                                         _126_ (net)
                      0.110384    0.000027    5.828507 v _688_/D (sky130_fd_sc_hd__dfxtp_1)
                                              5.828507   data arrival time

                                 10.000000   10.000000   clock wclk (rise edge)
                                  0.000000   10.000000   clock source latency
     1    0.020608    0.000000    0.000000   10.000000 ^ wclk (in)
                                                         wclk (net)
                      0.001924    0.000962   10.000962 ^ clkbuf_0_wclk/A (sky130_fd_sc_hd__clkbuf_16)
    16    0.113775    0.195548    0.300371   10.301333 ^ clkbuf_0_wclk/X (sky130_fd_sc_hd__clkbuf_16)
                                                         clknet_0_wclk (net)
                      0.195563    0.001899   10.303232 ^ clkbuf_4_10_0_wclk/A (sky130_fd_sc_hd__clkbuf_8)
    12    0.031985    0.110731    0.320682   10.623915 ^ clkbuf_4_10_0_wclk/X (sky130_fd_sc_hd__clkbuf_8)
                                                         clknet_4_10_0_wclk (net)
                      0.110731    0.000155   10.624070 ^ _688_/CLK (sky130_fd_sc_hd__dfxtp_1)
                                  0.000000   10.624070   clock reconvergence pessimism
                                 -0.274783   10.349287   library setup time
                                             10.349287   data required time
---------------------------------------------------------------------------------------------
                                             10.349287   data required time
                                             -5.828507   data arrival time
---------------------------------------------------------------------------------------------
                                              4.520780   slack (MET)


Startpoint: _554_ (rising edge-triggered flip-flop clocked by wclk)
Endpoint: _687_ (rising edge-triggered flip-flop clocked by wclk)
Path Group: wclk
Path Type: max

Fanout         Cap        Slew       Delay        Time   Description
---------------------------------------------------------------------------------------------
                                  0.000000    0.000000   clock wclk (rise edge)
                                  0.000000    0.000000   clock source latency
     1    0.020608    0.000000    0.000000    0.000000 ^ wclk (in)
                                                         wclk (net)
                      0.001924    0.000962    0.000962 ^ clkbuf_0_wclk/A (sky130_fd_sc_hd__clkbuf_16)
    16    0.113775    0.195548    0.300371    0.301333 ^ clkbuf_0_wclk/X (sky130_fd_sc_hd__clkbuf_16)
                                                         clknet_0_wclk (net)
                      0.195552    0.001238    0.302572 ^ clkbuf_4_13_0_wclk/A (sky130_fd_sc_hd__clkbuf_8)
    10    0.032418    0.111752    0.321547    0.624119 ^ clkbuf_4_13_0_wclk/X (sky130_fd_sc_hd__clkbuf_8)
                                                         clknet_4_13_0_wclk (net)
                      0.111752    0.000253    0.624371 ^ _554_/CLK (sky130_fd_sc_hd__dfrtp_1)
     2    0.009387    0.132598    0.816823    1.441195 v _554_/Q (sky130_fd_sc_hd__dfrtp_1)
                                                         r_ptr_gray_sync[4] (net)
                      0.132598    0.000076    1.441270 v _291_/A (sky130_fd_sc_hd__xor2_1)
     3    0.011715    0.455124    0.466101    1.907372 ^ _291_/X (sky130_fd_sc_hd__xor2_1)
                                                         _171_ (net)
                      0.455124    0.000106    1.907478 ^ _292_/B (sky130_fd_sc_hd__xnor2_1)
     3    0.010439    0.446557    0.413451    2.320929 ^ _292_/Y (sky130_fd_sc_hd__xnor2_1)
                                                         _172_ (net)
                      0.446557    0.000148    2.321077 ^ _293_/B (sky130_fd_sc_hd__xnor2_1)
     1    0.004499    0.249368    0.345187    2.666264 ^ _293_/Y (sky130_fd_sc_hd__xnor2_1)
                                                         _173_ (net)
                      0.249368    0.000059    2.666323 ^ _297_/S (sky130_fd_sc_hd__mux2_1)
     2    0.006878    0.148951    0.818909    3.485232 v _297_/X (sky130_fd_sc_hd__mux2_1)
                                                         _177_ (net)
                      0.148951    0.000065    3.485297 v _329_/A1 (sky130_fd_sc_hd__a21boi_2)
     3    0.017422    0.368662    0.415023    3.900321 ^ _329_/Y (sky130_fd_sc_hd__a21boi_2)
                                                         _198_ (net)
                      0.368662    0.000322    3.900643 ^ max_cap23/A (sky130_fd_sc_hd__buf_8)
    20    0.118091    0.301366    0.465706    4.366349 ^ max_cap23/X (sky130_fd_sc_hd__buf_8)
                                                         net23 (net)
                      0.301382    0.002484    4.368833 ^ _340_/C (sky130_fd_sc_hd__nand4_4)
    10    0.054894    0.544389    0.580188    4.949021 v _340_/Y (sky130_fd_sc_hd__nand4_4)
                                                         _204_ (net)
                      0.544406    0.002569    4.951590 v _512_/S (sky130_fd_sc_hd__mux2_1)
     1    0.002073    0.105466    0.869064    5.820654 v _512_/X (sky130_fd_sc_hd__mux2_1)
                                                         _125_ (net)
                      0.105466    0.000018    5.820673 v _687_/D (sky130_fd_sc_hd__dfxtp_1)
                                              5.820673   data arrival time

                                 10.000000   10.000000   clock wclk (rise edge)
                                  0.000000   10.000000   clock source latency
     1    0.020608    0.000000    0.000000   10.000000 ^ wclk (in)
                                                         wclk (net)
                      0.001924    0.000962   10.000962 ^ clkbuf_0_wclk/A (sky130_fd_sc_hd__clkbuf_16)
    16    0.113775    0.195548    0.300371   10.301333 ^ clkbuf_0_wclk/X (sky130_fd_sc_hd__clkbuf_16)
                                                         clknet_0_wclk (net)
                      0.195558    0.001616   10.302950 ^ clkbuf_4_9_0_wclk/A (sky130_fd_sc_hd__clkbuf_8)
     9    0.028597    0.104139    0.313218   10.616168 ^ clkbuf_4_9_0_wclk/X (sky130_fd_sc_hd__clkbuf_8)
                                                         clknet_4_9_0_wclk (net)
                      0.104139    0.000181   10.616349 ^ _687_/CLK (sky130_fd_sc_hd__dfxtp_1)
                                  0.000000   10.616349   clock reconvergence pessimism
                                 -0.274517   10.341831   library setup time
                                             10.341831   data required time
---------------------------------------------------------------------------------------------
                                             10.341831   data required time
                                             -5.820673   data arrival time
---------------------------------------------------------------------------------------------
                                              4.521159   slack (MET)


Startpoint: _554_ (rising edge-triggered flip-flop clocked by wclk)
Endpoint: _649_ (rising edge-triggered flip-flop clocked by wclk)
Path Group: wclk
Path Type: max

Fanout         Cap        Slew       Delay        Time   Description
---------------------------------------------------------------------------------------------
                                  0.000000    0.000000   clock wclk (rise edge)
                                  0.000000    0.000000   clock source latency
     1    0.020608    0.000000    0.000000    0.000000 ^ wclk (in)
                                                         wclk (net)
                      0.001924    0.000962    0.000962 ^ clkbuf_0_wclk/A (sky130_fd_sc_hd__clkbuf_16)
    16    0.113775    0.195548    0.300371    0.301333 ^ clkbuf_0_wclk/X (sky130_fd_sc_hd__clkbuf_16)
                                                         clknet_0_wclk (net)
                      0.195552    0.001238    0.302572 ^ clkbuf_4_13_0_wclk/A (sky130_fd_sc_hd__clkbuf_8)
    10    0.032418    0.111752    0.321547    0.624119 ^ clkbuf_4_13_0_wclk/X (sky130_fd_sc_hd__clkbuf_8)
                                                         clknet_4_13_0_wclk (net)
                      0.111752    0.000253    0.624371 ^ _554_/CLK (sky130_fd_sc_hd__dfrtp_1)
     2    0.009387    0.132598    0.816823    1.441195 v _554_/Q (sky130_fd_sc_hd__dfrtp_1)
                                                         r_ptr_gray_sync[4] (net)
                      0.132598    0.000076    1.441270 v _291_/A (sky130_fd_sc_hd__xor2_1)
     3    0.011715    0.455124    0.466101    1.907372 ^ _291_/X (sky130_fd_sc_hd__xor2_1)
                                                         _171_ (net)
                      0.455124    0.000106    1.907478 ^ _292_/B (sky130_fd_sc_hd__xnor2_1)
     3    0.010439    0.446557    0.413451    2.320929 ^ _292_/Y (sky130_fd_sc_hd__xnor2_1)
                                                         _172_ (net)
                      0.446557    0.000148    2.321077 ^ _293_/B (sky130_fd_sc_hd__xnor2_1)
     1    0.004499    0.249368    0.345187    2.666264 ^ _293_/Y (sky130_fd_sc_hd__xnor2_1)
                                                         _173_ (net)
                      0.249368    0.000059    2.666323 ^ _297_/S (sky130_fd_sc_hd__mux2_1)
     2    0.006878    0.148951    0.818909    3.485232 v _297_/X (sky130_fd_sc_hd__mux2_1)
                                                         _177_ (net)
                      0.148951    0.000065    3.485297 v _329_/A1 (sky130_fd_sc_hd__a21boi_2)
     3    0.017422    0.368662    0.415023    3.900321 ^ _329_/Y (sky130_fd_sc_hd__a21boi_2)
                                                         _198_ (net)
                      0.368662    0.000322    3.900643 ^ max_cap23/A (sky130_fd_sc_hd__buf_8)
    20    0.118091    0.301366    0.465706    4.366349 ^ max_cap23/X (sky130_fd_sc_hd__buf_8)
                                                         net23 (net)
                      0.301378    0.002265    4.368614 ^ _480_/C (sky130_fd_sc_hd__nand4_4)
     8    0.054737    0.543198    0.579702    4.948316 v _480_/Y (sky130_fd_sc_hd__nand4_4)
                                                         _248_ (net)
                      0.543369    0.001417    4.949733 v _481_/S (sky130_fd_sc_hd__mux2_1)
     1    0.002346    0.108525    0.873356    5.823088 v _481_/X (sky130_fd_sc_hd__mux2_1)
                                                         _096_ (net)
                      0.108525    0.000024    5.823112 v _649_/D (sky130_fd_sc_hd__dfxtp_1)
                                              5.823112   data arrival time

                                 10.000000   10.000000   clock wclk (rise edge)
                                  0.000000   10.000000   clock source latency
     1    0.020608    0.000000    0.000000   10.000000 ^ wclk (in)
                                                         wclk (net)
                      0.001924    0.000962   10.000962 ^ clkbuf_0_wclk/A (sky130_fd_sc_hd__clkbuf_16)
    16    0.113775    0.195548    0.300371   10.301333 ^ clkbuf_0_wclk/X (sky130_fd_sc_hd__clkbuf_16)
                                                         clknet_0_wclk (net)
                      0.195553    0.001307   10.302640 ^ clkbuf_4_5_0_wclk/A (sky130_fd_sc_hd__clkbuf_8)
     8    0.031001    0.109029    0.318688   10.621328 ^ clkbuf_4_5_0_wclk/X (sky130_fd_sc_hd__clkbuf_8)
                                                         clknet_4_5_0_wclk (net)
                      0.109029    0.000310   10.621638 ^ _649_/CLK (sky130_fd_sc_hd__dfxtp_1)
                                  0.000000   10.621638   clock reconvergence pessimism
                                 -0.274470   10.347168   library setup time
                                             10.347168   data required time
---------------------------------------------------------------------------------------------
                                             10.347168   data required time
                                             -5.823112   data arrival time
---------------------------------------------------------------------------------------------
                                              4.524055   slack (MET)


Startpoint: _554_ (rising edge-triggered flip-flop clocked by wclk)
Endpoint: _651_ (rising edge-triggered flip-flop clocked by wclk)
Path Group: wclk
Path Type: max

Fanout         Cap        Slew       Delay        Time   Description
---------------------------------------------------------------------------------------------
                                  0.000000    0.000000   clock wclk (rise edge)
                                  0.000000    0.000000   clock source latency
     1    0.020608    0.000000    0.000000    0.000000 ^ wclk (in)
                                                         wclk (net)
                      0.001924    0.000962    0.000962 ^ clkbuf_0_wclk/A (sky130_fd_sc_hd__clkbuf_16)
    16    0.113775    0.195548    0.300371    0.301333 ^ clkbuf_0_wclk/X (sky130_fd_sc_hd__clkbuf_16)
                                                         clknet_0_wclk (net)
                      0.195552    0.001238    0.302572 ^ clkbuf_4_13_0_wclk/A (sky130_fd_sc_hd__clkbuf_8)
    10    0.032418    0.111752    0.321547    0.624119 ^ clkbuf_4_13_0_wclk/X (sky130_fd_sc_hd__clkbuf_8)
                                                         clknet_4_13_0_wclk (net)
                      0.111752    0.000253    0.624371 ^ _554_/CLK (sky130_fd_sc_hd__dfrtp_1)
     2    0.009387    0.132598    0.816823    1.441195 v _554_/Q (sky130_fd_sc_hd__dfrtp_1)
                                                         r_ptr_gray_sync[4] (net)
                      0.132598    0.000076    1.441270 v _291_/A (sky130_fd_sc_hd__xor2_1)
     3    0.011715    0.455124    0.466101    1.907372 ^ _291_/X (sky130_fd_sc_hd__xor2_1)
                                                         _171_ (net)
                      0.455124    0.000106    1.907478 ^ _292_/B (sky130_fd_sc_hd__xnor2_1)
     3    0.010439    0.446557    0.413451    2.320929 ^ _292_/Y (sky130_fd_sc_hd__xnor2_1)
                                                         _172_ (net)
                      0.446557    0.000148    2.321077 ^ _293_/B (sky130_fd_sc_hd__xnor2_1)
     1    0.004499    0.249368    0.345187    2.666264 ^ _293_/Y (sky130_fd_sc_hd__xnor2_1)
                                                         _173_ (net)
                      0.249368    0.000059    2.666323 ^ _297_/S (sky130_fd_sc_hd__mux2_1)
     2    0.006878    0.148951    0.818909    3.485232 v _297_/X (sky130_fd_sc_hd__mux2_1)
                                                         _177_ (net)
                      0.148951    0.000065    3.485297 v _329_/A1 (sky130_fd_sc_hd__a21boi_2)
     3    0.017422    0.368662    0.415023    3.900321 ^ _329_/Y (sky130_fd_sc_hd__a21boi_2)
                                                         _198_ (net)
                      0.368662    0.000322    3.900643 ^ max_cap23/A (sky130_fd_sc_hd__buf_8)
    20    0.118091    0.301366    0.465706    4.366349 ^ max_cap23/X (sky130_fd_sc_hd__buf_8)
                                                         net23 (net)
                      0.301378    0.002265    4.368614 ^ _480_/C (sky130_fd_sc_hd__nand4_4)
     8    0.054737    0.543198    0.579702    4.948316 v _480_/Y (sky130_fd_sc_hd__nand4_4)
                                                         _248_ (net)
                      0.543374    0.002026    4.950342 v _483_/S (sky130_fd_sc_hd__mux2_1)
     1    0.002535    0.110626    0.876638    5.826980 v _483_/X (sky130_fd_sc_hd__mux2_1)
                                                         _098_ (net)
                      0.110626    0.000028    5.827008 v _651_/D (sky130_fd_sc_hd__dfxtp_1)
                                              5.827008   data arrival time

                                 10.000000   10.000000   clock wclk (rise edge)
                                  0.000000   10.000000   clock source latency
     1    0.020608    0.000000    0.000000   10.000000 ^ wclk (in)
                                                         wclk (net)
                      0.001924    0.000962   10.000962 ^ clkbuf_0_wclk/A (sky130_fd_sc_hd__clkbuf_16)
    16    0.113775    0.195548    0.300371   10.301333 ^ clkbuf_0_wclk/X (sky130_fd_sc_hd__clkbuf_16)
                                                         clknet_0_wclk (net)
                      0.195571    0.002210   10.303543 ^ clkbuf_4_0_0_wclk/A (sky130_fd_sc_hd__clkbuf_8)
    12    0.032566    0.112105    0.321778   10.625321 ^ clkbuf_4_0_0_wclk/X (sky130_fd_sc_hd__clkbuf_8)
                                                         clknet_4_0_0_wclk (net)
                      0.112106    0.000523   10.625845 ^ _651_/CLK (sky130_fd_sc_hd__dfxtp_1)
                                  0.000000   10.625845   clock reconvergence pessimism
                                 -0.274513   10.351331   library setup time
                                             10.351331   data required time
---------------------------------------------------------------------------------------------
                                             10.351331   data required time
                                             -5.827008   data arrival time
---------------------------------------------------------------------------------------------
                                              4.524323   slack (MET)


Startpoint: _554_ (rising edge-triggered flip-flop clocked by wclk)
Endpoint: _682_ (rising edge-triggered flip-flop clocked by wclk)
Path Group: wclk
Path Type: max

Fanout         Cap        Slew       Delay        Time   Description
---------------------------------------------------------------------------------------------
                                  0.000000    0.000000   clock wclk (rise edge)
                                  0.000000    0.000000   clock source latency
     1    0.020608    0.000000    0.000000    0.000000 ^ wclk (in)
                                                         wclk (net)
                      0.001924    0.000962    0.000962 ^ clkbuf_0_wclk/A (sky130_fd_sc_hd__clkbuf_16)
    16    0.113775    0.195548    0.300371    0.301333 ^ clkbuf_0_wclk/X (sky130_fd_sc_hd__clkbuf_16)
                                                         clknet_0_wclk (net)
                      0.195552    0.001238    0.302572 ^ clkbuf_4_13_0_wclk/A (sky130_fd_sc_hd__clkbuf_8)
    10    0.032418    0.111752    0.321547    0.624119 ^ clkbuf_4_13_0_wclk/X (sky130_fd_sc_hd__clkbuf_8)
                                                         clknet_4_13_0_wclk (net)
                      0.111752    0.000253    0.624371 ^ _554_/CLK (sky130_fd_sc_hd__dfrtp_1)
     2    0.009387    0.132598    0.816823    1.441195 v _554_/Q (sky130_fd_sc_hd__dfrtp_1)
                                                         r_ptr_gray_sync[4] (net)
                      0.132598    0.000076    1.441270 v _291_/A (sky130_fd_sc_hd__xor2_1)
     3    0.011715    0.455124    0.466101    1.907372 ^ _291_/X (sky130_fd_sc_hd__xor2_1)
                                                         _171_ (net)
                      0.455124    0.000106    1.907478 ^ _292_/B (sky130_fd_sc_hd__xnor2_1)
     3    0.010439    0.446557    0.413451    2.320929 ^ _292_/Y (sky130_fd_sc_hd__xnor2_1)
                                                         _172_ (net)
                      0.446557    0.000148    2.321077 ^ _293_/B (sky130_fd_sc_hd__xnor2_1)
     1    0.004499    0.249368    0.345187    2.666264 ^ _293_/Y (sky130_fd_sc_hd__xnor2_1)
                                                         _173_ (net)
                      0.249368    0.000059    2.666323 ^ _297_/S (sky130_fd_sc_hd__mux2_1)
     2    0.006878    0.148951    0.818909    3.485232 v _297_/X (sky130_fd_sc_hd__mux2_1)
                                                         _177_ (net)
                      0.148951    0.000065    3.485297 v _329_/A1 (sky130_fd_sc_hd__a21boi_2)
     3    0.017422    0.368662    0.415023    3.900321 ^ _329_/Y (sky130_fd_sc_hd__a21boi_2)
                                                         _198_ (net)
                      0.368662    0.000322    3.900643 ^ max_cap23/A (sky130_fd_sc_hd__buf_8)
    20    0.118091    0.301366    0.465706    4.366349 ^ max_cap23/X (sky130_fd_sc_hd__buf_8)
                                                         net23 (net)
                      0.301382    0.002484    4.368833 ^ _340_/C (sky130_fd_sc_hd__nand4_4)
    10    0.054894    0.544389    0.580188    4.949021 v _340_/Y (sky130_fd_sc_hd__nand4_4)
                                                         _204_ (net)
                      0.544396    0.001610    4.950631 v _507_/S (sky130_fd_sc_hd__mux2_1)
     1    0.002285    0.107829    0.872736    5.823367 v _507_/X (sky130_fd_sc_hd__mux2_1)
                                                         _120_ (net)
                      0.107829    0.000024    5.823391 v _682_/D (sky130_fd_sc_hd__dfxtp_1)
                                              5.823391   data arrival time

                                 10.000000   10.000000   clock wclk (rise edge)
                                  0.000000   10.000000   clock source latency
     1    0.020608    0.000000    0.000000   10.000000 ^ wclk (in)
                                                         wclk (net)
                      0.001924    0.000962   10.000962 ^ clkbuf_0_wclk/A (sky130_fd_sc_hd__clkbuf_16)
    16    0.113775    0.195548    0.300371   10.301333 ^ clkbuf_0_wclk/X (sky130_fd_sc_hd__clkbuf_16)
                                                         clknet_0_wclk (net)
                      0.195558    0.001626   10.302959 ^ clkbuf_4_14_0_wclk/A (sky130_fd_sc_hd__clkbuf_8)
     9    0.031016    0.109068    0.318644   10.621603 ^ clkbuf_4_14_0_wclk/X (sky130_fd_sc_hd__clkbuf_8)
                                                         clknet_4_14_0_wclk (net)
                      0.109068    0.000314   10.621918 ^ _682_/CLK (sky130_fd_sc_hd__dfxtp_1)
                                  0.000000   10.621918   clock reconvergence pessimism
                                 -0.274171   10.347747   library setup time
                                             10.347747   data required time
---------------------------------------------------------------------------------------------
                                             10.347747   data required time
                                             -5.823391   data arrival time
---------------------------------------------------------------------------------------------
                                              4.524356   slack (MET)


Startpoint: _554_ (rising edge-triggered flip-flop clocked by wclk)
Endpoint: _689_ (rising edge-triggered flip-flop clocked by wclk)
Path Group: wclk
Path Type: max

Fanout         Cap        Slew       Delay        Time   Description
---------------------------------------------------------------------------------------------
                                  0.000000    0.000000   clock wclk (rise edge)
                                  0.000000    0.000000   clock source latency
     1    0.020608    0.000000    0.000000    0.000000 ^ wclk (in)
                                                         wclk (net)
                      0.001924    0.000962    0.000962 ^ clkbuf_0_wclk/A (sky130_fd_sc_hd__clkbuf_16)
    16    0.113775    0.195548    0.300371    0.301333 ^ clkbuf_0_wclk/X (sky130_fd_sc_hd__clkbuf_16)
                                                         clknet_0_wclk (net)
                      0.195552    0.001238    0.302572 ^ clkbuf_4_13_0_wclk/A (sky130_fd_sc_hd__clkbuf_8)
    10    0.032418    0.111752    0.321547    0.624119 ^ clkbuf_4_13_0_wclk/X (sky130_fd_sc_hd__clkbuf_8)
                                                         clknet_4_13_0_wclk (net)
                      0.111752    0.000253    0.624371 ^ _554_/CLK (sky130_fd_sc_hd__dfrtp_1)
     2    0.009387    0.132598    0.816823    1.441195 v _554_/Q (sky130_fd_sc_hd__dfrtp_1)
                                                         r_ptr_gray_sync[4] (net)
                      0.132598    0.000076    1.441270 v _291_/A (sky130_fd_sc_hd__xor2_1)
     3    0.011715    0.455124    0.466101    1.907372 ^ _291_/X (sky130_fd_sc_hd__xor2_1)
                                                         _171_ (net)
                      0.455124    0.000106    1.907478 ^ _292_/B (sky130_fd_sc_hd__xnor2_1)
     3    0.010439    0.446557    0.413451    2.320929 ^ _292_/Y (sky130_fd_sc_hd__xnor2_1)
                                                         _172_ (net)
                      0.446557    0.000148    2.321077 ^ _293_/B (sky130_fd_sc_hd__xnor2_1)
     1    0.004499    0.249368    0.345187    2.666264 ^ _293_/Y (sky130_fd_sc_hd__xnor2_1)
                                                         _173_ (net)
                      0.249368    0.000059    2.666323 ^ _297_/S (sky130_fd_sc_hd__mux2_1)
     2    0.006878    0.148951    0.818909    3.485232 v _297_/X (sky130_fd_sc_hd__mux2_1)
                                                         _177_ (net)
                      0.148951    0.000065    3.485297 v _329_/A1 (sky130_fd_sc_hd__a21boi_2)
     3    0.017422    0.368662    0.415023    3.900321 ^ _329_/Y (sky130_fd_sc_hd__a21boi_2)
                                                         _198_ (net)
                      0.368662    0.000322    3.900643 ^ max_cap23/A (sky130_fd_sc_hd__buf_8)
    20    0.118091    0.301366    0.465706    4.366349 ^ max_cap23/X (sky130_fd_sc_hd__buf_8)
                                                         net23 (net)
                      0.301382    0.002484    4.368833 ^ _340_/C (sky130_fd_sc_hd__nand4_4)
    10    0.054894    0.544389    0.580188    4.949021 v _340_/Y (sky130_fd_sc_hd__nand4_4)
                                                         _204_ (net)
                      0.544408    0.002660    4.951681 v _514_/S (sky130_fd_sc_hd__mux2_1)
     1    0.002269    0.107580    0.872459    5.824140 v _514_/X (sky130_fd_sc_hd__mux2_1)
                                                         _127_ (net)
                      0.107580    0.000023    5.824162 v _689_/D (sky130_fd_sc_hd__dfxtp_1)
                                              5.824162   data arrival time

                                 10.000000   10.000000   clock wclk (rise edge)
                                  0.000000   10.000000   clock source latency
     1    0.020608    0.000000    0.000000   10.000000 ^ wclk (in)
                                                         wclk (net)
                      0.001924    0.000962   10.000962 ^ clkbuf_0_wclk/A (sky130_fd_sc_hd__clkbuf_16)
    16    0.113775    0.195548    0.300371   10.301333 ^ clkbuf_0_wclk/X (sky130_fd_sc_hd__clkbuf_16)
                                                         clknet_0_wclk (net)
                      0.195559    0.001672   10.303006 ^ clkbuf_4_8_0_wclk/A (sky130_fd_sc_hd__clkbuf_8)
    13    0.032795    0.112646    0.322248   10.625254 ^ clkbuf_4_8_0_wclk/X (sky130_fd_sc_hd__clkbuf_8)
                                                         clknet_4_8_0_wclk (net)
                      0.112646    0.000211   10.625465 ^ _689_/CLK (sky130_fd_sc_hd__dfxtp_1)
                                  0.000000   10.625465   clock reconvergence pessimism
                                 -0.273102   10.352363   library setup time
                                             10.352363   data required time
---------------------------------------------------------------------------------------------
                                             10.352363   data required time
                                             -5.824162   data arrival time
---------------------------------------------------------------------------------------------
                                              4.528200   slack (MET)


Startpoint: _554_ (rising edge-triggered flip-flop clocked by wclk)
Endpoint: _653_ (rising edge-triggered flip-flop clocked by wclk)
Path Group: wclk
Path Type: max

Fanout         Cap        Slew       Delay        Time   Description
---------------------------------------------------------------------------------------------
                                  0.000000    0.000000   clock wclk (rise edge)
                                  0.000000    0.000000   clock source latency
     1    0.020608    0.000000    0.000000    0.000000 ^ wclk (in)
                                                         wclk (net)
                      0.001924    0.000962    0.000962 ^ clkbuf_0_wclk/A (sky130_fd_sc_hd__clkbuf_16)
    16    0.113775    0.195548    0.300371    0.301333 ^ clkbuf_0_wclk/X (sky130_fd_sc_hd__clkbuf_16)
                                                         clknet_0_wclk (net)
                      0.195552    0.001238    0.302572 ^ clkbuf_4_13_0_wclk/A (sky130_fd_sc_hd__clkbuf_8)
    10    0.032418    0.111752    0.321547    0.624119 ^ clkbuf_4_13_0_wclk/X (sky130_fd_sc_hd__clkbuf_8)
                                                         clknet_4_13_0_wclk (net)
                      0.111752    0.000253    0.624371 ^ _554_/CLK (sky130_fd_sc_hd__dfrtp_1)
     2    0.009387    0.132598    0.816823    1.441195 v _554_/Q (sky130_fd_sc_hd__dfrtp_1)
                                                         r_ptr_gray_sync[4] (net)
                      0.132598    0.000076    1.441270 v _291_/A (sky130_fd_sc_hd__xor2_1)
     3    0.011715    0.455124    0.466101    1.907372 ^ _291_/X (sky130_fd_sc_hd__xor2_1)
                                                         _171_ (net)
                      0.455124    0.000106    1.907478 ^ _292_/B (sky130_fd_sc_hd__xnor2_1)
     3    0.010439    0.446557    0.413451    2.320929 ^ _292_/Y (sky130_fd_sc_hd__xnor2_1)
                                                         _172_ (net)
                      0.446557    0.000148    2.321077 ^ _293_/B (sky130_fd_sc_hd__xnor2_1)
     1    0.004499    0.249368    0.345187    2.666264 ^ _293_/Y (sky130_fd_sc_hd__xnor2_1)
                                                         _173_ (net)
                      0.249368    0.000059    2.666323 ^ _297_/S (sky130_fd_sc_hd__mux2_1)
     2    0.006878    0.148951    0.818909    3.485232 v _297_/X (sky130_fd_sc_hd__mux2_1)
                                                         _177_ (net)
                      0.148951    0.000065    3.485297 v _329_/A1 (sky130_fd_sc_hd__a21boi_2)
     3    0.017422    0.368662    0.415023    3.900321 ^ _329_/Y (sky130_fd_sc_hd__a21boi_2)
                                                         _198_ (net)
                      0.368662    0.000322    3.900643 ^ max_cap23/A (sky130_fd_sc_hd__buf_8)
    20    0.118091    0.301366    0.465706    4.366349 ^ max_cap23/X (sky130_fd_sc_hd__buf_8)
                                                         net23 (net)
                      0.301378    0.002265    4.368614 ^ _480_/C (sky130_fd_sc_hd__nand4_4)
     8    0.054737    0.543198    0.579702    4.948316 v _480_/Y (sky130_fd_sc_hd__nand4_4)
                                                         _248_ (net)
                      0.543373    0.001942    4.950257 v _485_/S (sky130_fd_sc_hd__mux2_1)
     1    0.002447    0.109718    0.875110    5.825367 v _485_/X (sky130_fd_sc_hd__mux2_1)
                                                         _100_ (net)
                      0.109718    0.000027    5.825394 v _653_/D (sky130_fd_sc_hd__dfxtp_1)
                                              5.825394   data arrival time

                                 10.000000   10.000000   clock wclk (rise edge)
                                  0.000000   10.000000   clock source latency
     1    0.020608    0.000000    0.000000   10.000000 ^ wclk (in)
                                                         wclk (net)
                      0.001924    0.000962   10.000962 ^ clkbuf_0_wclk/A (sky130_fd_sc_hd__clkbuf_16)
    16    0.113775    0.195548    0.300371   10.301333 ^ clkbuf_0_wclk/X (sky130_fd_sc_hd__clkbuf_16)
                                                         clknet_0_wclk (net)
                      0.195572    0.002235   10.303568 ^ clkbuf_4_1_0_wclk/A (sky130_fd_sc_hd__clkbuf_8)
    11    0.033575    0.114491    0.323738   10.627306 ^ clkbuf_4_1_0_wclk/X (sky130_fd_sc_hd__clkbuf_8)
                                                         clknet_4_1_0_wclk (net)
                      0.114491    0.000272   10.627578 ^ _653_/CLK (sky130_fd_sc_hd__dfxtp_1)
                                  0.000000   10.627578   clock reconvergence pessimism
                                 -0.273493   10.354086   library setup time
                                             10.354086   data required time
---------------------------------------------------------------------------------------------
                                             10.354086   data required time
                                             -5.825394   data arrival time
---------------------------------------------------------------------------------------------
                                              4.528692   slack (MET)


Startpoint: _554_ (rising edge-triggered flip-flop clocked by wclk)
Endpoint: _656_ (rising edge-triggered flip-flop clocked by wclk)
Path Group: wclk
Path Type: max

Fanout         Cap        Slew       Delay        Time   Description
---------------------------------------------------------------------------------------------
                                  0.000000    0.000000   clock wclk (rise edge)
                                  0.000000    0.000000   clock source latency
     1    0.020608    0.000000    0.000000    0.000000 ^ wclk (in)
                                                         wclk (net)
                      0.001924    0.000962    0.000962 ^ clkbuf_0_wclk/A (sky130_fd_sc_hd__clkbuf_16)
    16    0.113775    0.195548    0.300371    0.301333 ^ clkbuf_0_wclk/X (sky130_fd_sc_hd__clkbuf_16)
                                                         clknet_0_wclk (net)
                      0.195552    0.001238    0.302572 ^ clkbuf_4_13_0_wclk/A (sky130_fd_sc_hd__clkbuf_8)
    10    0.032418    0.111752    0.321547    0.624119 ^ clkbuf_4_13_0_wclk/X (sky130_fd_sc_hd__clkbuf_8)
                                                         clknet_4_13_0_wclk (net)
                      0.111752    0.000253    0.624371 ^ _554_/CLK (sky130_fd_sc_hd__dfrtp_1)
     2    0.009387    0.132598    0.816823    1.441195 v _554_/Q (sky130_fd_sc_hd__dfrtp_1)
                                                         r_ptr_gray_sync[4] (net)
                      0.132598    0.000076    1.441270 v _291_/A (sky130_fd_sc_hd__xor2_1)
     3    0.011715    0.455124    0.466101    1.907372 ^ _291_/X (sky130_fd_sc_hd__xor2_1)
                                                         _171_ (net)
                      0.455124    0.000106    1.907478 ^ _292_/B (sky130_fd_sc_hd__xnor2_1)
     3    0.010439    0.446557    0.413451    2.320929 ^ _292_/Y (sky130_fd_sc_hd__xnor2_1)
                                                         _172_ (net)
                      0.446557    0.000148    2.321077 ^ _293_/B (sky130_fd_sc_hd__xnor2_1)
     1    0.004499    0.249368    0.345187    2.666264 ^ _293_/Y (sky130_fd_sc_hd__xnor2_1)
                                                         _173_ (net)
                      0.249368    0.000059    2.666323 ^ _297_/S (sky130_fd_sc_hd__mux2_1)
     2    0.006878    0.148951    0.818909    3.485232 v _297_/X (sky130_fd_sc_hd__mux2_1)
                                                         _177_ (net)
                      0.148951    0.000065    3.485297 v _329_/A1 (sky130_fd_sc_hd__a21boi_2)
     3    0.017422    0.368662    0.415023    3.900321 ^ _329_/Y (sky130_fd_sc_hd__a21boi_2)
                                                         _198_ (net)
                      0.368662    0.000322    3.900643 ^ max_cap23/A (sky130_fd_sc_hd__buf_8)
    20    0.118091    0.301366    0.465706    4.366349 ^ max_cap23/X (sky130_fd_sc_hd__buf_8)
                                                         net23 (net)
                      0.301378    0.002265    4.368614 ^ _480_/C (sky130_fd_sc_hd__nand4_4)
     8    0.054737    0.543198    0.579702    4.948316 v _480_/Y (sky130_fd_sc_hd__nand4_4)
                                                         _248_ (net)
                      0.543366    0.001074    4.949389 v _488_/S (sky130_fd_sc_hd__mux2_1)
     1    0.002292    0.107842    0.872420    5.821809 v _488_/X (sky130_fd_sc_hd__mux2_1)
                                                         _103_ (net)
                      0.107842    0.000022    5.821832 v _656_/D (sky130_fd_sc_hd__dfxtp_1)
                                              5.821832   data arrival time

                                 10.000000   10.000000   clock wclk (rise edge)
                                  0.000000   10.000000   clock source latency
     1    0.020608    0.000000    0.000000   10.000000 ^ wclk (in)
                                                         wclk (net)
                      0.001924    0.000962   10.000962 ^ clkbuf_0_wclk/A (sky130_fd_sc_hd__clkbuf_16)
    16    0.113775    0.195548    0.300371   10.301333 ^ clkbuf_0_wclk/X (sky130_fd_sc_hd__clkbuf_16)
                                                         clknet_0_wclk (net)
                      0.195564    0.001920   10.303254 ^ clkbuf_4_2_0_wclk/A (sky130_fd_sc_hd__clkbuf_8)
    12    0.032585    0.112062    0.321712   10.624966 ^ clkbuf_4_2_0_wclk/X (sky130_fd_sc_hd__clkbuf_8)
                                                         clknet_4_2_0_wclk (net)
                      0.112068    0.000957   10.625923 ^ _656_/CLK (sky130_fd_sc_hd__dfxtp_1)
                                  0.000000   10.625923   clock reconvergence pessimism
                                 -0.273367   10.352556   library setup time
                                             10.352556   data required time
---------------------------------------------------------------------------------------------
                                             10.352556   data required time
                                             -5.821832   data arrival time
---------------------------------------------------------------------------------------------
                                              4.530725   slack (MET)


Startpoint: _554_ (rising edge-triggered flip-flop clocked by wclk)
Endpoint: _684_ (rising edge-triggered flip-flop clocked by wclk)
Path Group: wclk
Path Type: max

Fanout         Cap        Slew       Delay        Time   Description
---------------------------------------------------------------------------------------------
                                  0.000000    0.000000   clock wclk (rise edge)
                                  0.000000    0.000000   clock source latency
     1    0.020608    0.000000    0.000000    0.000000 ^ wclk (in)
                                                         wclk (net)
                      0.001924    0.000962    0.000962 ^ clkbuf_0_wclk/A (sky130_fd_sc_hd__clkbuf_16)
    16    0.113775    0.195548    0.300371    0.301333 ^ clkbuf_0_wclk/X (sky130_fd_sc_hd__clkbuf_16)
                                                         clknet_0_wclk (net)
                      0.195552    0.001238    0.302572 ^ clkbuf_4_13_0_wclk/A (sky130_fd_sc_hd__clkbuf_8)
    10    0.032418    0.111752    0.321547    0.624119 ^ clkbuf_4_13_0_wclk/X (sky130_fd_sc_hd__clkbuf_8)
                                                         clknet_4_13_0_wclk (net)
                      0.111752    0.000253    0.624371 ^ _554_/CLK (sky130_fd_sc_hd__dfrtp_1)
     2    0.009387    0.132598    0.816823    1.441195 v _554_/Q (sky130_fd_sc_hd__dfrtp_1)
                                                         r_ptr_gray_sync[4] (net)
                      0.132598    0.000076    1.441270 v _291_/A (sky130_fd_sc_hd__xor2_1)
     3    0.011715    0.455124    0.466101    1.907372 ^ _291_/X (sky130_fd_sc_hd__xor2_1)
                                                         _171_ (net)
                      0.455124    0.000106    1.907478 ^ _292_/B (sky130_fd_sc_hd__xnor2_1)
     3    0.010439    0.446557    0.413451    2.320929 ^ _292_/Y (sky130_fd_sc_hd__xnor2_1)
                                                         _172_ (net)
                      0.446557    0.000148    2.321077 ^ _293_/B (sky130_fd_sc_hd__xnor2_1)
     1    0.004499    0.249368    0.345187    2.666264 ^ _293_/Y (sky130_fd_sc_hd__xnor2_1)
                                                         _173_ (net)
                      0.249368    0.000059    2.666323 ^ _297_/S (sky130_fd_sc_hd__mux2_1)
     2    0.006878    0.148951    0.818909    3.485232 v _297_/X (sky130_fd_sc_hd__mux2_1)
                                                         _177_ (net)
                      0.148951    0.000065    3.485297 v _329_/A1 (sky130_fd_sc_hd__a21boi_2)
     3    0.017422    0.368662    0.415023    3.900321 ^ _329_/Y (sky130_fd_sc_hd__a21boi_2)
                                                         _198_ (net)
                      0.368662    0.000322    3.900643 ^ max_cap23/A (sky130_fd_sc_hd__buf_8)
    20    0.118091    0.301366    0.465706    4.366349 ^ max_cap23/X (sky130_fd_sc_hd__buf_8)
                                                         net23 (net)
                      0.301382    0.002484    4.368833 ^ _340_/C (sky130_fd_sc_hd__nand4_4)
    10    0.054894    0.544389    0.580188    4.949021 v _340_/Y (sky130_fd_sc_hd__nand4_4)
                                                         _204_ (net)
                      0.544410    0.002803    4.951824 v _509_/S (sky130_fd_sc_hd__mux2_1)
     1    0.002132    0.105950    0.870080    5.821904 v _509_/X (sky130_fd_sc_hd__mux2_1)
                                                         _122_ (net)
                      0.105950    0.000020    5.821924 v _684_/D (sky130_fd_sc_hd__dfxtp_1)
                                              5.821924   data arrival time

                                 10.000000   10.000000   clock wclk (rise edge)
                                  0.000000   10.000000   clock source latency
     1    0.020608    0.000000    0.000000   10.000000 ^ wclk (in)
                                                         wclk (net)
                      0.001924    0.000962   10.000962 ^ clkbuf_0_wclk/A (sky130_fd_sc_hd__clkbuf_16)
    16    0.113775    0.195548    0.300371   10.301333 ^ clkbuf_0_wclk/X (sky130_fd_sc_hd__clkbuf_16)
                                                         clknet_0_wclk (net)
                      0.195559    0.001672   10.303006 ^ clkbuf_4_8_0_wclk/A (sky130_fd_sc_hd__clkbuf_8)
    13    0.032795    0.112646    0.322248   10.625254 ^ clkbuf_4_8_0_wclk/X (sky130_fd_sc_hd__clkbuf_8)
                                                         clknet_4_8_0_wclk (net)
                      0.112646    0.000239   10.625493 ^ _684_/CLK (sky130_fd_sc_hd__dfxtp_1)
                                  0.000000   10.625493   clock reconvergence pessimism
                                 -0.272425   10.353068   library setup time
                                             10.353068   data required time
---------------------------------------------------------------------------------------------
                                             10.353068   data required time
                                             -5.821924   data arrival time
---------------------------------------------------------------------------------------------
                                              4.531145   slack (MET)


Startpoint: _554_ (rising edge-triggered flip-flop clocked by wclk)
Endpoint: _655_ (rising edge-triggered flip-flop clocked by wclk)
Path Group: wclk
Path Type: max

Fanout         Cap        Slew       Delay        Time   Description
---------------------------------------------------------------------------------------------
                                  0.000000    0.000000   clock wclk (rise edge)
                                  0.000000    0.000000   clock source latency
     1    0.020608    0.000000    0.000000    0.000000 ^ wclk (in)
                                                         wclk (net)
                      0.001924    0.000962    0.000962 ^ clkbuf_0_wclk/A (sky130_fd_sc_hd__clkbuf_16)
    16    0.113775    0.195548    0.300371    0.301333 ^ clkbuf_0_wclk/X (sky130_fd_sc_hd__clkbuf_16)
                                                         clknet_0_wclk (net)
                      0.195552    0.001238    0.302572 ^ clkbuf_4_13_0_wclk/A (sky130_fd_sc_hd__clkbuf_8)
    10    0.032418    0.111752    0.321547    0.624119 ^ clkbuf_4_13_0_wclk/X (sky130_fd_sc_hd__clkbuf_8)
                                                         clknet_4_13_0_wclk (net)
                      0.111752    0.000253    0.624371 ^ _554_/CLK (sky130_fd_sc_hd__dfrtp_1)
     2    0.009387    0.132598    0.816823    1.441195 v _554_/Q (sky130_fd_sc_hd__dfrtp_1)
                                                         r_ptr_gray_sync[4] (net)
                      0.132598    0.000076    1.441270 v _291_/A (sky130_fd_sc_hd__xor2_1)
     3    0.011715    0.455124    0.466101    1.907372 ^ _291_/X (sky130_fd_sc_hd__xor2_1)
                                                         _171_ (net)
                      0.455124    0.000106    1.907478 ^ _292_/B (sky130_fd_sc_hd__xnor2_1)
     3    0.010439    0.446557    0.413451    2.320929 ^ _292_/Y (sky130_fd_sc_hd__xnor2_1)
                                                         _172_ (net)
                      0.446557    0.000148    2.321077 ^ _293_/B (sky130_fd_sc_hd__xnor2_1)
     1    0.004499    0.249368    0.345187    2.666264 ^ _293_/Y (sky130_fd_sc_hd__xnor2_1)
                                                         _173_ (net)
                      0.249368    0.000059    2.666323 ^ _297_/S (sky130_fd_sc_hd__mux2_1)
     2    0.006878    0.148951    0.818909    3.485232 v _297_/X (sky130_fd_sc_hd__mux2_1)
                                                         _177_ (net)
                      0.148951    0.000065    3.485297 v _329_/A1 (sky130_fd_sc_hd__a21boi_2)
     3    0.017422    0.368662    0.415023    3.900321 ^ _329_/Y (sky130_fd_sc_hd__a21boi_2)
                                                         _198_ (net)
                      0.368662    0.000322    3.900643 ^ max_cap23/A (sky130_fd_sc_hd__buf_8)
    20    0.118091    0.301366    0.465706    4.366349 ^ max_cap23/X (sky130_fd_sc_hd__buf_8)
                                                         net23 (net)
                      0.301378    0.002265    4.368614 ^ _480_/C (sky130_fd_sc_hd__nand4_4)
     8    0.054737    0.543198    0.579702    4.948316 v _480_/Y (sky130_fd_sc_hd__nand4_4)
                                                         _248_ (net)
                      0.543366    0.001000    4.949316 v _487_/S (sky130_fd_sc_hd__mux2_1)
     1    0.002223    0.107043    0.871236    5.820552 v _487_/X (sky130_fd_sc_hd__mux2_1)
                                                         _102_ (net)
                      0.107043    0.000023    5.820575 v _655_/D (sky130_fd_sc_hd__dfxtp_1)
                                              5.820575   data arrival time

                                 10.000000   10.000000   clock wclk (rise edge)
                                  0.000000   10.000000   clock source latency
     1    0.020608    0.000000    0.000000   10.000000 ^ wclk (in)
                                                         wclk (net)
                      0.001924    0.000962   10.000962 ^ clkbuf_0_wclk/A (sky130_fd_sc_hd__clkbuf_16)
    16    0.113775    0.195548    0.300371   10.301333 ^ clkbuf_0_wclk/X (sky130_fd_sc_hd__clkbuf_16)
                                                         clknet_0_wclk (net)
                      0.195564    0.001920   10.303254 ^ clkbuf_4_2_0_wclk/A (sky130_fd_sc_hd__clkbuf_8)
    12    0.032585    0.112062    0.321712   10.624966 ^ clkbuf_4_2_0_wclk/X (sky130_fd_sc_hd__clkbuf_8)
                                                         clknet_4_2_0_wclk (net)
                      0.112062    0.000264   10.625230 ^ _655_/CLK (sky130_fd_sc_hd__dfxtp_1)
                                  0.000000   10.625230   clock reconvergence pessimism
                                 -0.273037   10.352193   library setup time
                                             10.352193   data required time
---------------------------------------------------------------------------------------------
                                             10.352193   data required time
                                             -5.820575   data arrival time
---------------------------------------------------------------------------------------------
                                              4.531618   slack (MET)


Startpoint: _554_ (rising edge-triggered flip-flop clocked by wclk)
Endpoint: _685_ (rising edge-triggered flip-flop clocked by wclk)
Path Group: wclk
Path Type: max

Fanout         Cap        Slew       Delay        Time   Description
---------------------------------------------------------------------------------------------
                                  0.000000    0.000000   clock wclk (rise edge)
                                  0.000000    0.000000   clock source latency
     1    0.020608    0.000000    0.000000    0.000000 ^ wclk (in)
                                                         wclk (net)
                      0.001924    0.000962    0.000962 ^ clkbuf_0_wclk/A (sky130_fd_sc_hd__clkbuf_16)
    16    0.113775    0.195548    0.300371    0.301333 ^ clkbuf_0_wclk/X (sky130_fd_sc_hd__clkbuf_16)
                                                         clknet_0_wclk (net)
                      0.195552    0.001238    0.302572 ^ clkbuf_4_13_0_wclk/A (sky130_fd_sc_hd__clkbuf_8)
    10    0.032418    0.111752    0.321547    0.624119 ^ clkbuf_4_13_0_wclk/X (sky130_fd_sc_hd__clkbuf_8)
                                                         clknet_4_13_0_wclk (net)
                      0.111752    0.000253    0.624371 ^ _554_/CLK (sky130_fd_sc_hd__dfrtp_1)
     2    0.009387    0.132598    0.816823    1.441195 v _554_/Q (sky130_fd_sc_hd__dfrtp_1)
                                                         r_ptr_gray_sync[4] (net)
                      0.132598    0.000076    1.441270 v _291_/A (sky130_fd_sc_hd__xor2_1)
     3    0.011715    0.455124    0.466101    1.907372 ^ _291_/X (sky130_fd_sc_hd__xor2_1)
                                                         _171_ (net)
                      0.455124    0.000106    1.907478 ^ _292_/B (sky130_fd_sc_hd__xnor2_1)
     3    0.010439    0.446557    0.413451    2.320929 ^ _292_/Y (sky130_fd_sc_hd__xnor2_1)
                                                         _172_ (net)
                      0.446557    0.000148    2.321077 ^ _293_/B (sky130_fd_sc_hd__xnor2_1)
     1    0.004499    0.249368    0.345187    2.666264 ^ _293_/Y (sky130_fd_sc_hd__xnor2_1)
                                                         _173_ (net)
                      0.249368    0.000059    2.666323 ^ _297_/S (sky130_fd_sc_hd__mux2_1)
     2    0.006878    0.148951    0.818909    3.485232 v _297_/X (sky130_fd_sc_hd__mux2_1)
                                                         _177_ (net)
                      0.148951    0.000065    3.485297 v _329_/A1 (sky130_fd_sc_hd__a21boi_2)
     3    0.017422    0.368662    0.415023    3.900321 ^ _329_/Y (sky130_fd_sc_hd__a21boi_2)
                                                         _198_ (net)
                      0.368662    0.000322    3.900643 ^ max_cap23/A (sky130_fd_sc_hd__buf_8)
    20    0.118091    0.301366    0.465706    4.366349 ^ max_cap23/X (sky130_fd_sc_hd__buf_8)
                                                         net23 (net)
                      0.301382    0.002484    4.368833 ^ _340_/C (sky130_fd_sc_hd__nand4_4)
    10    0.054894    0.544389    0.580188    4.949021 v _340_/Y (sky130_fd_sc_hd__nand4_4)
                                                         _204_ (net)
                      0.544403    0.002288    4.951309 v _510_/S (sky130_fd_sc_hd__mux2_1)
     1    0.002083    0.105408    0.869236    5.820546 v _510_/X (sky130_fd_sc_hd__mux2_1)
                                                         _123_ (net)
                      0.105408    0.000019    5.820565 v _685_/D (sky130_fd_sc_hd__dfxtp_1)
                                              5.820565   data arrival time

                                 10.000000   10.000000   clock wclk (rise edge)
                                  0.000000   10.000000   clock source latency
     1    0.020608    0.000000    0.000000   10.000000 ^ wclk (in)
                                                         wclk (net)
                      0.001924    0.000962   10.000962 ^ clkbuf_0_wclk/A (sky130_fd_sc_hd__clkbuf_16)
    16    0.113775    0.195548    0.300371   10.301333 ^ clkbuf_0_wclk/X (sky130_fd_sc_hd__clkbuf_16)
                                                         clknet_0_wclk (net)
                      0.195561    0.001800   10.303134 ^ clkbuf_4_11_0_wclk/A (sky130_fd_sc_hd__clkbuf_8)
    11    0.032803    0.112664    0.322260   10.625394 ^ clkbuf_4_11_0_wclk/X (sky130_fd_sc_hd__clkbuf_8)
                                                         clknet_4_11_0_wclk (net)
                      0.112664    0.000140   10.625534 ^ _685_/CLK (sky130_fd_sc_hd__dfxtp_1)
                                  0.000000   10.625534   clock reconvergence pessimism
                                 -0.272195   10.353339   library setup time
                                             10.353339   data required time
---------------------------------------------------------------------------------------------
                                             10.353339   data required time
                                             -5.820565   data arrival time
---------------------------------------------------------------------------------------------
                                              4.532774   slack (MET)


Startpoint: _554_ (rising edge-triggered flip-flop clocked by wclk)
Endpoint: _679_ (rising edge-triggered flip-flop clocked by wclk)
Path Group: wclk
Path Type: max

Fanout         Cap        Slew       Delay        Time   Description
---------------------------------------------------------------------------------------------
                                  0.000000    0.000000   clock wclk (rise edge)
                                  0.000000    0.000000   clock source latency
     1    0.020608    0.000000    0.000000    0.000000 ^ wclk (in)
                                                         wclk (net)
                      0.001924    0.000962    0.000962 ^ clkbuf_0_wclk/A (sky130_fd_sc_hd__clkbuf_16)
    16    0.113775    0.195548    0.300371    0.301333 ^ clkbuf_0_wclk/X (sky130_fd_sc_hd__clkbuf_16)
                                                         clknet_0_wclk (net)
                      0.195552    0.001238    0.302572 ^ clkbuf_4_13_0_wclk/A (sky130_fd_sc_hd__clkbuf_8)
    10    0.032418    0.111752    0.321547    0.624119 ^ clkbuf_4_13_0_wclk/X (sky130_fd_sc_hd__clkbuf_8)
                                                         clknet_4_13_0_wclk (net)
                      0.111752    0.000253    0.624371 ^ _554_/CLK (sky130_fd_sc_hd__dfrtp_1)
     2    0.009387    0.132598    0.816823    1.441195 v _554_/Q (sky130_fd_sc_hd__dfrtp_1)
                                                         r_ptr_gray_sync[4] (net)
                      0.132598    0.000076    1.441270 v _291_/A (sky130_fd_sc_hd__xor2_1)
     3    0.011715    0.455124    0.466101    1.907372 ^ _291_/X (sky130_fd_sc_hd__xor2_1)
                                                         _171_ (net)
                      0.455124    0.000106    1.907478 ^ _292_/B (sky130_fd_sc_hd__xnor2_1)
     3    0.010439    0.446557    0.413451    2.320929 ^ _292_/Y (sky130_fd_sc_hd__xnor2_1)
                                                         _172_ (net)
                      0.446557    0.000148    2.321077 ^ _293_/B (sky130_fd_sc_hd__xnor2_1)
     1    0.004499    0.249368    0.345187    2.666264 ^ _293_/Y (sky130_fd_sc_hd__xnor2_1)
                                                         _173_ (net)
                      0.249368    0.000059    2.666323 ^ _297_/S (sky130_fd_sc_hd__mux2_1)
     2    0.006878    0.148951    0.818909    3.485232 v _297_/X (sky130_fd_sc_hd__mux2_1)
                                                         _177_ (net)
                      0.148951    0.000065    3.485297 v _329_/A1 (sky130_fd_sc_hd__a21boi_2)
     3    0.017422    0.368662    0.415023    3.900321 ^ _329_/Y (sky130_fd_sc_hd__a21boi_2)
                                                         _198_ (net)
                      0.368662    0.000322    3.900643 ^ max_cap23/A (sky130_fd_sc_hd__buf_8)
    20    0.118091    0.301366    0.465706    4.366349 ^ max_cap23/X (sky130_fd_sc_hd__buf_8)
                                                         net23 (net)
                      0.301380    0.002352    4.368701 ^ _498_/B (sky130_fd_sc_hd__nand4b_4)
     8    0.052205    0.521210    0.555919    4.924621 v _498_/Y (sky130_fd_sc_hd__nand4b_4)
                                                         _250_ (net)
                      0.521210    0.001112    4.925732 v _504_/S (sky130_fd_sc_hd__mux2_1)
     1    0.003069    0.113020    0.876721    5.802453 v _504_/X (sky130_fd_sc_hd__mux2_1)
                                                         _117_ (net)
                      0.113020    0.000040    5.802493 v _679_/D (sky130_fd_sc_hd__dfxtp_1)
                                              5.802493   data arrival time

                                 10.000000   10.000000   clock wclk (rise edge)
                                  0.000000   10.000000   clock source latency
     1    0.020608    0.000000    0.000000   10.000000 ^ wclk (in)
                                                         wclk (net)
                      0.001924    0.000962   10.000962 ^ clkbuf_0_wclk/A (sky130_fd_sc_hd__clkbuf_16)
    16    0.113775    0.195548    0.300371   10.301333 ^ clkbuf_0_wclk/X (sky130_fd_sc_hd__clkbuf_16)
                                                         clknet_0_wclk (net)
                      0.195554    0.001396   10.302730 ^ clkbuf_4_4_0_wclk/A (sky130_fd_sc_hd__clkbuf_8)
    10    0.032379    0.111664    0.321420   10.624150 ^ clkbuf_4_4_0_wclk/X (sky130_fd_sc_hd__clkbuf_8)
                                                         clknet_4_4_0_wclk (net)
                      0.111664    0.000429   10.624578 ^ _679_/CLK (sky130_fd_sc_hd__dfxtp_1)
                                  0.000000   10.624578   clock reconvergence pessimism
                                 -0.275627   10.348952   library setup time
                                             10.348952   data required time
---------------------------------------------------------------------------------------------
                                             10.348952   data required time
                                             -5.802493   data arrival time
---------------------------------------------------------------------------------------------
                                              4.546459   slack (MET)


Startpoint: _554_ (rising edge-triggered flip-flop clocked by wclk)
Endpoint: _674_ (rising edge-triggered flip-flop clocked by wclk)
Path Group: wclk
Path Type: max

Fanout         Cap        Slew       Delay        Time   Description
---------------------------------------------------------------------------------------------
                                  0.000000    0.000000   clock wclk (rise edge)
                                  0.000000    0.000000   clock source latency
     1    0.020608    0.000000    0.000000    0.000000 ^ wclk (in)
                                                         wclk (net)
                      0.001924    0.000962    0.000962 ^ clkbuf_0_wclk/A (sky130_fd_sc_hd__clkbuf_16)
    16    0.113775    0.195548    0.300371    0.301333 ^ clkbuf_0_wclk/X (sky130_fd_sc_hd__clkbuf_16)
                                                         clknet_0_wclk (net)
                      0.195552    0.001238    0.302572 ^ clkbuf_4_13_0_wclk/A (sky130_fd_sc_hd__clkbuf_8)
    10    0.032418    0.111752    0.321547    0.624119 ^ clkbuf_4_13_0_wclk/X (sky130_fd_sc_hd__clkbuf_8)
                                                         clknet_4_13_0_wclk (net)
                      0.111752    0.000253    0.624371 ^ _554_/CLK (sky130_fd_sc_hd__dfrtp_1)
     2    0.009387    0.132598    0.816823    1.441195 v _554_/Q (sky130_fd_sc_hd__dfrtp_1)
                                                         r_ptr_gray_sync[4] (net)
                      0.132598    0.000076    1.441270 v _291_/A (sky130_fd_sc_hd__xor2_1)
     3    0.011715    0.455124    0.466101    1.907372 ^ _291_/X (sky130_fd_sc_hd__xor2_1)
                                                         _171_ (net)
                      0.455124    0.000106    1.907478 ^ _292_/B (sky130_fd_sc_hd__xnor2_1)
     3    0.010439    0.446557    0.413451    2.320929 ^ _292_/Y (sky130_fd_sc_hd__xnor2_1)
                                                         _172_ (net)
                      0.446557    0.000148    2.321077 ^ _293_/B (sky130_fd_sc_hd__xnor2_1)
     1    0.004499    0.249368    0.345187    2.666264 ^ _293_/Y (sky130_fd_sc_hd__xnor2_1)
                                                         _173_ (net)
                      0.249368    0.000059    2.666323 ^ _297_/S (sky130_fd_sc_hd__mux2_1)
     2    0.006878    0.148951    0.818909    3.485232 v _297_/X (sky130_fd_sc_hd__mux2_1)
                                                         _177_ (net)
                      0.148951    0.000065    3.485297 v _329_/A1 (sky130_fd_sc_hd__a21boi_2)
     3    0.017422    0.368662    0.415023    3.900321 ^ _329_/Y (sky130_fd_sc_hd__a21boi_2)
                                                         _198_ (net)
                      0.368662    0.000322    3.900643 ^ max_cap23/A (sky130_fd_sc_hd__buf_8)
    20    0.118091    0.301366    0.465706    4.366349 ^ max_cap23/X (sky130_fd_sc_hd__buf_8)
                                                         net23 (net)
                      0.301380    0.002352    4.368701 ^ _498_/B (sky130_fd_sc_hd__nand4b_4)
     8    0.052205    0.521210    0.555919    4.924621 v _498_/Y (sky130_fd_sc_hd__nand4b_4)
                                                         _250_ (net)
                      0.521210    0.000859    4.925480 v _499_/S (sky130_fd_sc_hd__mux2_1)
     1    0.002816    0.110513    0.872346    5.797826 v _499_/X (sky130_fd_sc_hd__mux2_1)
                                                         _112_ (net)
                      0.110513    0.000034    5.797860 v _674_/D (sky130_fd_sc_hd__dfxtp_1)
                                              5.797860   data arrival time

                                 10.000000   10.000000   clock wclk (rise edge)
                                  0.000000   10.000000   clock source latency
     1    0.020608    0.000000    0.000000   10.000000 ^ wclk (in)
                                                         wclk (net)
                      0.001924    0.000962   10.000962 ^ clkbuf_0_wclk/A (sky130_fd_sc_hd__clkbuf_16)
    16    0.113775    0.195548    0.300371   10.301333 ^ clkbuf_0_wclk/X (sky130_fd_sc_hd__clkbuf_16)
                                                         clknet_0_wclk (net)
                      0.195553    0.001307   10.302640 ^ clkbuf_4_5_0_wclk/A (sky130_fd_sc_hd__clkbuf_8)
     8    0.031001    0.109029    0.318688   10.621328 ^ clkbuf_4_5_0_wclk/X (sky130_fd_sc_hd__clkbuf_8)
                                                         clknet_4_5_0_wclk (net)
                      0.109029    0.000327   10.621655 ^ _674_/CLK (sky130_fd_sc_hd__dfxtp_1)
                                  0.000000   10.621655   clock reconvergence pessimism
                                 -0.275296   10.346358   library setup time
                                             10.346358   data required time
---------------------------------------------------------------------------------------------
                                             10.346358   data required time
                                             -5.797860   data arrival time
---------------------------------------------------------------------------------------------
                                              4.548499   slack (MET)


Startpoint: _554_ (rising edge-triggered flip-flop clocked by wclk)
Endpoint: _680_ (rising edge-triggered flip-flop clocked by wclk)
Path Group: wclk
Path Type: max

Fanout         Cap        Slew       Delay        Time   Description
---------------------------------------------------------------------------------------------
                                  0.000000    0.000000   clock wclk (rise edge)
                                  0.000000    0.000000   clock source latency
     1    0.020608    0.000000    0.000000    0.000000 ^ wclk (in)
                                                         wclk (net)
                      0.001924    0.000962    0.000962 ^ clkbuf_0_wclk/A (sky130_fd_sc_hd__clkbuf_16)
    16    0.113775    0.195548    0.300371    0.301333 ^ clkbuf_0_wclk/X (sky130_fd_sc_hd__clkbuf_16)
                                                         clknet_0_wclk (net)
                      0.195552    0.001238    0.302572 ^ clkbuf_4_13_0_wclk/A (sky130_fd_sc_hd__clkbuf_8)
    10    0.032418    0.111752    0.321547    0.624119 ^ clkbuf_4_13_0_wclk/X (sky130_fd_sc_hd__clkbuf_8)
                                                         clknet_4_13_0_wclk (net)
                      0.111752    0.000253    0.624371 ^ _554_/CLK (sky130_fd_sc_hd__dfrtp_1)
     2    0.009387    0.132598    0.816823    1.441195 v _554_/Q (sky130_fd_sc_hd__dfrtp_1)
                                                         r_ptr_gray_sync[4] (net)
                      0.132598    0.000076    1.441270 v _291_/A (sky130_fd_sc_hd__xor2_1)
     3    0.011715    0.455124    0.466101    1.907372 ^ _291_/X (sky130_fd_sc_hd__xor2_1)
                                                         _171_ (net)
                      0.455124    0.000106    1.907478 ^ _292_/B (sky130_fd_sc_hd__xnor2_1)
     3    0.010439    0.446557    0.413451    2.320929 ^ _292_/Y (sky130_fd_sc_hd__xnor2_1)
                                                         _172_ (net)
                      0.446557    0.000148    2.321077 ^ _293_/B (sky130_fd_sc_hd__xnor2_1)
     1    0.004499    0.249368    0.345187    2.666264 ^ _293_/Y (sky130_fd_sc_hd__xnor2_1)
                                                         _173_ (net)
                      0.249368    0.000059    2.666323 ^ _297_/S (sky130_fd_sc_hd__mux2_1)
     2    0.006878    0.148951    0.818909    3.485232 v _297_/X (sky130_fd_sc_hd__mux2_1)
                                                         _177_ (net)
                      0.148951    0.000065    3.485297 v _329_/A1 (sky130_fd_sc_hd__a21boi_2)
     3    0.017422    0.368662    0.415023    3.900321 ^ _329_/Y (sky130_fd_sc_hd__a21boi_2)
                                                         _198_ (net)
                      0.368662    0.000322    3.900643 ^ max_cap23/A (sky130_fd_sc_hd__buf_8)
    20    0.118091    0.301366    0.465706    4.366349 ^ max_cap23/X (sky130_fd_sc_hd__buf_8)
                                                         net23 (net)
                      0.301380    0.002352    4.368701 ^ _498_/B (sky130_fd_sc_hd__nand4b_4)
     8    0.052205    0.521210    0.555919    4.924621 v _498_/Y (sky130_fd_sc_hd__nand4b_4)
                                                         _250_ (net)
                      0.521210    0.001219    4.925839 v _505_/S (sky130_fd_sc_hd__mux2_1)
     1    0.002316    0.108116    0.863700    5.789540 v _505_/X (sky130_fd_sc_hd__mux2_1)
                                                         _118_ (net)
                      0.108116    0.000024    5.789563 v _680_/D (sky130_fd_sc_hd__dfxtp_1)
                                              5.789563   data arrival time

                                 10.000000   10.000000   clock wclk (rise edge)
                                  0.000000   10.000000   clock source latency
     1    0.020608    0.000000    0.000000   10.000000 ^ wclk (in)
                                                         wclk (net)
                      0.001924    0.000962   10.000962 ^ clkbuf_0_wclk/A (sky130_fd_sc_hd__clkbuf_16)
    16    0.113775    0.195548    0.300371   10.301333 ^ clkbuf_0_wclk/X (sky130_fd_sc_hd__clkbuf_16)
                                                         clknet_0_wclk (net)
                      0.195564    0.001923   10.303256 ^ clkbuf_4_3_0_wclk/A (sky130_fd_sc_hd__clkbuf_8)
    10    0.027727    0.102003    0.311228   10.614484 ^ clkbuf_4_3_0_wclk/X (sky130_fd_sc_hd__clkbuf_8)
                                                         clknet_4_3_0_wclk (net)
                      0.102003    0.000155   10.614638 ^ _680_/CLK (sky130_fd_sc_hd__dfxtp_1)
                                  0.000000   10.614638   clock reconvergence pessimism
                                 -0.276195   10.338444   library setup time
                                             10.338444   data required time
---------------------------------------------------------------------------------------------
                                             10.338444   data required time
                                             -5.789563   data arrival time
---------------------------------------------------------------------------------------------
                                              4.548881   slack (MET)


Startpoint: _554_ (rising edge-triggered flip-flop clocked by wclk)
Endpoint: _676_ (rising edge-triggered flip-flop clocked by wclk)
Path Group: wclk
Path Type: max

Fanout         Cap        Slew       Delay        Time   Description
---------------------------------------------------------------------------------------------
                                  0.000000    0.000000   clock wclk (rise edge)
                                  0.000000    0.000000   clock source latency
     1    0.020608    0.000000    0.000000    0.000000 ^ wclk (in)
                                                         wclk (net)
                      0.001924    0.000962    0.000962 ^ clkbuf_0_wclk/A (sky130_fd_sc_hd__clkbuf_16)
    16    0.113775    0.195548    0.300371    0.301333 ^ clkbuf_0_wclk/X (sky130_fd_sc_hd__clkbuf_16)
                                                         clknet_0_wclk (net)
                      0.195552    0.001238    0.302572 ^ clkbuf_4_13_0_wclk/A (sky130_fd_sc_hd__clkbuf_8)
    10    0.032418    0.111752    0.321547    0.624119 ^ clkbuf_4_13_0_wclk/X (sky130_fd_sc_hd__clkbuf_8)
                                                         clknet_4_13_0_wclk (net)
                      0.111752    0.000253    0.624371 ^ _554_/CLK (sky130_fd_sc_hd__dfrtp_1)
     2    0.009387    0.132598    0.816823    1.441195 v _554_/Q (sky130_fd_sc_hd__dfrtp_1)
                                                         r_ptr_gray_sync[4] (net)
                      0.132598    0.000076    1.441270 v _291_/A (sky130_fd_sc_hd__xor2_1)
     3    0.011715    0.455124    0.466101    1.907372 ^ _291_/X (sky130_fd_sc_hd__xor2_1)
                                                         _171_ (net)
                      0.455124    0.000106    1.907478 ^ _292_/B (sky130_fd_sc_hd__xnor2_1)
     3    0.010439    0.446557    0.413451    2.320929 ^ _292_/Y (sky130_fd_sc_hd__xnor2_1)
                                                         _172_ (net)
                      0.446557    0.000148    2.321077 ^ _293_/B (sky130_fd_sc_hd__xnor2_1)
     1    0.004499    0.249368    0.345187    2.666264 ^ _293_/Y (sky130_fd_sc_hd__xnor2_1)
                                                         _173_ (net)
                      0.249368    0.000059    2.666323 ^ _297_/S (sky130_fd_sc_hd__mux2_1)
     2    0.006878    0.148951    0.818909    3.485232 v _297_/X (sky130_fd_sc_hd__mux2_1)
                                                         _177_ (net)
                      0.148951    0.000065    3.485297 v _329_/A1 (sky130_fd_sc_hd__a21boi_2)
     3    0.017422    0.368662    0.415023    3.900321 ^ _329_/Y (sky130_fd_sc_hd__a21boi_2)
                                                         _198_ (net)
                      0.368662    0.000322    3.900643 ^ max_cap23/A (sky130_fd_sc_hd__buf_8)
    20    0.118091    0.301366    0.465706    4.366349 ^ max_cap23/X (sky130_fd_sc_hd__buf_8)
                                                         net23 (net)
                      0.301380    0.002352    4.368701 ^ _498_/B (sky130_fd_sc_hd__nand4b_4)
     8    0.052205    0.521210    0.555919    4.924621 v _498_/Y (sky130_fd_sc_hd__nand4b_4)
                                                         _250_ (net)
                      0.521210    0.001386    4.926006 v _501_/S (sky130_fd_sc_hd__mux2_1)
     1    0.002875    0.111021    0.873371    5.799376 v _501_/X (sky130_fd_sc_hd__mux2_1)
                                                         _114_ (net)
                      0.111021    0.000036    5.799413 v _676_/D (sky130_fd_sc_hd__dfxtp_1)
                                              5.799413   data arrival time

                                 10.000000   10.000000   clock wclk (rise edge)
                                  0.000000   10.000000   clock source latency
     1    0.020608    0.000000    0.000000   10.000000 ^ wclk (in)
                                                         wclk (net)
                      0.001924    0.000962   10.000962 ^ clkbuf_0_wclk/A (sky130_fd_sc_hd__clkbuf_16)
    16    0.113775    0.195548    0.300371   10.301333 ^ clkbuf_0_wclk/X (sky130_fd_sc_hd__clkbuf_16)
                                                         clknet_0_wclk (net)
                      0.195571    0.002210   10.303543 ^ clkbuf_4_0_0_wclk/A (sky130_fd_sc_hd__clkbuf_8)
    12    0.032566    0.112105    0.321778   10.625321 ^ clkbuf_4_0_0_wclk/X (sky130_fd_sc_hd__clkbuf_8)
                                                         clknet_4_0_0_wclk (net)
                      0.112106    0.000565   10.625886 ^ _676_/CLK (sky130_fd_sc_hd__dfxtp_1)
                                  0.000000   10.625886   clock reconvergence pessimism
                                 -0.274677   10.351209   library setup time
                                             10.351209   data required time
---------------------------------------------------------------------------------------------
                                             10.351209   data required time
                                             -5.799413   data arrival time
---------------------------------------------------------------------------------------------
                                              4.551796   slack (MET)


Startpoint: _554_ (rising edge-triggered flip-flop clocked by wclk)
Endpoint: _677_ (rising edge-triggered flip-flop clocked by wclk)
Path Group: wclk
Path Type: max

Fanout         Cap        Slew       Delay        Time   Description
---------------------------------------------------------------------------------------------
                                  0.000000    0.000000   clock wclk (rise edge)
                                  0.000000    0.000000   clock source latency
     1    0.020608    0.000000    0.000000    0.000000 ^ wclk (in)
                                                         wclk (net)
                      0.001924    0.000962    0.000962 ^ clkbuf_0_wclk/A (sky130_fd_sc_hd__clkbuf_16)
    16    0.113775    0.195548    0.300371    0.301333 ^ clkbuf_0_wclk/X (sky130_fd_sc_hd__clkbuf_16)
                                                         clknet_0_wclk (net)
                      0.195552    0.001238    0.302572 ^ clkbuf_4_13_0_wclk/A (sky130_fd_sc_hd__clkbuf_8)
    10    0.032418    0.111752    0.321547    0.624119 ^ clkbuf_4_13_0_wclk/X (sky130_fd_sc_hd__clkbuf_8)
                                                         clknet_4_13_0_wclk (net)
                      0.111752    0.000253    0.624371 ^ _554_/CLK (sky130_fd_sc_hd__dfrtp_1)
     2    0.009387    0.132598    0.816823    1.441195 v _554_/Q (sky130_fd_sc_hd__dfrtp_1)
                                                         r_ptr_gray_sync[4] (net)
                      0.132598    0.000076    1.441270 v _291_/A (sky130_fd_sc_hd__xor2_1)
     3    0.011715    0.455124    0.466101    1.907372 ^ _291_/X (sky130_fd_sc_hd__xor2_1)
                                                         _171_ (net)
                      0.455124    0.000106    1.907478 ^ _292_/B (sky130_fd_sc_hd__xnor2_1)
     3    0.010439    0.446557    0.413451    2.320929 ^ _292_/Y (sky130_fd_sc_hd__xnor2_1)
                                                         _172_ (net)
                      0.446557    0.000148    2.321077 ^ _293_/B (sky130_fd_sc_hd__xnor2_1)
     1    0.004499    0.249368    0.345187    2.666264 ^ _293_/Y (sky130_fd_sc_hd__xnor2_1)
                                                         _173_ (net)
                      0.249368    0.000059    2.666323 ^ _297_/S (sky130_fd_sc_hd__mux2_1)
     2    0.006878    0.148951    0.818909    3.485232 v _297_/X (sky130_fd_sc_hd__mux2_1)
                                                         _177_ (net)
                      0.148951    0.000065    3.485297 v _329_/A1 (sky130_fd_sc_hd__a21boi_2)
     3    0.017422    0.368662    0.415023    3.900321 ^ _329_/Y (sky130_fd_sc_hd__a21boi_2)
                                                         _198_ (net)
                      0.368662    0.000322    3.900643 ^ max_cap23/A (sky130_fd_sc_hd__buf_8)
    20    0.118091    0.301366    0.465706    4.366349 ^ max_cap23/X (sky130_fd_sc_hd__buf_8)
                                                         net23 (net)
                      0.301380    0.002352    4.368701 ^ _498_/B (sky130_fd_sc_hd__nand4b_4)
     8    0.052205    0.521210    0.555919    4.924621 v _498_/Y (sky130_fd_sc_hd__nand4b_4)
                                                         _250_ (net)
                      0.521210    0.000759    4.925380 v _502_/S (sky130_fd_sc_hd__mux2_1)
     1    0.002711    0.109444    0.870539    5.795918 v _502_/X (sky130_fd_sc_hd__mux2_1)
                                                         _115_ (net)
                      0.109444    0.000033    5.795952 v _677_/D (sky130_fd_sc_hd__dfxtp_1)
                                              5.795952   data arrival time

                                 10.000000   10.000000   clock wclk (rise edge)
                                  0.000000   10.000000   clock source latency
     1    0.020608    0.000000    0.000000   10.000000 ^ wclk (in)
                                                         wclk (net)
                      0.001924    0.000962   10.000962 ^ clkbuf_0_wclk/A (sky130_fd_sc_hd__clkbuf_16)
    16    0.113775    0.195548    0.300371   10.301333 ^ clkbuf_0_wclk/X (sky130_fd_sc_hd__clkbuf_16)
                                                         clknet_0_wclk (net)
                      0.195551    0.001149   10.302483 ^ clkbuf_4_6_0_wclk/A (sky130_fd_sc_hd__clkbuf_8)
     8    0.031575    0.109760    0.319986   10.622469 ^ clkbuf_4_6_0_wclk/X (sky130_fd_sc_hd__clkbuf_8)
                                                         clknet_4_6_0_wclk (net)
                      0.109760    0.000364   10.622832 ^ _677_/CLK (sky130_fd_sc_hd__dfxtp_1)
                                  0.000000   10.622832   clock reconvergence pessimism
                                 -0.274655   10.348178   library setup time
                                             10.348178   data required time
---------------------------------------------------------------------------------------------
                                             10.348178   data required time
                                             -5.795952   data arrival time
---------------------------------------------------------------------------------------------
                                              4.552226   slack (MET)


Startpoint: _554_ (rising edge-triggered flip-flop clocked by wclk)
Endpoint: _681_ (rising edge-triggered flip-flop clocked by wclk)
Path Group: wclk
Path Type: max

Fanout         Cap        Slew       Delay        Time   Description
---------------------------------------------------------------------------------------------
                                  0.000000    0.000000   clock wclk (rise edge)
                                  0.000000    0.000000   clock source latency
     1    0.020608    0.000000    0.000000    0.000000 ^ wclk (in)
                                                         wclk (net)
                      0.001924    0.000962    0.000962 ^ clkbuf_0_wclk/A (sky130_fd_sc_hd__clkbuf_16)
    16    0.113775    0.195548    0.300371    0.301333 ^ clkbuf_0_wclk/X (sky130_fd_sc_hd__clkbuf_16)
                                                         clknet_0_wclk (net)
                      0.195552    0.001238    0.302572 ^ clkbuf_4_13_0_wclk/A (sky130_fd_sc_hd__clkbuf_8)
    10    0.032418    0.111752    0.321547    0.624119 ^ clkbuf_4_13_0_wclk/X (sky130_fd_sc_hd__clkbuf_8)
                                                         clknet_4_13_0_wclk (net)
                      0.111752    0.000253    0.624371 ^ _554_/CLK (sky130_fd_sc_hd__dfrtp_1)
     2    0.009387    0.132598    0.816823    1.441195 v _554_/Q (sky130_fd_sc_hd__dfrtp_1)
                                                         r_ptr_gray_sync[4] (net)
                      0.132598    0.000076    1.441270 v _291_/A (sky130_fd_sc_hd__xor2_1)
     3    0.011715    0.455124    0.466101    1.907372 ^ _291_/X (sky130_fd_sc_hd__xor2_1)
                                                         _171_ (net)
                      0.455124    0.000106    1.907478 ^ _292_/B (sky130_fd_sc_hd__xnor2_1)
     3    0.010439    0.446557    0.413451    2.320929 ^ _292_/Y (sky130_fd_sc_hd__xnor2_1)
                                                         _172_ (net)
                      0.446557    0.000148    2.321077 ^ _293_/B (sky130_fd_sc_hd__xnor2_1)
     1    0.004499    0.249368    0.345187    2.666264 ^ _293_/Y (sky130_fd_sc_hd__xnor2_1)
                                                         _173_ (net)
                      0.249368    0.000059    2.666323 ^ _297_/S (sky130_fd_sc_hd__mux2_1)
     2    0.006878    0.148951    0.818909    3.485232 v _297_/X (sky130_fd_sc_hd__mux2_1)
                                                         _177_ (net)
                      0.148951    0.000065    3.485297 v _329_/A1 (sky130_fd_sc_hd__a21boi_2)
     3    0.017422    0.368662    0.415023    3.900321 ^ _329_/Y (sky130_fd_sc_hd__a21boi_2)
                                                         _198_ (net)
                      0.368662    0.000322    3.900643 ^ max_cap23/A (sky130_fd_sc_hd__buf_8)
    20    0.118091    0.301366    0.465706    4.366349 ^ max_cap23/X (sky130_fd_sc_hd__buf_8)
                                                         net23 (net)
                      0.301380    0.002352    4.368701 ^ _498_/B (sky130_fd_sc_hd__nand4b_4)
     8    0.052205    0.521210    0.555919    4.924621 v _498_/Y (sky130_fd_sc_hd__nand4b_4)
                                                         _250_ (net)
                      0.521210    0.001241    4.925862 v _506_/S (sky130_fd_sc_hd__mux2_1)
     1    0.002103    0.105656    0.860012    5.785874 v _506_/X (sky130_fd_sc_hd__mux2_1)
                                                         _119_ (net)
                      0.105656    0.000020    5.785893 v _681_/D (sky130_fd_sc_hd__dfxtp_1)
                                              5.785893   data arrival time

                                 10.000000   10.000000   clock wclk (rise edge)
                                  0.000000   10.000000   clock source latency
     1    0.020608    0.000000    0.000000   10.000000 ^ wclk (in)
                                                         wclk (net)
                      0.001924    0.000962   10.000962 ^ clkbuf_0_wclk/A (sky130_fd_sc_hd__clkbuf_16)
    16    0.113775    0.195548    0.300371   10.301333 ^ clkbuf_0_wclk/X (sky130_fd_sc_hd__clkbuf_16)
                                                         clknet_0_wclk (net)
                      0.195564    0.001923   10.303256 ^ clkbuf_4_3_0_wclk/A (sky130_fd_sc_hd__clkbuf_8)
    10    0.027727    0.102003    0.311228   10.614484 ^ clkbuf_4_3_0_wclk/X (sky130_fd_sc_hd__clkbuf_8)
                                                         clknet_4_3_0_wclk (net)
                      0.102003    0.000162   10.614645 ^ _681_/CLK (sky130_fd_sc_hd__dfxtp_1)
                                  0.000000   10.614645   clock reconvergence pessimism
                                 -0.275172   10.339474   library setup time
                                             10.339474   data required time
---------------------------------------------------------------------------------------------
                                             10.339474   data required time
                                             -5.785893   data arrival time
---------------------------------------------------------------------------------------------
                                              4.553580   slack (MET)


Startpoint: _554_ (rising edge-triggered flip-flop clocked by wclk)
Endpoint: _675_ (rising edge-triggered flip-flop clocked by wclk)
Path Group: wclk
Path Type: max

Fanout         Cap        Slew       Delay        Time   Description
---------------------------------------------------------------------------------------------
                                  0.000000    0.000000   clock wclk (rise edge)
                                  0.000000    0.000000   clock source latency
     1    0.020608    0.000000    0.000000    0.000000 ^ wclk (in)
                                                         wclk (net)
                      0.001924    0.000962    0.000962 ^ clkbuf_0_wclk/A (sky130_fd_sc_hd__clkbuf_16)
    16    0.113775    0.195548    0.300371    0.301333 ^ clkbuf_0_wclk/X (sky130_fd_sc_hd__clkbuf_16)
                                                         clknet_0_wclk (net)
                      0.195552    0.001238    0.302572 ^ clkbuf_4_13_0_wclk/A (sky130_fd_sc_hd__clkbuf_8)
    10    0.032418    0.111752    0.321547    0.624119 ^ clkbuf_4_13_0_wclk/X (sky130_fd_sc_hd__clkbuf_8)
                                                         clknet_4_13_0_wclk (net)
                      0.111752    0.000253    0.624371 ^ _554_/CLK (sky130_fd_sc_hd__dfrtp_1)
     2    0.009387    0.132598    0.816823    1.441195 v _554_/Q (sky130_fd_sc_hd__dfrtp_1)
                                                         r_ptr_gray_sync[4] (net)
                      0.132598    0.000076    1.441270 v _291_/A (sky130_fd_sc_hd__xor2_1)
     3    0.011715    0.455124    0.466101    1.907372 ^ _291_/X (sky130_fd_sc_hd__xor2_1)
                                                         _171_ (net)
                      0.455124    0.000106    1.907478 ^ _292_/B (sky130_fd_sc_hd__xnor2_1)
     3    0.010439    0.446557    0.413451    2.320929 ^ _292_/Y (sky130_fd_sc_hd__xnor2_1)
                                                         _172_ (net)
                      0.446557    0.000148    2.321077 ^ _293_/B (sky130_fd_sc_hd__xnor2_1)
     1    0.004499    0.249368    0.345187    2.666264 ^ _293_/Y (sky130_fd_sc_hd__xnor2_1)
                                                         _173_ (net)
                      0.249368    0.000059    2.666323 ^ _297_/S (sky130_fd_sc_hd__mux2_1)
     2    0.006878    0.148951    0.818909    3.485232 v _297_/X (sky130_fd_sc_hd__mux2_1)
                                                         _177_ (net)
                      0.148951    0.000065    3.485297 v _329_/A1 (sky130_fd_sc_hd__a21boi_2)
     3    0.017422    0.368662    0.415023    3.900321 ^ _329_/Y (sky130_fd_sc_hd__a21boi_2)
                                                         _198_ (net)
                      0.368662    0.000322    3.900643 ^ max_cap23/A (sky130_fd_sc_hd__buf_8)
    20    0.118091    0.301366    0.465706    4.366349 ^ max_cap23/X (sky130_fd_sc_hd__buf_8)
                                                         net23 (net)
                      0.301380    0.002352    4.368701 ^ _498_/B (sky130_fd_sc_hd__nand4b_4)
     8    0.052205    0.521210    0.555919    4.924621 v _498_/Y (sky130_fd_sc_hd__nand4b_4)
                                                         _250_ (net)
                      0.521210    0.000453    4.925074 v _500_/S (sky130_fd_sc_hd__mux2_1)
     1    0.002353    0.108250    0.864339    5.789412 v _500_/X (sky130_fd_sc_hd__mux2_1)
                                                         _113_ (net)
                      0.108250    0.000026    5.789439 v _675_/D (sky130_fd_sc_hd__dfxtp_1)
                                              5.789439   data arrival time

                                 10.000000   10.000000   clock wclk (rise edge)
                                  0.000000   10.000000   clock source latency
     1    0.020608    0.000000    0.000000   10.000000 ^ wclk (in)
                                                         wclk (net)
                      0.001924    0.000962   10.000962 ^ clkbuf_0_wclk/A (sky130_fd_sc_hd__clkbuf_16)
    16    0.113775    0.195548    0.300371   10.301333 ^ clkbuf_0_wclk/X (sky130_fd_sc_hd__clkbuf_16)
                                                         clknet_0_wclk (net)
                      0.195551    0.001149   10.302483 ^ clkbuf_4_6_0_wclk/A (sky130_fd_sc_hd__clkbuf_8)
     8    0.031575    0.109760    0.319986   10.622469 ^ clkbuf_4_6_0_wclk/X (sky130_fd_sc_hd__clkbuf_8)
                                                         clknet_4_6_0_wclk (net)
                      0.109760    0.000115   10.622584 ^ _675_/CLK (sky130_fd_sc_hd__dfxtp_1)
                                  0.000000   10.622584   clock reconvergence pessimism
                                 -0.274159   10.348426   library setup time
                                             10.348426   data required time
---------------------------------------------------------------------------------------------
                                             10.348426   data required time
                                             -5.789439   data arrival time
---------------------------------------------------------------------------------------------
                                              4.558987   slack (MET)


Startpoint: _554_ (rising edge-triggered flip-flop clocked by wclk)
Endpoint: _602_ (rising edge-triggered flip-flop clocked by wclk)
Path Group: wclk
Path Type: max

Fanout         Cap        Slew       Delay        Time   Description
---------------------------------------------------------------------------------------------
                                  0.000000    0.000000   clock wclk (rise edge)
                                  0.000000    0.000000   clock source latency
     1    0.020608    0.000000    0.000000    0.000000 ^ wclk (in)
                                                         wclk (net)
                      0.001924    0.000962    0.000962 ^ clkbuf_0_wclk/A (sky130_fd_sc_hd__clkbuf_16)
    16    0.113775    0.195548    0.300371    0.301333 ^ clkbuf_0_wclk/X (sky130_fd_sc_hd__clkbuf_16)
                                                         clknet_0_wclk (net)
                      0.195552    0.001238    0.302572 ^ clkbuf_4_13_0_wclk/A (sky130_fd_sc_hd__clkbuf_8)
    10    0.032418    0.111752    0.321547    0.624119 ^ clkbuf_4_13_0_wclk/X (sky130_fd_sc_hd__clkbuf_8)
                                                         clknet_4_13_0_wclk (net)
                      0.111752    0.000253    0.624371 ^ _554_/CLK (sky130_fd_sc_hd__dfrtp_1)
     2    0.009387    0.132598    0.816823    1.441195 v _554_/Q (sky130_fd_sc_hd__dfrtp_1)
                                                         r_ptr_gray_sync[4] (net)
                      0.132598    0.000076    1.441270 v _291_/A (sky130_fd_sc_hd__xor2_1)
     3    0.011715    0.455124    0.466101    1.907372 ^ _291_/X (sky130_fd_sc_hd__xor2_1)
                                                         _171_ (net)
                      0.455124    0.000106    1.907478 ^ _292_/B (sky130_fd_sc_hd__xnor2_1)
     3    0.010439    0.446557    0.413451    2.320929 ^ _292_/Y (sky130_fd_sc_hd__xnor2_1)
                                                         _172_ (net)
                      0.446557    0.000148    2.321077 ^ _293_/B (sky130_fd_sc_hd__xnor2_1)
     1    0.004499    0.249368    0.345187    2.666264 ^ _293_/Y (sky130_fd_sc_hd__xnor2_1)
                                                         _173_ (net)
                      0.249368    0.000059    2.666323 ^ _297_/S (sky130_fd_sc_hd__mux2_1)
     2    0.006878    0.148951    0.818909    3.485232 v _297_/X (sky130_fd_sc_hd__mux2_1)
                                                         _177_ (net)
                      0.148951    0.000065    3.485297 v _329_/A1 (sky130_fd_sc_hd__a21boi_2)
     3    0.017422    0.368662    0.415023    3.900321 ^ _329_/Y (sky130_fd_sc_hd__a21boi_2)
                                                         _198_ (net)
                      0.368662    0.000322    3.900643 ^ max_cap23/A (sky130_fd_sc_hd__buf_8)
    20    0.118091    0.301366    0.465706    4.366349 ^ max_cap23/X (sky130_fd_sc_hd__buf_8)
                                                         net23 (net)
                      0.301377    0.002157    4.368505 ^ _434_/C (sky130_fd_sc_hd__nand4_4)
     8    0.050980    0.515374    0.555994    4.924500 v _434_/Y (sky130_fd_sc_hd__nand4_4)
                                                         _242_ (net)
                      0.515550    0.002194    4.926694 v _437_/S (sky130_fd_sc_hd__mux2_1)
     1    0.002412    0.106455    0.863017    5.789711 v _437_/X (sky130_fd_sc_hd__mux2_1)
                                                         _058_ (net)
                      0.106455    0.000026    5.789737 v _602_/D (sky130_fd_sc_hd__dfxtp_1)
                                              5.789737   data arrival time

                                 10.000000   10.000000   clock wclk (rise edge)
                                  0.000000   10.000000   clock source latency
     1    0.020608    0.000000    0.000000   10.000000 ^ wclk (in)
                                                         wclk (net)
                      0.001924    0.000962   10.000962 ^ clkbuf_0_wclk/A (sky130_fd_sc_hd__clkbuf_16)
    16    0.113775    0.195548    0.300371   10.301333 ^ clkbuf_0_wclk/X (sky130_fd_sc_hd__clkbuf_16)
                                                         clknet_0_wclk (net)
                      0.195571    0.002210   10.303543 ^ clkbuf_4_0_0_wclk/A (sky130_fd_sc_hd__clkbuf_8)
    12    0.032566    0.112105    0.321778   10.625321 ^ clkbuf_4_0_0_wclk/X (sky130_fd_sc_hd__clkbuf_8)
                                                         clknet_4_0_0_wclk (net)
                      0.112105    0.000422   10.625743 ^ _602_/CLK (sky130_fd_sc_hd__dfxtp_1)
                                  0.000000   10.625743   clock reconvergence pessimism
                                 -0.272781   10.352962   library setup time
                                             10.352962   data required time
---------------------------------------------------------------------------------------------
                                             10.352962   data required time
                                             -5.789737   data arrival time
---------------------------------------------------------------------------------------------
                                              4.563225   slack (MET)


Startpoint: _554_ (rising edge-triggered flip-flop clocked by wclk)
Endpoint: _600_ (rising edge-triggered flip-flop clocked by wclk)
Path Group: wclk
Path Type: max

Fanout         Cap        Slew       Delay        Time   Description
---------------------------------------------------------------------------------------------
                                  0.000000    0.000000   clock wclk (rise edge)
                                  0.000000    0.000000   clock source latency
     1    0.020608    0.000000    0.000000    0.000000 ^ wclk (in)
                                                         wclk (net)
                      0.001924    0.000962    0.000962 ^ clkbuf_0_wclk/A (sky130_fd_sc_hd__clkbuf_16)
    16    0.113775    0.195548    0.300371    0.301333 ^ clkbuf_0_wclk/X (sky130_fd_sc_hd__clkbuf_16)
                                                         clknet_0_wclk (net)
                      0.195552    0.001238    0.302572 ^ clkbuf_4_13_0_wclk/A (sky130_fd_sc_hd__clkbuf_8)
    10    0.032418    0.111752    0.321547    0.624119 ^ clkbuf_4_13_0_wclk/X (sky130_fd_sc_hd__clkbuf_8)
                                                         clknet_4_13_0_wclk (net)
                      0.111752    0.000253    0.624371 ^ _554_/CLK (sky130_fd_sc_hd__dfrtp_1)
     2    0.009387    0.132598    0.816823    1.441195 v _554_/Q (sky130_fd_sc_hd__dfrtp_1)
                                                         r_ptr_gray_sync[4] (net)
                      0.132598    0.000076    1.441270 v _291_/A (sky130_fd_sc_hd__xor2_1)
     3    0.011715    0.455124    0.466101    1.907372 ^ _291_/X (sky130_fd_sc_hd__xor2_1)
                                                         _171_ (net)
                      0.455124    0.000106    1.907478 ^ _292_/B (sky130_fd_sc_hd__xnor2_1)
     3    0.010439    0.446557    0.413451    2.320929 ^ _292_/Y (sky130_fd_sc_hd__xnor2_1)
                                                         _172_ (net)
                      0.446557    0.000148    2.321077 ^ _293_/B (sky130_fd_sc_hd__xnor2_1)
     1    0.004499    0.249368    0.345187    2.666264 ^ _293_/Y (sky130_fd_sc_hd__xnor2_1)
                                                         _173_ (net)
                      0.249368    0.000059    2.666323 ^ _297_/S (sky130_fd_sc_hd__mux2_1)
     2    0.006878    0.148951    0.818909    3.485232 v _297_/X (sky130_fd_sc_hd__mux2_1)
                                                         _177_ (net)
                      0.148951    0.000065    3.485297 v _329_/A1 (sky130_fd_sc_hd__a21boi_2)
     3    0.017422    0.368662    0.415023    3.900321 ^ _329_/Y (sky130_fd_sc_hd__a21boi_2)
                                                         _198_ (net)
                      0.368662    0.000322    3.900643 ^ max_cap23/A (sky130_fd_sc_hd__buf_8)
    20    0.118091    0.301366    0.465706    4.366349 ^ max_cap23/X (sky130_fd_sc_hd__buf_8)
                                                         net23 (net)
                      0.301377    0.002157    4.368505 ^ _434_/C (sky130_fd_sc_hd__nand4_4)
     8    0.050980    0.515374    0.555994    4.924500 v _434_/Y (sky130_fd_sc_hd__nand4_4)
                                                         _242_ (net)
                      0.515539    0.000841    4.925341 v _435_/S (sky130_fd_sc_hd__mux2_1)
     1    0.002351    0.108591    0.861974    5.787314 v _435_/X (sky130_fd_sc_hd__mux2_1)
                                                         _056_ (net)
                      0.108591    0.000017    5.787331 v _600_/D (sky130_fd_sc_hd__dfxtp_1)
                                              5.787331   data arrival time

                                 10.000000   10.000000   clock wclk (rise edge)
                                  0.000000   10.000000   clock source latency
     1    0.020608    0.000000    0.000000   10.000000 ^ wclk (in)
                                                         wclk (net)
                      0.001924    0.000962   10.000962 ^ clkbuf_0_wclk/A (sky130_fd_sc_hd__clkbuf_16)
    16    0.113775    0.195548    0.300371   10.301333 ^ clkbuf_0_wclk/X (sky130_fd_sc_hd__clkbuf_16)
                                                         clknet_0_wclk (net)
                      0.195554    0.001396   10.302730 ^ clkbuf_4_4_0_wclk/A (sky130_fd_sc_hd__clkbuf_8)
    10    0.032379    0.111664    0.321420   10.624150 ^ clkbuf_4_4_0_wclk/X (sky130_fd_sc_hd__clkbuf_8)
                                                         clknet_4_4_0_wclk (net)
                      0.111664    0.000306   10.624455 ^ _600_/CLK (sky130_fd_sc_hd__dfxtp_1)
                                  0.000000   10.624455   clock reconvergence pessimism
                                 -0.273787   10.350668   library setup time
                                             10.350668   data required time
---------------------------------------------------------------------------------------------
                                             10.350668   data required time
                                             -5.787331   data arrival time
---------------------------------------------------------------------------------------------
                                              4.563337   slack (MET)


Startpoint: _554_ (rising edge-triggered flip-flop clocked by wclk)
Endpoint: _605_ (rising edge-triggered flip-flop clocked by wclk)
Path Group: wclk
Path Type: max

Fanout         Cap        Slew       Delay        Time   Description
---------------------------------------------------------------------------------------------
                                  0.000000    0.000000   clock wclk (rise edge)
                                  0.000000    0.000000   clock source latency
     1    0.020608    0.000000    0.000000    0.000000 ^ wclk (in)
                                                         wclk (net)
                      0.001924    0.000962    0.000962 ^ clkbuf_0_wclk/A (sky130_fd_sc_hd__clkbuf_16)
    16    0.113775    0.195548    0.300371    0.301333 ^ clkbuf_0_wclk/X (sky130_fd_sc_hd__clkbuf_16)
                                                         clknet_0_wclk (net)
                      0.195552    0.001238    0.302572 ^ clkbuf_4_13_0_wclk/A (sky130_fd_sc_hd__clkbuf_8)
    10    0.032418    0.111752    0.321547    0.624119 ^ clkbuf_4_13_0_wclk/X (sky130_fd_sc_hd__clkbuf_8)
                                                         clknet_4_13_0_wclk (net)
                      0.111752    0.000253    0.624371 ^ _554_/CLK (sky130_fd_sc_hd__dfrtp_1)
     2    0.009387    0.132598    0.816823    1.441195 v _554_/Q (sky130_fd_sc_hd__dfrtp_1)
                                                         r_ptr_gray_sync[4] (net)
                      0.132598    0.000076    1.441270 v _291_/A (sky130_fd_sc_hd__xor2_1)
     3    0.011715    0.455124    0.466101    1.907372 ^ _291_/X (sky130_fd_sc_hd__xor2_1)
                                                         _171_ (net)
                      0.455124    0.000106    1.907478 ^ _292_/B (sky130_fd_sc_hd__xnor2_1)
     3    0.010439    0.446557    0.413451    2.320929 ^ _292_/Y (sky130_fd_sc_hd__xnor2_1)
                                                         _172_ (net)
                      0.446557    0.000148    2.321077 ^ _293_/B (sky130_fd_sc_hd__xnor2_1)
     1    0.004499    0.249368    0.345187    2.666264 ^ _293_/Y (sky130_fd_sc_hd__xnor2_1)
                                                         _173_ (net)
                      0.249368    0.000059    2.666323 ^ _297_/S (sky130_fd_sc_hd__mux2_1)
     2    0.006878    0.148951    0.818909    3.485232 v _297_/X (sky130_fd_sc_hd__mux2_1)
                                                         _177_ (net)
                      0.148951    0.000065    3.485297 v _329_/A1 (sky130_fd_sc_hd__a21boi_2)
     3    0.017422    0.368662    0.415023    3.900321 ^ _329_/Y (sky130_fd_sc_hd__a21boi_2)
                                                         _198_ (net)
                      0.368662    0.000322    3.900643 ^ max_cap23/A (sky130_fd_sc_hd__buf_8)
    20    0.118091    0.301366    0.465706    4.366349 ^ max_cap23/X (sky130_fd_sc_hd__buf_8)
                                                         net23 (net)
                      0.301377    0.002157    4.368505 ^ _434_/C (sky130_fd_sc_hd__nand4_4)
     8    0.050980    0.515374    0.555994    4.924500 v _434_/Y (sky130_fd_sc_hd__nand4_4)
                                                         _242_ (net)
                      0.515540    0.001060    4.925560 v _440_/S (sky130_fd_sc_hd__mux2_1)
     1    0.002383    0.109037    0.862520    5.788080 v _440_/X (sky130_fd_sc_hd__mux2_1)
                                                         _061_ (net)
                      0.109037    0.000025    5.788105 v _605_/D (sky130_fd_sc_hd__dfxtp_1)
                                              5.788105   data arrival time

                                 10.000000   10.000000   clock wclk (rise edge)
                                  0.000000   10.000000   clock source latency
     1    0.020608    0.000000    0.000000   10.000000 ^ wclk (in)
                                                         wclk (net)
                      0.001924    0.000962   10.000962 ^ clkbuf_0_wclk/A (sky130_fd_sc_hd__clkbuf_16)
    16    0.113775    0.195548    0.300371   10.301333 ^ clkbuf_0_wclk/X (sky130_fd_sc_hd__clkbuf_16)
                                                         clknet_0_wclk (net)
                      0.195572    0.002235   10.303568 ^ clkbuf_4_1_0_wclk/A (sky130_fd_sc_hd__clkbuf_8)
    11    0.033575    0.114491    0.323738   10.627306 ^ clkbuf_4_1_0_wclk/X (sky130_fd_sc_hd__clkbuf_8)
                                                         clknet_4_1_0_wclk (net)
                      0.114491    0.000140   10.627447 ^ _605_/CLK (sky130_fd_sc_hd__dfxtp_1)
                                  0.000000   10.627447   clock reconvergence pessimism
                                 -0.273210   10.354237   library setup time
                                             10.354237   data required time
---------------------------------------------------------------------------------------------
                                             10.354237   data required time
                                             -5.788105   data arrival time
---------------------------------------------------------------------------------------------
                                              4.566132   slack (MET)


Startpoint: _554_ (rising edge-triggered flip-flop clocked by wclk)
Endpoint: _607_ (rising edge-triggered flip-flop clocked by wclk)
Path Group: wclk
Path Type: max

Fanout         Cap        Slew       Delay        Time   Description
---------------------------------------------------------------------------------------------
                                  0.000000    0.000000   clock wclk (rise edge)
                                  0.000000    0.000000   clock source latency
     1    0.020608    0.000000    0.000000    0.000000 ^ wclk (in)
                                                         wclk (net)
                      0.001924    0.000962    0.000962 ^ clkbuf_0_wclk/A (sky130_fd_sc_hd__clkbuf_16)
    16    0.113775    0.195548    0.300371    0.301333 ^ clkbuf_0_wclk/X (sky130_fd_sc_hd__clkbuf_16)
                                                         clknet_0_wclk (net)
                      0.195552    0.001238    0.302572 ^ clkbuf_4_13_0_wclk/A (sky130_fd_sc_hd__clkbuf_8)
    10    0.032418    0.111752    0.321547    0.624119 ^ clkbuf_4_13_0_wclk/X (sky130_fd_sc_hd__clkbuf_8)
                                                         clknet_4_13_0_wclk (net)
                      0.111752    0.000253    0.624371 ^ _554_/CLK (sky130_fd_sc_hd__dfrtp_1)
     2    0.009387    0.132598    0.816823    1.441195 v _554_/Q (sky130_fd_sc_hd__dfrtp_1)
                                                         r_ptr_gray_sync[4] (net)
                      0.132598    0.000076    1.441270 v _291_/A (sky130_fd_sc_hd__xor2_1)
     3    0.011715    0.455124    0.466101    1.907372 ^ _291_/X (sky130_fd_sc_hd__xor2_1)
                                                         _171_ (net)
                      0.455124    0.000106    1.907478 ^ _292_/B (sky130_fd_sc_hd__xnor2_1)
     3    0.010439    0.446557    0.413451    2.320929 ^ _292_/Y (sky130_fd_sc_hd__xnor2_1)
                                                         _172_ (net)
                      0.446557    0.000148    2.321077 ^ _293_/B (sky130_fd_sc_hd__xnor2_1)
     1    0.004499    0.249368    0.345187    2.666264 ^ _293_/Y (sky130_fd_sc_hd__xnor2_1)
                                                         _173_ (net)
                      0.249368    0.000059    2.666323 ^ _297_/S (sky130_fd_sc_hd__mux2_1)
     2    0.006878    0.148951    0.818909    3.485232 v _297_/X (sky130_fd_sc_hd__mux2_1)
                                                         _177_ (net)
                      0.148951    0.000065    3.485297 v _329_/A1 (sky130_fd_sc_hd__a21boi_2)
     3    0.017422    0.368662    0.415023    3.900321 ^ _329_/Y (sky130_fd_sc_hd__a21boi_2)
                                                         _198_ (net)
                      0.368662    0.000322    3.900643 ^ max_cap23/A (sky130_fd_sc_hd__buf_8)
    20    0.118091    0.301366    0.465706    4.366349 ^ max_cap23/X (sky130_fd_sc_hd__buf_8)
                                                         net23 (net)
                      0.301377    0.002157    4.368505 ^ _434_/C (sky130_fd_sc_hd__nand4_4)
     8    0.050980    0.515374    0.555994    4.924500 v _434_/Y (sky130_fd_sc_hd__nand4_4)
                                                         _242_ (net)
                      0.515548    0.002029    4.926529 v _442_/S (sky130_fd_sc_hd__mux2_1)
     1    0.002142    0.106107    0.858350    5.784880 v _442_/X (sky130_fd_sc_hd__mux2_1)
                                                         _063_ (net)
                      0.106107    0.000021    5.784901 v _607_/D (sky130_fd_sc_hd__dfxtp_1)
                                              5.784901   data arrival time

                                 10.000000   10.000000   clock wclk (rise edge)
                                  0.000000   10.000000   clock source latency
     1    0.020608    0.000000    0.000000   10.000000 ^ wclk (in)
                                                         wclk (net)
                      0.001924    0.000962   10.000962 ^ clkbuf_0_wclk/A (sky130_fd_sc_hd__clkbuf_16)
    16    0.113775    0.195548    0.300371   10.301333 ^ clkbuf_0_wclk/X (sky130_fd_sc_hd__clkbuf_16)
                                                         clknet_0_wclk (net)
                      0.195564    0.001920   10.303254 ^ clkbuf_4_2_0_wclk/A (sky130_fd_sc_hd__clkbuf_8)
    12    0.032585    0.112062    0.321712   10.624966 ^ clkbuf_4_2_0_wclk/X (sky130_fd_sc_hd__clkbuf_8)
                                                         clknet_4_2_0_wclk (net)
                      0.112065    0.000793   10.625759 ^ _607_/CLK (sky130_fd_sc_hd__dfxtp_1)
                                  0.000000   10.625759   clock reconvergence pessimism
                                 -0.272647   10.353112   library setup time
                                             10.353112   data required time
---------------------------------------------------------------------------------------------
                                             10.353112   data required time
                                             -5.784901   data arrival time
---------------------------------------------------------------------------------------------
                                              4.568212   slack (MET)


Startpoint: _554_ (rising edge-triggered flip-flop clocked by wclk)
Endpoint: _606_ (rising edge-triggered flip-flop clocked by wclk)
Path Group: wclk
Path Type: max

Fanout         Cap        Slew       Delay        Time   Description
---------------------------------------------------------------------------------------------
                                  0.000000    0.000000   clock wclk (rise edge)
                                  0.000000    0.000000   clock source latency
     1    0.020608    0.000000    0.000000    0.000000 ^ wclk (in)
                                                         wclk (net)
                      0.001924    0.000962    0.000962 ^ clkbuf_0_wclk/A (sky130_fd_sc_hd__clkbuf_16)
    16    0.113775    0.195548    0.300371    0.301333 ^ clkbuf_0_wclk/X (sky130_fd_sc_hd__clkbuf_16)
                                                         clknet_0_wclk (net)
                      0.195552    0.001238    0.302572 ^ clkbuf_4_13_0_wclk/A (sky130_fd_sc_hd__clkbuf_8)
    10    0.032418    0.111752    0.321547    0.624119 ^ clkbuf_4_13_0_wclk/X (sky130_fd_sc_hd__clkbuf_8)
                                                         clknet_4_13_0_wclk (net)
                      0.111752    0.000253    0.624371 ^ _554_/CLK (sky130_fd_sc_hd__dfrtp_1)
     2    0.009387    0.132598    0.816823    1.441195 v _554_/Q (sky130_fd_sc_hd__dfrtp_1)
                                                         r_ptr_gray_sync[4] (net)
                      0.132598    0.000076    1.441270 v _291_/A (sky130_fd_sc_hd__xor2_1)
     3    0.011715    0.455124    0.466101    1.907372 ^ _291_/X (sky130_fd_sc_hd__xor2_1)
                                                         _171_ (net)
                      0.455124    0.000106    1.907478 ^ _292_/B (sky130_fd_sc_hd__xnor2_1)
     3    0.010439    0.446557    0.413451    2.320929 ^ _292_/Y (sky130_fd_sc_hd__xnor2_1)
                                                         _172_ (net)
                      0.446557    0.000148    2.321077 ^ _293_/B (sky130_fd_sc_hd__xnor2_1)
     1    0.004499    0.249368    0.345187    2.666264 ^ _293_/Y (sky130_fd_sc_hd__xnor2_1)
                                                         _173_ (net)
                      0.249368    0.000059    2.666323 ^ _297_/S (sky130_fd_sc_hd__mux2_1)
     2    0.006878    0.148951    0.818909    3.485232 v _297_/X (sky130_fd_sc_hd__mux2_1)
                                                         _177_ (net)
                      0.148951    0.000065    3.485297 v _329_/A1 (sky130_fd_sc_hd__a21boi_2)
     3    0.017422    0.368662    0.415023    3.900321 ^ _329_/Y (sky130_fd_sc_hd__a21boi_2)
                                                         _198_ (net)
                      0.368662    0.000322    3.900643 ^ max_cap23/A (sky130_fd_sc_hd__buf_8)
    20    0.118091    0.301366    0.465706    4.366349 ^ max_cap23/X (sky130_fd_sc_hd__buf_8)
                                                         net23 (net)
                      0.301377    0.002157    4.368505 ^ _434_/C (sky130_fd_sc_hd__nand4_4)
     8    0.050980    0.515374    0.555994    4.924500 v _434_/Y (sky130_fd_sc_hd__nand4_4)
                                                         _242_ (net)
                      0.515548    0.001972    4.926472 v _441_/S (sky130_fd_sc_hd__mux2_1)
     1    0.002114    0.105780    0.857872    5.784345 v _441_/X (sky130_fd_sc_hd__mux2_1)
                                                         _062_ (net)
                      0.105780    0.000020    5.784365 v _606_/D (sky130_fd_sc_hd__dfxtp_1)
                                              5.784365   data arrival time

                                 10.000000   10.000000   clock wclk (rise edge)
                                  0.000000   10.000000   clock source latency
     1    0.020608    0.000000    0.000000   10.000000 ^ wclk (in)
                                                         wclk (net)
                      0.001924    0.000962   10.000962 ^ clkbuf_0_wclk/A (sky130_fd_sc_hd__clkbuf_16)
    16    0.113775    0.195548    0.300371   10.301333 ^ clkbuf_0_wclk/X (sky130_fd_sc_hd__clkbuf_16)
                                                         clknet_0_wclk (net)
                      0.195564    0.001920   10.303254 ^ clkbuf_4_2_0_wclk/A (sky130_fd_sc_hd__clkbuf_8)
    12    0.032585    0.112062    0.321712   10.624966 ^ clkbuf_4_2_0_wclk/X (sky130_fd_sc_hd__clkbuf_8)
                                                         clknet_4_2_0_wclk (net)
                      0.112063    0.000600   10.625566 ^ _606_/CLK (sky130_fd_sc_hd__dfxtp_1)
                                  0.000000   10.625566   clock reconvergence pessimism
                                 -0.272512   10.353055   library setup time
                                             10.353055   data required time
---------------------------------------------------------------------------------------------
                                             10.353055   data required time
                                             -5.784365   data arrival time
---------------------------------------------------------------------------------------------
                                              4.568690   slack (MET)


Startpoint: _554_ (rising edge-triggered flip-flop clocked by wclk)
Endpoint: _601_ (rising edge-triggered flip-flop clocked by wclk)
Path Group: wclk
Path Type: max

Fanout         Cap        Slew       Delay        Time   Description
---------------------------------------------------------------------------------------------
                                  0.000000    0.000000   clock wclk (rise edge)
                                  0.000000    0.000000   clock source latency
     1    0.020608    0.000000    0.000000    0.000000 ^ wclk (in)
                                                         wclk (net)
                      0.001924    0.000962    0.000962 ^ clkbuf_0_wclk/A (sky130_fd_sc_hd__clkbuf_16)
    16    0.113775    0.195548    0.300371    0.301333 ^ clkbuf_0_wclk/X (sky130_fd_sc_hd__clkbuf_16)
                                                         clknet_0_wclk (net)
                      0.195552    0.001238    0.302572 ^ clkbuf_4_13_0_wclk/A (sky130_fd_sc_hd__clkbuf_8)
    10    0.032418    0.111752    0.321547    0.624119 ^ clkbuf_4_13_0_wclk/X (sky130_fd_sc_hd__clkbuf_8)
                                                         clknet_4_13_0_wclk (net)
                      0.111752    0.000253    0.624371 ^ _554_/CLK (sky130_fd_sc_hd__dfrtp_1)
     2    0.009387    0.132598    0.816823    1.441195 v _554_/Q (sky130_fd_sc_hd__dfrtp_1)
                                                         r_ptr_gray_sync[4] (net)
                      0.132598    0.000076    1.441270 v _291_/A (sky130_fd_sc_hd__xor2_1)
     3    0.011715    0.455124    0.466101    1.907372 ^ _291_/X (sky130_fd_sc_hd__xor2_1)
                                                         _171_ (net)
                      0.455124    0.000106    1.907478 ^ _292_/B (sky130_fd_sc_hd__xnor2_1)
     3    0.010439    0.446557    0.413451    2.320929 ^ _292_/Y (sky130_fd_sc_hd__xnor2_1)
                                                         _172_ (net)
                      0.446557    0.000148    2.321077 ^ _293_/B (sky130_fd_sc_hd__xnor2_1)
     1    0.004499    0.249368    0.345187    2.666264 ^ _293_/Y (sky130_fd_sc_hd__xnor2_1)
                                                         _173_ (net)
                      0.249368    0.000059    2.666323 ^ _297_/S (sky130_fd_sc_hd__mux2_1)
     2    0.006878    0.148951    0.818909    3.485232 v _297_/X (sky130_fd_sc_hd__mux2_1)
                                                         _177_ (net)
                      0.148951    0.000065    3.485297 v _329_/A1 (sky130_fd_sc_hd__a21boi_2)
     3    0.017422    0.368662    0.415023    3.900321 ^ _329_/Y (sky130_fd_sc_hd__a21boi_2)
                                                         _198_ (net)
                      0.368662    0.000322    3.900643 ^ max_cap23/A (sky130_fd_sc_hd__buf_8)
    20    0.118091    0.301366    0.465706    4.366349 ^ max_cap23/X (sky130_fd_sc_hd__buf_8)
                                                         net23 (net)
                      0.301377    0.002157    4.368505 ^ _434_/C (sky130_fd_sc_hd__nand4_4)
     8    0.050980    0.515374    0.555994    4.924500 v _434_/Y (sky130_fd_sc_hd__nand4_4)
                                                         _242_ (net)
                      0.515538    0.000758    4.925258 v _436_/S (sky130_fd_sc_hd__mux2_1)
     1    0.001961    0.104094    0.855220    5.780478 v _436_/X (sky130_fd_sc_hd__mux2_1)
                                                         _057_ (net)
                      0.104094    0.000017    5.780495 v _601_/D (sky130_fd_sc_hd__dfxtp_1)
                                              5.780495   data arrival time

                                 10.000000   10.000000   clock wclk (rise edge)
                                  0.000000   10.000000   clock source latency
     1    0.020608    0.000000    0.000000   10.000000 ^ wclk (in)
                                                         wclk (net)
                      0.001924    0.000962   10.000962 ^ clkbuf_0_wclk/A (sky130_fd_sc_hd__clkbuf_16)
    16    0.113775    0.195548    0.300371   10.301333 ^ clkbuf_0_wclk/X (sky130_fd_sc_hd__clkbuf_16)
                                                         clknet_0_wclk (net)
                      0.195551    0.001149   10.302483 ^ clkbuf_4_6_0_wclk/A (sky130_fd_sc_hd__clkbuf_8)
     8    0.031575    0.109760    0.319986   10.622469 ^ clkbuf_4_6_0_wclk/X (sky130_fd_sc_hd__clkbuf_8)
                                                         clknet_4_6_0_wclk (net)
                      0.109760    0.000302   10.622770 ^ _601_/CLK (sky130_fd_sc_hd__dfxtp_1)
                                  0.000000   10.622770   clock reconvergence pessimism
                                 -0.272432   10.350338   library setup time
                                             10.350338   data required time
---------------------------------------------------------------------------------------------
                                             10.350338   data required time
                                             -5.780495   data arrival time
---------------------------------------------------------------------------------------------
                                              4.569843   slack (MET)


Startpoint: _554_ (rising edge-triggered flip-flop clocked by wclk)
Endpoint: _604_ (rising edge-triggered flip-flop clocked by wclk)
Path Group: wclk
Path Type: max

Fanout         Cap        Slew       Delay        Time   Description
---------------------------------------------------------------------------------------------
                                  0.000000    0.000000   clock wclk (rise edge)
                                  0.000000    0.000000   clock source latency
     1    0.020608    0.000000    0.000000    0.000000 ^ wclk (in)
                                                         wclk (net)
                      0.001924    0.000962    0.000962 ^ clkbuf_0_wclk/A (sky130_fd_sc_hd__clkbuf_16)
    16    0.113775    0.195548    0.300371    0.301333 ^ clkbuf_0_wclk/X (sky130_fd_sc_hd__clkbuf_16)
                                                         clknet_0_wclk (net)
                      0.195552    0.001238    0.302572 ^ clkbuf_4_13_0_wclk/A (sky130_fd_sc_hd__clkbuf_8)
    10    0.032418    0.111752    0.321547    0.624119 ^ clkbuf_4_13_0_wclk/X (sky130_fd_sc_hd__clkbuf_8)
                                                         clknet_4_13_0_wclk (net)
                      0.111752    0.000253    0.624371 ^ _554_/CLK (sky130_fd_sc_hd__dfrtp_1)
     2    0.009387    0.132598    0.816823    1.441195 v _554_/Q (sky130_fd_sc_hd__dfrtp_1)
                                                         r_ptr_gray_sync[4] (net)
                      0.132598    0.000076    1.441270 v _291_/A (sky130_fd_sc_hd__xor2_1)
     3    0.011715    0.455124    0.466101    1.907372 ^ _291_/X (sky130_fd_sc_hd__xor2_1)
                                                         _171_ (net)
                      0.455124    0.000106    1.907478 ^ _292_/B (sky130_fd_sc_hd__xnor2_1)
     3    0.010439    0.446557    0.413451    2.320929 ^ _292_/Y (sky130_fd_sc_hd__xnor2_1)
                                                         _172_ (net)
                      0.446557    0.000148    2.321077 ^ _293_/B (sky130_fd_sc_hd__xnor2_1)
     1    0.004499    0.249368    0.345187    2.666264 ^ _293_/Y (sky130_fd_sc_hd__xnor2_1)
                                                         _173_ (net)
                      0.249368    0.000059    2.666323 ^ _297_/S (sky130_fd_sc_hd__mux2_1)
     2    0.006878    0.148951    0.818909    3.485232 v _297_/X (sky130_fd_sc_hd__mux2_1)
                                                         _177_ (net)
                      0.148951    0.000065    3.485297 v _329_/A1 (sky130_fd_sc_hd__a21boi_2)
     3    0.017422    0.368662    0.415023    3.900321 ^ _329_/Y (sky130_fd_sc_hd__a21boi_2)
                                                         _198_ (net)
                      0.368662    0.000322    3.900643 ^ max_cap23/A (sky130_fd_sc_hd__buf_8)
    20    0.118091    0.301366    0.465706    4.366349 ^ max_cap23/X (sky130_fd_sc_hd__buf_8)
                                                         net23 (net)
                      0.301377    0.002157    4.368505 ^ _434_/C (sky130_fd_sc_hd__nand4_4)
     8    0.050980    0.515374    0.555994    4.924500 v _434_/Y (sky130_fd_sc_hd__nand4_4)
                                                         _242_ (net)
                      0.515540    0.001140    4.925641 v _439_/S (sky130_fd_sc_hd__mux2_1)
     1    0.002073    0.105395    0.857148    5.782789 v _439_/X (sky130_fd_sc_hd__mux2_1)
                                                         _060_ (net)
                      0.105395    0.000020    5.782808 v _604_/D (sky130_fd_sc_hd__dfxtp_1)
                                              5.782808   data arrival time

                                 10.000000   10.000000   clock wclk (rise edge)
                                  0.000000   10.000000   clock source latency
     1    0.020608    0.000000    0.000000   10.000000 ^ wclk (in)
                                                         wclk (net)
                      0.001924    0.000962   10.000962 ^ clkbuf_0_wclk/A (sky130_fd_sc_hd__clkbuf_16)
    16    0.113775    0.195548    0.300371   10.301333 ^ clkbuf_0_wclk/X (sky130_fd_sc_hd__clkbuf_16)
                                                         clknet_0_wclk (net)
                      0.195571    0.002210   10.303543 ^ clkbuf_4_0_0_wclk/A (sky130_fd_sc_hd__clkbuf_8)
    12    0.032566    0.112105    0.321778   10.625321 ^ clkbuf_4_0_0_wclk/X (sky130_fd_sc_hd__clkbuf_8)
                                                         clknet_4_0_0_wclk (net)
                      0.112105    0.000188   10.625509 ^ _604_/CLK (sky130_fd_sc_hd__dfxtp_1)
                                  0.000000   10.625509   clock reconvergence pessimism
                                 -0.272340   10.353169   library setup time
                                             10.353169   data required time
---------------------------------------------------------------------------------------------
                                             10.353169   data required time
                                             -5.782808   data arrival time
---------------------------------------------------------------------------------------------
                                              4.570361   slack (MET)


Startpoint: _554_ (rising edge-triggered flip-flop clocked by wclk)
Endpoint: _590_ (rising edge-triggered flip-flop clocked by wclk)
Path Group: wclk
Path Type: max

Fanout         Cap        Slew       Delay        Time   Description
---------------------------------------------------------------------------------------------
                                  0.000000    0.000000   clock wclk (rise edge)
                                  0.000000    0.000000   clock source latency
     1    0.020608    0.000000    0.000000    0.000000 ^ wclk (in)
                                                         wclk (net)
                      0.001924    0.000962    0.000962 ^ clkbuf_0_wclk/A (sky130_fd_sc_hd__clkbuf_16)
    16    0.113775    0.195548    0.300371    0.301333 ^ clkbuf_0_wclk/X (sky130_fd_sc_hd__clkbuf_16)
                                                         clknet_0_wclk (net)
                      0.195552    0.001238    0.302572 ^ clkbuf_4_13_0_wclk/A (sky130_fd_sc_hd__clkbuf_8)
    10    0.032418    0.111752    0.321547    0.624119 ^ clkbuf_4_13_0_wclk/X (sky130_fd_sc_hd__clkbuf_8)
                                                         clknet_4_13_0_wclk (net)
                      0.111752    0.000253    0.624371 ^ _554_/CLK (sky130_fd_sc_hd__dfrtp_1)
     2    0.009387    0.132598    0.816823    1.441195 v _554_/Q (sky130_fd_sc_hd__dfrtp_1)
                                                         r_ptr_gray_sync[4] (net)
                      0.132598    0.000076    1.441270 v _291_/A (sky130_fd_sc_hd__xor2_1)
     3    0.011715    0.455124    0.466101    1.907372 ^ _291_/X (sky130_fd_sc_hd__xor2_1)
                                                         _171_ (net)
                      0.455124    0.000106    1.907478 ^ _292_/B (sky130_fd_sc_hd__xnor2_1)
     3    0.010439    0.446557    0.413451    2.320929 ^ _292_/Y (sky130_fd_sc_hd__xnor2_1)
                                                         _172_ (net)
                      0.446557    0.000148    2.321077 ^ _293_/B (sky130_fd_sc_hd__xnor2_1)
     1    0.004499    0.249368    0.345187    2.666264 ^ _293_/Y (sky130_fd_sc_hd__xnor2_1)
                                                         _173_ (net)
                      0.249368    0.000059    2.666323 ^ _297_/S (sky130_fd_sc_hd__mux2_1)
     2    0.006878    0.148951    0.818909    3.485232 v _297_/X (sky130_fd_sc_hd__mux2_1)
                                                         _177_ (net)
                      0.148951    0.000065    3.485297 v _329_/A1 (sky130_fd_sc_hd__a21boi_2)
     3    0.017422    0.368662    0.415023    3.900321 ^ _329_/Y (sky130_fd_sc_hd__a21boi_2)
                                                         _198_ (net)
                      0.368662    0.000322    3.900643 ^ max_cap23/A (sky130_fd_sc_hd__buf_8)
    20    0.118091    0.301366    0.465706    4.366349 ^ max_cap23/X (sky130_fd_sc_hd__buf_8)
                                                         net23 (net)
                      0.301378    0.002262    4.368611 ^ _415_/C (sky130_fd_sc_hd__nand4_4)
     8    0.049006    0.501158    0.542793    4.911404 v _415_/Y (sky130_fd_sc_hd__nand4_4)
                                                         _239_ (net)
                      0.501186    0.003071    4.914475 v _422_/S (sky130_fd_sc_hd__mux2_1)
     1    0.002934    0.111614    0.866126    5.780601 v _422_/X (sky130_fd_sc_hd__mux2_1)
                                                         _046_ (net)
                      0.111614    0.000040    5.780641 v _590_/D (sky130_fd_sc_hd__dfxtp_1)
                                              5.780641   data arrival time

                                 10.000000   10.000000   clock wclk (rise edge)
                                  0.000000   10.000000   clock source latency
     1    0.020608    0.000000    0.000000   10.000000 ^ wclk (in)
                                                         wclk (net)
                      0.001924    0.000962   10.000962 ^ clkbuf_0_wclk/A (sky130_fd_sc_hd__clkbuf_16)
    16    0.113775    0.195548    0.300371   10.301333 ^ clkbuf_0_wclk/X (sky130_fd_sc_hd__clkbuf_16)
                                                         clknet_0_wclk (net)
                      0.195561    0.001800   10.303134 ^ clkbuf_4_11_0_wclk/A (sky130_fd_sc_hd__clkbuf_8)
    11    0.032803    0.112664    0.322260   10.625394 ^ clkbuf_4_11_0_wclk/X (sky130_fd_sc_hd__clkbuf_8)
                                                         clknet_4_11_0_wclk (net)
                      0.112664    0.000439   10.625833 ^ _590_/CLK (sky130_fd_sc_hd__dfxtp_1)
                                  0.000000   10.625833   clock reconvergence pessimism
                                 -0.274773   10.351060   library setup time
                                             10.351060   data required time
---------------------------------------------------------------------------------------------
                                             10.351060   data required time
                                             -5.780641   data arrival time
---------------------------------------------------------------------------------------------
                                              4.570419   slack (MET)


Startpoint: _554_ (rising edge-triggered flip-flop clocked by wclk)
Endpoint: _678_ (rising edge-triggered flip-flop clocked by wclk)
Path Group: wclk
Path Type: max

Fanout         Cap        Slew       Delay        Time   Description
---------------------------------------------------------------------------------------------
                                  0.000000    0.000000   clock wclk (rise edge)
                                  0.000000    0.000000   clock source latency
     1    0.020608    0.000000    0.000000    0.000000 ^ wclk (in)
                                                         wclk (net)
                      0.001924    0.000962    0.000962 ^ clkbuf_0_wclk/A (sky130_fd_sc_hd__clkbuf_16)
    16    0.113775    0.195548    0.300371    0.301333 ^ clkbuf_0_wclk/X (sky130_fd_sc_hd__clkbuf_16)
                                                         clknet_0_wclk (net)
                      0.195552    0.001238    0.302572 ^ clkbuf_4_13_0_wclk/A (sky130_fd_sc_hd__clkbuf_8)
    10    0.032418    0.111752    0.321547    0.624119 ^ clkbuf_4_13_0_wclk/X (sky130_fd_sc_hd__clkbuf_8)
                                                         clknet_4_13_0_wclk (net)
                      0.111752    0.000253    0.624371 ^ _554_/CLK (sky130_fd_sc_hd__dfrtp_1)
     2    0.009387    0.132598    0.816823    1.441195 v _554_/Q (sky130_fd_sc_hd__dfrtp_1)
                                                         r_ptr_gray_sync[4] (net)
                      0.132598    0.000076    1.441270 v _291_/A (sky130_fd_sc_hd__xor2_1)
     3    0.011715    0.455124    0.466101    1.907372 ^ _291_/X (sky130_fd_sc_hd__xor2_1)
                                                         _171_ (net)
                      0.455124    0.000106    1.907478 ^ _292_/B (sky130_fd_sc_hd__xnor2_1)
     3    0.010439    0.446557    0.413451    2.320929 ^ _292_/Y (sky130_fd_sc_hd__xnor2_1)
                                                         _172_ (net)
                      0.446557    0.000148    2.321077 ^ _293_/B (sky130_fd_sc_hd__xnor2_1)
     1    0.004499    0.249368    0.345187    2.666264 ^ _293_/Y (sky130_fd_sc_hd__xnor2_1)
                                                         _173_ (net)
                      0.249368    0.000059    2.666323 ^ _297_/S (sky130_fd_sc_hd__mux2_1)
     2    0.006878    0.148951    0.818909    3.485232 v _297_/X (sky130_fd_sc_hd__mux2_1)
                                                         _177_ (net)
                      0.148951    0.000065    3.485297 v _329_/A1 (sky130_fd_sc_hd__a21boi_2)
     3    0.017422    0.368662    0.415023    3.900321 ^ _329_/Y (sky130_fd_sc_hd__a21boi_2)
                                                         _198_ (net)
                      0.368662    0.000322    3.900643 ^ max_cap23/A (sky130_fd_sc_hd__buf_8)
    20    0.118091    0.301366    0.465706    4.366349 ^ max_cap23/X (sky130_fd_sc_hd__buf_8)
                                                         net23 (net)
                      0.301380    0.002352    4.368701 ^ _498_/B (sky130_fd_sc_hd__nand4b_4)
     8    0.052205    0.521210    0.555919    4.924621 v _498_/Y (sky130_fd_sc_hd__nand4b_4)
                                                         _250_ (net)
                      0.521210    0.001195    4.925816 v _503_/S (sky130_fd_sc_hd__mux2_1)
     1    0.002048    0.105112    0.859064    5.784879 v _503_/X (sky130_fd_sc_hd__mux2_1)
                                                         _116_ (net)
                      0.105112    0.000019    5.784898 v _678_/D (sky130_fd_sc_hd__dfxtp_1)
                                              5.784898   data arrival time

                                 10.000000   10.000000   clock wclk (rise edge)
                                  0.000000   10.000000   clock source latency
     1    0.020608    0.000000    0.000000   10.000000 ^ wclk (in)
                                                         wclk (net)
                      0.001924    0.000962   10.000962 ^ clkbuf_0_wclk/A (sky130_fd_sc_hd__clkbuf_16)
    16    0.113775    0.195548    0.300371   10.301333 ^ clkbuf_0_wclk/X (sky130_fd_sc_hd__clkbuf_16)
                                                         clknet_0_wclk (net)
                      0.195572    0.002235   10.303568 ^ clkbuf_4_1_0_wclk/A (sky130_fd_sc_hd__clkbuf_8)
    11    0.033575    0.114491    0.323738   10.627306 ^ clkbuf_4_1_0_wclk/X (sky130_fd_sc_hd__clkbuf_8)
                                                         clknet_4_1_0_wclk (net)
                      0.114491    0.000255   10.627562 ^ _678_/CLK (sky130_fd_sc_hd__dfxtp_1)
                                  0.000000   10.627562   clock reconvergence pessimism
                                 -0.271580   10.355981   library setup time
                                             10.355981   data required time
---------------------------------------------------------------------------------------------
                                             10.355981   data required time
                                             -5.784898   data arrival time
---------------------------------------------------------------------------------------------
                                              4.571083   slack (MET)


Startpoint: _554_ (rising edge-triggered flip-flop clocked by wclk)
Endpoint: _584_ (rising edge-triggered flip-flop clocked by wclk)
Path Group: wclk
Path Type: max

Fanout         Cap        Slew       Delay        Time   Description
---------------------------------------------------------------------------------------------
                                  0.000000    0.000000   clock wclk (rise edge)
                                  0.000000    0.000000   clock source latency
     1    0.020608    0.000000    0.000000    0.000000 ^ wclk (in)
                                                         wclk (net)
                      0.001924    0.000962    0.000962 ^ clkbuf_0_wclk/A (sky130_fd_sc_hd__clkbuf_16)
    16    0.113775    0.195548    0.300371    0.301333 ^ clkbuf_0_wclk/X (sky130_fd_sc_hd__clkbuf_16)
                                                         clknet_0_wclk (net)
                      0.195552    0.001238    0.302572 ^ clkbuf_4_13_0_wclk/A (sky130_fd_sc_hd__clkbuf_8)
    10    0.032418    0.111752    0.321547    0.624119 ^ clkbuf_4_13_0_wclk/X (sky130_fd_sc_hd__clkbuf_8)
                                                         clknet_4_13_0_wclk (net)
                      0.111752    0.000253    0.624371 ^ _554_/CLK (sky130_fd_sc_hd__dfrtp_1)
     2    0.009387    0.132598    0.816823    1.441195 v _554_/Q (sky130_fd_sc_hd__dfrtp_1)
                                                         r_ptr_gray_sync[4] (net)
                      0.132598    0.000076    1.441270 v _291_/A (sky130_fd_sc_hd__xor2_1)
     3    0.011715    0.455124    0.466101    1.907372 ^ _291_/X (sky130_fd_sc_hd__xor2_1)
                                                         _171_ (net)
                      0.455124    0.000106    1.907478 ^ _292_/B (sky130_fd_sc_hd__xnor2_1)
     3    0.010439    0.446557    0.413451    2.320929 ^ _292_/Y (sky130_fd_sc_hd__xnor2_1)
                                                         _172_ (net)
                      0.446557    0.000148    2.321077 ^ _293_/B (sky130_fd_sc_hd__xnor2_1)
     1    0.004499    0.249368    0.345187    2.666264 ^ _293_/Y (sky130_fd_sc_hd__xnor2_1)
                                                         _173_ (net)
                      0.249368    0.000059    2.666323 ^ _297_/S (sky130_fd_sc_hd__mux2_1)
     2    0.006878    0.148951    0.818909    3.485232 v _297_/X (sky130_fd_sc_hd__mux2_1)
                                                         _177_ (net)
                      0.148951    0.000065    3.485297 v _329_/A1 (sky130_fd_sc_hd__a21boi_2)
     3    0.017422    0.368662    0.415023    3.900321 ^ _329_/Y (sky130_fd_sc_hd__a21boi_2)
                                                         _198_ (net)
                      0.368662    0.000322    3.900643 ^ max_cap23/A (sky130_fd_sc_hd__buf_8)
    20    0.118091    0.301366    0.465706    4.366349 ^ max_cap23/X (sky130_fd_sc_hd__buf_8)
                                                         net23 (net)
                      0.301378    0.002262    4.368611 ^ _415_/C (sky130_fd_sc_hd__nand4_4)
     8    0.049006    0.501158    0.542793    4.911404 v _415_/Y (sky130_fd_sc_hd__nand4_4)
                                                         _239_ (net)
                      0.501158    0.000214    4.911619 v _416_/S (sky130_fd_sc_hd__mux2_1)
     1    0.002755    0.109921    0.863018    5.774636 v _416_/X (sky130_fd_sc_hd__mux2_1)
                                                         _040_ (net)
                      0.109921    0.000034    5.774671 v _584_/D (sky130_fd_sc_hd__dfxtp_1)
                                              5.774671   data arrival time

                                 10.000000   10.000000   clock wclk (rise edge)
                                  0.000000   10.000000   clock source latency
     1    0.020608    0.000000    0.000000   10.000000 ^ wclk (in)
                                                         wclk (net)
                      0.001924    0.000962   10.000962 ^ clkbuf_0_wclk/A (sky130_fd_sc_hd__clkbuf_16)
    16    0.113775    0.195548    0.300371   10.301333 ^ clkbuf_0_wclk/X (sky130_fd_sc_hd__clkbuf_16)
                                                         clknet_0_wclk (net)
                      0.195550    0.001114   10.302447 ^ clkbuf_4_12_0_wclk/A (sky130_fd_sc_hd__clkbuf_8)
     8    0.030805    0.109061    0.318005   10.620452 ^ clkbuf_4_12_0_wclk/X (sky130_fd_sc_hd__clkbuf_8)
                                                         clknet_4_12_0_wclk (net)
                      0.109063    0.000681   10.621134 ^ _584_/CLK (sky130_fd_sc_hd__dfxtp_1)
                                  0.000000   10.621134   clock reconvergence pessimism
                                 -0.275041   10.346092   library setup time
                                             10.346092   data required time
---------------------------------------------------------------------------------------------
                                             10.346092   data required time
                                             -5.774671   data arrival time
---------------------------------------------------------------------------------------------
                                              4.571422   slack (MET)


Startpoint: _554_ (rising edge-triggered flip-flop clocked by wclk)
Endpoint: _588_ (rising edge-triggered flip-flop clocked by wclk)
Path Group: wclk
Path Type: max

Fanout         Cap        Slew       Delay        Time   Description
---------------------------------------------------------------------------------------------
                                  0.000000    0.000000   clock wclk (rise edge)
                                  0.000000    0.000000   clock source latency
     1    0.020608    0.000000    0.000000    0.000000 ^ wclk (in)
                                                         wclk (net)
                      0.001924    0.000962    0.000962 ^ clkbuf_0_wclk/A (sky130_fd_sc_hd__clkbuf_16)
    16    0.113775    0.195548    0.300371    0.301333 ^ clkbuf_0_wclk/X (sky130_fd_sc_hd__clkbuf_16)
                                                         clknet_0_wclk (net)
                      0.195552    0.001238    0.302572 ^ clkbuf_4_13_0_wclk/A (sky130_fd_sc_hd__clkbuf_8)
    10    0.032418    0.111752    0.321547    0.624119 ^ clkbuf_4_13_0_wclk/X (sky130_fd_sc_hd__clkbuf_8)
                                                         clknet_4_13_0_wclk (net)
                      0.111752    0.000253    0.624371 ^ _554_/CLK (sky130_fd_sc_hd__dfrtp_1)
     2    0.009387    0.132598    0.816823    1.441195 v _554_/Q (sky130_fd_sc_hd__dfrtp_1)
                                                         r_ptr_gray_sync[4] (net)
                      0.132598    0.000076    1.441270 v _291_/A (sky130_fd_sc_hd__xor2_1)
     3    0.011715    0.455124    0.466101    1.907372 ^ _291_/X (sky130_fd_sc_hd__xor2_1)
                                                         _171_ (net)
                      0.455124    0.000106    1.907478 ^ _292_/B (sky130_fd_sc_hd__xnor2_1)
     3    0.010439    0.446557    0.413451    2.320929 ^ _292_/Y (sky130_fd_sc_hd__xnor2_1)
                                                         _172_ (net)
                      0.446557    0.000148    2.321077 ^ _293_/B (sky130_fd_sc_hd__xnor2_1)
     1    0.004499    0.249368    0.345187    2.666264 ^ _293_/Y (sky130_fd_sc_hd__xnor2_1)
                                                         _173_ (net)
                      0.249368    0.000059    2.666323 ^ _297_/S (sky130_fd_sc_hd__mux2_1)
     2    0.006878    0.148951    0.818909    3.485232 v _297_/X (sky130_fd_sc_hd__mux2_1)
                                                         _177_ (net)
                      0.148951    0.000065    3.485297 v _329_/A1 (sky130_fd_sc_hd__a21boi_2)
     3    0.017422    0.368662    0.415023    3.900321 ^ _329_/Y (sky130_fd_sc_hd__a21boi_2)
                                                         _198_ (net)
                      0.368662    0.000322    3.900643 ^ max_cap23/A (sky130_fd_sc_hd__buf_8)
    20    0.118091    0.301366    0.465706    4.366349 ^ max_cap23/X (sky130_fd_sc_hd__buf_8)
                                                         net23 (net)
                      0.301378    0.002262    4.368611 ^ _415_/C (sky130_fd_sc_hd__nand4_4)
     8    0.049006    0.501158    0.542793    4.911404 v _415_/Y (sky130_fd_sc_hd__nand4_4)
                                                         _239_ (net)
                      0.501199    0.003699    4.915103 v _420_/S (sky130_fd_sc_hd__mux2_1)
     1    0.002742    0.109817    0.862815    5.777918 v _420_/X (sky130_fd_sc_hd__mux2_1)
                                                         _044_ (net)
                      0.109817    0.000035    5.777954 v _588_/D (sky130_fd_sc_hd__dfxtp_1)
                                              5.777954   data arrival time

                                 10.000000   10.000000   clock wclk (rise edge)
                                  0.000000   10.000000   clock source latency
     1    0.020608    0.000000    0.000000   10.000000 ^ wclk (in)
                                                         wclk (net)
                      0.001924    0.000962   10.000962 ^ clkbuf_0_wclk/A (sky130_fd_sc_hd__clkbuf_16)
    16    0.113775    0.195548    0.300371   10.301333 ^ clkbuf_0_wclk/X (sky130_fd_sc_hd__clkbuf_16)
                                                         clknet_0_wclk (net)
                      0.195563    0.001899   10.303232 ^ clkbuf_4_10_0_wclk/A (sky130_fd_sc_hd__clkbuf_8)
    12    0.031985    0.110731    0.320682   10.623915 ^ clkbuf_4_10_0_wclk/X (sky130_fd_sc_hd__clkbuf_8)
                                                         clknet_4_10_0_wclk (net)
                      0.110732    0.000495   10.624410 ^ _588_/CLK (sky130_fd_sc_hd__dfxtp_1)
                                  0.000000   10.624410   clock reconvergence pessimism
                                 -0.274548   10.349862   library setup time
                                             10.349862   data required time
---------------------------------------------------------------------------------------------
                                             10.349862   data required time
                                             -5.777954   data arrival time
---------------------------------------------------------------------------------------------
                                              4.571908   slack (MET)


Startpoint: _554_ (rising edge-triggered flip-flop clocked by wclk)
Endpoint: _585_ (rising edge-triggered flip-flop clocked by wclk)
Path Group: wclk
Path Type: max

Fanout         Cap        Slew       Delay        Time   Description
---------------------------------------------------------------------------------------------
                                  0.000000    0.000000   clock wclk (rise edge)
                                  0.000000    0.000000   clock source latency
     1    0.020608    0.000000    0.000000    0.000000 ^ wclk (in)
                                                         wclk (net)
                      0.001924    0.000962    0.000962 ^ clkbuf_0_wclk/A (sky130_fd_sc_hd__clkbuf_16)
    16    0.113775    0.195548    0.300371    0.301333 ^ clkbuf_0_wclk/X (sky130_fd_sc_hd__clkbuf_16)
                                                         clknet_0_wclk (net)
                      0.195552    0.001238    0.302572 ^ clkbuf_4_13_0_wclk/A (sky130_fd_sc_hd__clkbuf_8)
    10    0.032418    0.111752    0.321547    0.624119 ^ clkbuf_4_13_0_wclk/X (sky130_fd_sc_hd__clkbuf_8)
                                                         clknet_4_13_0_wclk (net)
                      0.111752    0.000253    0.624371 ^ _554_/CLK (sky130_fd_sc_hd__dfrtp_1)
     2    0.009387    0.132598    0.816823    1.441195 v _554_/Q (sky130_fd_sc_hd__dfrtp_1)
                                                         r_ptr_gray_sync[4] (net)
                      0.132598    0.000076    1.441270 v _291_/A (sky130_fd_sc_hd__xor2_1)
     3    0.011715    0.455124    0.466101    1.907372 ^ _291_/X (sky130_fd_sc_hd__xor2_1)
                                                         _171_ (net)
                      0.455124    0.000106    1.907478 ^ _292_/B (sky130_fd_sc_hd__xnor2_1)
     3    0.010439    0.446557    0.413451    2.320929 ^ _292_/Y (sky130_fd_sc_hd__xnor2_1)
                                                         _172_ (net)
                      0.446557    0.000148    2.321077 ^ _293_/B (sky130_fd_sc_hd__xnor2_1)
     1    0.004499    0.249368    0.345187    2.666264 ^ _293_/Y (sky130_fd_sc_hd__xnor2_1)
                                                         _173_ (net)
                      0.249368    0.000059    2.666323 ^ _297_/S (sky130_fd_sc_hd__mux2_1)
     2    0.006878    0.148951    0.818909    3.485232 v _297_/X (sky130_fd_sc_hd__mux2_1)
                                                         _177_ (net)
                      0.148951    0.000065    3.485297 v _329_/A1 (sky130_fd_sc_hd__a21boi_2)
     3    0.017422    0.368662    0.415023    3.900321 ^ _329_/Y (sky130_fd_sc_hd__a21boi_2)
                                                         _198_ (net)
                      0.368662    0.000322    3.900643 ^ max_cap23/A (sky130_fd_sc_hd__buf_8)
    20    0.118091    0.301366    0.465706    4.366349 ^ max_cap23/X (sky130_fd_sc_hd__buf_8)
                                                         net23 (net)
                      0.301378    0.002262    4.368611 ^ _415_/C (sky130_fd_sc_hd__nand4_4)
     8    0.049006    0.501158    0.542793    4.911404 v _415_/Y (sky130_fd_sc_hd__nand4_4)
                                                         _239_ (net)
                      0.501166    0.001621    4.913026 v _417_/S (sky130_fd_sc_hd__mux2_1)
     1    0.002617    0.111669    0.860641    5.773666 v _417_/X (sky130_fd_sc_hd__mux2_1)
                                                         _041_ (net)
                      0.111669    0.000021    5.773687 v _585_/D (sky130_fd_sc_hd__dfxtp_1)
                                              5.773687   data arrival time

                                 10.000000   10.000000   clock wclk (rise edge)
                                  0.000000   10.000000   clock source latency
     1    0.020608    0.000000    0.000000   10.000000 ^ wclk (in)
                                                         wclk (net)
                      0.001924    0.000962   10.000962 ^ clkbuf_0_wclk/A (sky130_fd_sc_hd__clkbuf_16)
    16    0.113775    0.195548    0.300371   10.301333 ^ clkbuf_0_wclk/X (sky130_fd_sc_hd__clkbuf_16)
                                                         clknet_0_wclk (net)
                      0.195557    0.001556   10.302890 ^ clkbuf_4_15_0_wclk/A (sky130_fd_sc_hd__clkbuf_8)
     8    0.031805    0.110304    0.320395   10.623284 ^ clkbuf_4_15_0_wclk/X (sky130_fd_sc_hd__clkbuf_8)
                                                         clknet_4_15_0_wclk (net)
                      0.110304    0.000228   10.623513 ^ _585_/CLK (sky130_fd_sc_hd__dfxtp_1)
                                  0.000000   10.623513   clock reconvergence pessimism
                                 -0.275432   10.348081   library setup time
                                             10.348081   data required time
---------------------------------------------------------------------------------------------
                                             10.348081   data required time
                                             -5.773687   data arrival time
---------------------------------------------------------------------------------------------
                                              4.574393   slack (MET)


Startpoint: _554_ (rising edge-triggered flip-flop clocked by wclk)
Endpoint: _586_ (rising edge-triggered flip-flop clocked by wclk)
Path Group: wclk
Path Type: max

Fanout         Cap        Slew       Delay        Time   Description
---------------------------------------------------------------------------------------------
                                  0.000000    0.000000   clock wclk (rise edge)
                                  0.000000    0.000000   clock source latency
     1    0.020608    0.000000    0.000000    0.000000 ^ wclk (in)
                                                         wclk (net)
                      0.001924    0.000962    0.000962 ^ clkbuf_0_wclk/A (sky130_fd_sc_hd__clkbuf_16)
    16    0.113775    0.195548    0.300371    0.301333 ^ clkbuf_0_wclk/X (sky130_fd_sc_hd__clkbuf_16)
                                                         clknet_0_wclk (net)
                      0.195552    0.001238    0.302572 ^ clkbuf_4_13_0_wclk/A (sky130_fd_sc_hd__clkbuf_8)
    10    0.032418    0.111752    0.321547    0.624119 ^ clkbuf_4_13_0_wclk/X (sky130_fd_sc_hd__clkbuf_8)
                                                         clknet_4_13_0_wclk (net)
                      0.111752    0.000253    0.624371 ^ _554_/CLK (sky130_fd_sc_hd__dfrtp_1)
     2    0.009387    0.132598    0.816823    1.441195 v _554_/Q (sky130_fd_sc_hd__dfrtp_1)
                                                         r_ptr_gray_sync[4] (net)
                      0.132598    0.000076    1.441270 v _291_/A (sky130_fd_sc_hd__xor2_1)
     3    0.011715    0.455124    0.466101    1.907372 ^ _291_/X (sky130_fd_sc_hd__xor2_1)
                                                         _171_ (net)
                      0.455124    0.000106    1.907478 ^ _292_/B (sky130_fd_sc_hd__xnor2_1)
     3    0.010439    0.446557    0.413451    2.320929 ^ _292_/Y (sky130_fd_sc_hd__xnor2_1)
                                                         _172_ (net)
                      0.446557    0.000148    2.321077 ^ _293_/B (sky130_fd_sc_hd__xnor2_1)
     1    0.004499    0.249368    0.345187    2.666264 ^ _293_/Y (sky130_fd_sc_hd__xnor2_1)
                                                         _173_ (net)
                      0.249368    0.000059    2.666323 ^ _297_/S (sky130_fd_sc_hd__mux2_1)
     2    0.006878    0.148951    0.818909    3.485232 v _297_/X (sky130_fd_sc_hd__mux2_1)
                                                         _177_ (net)
                      0.148951    0.000065    3.485297 v _329_/A1 (sky130_fd_sc_hd__a21boi_2)
     3    0.017422    0.368662    0.415023    3.900321 ^ _329_/Y (sky130_fd_sc_hd__a21boi_2)
                                                         _198_ (net)
                      0.368662    0.000322    3.900643 ^ max_cap23/A (sky130_fd_sc_hd__buf_8)
    20    0.118091    0.301366    0.465706    4.366349 ^ max_cap23/X (sky130_fd_sc_hd__buf_8)
                                                         net23 (net)
                      0.301378    0.002262    4.368611 ^ _415_/C (sky130_fd_sc_hd__nand4_4)
     8    0.049006    0.501158    0.542793    4.911404 v _415_/Y (sky130_fd_sc_hd__nand4_4)
                                                         _239_ (net)
                      0.501200    0.003739    4.915143 v _418_/S (sky130_fd_sc_hd__mux2_1)
     1    0.002557    0.107583    0.859605    5.774748 v _418_/X (sky130_fd_sc_hd__mux2_1)
                                                         _042_ (net)
                      0.107583    0.000031    5.774779 v _586_/D (sky130_fd_sc_hd__dfxtp_1)
                                              5.774779   data arrival time

                                 10.000000   10.000000   clock wclk (rise edge)
                                  0.000000   10.000000   clock source latency
     1    0.020608    0.000000    0.000000   10.000000 ^ wclk (in)
                                                         wclk (net)
                      0.001924    0.000962   10.000962 ^ clkbuf_0_wclk/A (sky130_fd_sc_hd__clkbuf_16)
    16    0.113775    0.195548    0.300371   10.301333 ^ clkbuf_0_wclk/X (sky130_fd_sc_hd__clkbuf_16)
                                                         clknet_0_wclk (net)
                      0.195559    0.001672   10.303006 ^ clkbuf_4_8_0_wclk/A (sky130_fd_sc_hd__clkbuf_8)
    13    0.032795    0.112646    0.322248   10.625254 ^ clkbuf_4_8_0_wclk/X (sky130_fd_sc_hd__clkbuf_8)
                                                         clknet_4_8_0_wclk (net)
                      0.112646    0.000288   10.625542 ^ _586_/CLK (sky130_fd_sc_hd__dfxtp_1)
                                  0.000000   10.625542   clock reconvergence pessimism
                                 -0.273104   10.352438   library setup time
                                             10.352438   data required time
---------------------------------------------------------------------------------------------
                                             10.352438   data required time
                                             -5.774779   data arrival time
---------------------------------------------------------------------------------------------
                                              4.577659   slack (MET)


Startpoint: _554_ (rising edge-triggered flip-flop clocked by wclk)
Endpoint: _589_ (rising edge-triggered flip-flop clocked by wclk)
Path Group: wclk
Path Type: max

Fanout         Cap        Slew       Delay        Time   Description
---------------------------------------------------------------------------------------------
                                  0.000000    0.000000   clock wclk (rise edge)
                                  0.000000    0.000000   clock source latency
     1    0.020608    0.000000    0.000000    0.000000 ^ wclk (in)
                                                         wclk (net)
                      0.001924    0.000962    0.000962 ^ clkbuf_0_wclk/A (sky130_fd_sc_hd__clkbuf_16)
    16    0.113775    0.195548    0.300371    0.301333 ^ clkbuf_0_wclk/X (sky130_fd_sc_hd__clkbuf_16)
                                                         clknet_0_wclk (net)
                      0.195552    0.001238    0.302572 ^ clkbuf_4_13_0_wclk/A (sky130_fd_sc_hd__clkbuf_8)
    10    0.032418    0.111752    0.321547    0.624119 ^ clkbuf_4_13_0_wclk/X (sky130_fd_sc_hd__clkbuf_8)
                                                         clknet_4_13_0_wclk (net)
                      0.111752    0.000253    0.624371 ^ _554_/CLK (sky130_fd_sc_hd__dfrtp_1)
     2    0.009387    0.132598    0.816823    1.441195 v _554_/Q (sky130_fd_sc_hd__dfrtp_1)
                                                         r_ptr_gray_sync[4] (net)
                      0.132598    0.000076    1.441270 v _291_/A (sky130_fd_sc_hd__xor2_1)
     3    0.011715    0.455124    0.466101    1.907372 ^ _291_/X (sky130_fd_sc_hd__xor2_1)
                                                         _171_ (net)
                      0.455124    0.000106    1.907478 ^ _292_/B (sky130_fd_sc_hd__xnor2_1)
     3    0.010439    0.446557    0.413451    2.320929 ^ _292_/Y (sky130_fd_sc_hd__xnor2_1)
                                                         _172_ (net)
                      0.446557    0.000148    2.321077 ^ _293_/B (sky130_fd_sc_hd__xnor2_1)
     1    0.004499    0.249368    0.345187    2.666264 ^ _293_/Y (sky130_fd_sc_hd__xnor2_1)
                                                         _173_ (net)
                      0.249368    0.000059    2.666323 ^ _297_/S (sky130_fd_sc_hd__mux2_1)
     2    0.006878    0.148951    0.818909    3.485232 v _297_/X (sky130_fd_sc_hd__mux2_1)
                                                         _177_ (net)
                      0.148951    0.000065    3.485297 v _329_/A1 (sky130_fd_sc_hd__a21boi_2)
     3    0.017422    0.368662    0.415023    3.900321 ^ _329_/Y (sky130_fd_sc_hd__a21boi_2)
                                                         _198_ (net)
                      0.368662    0.000322    3.900643 ^ max_cap23/A (sky130_fd_sc_hd__buf_8)
    20    0.118091    0.301366    0.465706    4.366349 ^ max_cap23/X (sky130_fd_sc_hd__buf_8)
                                                         net23 (net)
                      0.301378    0.002262    4.368611 ^ _415_/C (sky130_fd_sc_hd__nand4_4)
     8    0.049006    0.501158    0.542793    4.911404 v _415_/Y (sky130_fd_sc_hd__nand4_4)
                                                         _239_ (net)
                      0.501201    0.003806    4.915211 v _421_/S (sky130_fd_sc_hd__mux2_1)
     1    0.002416    0.106621    0.857164    5.772375 v _421_/X (sky130_fd_sc_hd__mux2_1)
                                                         _045_ (net)
                      0.106621    0.000026    5.772401 v _589_/D (sky130_fd_sc_hd__dfxtp_1)
                                              5.772401   data arrival time

                                 10.000000   10.000000   clock wclk (rise edge)
                                  0.000000   10.000000   clock source latency
     1    0.020608    0.000000    0.000000   10.000000 ^ wclk (in)
                                                         wclk (net)
                      0.001924    0.000962   10.000962 ^ clkbuf_0_wclk/A (sky130_fd_sc_hd__clkbuf_16)
    16    0.113775    0.195548    0.300371   10.301333 ^ clkbuf_0_wclk/X (sky130_fd_sc_hd__clkbuf_16)
                                                         clknet_0_wclk (net)
                      0.195559    0.001672   10.303006 ^ clkbuf_4_8_0_wclk/A (sky130_fd_sc_hd__clkbuf_8)
    13    0.032795    0.112646    0.322248   10.625254 ^ clkbuf_4_8_0_wclk/X (sky130_fd_sc_hd__clkbuf_8)
                                                         clknet_4_8_0_wclk (net)
                      0.112646    0.000369   10.625623 ^ _589_/CLK (sky130_fd_sc_hd__dfxtp_1)
                                  0.000000   10.625623   clock reconvergence pessimism
                                 -0.272704   10.352919   library setup time
                                             10.352919   data required time
---------------------------------------------------------------------------------------------
                                             10.352919   data required time
                                             -5.772401   data arrival time
---------------------------------------------------------------------------------------------
                                              4.580518   slack (MET)


Startpoint: _554_ (rising edge-triggered flip-flop clocked by wclk)
Endpoint: _591_ (rising edge-triggered flip-flop clocked by wclk)
Path Group: wclk
Path Type: max

Fanout         Cap        Slew       Delay        Time   Description
---------------------------------------------------------------------------------------------
                                  0.000000    0.000000   clock wclk (rise edge)
                                  0.000000    0.000000   clock source latency
     1    0.020608    0.000000    0.000000    0.000000 ^ wclk (in)
                                                         wclk (net)
                      0.001924    0.000962    0.000962 ^ clkbuf_0_wclk/A (sky130_fd_sc_hd__clkbuf_16)
    16    0.113775    0.195548    0.300371    0.301333 ^ clkbuf_0_wclk/X (sky130_fd_sc_hd__clkbuf_16)
                                                         clknet_0_wclk (net)
                      0.195552    0.001238    0.302572 ^ clkbuf_4_13_0_wclk/A (sky130_fd_sc_hd__clkbuf_8)
    10    0.032418    0.111752    0.321547    0.624119 ^ clkbuf_4_13_0_wclk/X (sky130_fd_sc_hd__clkbuf_8)
                                                         clknet_4_13_0_wclk (net)
                      0.111752    0.000253    0.624371 ^ _554_/CLK (sky130_fd_sc_hd__dfrtp_1)
     2    0.009387    0.132598    0.816823    1.441195 v _554_/Q (sky130_fd_sc_hd__dfrtp_1)
                                                         r_ptr_gray_sync[4] (net)
                      0.132598    0.000076    1.441270 v _291_/A (sky130_fd_sc_hd__xor2_1)
     3    0.011715    0.455124    0.466101    1.907372 ^ _291_/X (sky130_fd_sc_hd__xor2_1)
                                                         _171_ (net)
                      0.455124    0.000106    1.907478 ^ _292_/B (sky130_fd_sc_hd__xnor2_1)
     3    0.010439    0.446557    0.413451    2.320929 ^ _292_/Y (sky130_fd_sc_hd__xnor2_1)
                                                         _172_ (net)
                      0.446557    0.000148    2.321077 ^ _293_/B (sky130_fd_sc_hd__xnor2_1)
     1    0.004499    0.249368    0.345187    2.666264 ^ _293_/Y (sky130_fd_sc_hd__xnor2_1)
                                                         _173_ (net)
                      0.249368    0.000059    2.666323 ^ _297_/S (sky130_fd_sc_hd__mux2_1)
     2    0.006878    0.148951    0.818909    3.485232 v _297_/X (sky130_fd_sc_hd__mux2_1)
                                                         _177_ (net)
                      0.148951    0.000065    3.485297 v _329_/A1 (sky130_fd_sc_hd__a21boi_2)
     3    0.017422    0.368662    0.415023    3.900321 ^ _329_/Y (sky130_fd_sc_hd__a21boi_2)
                                                         _198_ (net)
                      0.368662    0.000322    3.900643 ^ max_cap23/A (sky130_fd_sc_hd__buf_8)
    20    0.118091    0.301366    0.465706    4.366349 ^ max_cap23/X (sky130_fd_sc_hd__buf_8)
                                                         net23 (net)
                      0.301378    0.002262    4.368611 ^ _415_/C (sky130_fd_sc_hd__nand4_4)
     8    0.049006    0.501158    0.542793    4.911404 v _415_/Y (sky130_fd_sc_hd__nand4_4)
                                                         _239_ (net)
                      0.501195    0.003527    4.914931 v _423_/S (sky130_fd_sc_hd__mux2_1)
     1    0.002040    0.104926    0.850665    5.765596 v _423_/X (sky130_fd_sc_hd__mux2_1)
                                                         _047_ (net)
                      0.104926    0.000019    5.765615 v _591_/D (sky130_fd_sc_hd__dfxtp_1)
                                              5.765615   data arrival time

                                 10.000000   10.000000   clock wclk (rise edge)
                                  0.000000   10.000000   clock source latency
     1    0.020608    0.000000    0.000000   10.000000 ^ wclk (in)
                                                         wclk (net)
                      0.001924    0.000962   10.000962 ^ clkbuf_0_wclk/A (sky130_fd_sc_hd__clkbuf_16)
    16    0.113775    0.195548    0.300371   10.301333 ^ clkbuf_0_wclk/X (sky130_fd_sc_hd__clkbuf_16)
                                                         clknet_0_wclk (net)
                      0.195563    0.001899   10.303232 ^ clkbuf_4_10_0_wclk/A (sky130_fd_sc_hd__clkbuf_8)
    12    0.031985    0.110731    0.320682   10.623915 ^ clkbuf_4_10_0_wclk/X (sky130_fd_sc_hd__clkbuf_8)
                                                         clknet_4_10_0_wclk (net)
                      0.110732    0.000511   10.624425 ^ _591_/CLK (sky130_fd_sc_hd__dfxtp_1)
                                  0.000000   10.624425   clock reconvergence pessimism
                                 -0.272516   10.351909   library setup time
                                             10.351909   data required time
---------------------------------------------------------------------------------------------
                                             10.351909   data required time
                                             -5.765615   data arrival time
---------------------------------------------------------------------------------------------
                                              4.586295   slack (MET)


Startpoint: _554_ (rising edge-triggered flip-flop clocked by wclk)
Endpoint: _587_ (rising edge-triggered flip-flop clocked by wclk)
Path Group: wclk
Path Type: max

Fanout         Cap        Slew       Delay        Time   Description
---------------------------------------------------------------------------------------------
                                  0.000000    0.000000   clock wclk (rise edge)
                                  0.000000    0.000000   clock source latency
     1    0.020608    0.000000    0.000000    0.000000 ^ wclk (in)
                                                         wclk (net)
                      0.001924    0.000962    0.000962 ^ clkbuf_0_wclk/A (sky130_fd_sc_hd__clkbuf_16)
    16    0.113775    0.195548    0.300371    0.301333 ^ clkbuf_0_wclk/X (sky130_fd_sc_hd__clkbuf_16)
                                                         clknet_0_wclk (net)
                      0.195552    0.001238    0.302572 ^ clkbuf_4_13_0_wclk/A (sky130_fd_sc_hd__clkbuf_8)
    10    0.032418    0.111752    0.321547    0.624119 ^ clkbuf_4_13_0_wclk/X (sky130_fd_sc_hd__clkbuf_8)
                                                         clknet_4_13_0_wclk (net)
                      0.111752    0.000253    0.624371 ^ _554_/CLK (sky130_fd_sc_hd__dfrtp_1)
     2    0.009387    0.132598    0.816823    1.441195 v _554_/Q (sky130_fd_sc_hd__dfrtp_1)
                                                         r_ptr_gray_sync[4] (net)
                      0.132598    0.000076    1.441270 v _291_/A (sky130_fd_sc_hd__xor2_1)
     3    0.011715    0.455124    0.466101    1.907372 ^ _291_/X (sky130_fd_sc_hd__xor2_1)
                                                         _171_ (net)
                      0.455124    0.000106    1.907478 ^ _292_/B (sky130_fd_sc_hd__xnor2_1)
     3    0.010439    0.446557    0.413451    2.320929 ^ _292_/Y (sky130_fd_sc_hd__xnor2_1)
                                                         _172_ (net)
                      0.446557    0.000148    2.321077 ^ _293_/B (sky130_fd_sc_hd__xnor2_1)
     1    0.004499    0.249368    0.345187    2.666264 ^ _293_/Y (sky130_fd_sc_hd__xnor2_1)
                                                         _173_ (net)
                      0.249368    0.000059    2.666323 ^ _297_/S (sky130_fd_sc_hd__mux2_1)
     2    0.006878    0.148951    0.818909    3.485232 v _297_/X (sky130_fd_sc_hd__mux2_1)
                                                         _177_ (net)
                      0.148951    0.000065    3.485297 v _329_/A1 (sky130_fd_sc_hd__a21boi_2)
     3    0.017422    0.368662    0.415023    3.900321 ^ _329_/Y (sky130_fd_sc_hd__a21boi_2)
                                                         _198_ (net)
                      0.368662    0.000322    3.900643 ^ max_cap23/A (sky130_fd_sc_hd__buf_8)
    20    0.118091    0.301366    0.465706    4.366349 ^ max_cap23/X (sky130_fd_sc_hd__buf_8)
                                                         net23 (net)
                      0.301378    0.002262    4.368611 ^ _415_/C (sky130_fd_sc_hd__nand4_4)
     8    0.049006    0.501158    0.542793    4.911404 v _415_/Y (sky130_fd_sc_hd__nand4_4)
                                                         _239_ (net)
                      0.501177    0.002515    4.913919 v _419_/S (sky130_fd_sc_hd__mux2_1)
     1    0.001975    0.104161    0.849540    5.763460 v _419_/X (sky130_fd_sc_hd__mux2_1)
                                                         _043_ (net)
                      0.104161    0.000017    5.763477 v _587_/D (sky130_fd_sc_hd__dfxtp_1)
                                              5.763477   data arrival time

                                 10.000000   10.000000   clock wclk (rise edge)
                                  0.000000   10.000000   clock source latency
     1    0.020608    0.000000    0.000000   10.000000 ^ wclk (in)
                                                         wclk (net)
                      0.001924    0.000962   10.000962 ^ clkbuf_0_wclk/A (sky130_fd_sc_hd__clkbuf_16)
    16    0.113775    0.195548    0.300371   10.301333 ^ clkbuf_0_wclk/X (sky130_fd_sc_hd__clkbuf_16)
                                                         clknet_0_wclk (net)
                      0.195561    0.001800   10.303134 ^ clkbuf_4_11_0_wclk/A (sky130_fd_sc_hd__clkbuf_8)
    11    0.032803    0.112664    0.322260   10.625394 ^ clkbuf_4_11_0_wclk/X (sky130_fd_sc_hd__clkbuf_8)
                                                         clknet_4_11_0_wclk (net)
                      0.112664    0.000263   10.625657 ^ _587_/CLK (sky130_fd_sc_hd__dfxtp_1)
                                  0.000000   10.625657   clock reconvergence pessimism
                                 -0.271677   10.353980   library setup time
                                             10.353980   data required time
---------------------------------------------------------------------------------------------
                                             10.353980   data required time
                                             -5.763477   data arrival time
---------------------------------------------------------------------------------------------
                                              4.590503   slack (MET)


Startpoint: _554_ (rising edge-triggered flip-flop clocked by wclk)
Endpoint: _572_ (rising edge-triggered flip-flop clocked by wclk)
Path Group: wclk
Path Type: max

Fanout         Cap        Slew       Delay        Time   Description
---------------------------------------------------------------------------------------------
                                  0.000000    0.000000   clock wclk (rise edge)
                                  0.000000    0.000000   clock source latency
     1    0.020608    0.000000    0.000000    0.000000 ^ wclk (in)
                                                         wclk (net)
                      0.001924    0.000962    0.000962 ^ clkbuf_0_wclk/A (sky130_fd_sc_hd__clkbuf_16)
    16    0.113775    0.195548    0.300371    0.301333 ^ clkbuf_0_wclk/X (sky130_fd_sc_hd__clkbuf_16)
                                                         clknet_0_wclk (net)
                      0.195552    0.001238    0.302572 ^ clkbuf_4_13_0_wclk/A (sky130_fd_sc_hd__clkbuf_8)
    10    0.032418    0.111752    0.321547    0.624119 ^ clkbuf_4_13_0_wclk/X (sky130_fd_sc_hd__clkbuf_8)
                                                         clknet_4_13_0_wclk (net)
                      0.111752    0.000253    0.624371 ^ _554_/CLK (sky130_fd_sc_hd__dfrtp_1)
     2    0.009387    0.132598    0.816823    1.441195 v _554_/Q (sky130_fd_sc_hd__dfrtp_1)
                                                         r_ptr_gray_sync[4] (net)
                      0.132598    0.000076    1.441270 v _291_/A (sky130_fd_sc_hd__xor2_1)
     3    0.011715    0.455124    0.466101    1.907372 ^ _291_/X (sky130_fd_sc_hd__xor2_1)
                                                         _171_ (net)
                      0.455124    0.000106    1.907478 ^ _292_/B (sky130_fd_sc_hd__xnor2_1)
     3    0.010439    0.446557    0.413451    2.320929 ^ _292_/Y (sky130_fd_sc_hd__xnor2_1)
                                                         _172_ (net)
                      0.446557    0.000148    2.321077 ^ _293_/B (sky130_fd_sc_hd__xnor2_1)
     1    0.004499    0.249368    0.345187    2.666264 ^ _293_/Y (sky130_fd_sc_hd__xnor2_1)
                                                         _173_ (net)
                      0.249368    0.000059    2.666323 ^ _297_/S (sky130_fd_sc_hd__mux2_1)
     2    0.006878    0.148951    0.818909    3.485232 v _297_/X (sky130_fd_sc_hd__mux2_1)
                                                         _177_ (net)
                      0.148951    0.000065    3.485297 v _329_/A1 (sky130_fd_sc_hd__a21boi_2)
     3    0.017422    0.368662    0.415023    3.900321 ^ _329_/Y (sky130_fd_sc_hd__a21boi_2)
                                                         _198_ (net)
                      0.368662    0.000322    3.900643 ^ max_cap23/A (sky130_fd_sc_hd__buf_8)
    20    0.118091    0.301366    0.465706    4.366349 ^ max_cap23/X (sky130_fd_sc_hd__buf_8)
                                                         net23 (net)
                      0.301377    0.002184    4.368533 ^ _397_/B (sky130_fd_sc_hd__nand4b_4)
     8    0.045996    0.470077    0.516248    4.884781 v _397_/Y (sky130_fd_sc_hd__nand4b_4)
                                                         _237_ (net)
                      0.470077    0.001407    4.886188 v _402_/S (sky130_fd_sc_hd__mux2_1)
     1    0.003279    0.115118    0.859266    5.745454 v _402_/X (sky130_fd_sc_hd__mux2_1)
                                                         _028_ (net)
                      0.115118    0.000045    5.745500 v _572_/D (sky130_fd_sc_hd__dfxtp_1)
                                              5.745500   data arrival time

                                 10.000000   10.000000   clock wclk (rise edge)
                                  0.000000   10.000000   clock source latency
     1    0.020608    0.000000    0.000000   10.000000 ^ wclk (in)
                                                         wclk (net)
                      0.001924    0.000962   10.000962 ^ clkbuf_0_wclk/A (sky130_fd_sc_hd__clkbuf_16)
    16    0.113775    0.195548    0.300371   10.301333 ^ clkbuf_0_wclk/X (sky130_fd_sc_hd__clkbuf_16)
                                                         clknet_0_wclk (net)
                      0.195558    0.001626   10.302959 ^ clkbuf_4_14_0_wclk/A (sky130_fd_sc_hd__clkbuf_8)
     9    0.031016    0.109068    0.318644   10.621603 ^ clkbuf_4_14_0_wclk/X (sky130_fd_sc_hd__clkbuf_8)
                                                         clknet_4_14_0_wclk (net)
                      0.109068    0.000288   10.621891 ^ _572_/CLK (sky130_fd_sc_hd__dfxtp_1)
                                  0.000000   10.621891   clock reconvergence pessimism
                                 -0.277198   10.344692   library setup time
                                             10.344692   data required time
---------------------------------------------------------------------------------------------
                                             10.344692   data required time
                                             -5.745500   data arrival time
---------------------------------------------------------------------------------------------
                                              4.599193   slack (MET)


Startpoint: _554_ (rising edge-triggered flip-flop clocked by wclk)
Endpoint: _570_ (rising edge-triggered flip-flop clocked by wclk)
Path Group: wclk
Path Type: max

Fanout         Cap        Slew       Delay        Time   Description
---------------------------------------------------------------------------------------------
                                  0.000000    0.000000   clock wclk (rise edge)
                                  0.000000    0.000000   clock source latency
     1    0.020608    0.000000    0.000000    0.000000 ^ wclk (in)
                                                         wclk (net)
                      0.001924    0.000962    0.000962 ^ clkbuf_0_wclk/A (sky130_fd_sc_hd__clkbuf_16)
    16    0.113775    0.195548    0.300371    0.301333 ^ clkbuf_0_wclk/X (sky130_fd_sc_hd__clkbuf_16)
                                                         clknet_0_wclk (net)
                      0.195552    0.001238    0.302572 ^ clkbuf_4_13_0_wclk/A (sky130_fd_sc_hd__clkbuf_8)
    10    0.032418    0.111752    0.321547    0.624119 ^ clkbuf_4_13_0_wclk/X (sky130_fd_sc_hd__clkbuf_8)
                                                         clknet_4_13_0_wclk (net)
                      0.111752    0.000253    0.624371 ^ _554_/CLK (sky130_fd_sc_hd__dfrtp_1)
     2    0.009387    0.132598    0.816823    1.441195 v _554_/Q (sky130_fd_sc_hd__dfrtp_1)
                                                         r_ptr_gray_sync[4] (net)
                      0.132598    0.000076    1.441270 v _291_/A (sky130_fd_sc_hd__xor2_1)
     3    0.011715    0.455124    0.466101    1.907372 ^ _291_/X (sky130_fd_sc_hd__xor2_1)
                                                         _171_ (net)
                      0.455124    0.000106    1.907478 ^ _292_/B (sky130_fd_sc_hd__xnor2_1)
     3    0.010439    0.446557    0.413451    2.320929 ^ _292_/Y (sky130_fd_sc_hd__xnor2_1)
                                                         _172_ (net)
                      0.446557    0.000148    2.321077 ^ _293_/B (sky130_fd_sc_hd__xnor2_1)
     1    0.004499    0.249368    0.345187    2.666264 ^ _293_/Y (sky130_fd_sc_hd__xnor2_1)
                                                         _173_ (net)
                      0.249368    0.000059    2.666323 ^ _297_/S (sky130_fd_sc_hd__mux2_1)
     2    0.006878    0.148951    0.818909    3.485232 v _297_/X (sky130_fd_sc_hd__mux2_1)
                                                         _177_ (net)
                      0.148951    0.000065    3.485297 v _329_/A1 (sky130_fd_sc_hd__a21boi_2)
     3    0.017422    0.368662    0.415023    3.900321 ^ _329_/Y (sky130_fd_sc_hd__a21boi_2)
                                                         _198_ (net)
                      0.368662    0.000322    3.900643 ^ max_cap23/A (sky130_fd_sc_hd__buf_8)
    20    0.118091    0.301366    0.465706    4.366349 ^ max_cap23/X (sky130_fd_sc_hd__buf_8)
                                                         net23 (net)
                      0.301377    0.002184    4.368533 ^ _397_/B (sky130_fd_sc_hd__nand4b_4)
     8    0.045996    0.470077    0.516248    4.884781 v _397_/Y (sky130_fd_sc_hd__nand4b_4)
                                                         _237_ (net)
                      0.470077    0.001678    4.886459 v _400_/S (sky130_fd_sc_hd__mux2_1)
     1    0.002817    0.110452    0.851265    5.737724 v _400_/X (sky130_fd_sc_hd__mux2_1)
                                                         _026_ (net)
                      0.110452    0.000033    5.737757 v _570_/D (sky130_fd_sc_hd__dfxtp_1)
                                              5.737757   data arrival time

                                 10.000000   10.000000   clock wclk (rise edge)
                                  0.000000   10.000000   clock source latency
     1    0.020608    0.000000    0.000000   10.000000 ^ wclk (in)
                                                         wclk (net)
                      0.001924    0.000962   10.000962 ^ clkbuf_0_wclk/A (sky130_fd_sc_hd__clkbuf_16)
    16    0.113775    0.195548    0.300371   10.301333 ^ clkbuf_0_wclk/X (sky130_fd_sc_hd__clkbuf_16)
                                                         clknet_0_wclk (net)
                      0.195558    0.001616   10.302950 ^ clkbuf_4_9_0_wclk/A (sky130_fd_sc_hd__clkbuf_8)
     9    0.028597    0.104139    0.313218   10.616168 ^ clkbuf_4_9_0_wclk/X (sky130_fd_sc_hd__clkbuf_8)
                                                         clknet_4_9_0_wclk (net)
                      0.104139    0.000128   10.616296 ^ _570_/CLK (sky130_fd_sc_hd__dfxtp_1)
                                  0.000000   10.616296   clock reconvergence pessimism
                                 -0.276589   10.339707   library setup time
                                             10.339707   data required time
---------------------------------------------------------------------------------------------
                                             10.339707   data required time
                                             -5.737757   data arrival time
---------------------------------------------------------------------------------------------
                                              4.601950   slack (MET)


Startpoint: _554_ (rising edge-triggered flip-flop clocked by wclk)
Endpoint: _575_ (rising edge-triggered flip-flop clocked by wclk)
Path Group: wclk
Path Type: max

Fanout         Cap        Slew       Delay        Time   Description
---------------------------------------------------------------------------------------------
                                  0.000000    0.000000   clock wclk (rise edge)
                                  0.000000    0.000000   clock source latency
     1    0.020608    0.000000    0.000000    0.000000 ^ wclk (in)
                                                         wclk (net)
                      0.001924    0.000962    0.000962 ^ clkbuf_0_wclk/A (sky130_fd_sc_hd__clkbuf_16)
    16    0.113775    0.195548    0.300371    0.301333 ^ clkbuf_0_wclk/X (sky130_fd_sc_hd__clkbuf_16)
                                                         clknet_0_wclk (net)
                      0.195552    0.001238    0.302572 ^ clkbuf_4_13_0_wclk/A (sky130_fd_sc_hd__clkbuf_8)
    10    0.032418    0.111752    0.321547    0.624119 ^ clkbuf_4_13_0_wclk/X (sky130_fd_sc_hd__clkbuf_8)
                                                         clknet_4_13_0_wclk (net)
                      0.111752    0.000253    0.624371 ^ _554_/CLK (sky130_fd_sc_hd__dfrtp_1)
     2    0.009387    0.132598    0.816823    1.441195 v _554_/Q (sky130_fd_sc_hd__dfrtp_1)
                                                         r_ptr_gray_sync[4] (net)
                      0.132598    0.000076    1.441270 v _291_/A (sky130_fd_sc_hd__xor2_1)
     3    0.011715    0.455124    0.466101    1.907372 ^ _291_/X (sky130_fd_sc_hd__xor2_1)
                                                         _171_ (net)
                      0.455124    0.000106    1.907478 ^ _292_/B (sky130_fd_sc_hd__xnor2_1)
     3    0.010439    0.446557    0.413451    2.320929 ^ _292_/Y (sky130_fd_sc_hd__xnor2_1)
                                                         _172_ (net)
                      0.446557    0.000148    2.321077 ^ _293_/B (sky130_fd_sc_hd__xnor2_1)
     1    0.004499    0.249368    0.345187    2.666264 ^ _293_/Y (sky130_fd_sc_hd__xnor2_1)
                                                         _173_ (net)
                      0.249368    0.000059    2.666323 ^ _297_/S (sky130_fd_sc_hd__mux2_1)
     2    0.006878    0.148951    0.818909    3.485232 v _297_/X (sky130_fd_sc_hd__mux2_1)
                                                         _177_ (net)
                      0.148951    0.000065    3.485297 v _329_/A1 (sky130_fd_sc_hd__a21boi_2)
     3    0.017422    0.368662    0.415023    3.900321 ^ _329_/Y (sky130_fd_sc_hd__a21boi_2)
                                                         _198_ (net)
                      0.368662    0.000322    3.900643 ^ max_cap23/A (sky130_fd_sc_hd__buf_8)
    20    0.118091    0.301366    0.465706    4.366349 ^ max_cap23/X (sky130_fd_sc_hd__buf_8)
                                                         net23 (net)
                      0.301377    0.002184    4.368533 ^ _397_/B (sky130_fd_sc_hd__nand4b_4)
     8    0.045996    0.470077    0.516248    4.884781 v _397_/Y (sky130_fd_sc_hd__nand4b_4)
                                                         _237_ (net)
                      0.470077    0.001661    4.886442 v _405_/S (sky130_fd_sc_hd__mux2_1)
     1    0.002906    0.111349    0.852813    5.739254 v _405_/X (sky130_fd_sc_hd__mux2_1)
                                                         _031_ (net)
                      0.111349    0.000037    5.739292 v _575_/D (sky130_fd_sc_hd__dfxtp_1)
                                              5.739292   data arrival time

                                 10.000000   10.000000   clock wclk (rise edge)
                                  0.000000   10.000000   clock source latency
     1    0.020608    0.000000    0.000000   10.000000 ^ wclk (in)
                                                         wclk (net)
                      0.001924    0.000962   10.000962 ^ clkbuf_0_wclk/A (sky130_fd_sc_hd__clkbuf_16)
    16    0.113775    0.195548    0.300371   10.301333 ^ clkbuf_0_wclk/X (sky130_fd_sc_hd__clkbuf_16)
                                                         clknet_0_wclk (net)
                      0.195561    0.001800   10.303134 ^ clkbuf_4_11_0_wclk/A (sky130_fd_sc_hd__clkbuf_8)
    11    0.032803    0.112664    0.322260   10.625394 ^ clkbuf_4_11_0_wclk/X (sky130_fd_sc_hd__clkbuf_8)
                                                         clknet_4_11_0_wclk (net)
                      0.112664    0.000198   10.625592 ^ _575_/CLK (sky130_fd_sc_hd__dfxtp_1)
                                  0.000000   10.625592   clock reconvergence pessimism
                                 -0.274663   10.350929   library setup time
                                             10.350929   data required time
---------------------------------------------------------------------------------------------
                                             10.350929   data required time
                                             -5.739292   data arrival time
---------------------------------------------------------------------------------------------
                                              4.611638   slack (MET)


Startpoint: _554_ (rising edge-triggered flip-flop clocked by wclk)
Endpoint: _571_ (rising edge-triggered flip-flop clocked by wclk)
Path Group: wclk
Path Type: max

Fanout         Cap        Slew       Delay        Time   Description
---------------------------------------------------------------------------------------------
                                  0.000000    0.000000   clock wclk (rise edge)
                                  0.000000    0.000000   clock source latency
     1    0.020608    0.000000    0.000000    0.000000 ^ wclk (in)
                                                         wclk (net)
                      0.001924    0.000962    0.000962 ^ clkbuf_0_wclk/A (sky130_fd_sc_hd__clkbuf_16)
    16    0.113775    0.195548    0.300371    0.301333 ^ clkbuf_0_wclk/X (sky130_fd_sc_hd__clkbuf_16)
                                                         clknet_0_wclk (net)
                      0.195552    0.001238    0.302572 ^ clkbuf_4_13_0_wclk/A (sky130_fd_sc_hd__clkbuf_8)
    10    0.032418    0.111752    0.321547    0.624119 ^ clkbuf_4_13_0_wclk/X (sky130_fd_sc_hd__clkbuf_8)
                                                         clknet_4_13_0_wclk (net)
                      0.111752    0.000253    0.624371 ^ _554_/CLK (sky130_fd_sc_hd__dfrtp_1)
     2    0.009387    0.132598    0.816823    1.441195 v _554_/Q (sky130_fd_sc_hd__dfrtp_1)
                                                         r_ptr_gray_sync[4] (net)
                      0.132598    0.000076    1.441270 v _291_/A (sky130_fd_sc_hd__xor2_1)
     3    0.011715    0.455124    0.466101    1.907372 ^ _291_/X (sky130_fd_sc_hd__xor2_1)
                                                         _171_ (net)
                      0.455124    0.000106    1.907478 ^ _292_/B (sky130_fd_sc_hd__xnor2_1)
     3    0.010439    0.446557    0.413451    2.320929 ^ _292_/Y (sky130_fd_sc_hd__xnor2_1)
                                                         _172_ (net)
                      0.446557    0.000148    2.321077 ^ _293_/B (sky130_fd_sc_hd__xnor2_1)
     1    0.004499    0.249368    0.345187    2.666264 ^ _293_/Y (sky130_fd_sc_hd__xnor2_1)
                                                         _173_ (net)
                      0.249368    0.000059    2.666323 ^ _297_/S (sky130_fd_sc_hd__mux2_1)
     2    0.006878    0.148951    0.818909    3.485232 v _297_/X (sky130_fd_sc_hd__mux2_1)
                                                         _177_ (net)
                      0.148951    0.000065    3.485297 v _329_/A1 (sky130_fd_sc_hd__a21boi_2)
     3    0.017422    0.368662    0.415023    3.900321 ^ _329_/Y (sky130_fd_sc_hd__a21boi_2)
                                                         _198_ (net)
                      0.368662    0.000322    3.900643 ^ max_cap23/A (sky130_fd_sc_hd__buf_8)
    20    0.118091    0.301366    0.465706    4.366349 ^ max_cap23/X (sky130_fd_sc_hd__buf_8)
                                                         net23 (net)
                      0.301377    0.002184    4.368533 ^ _397_/B (sky130_fd_sc_hd__nand4b_4)
     8    0.045996    0.470077    0.516248    4.884781 v _397_/Y (sky130_fd_sc_hd__nand4b_4)
                                                         _237_ (net)
                      0.470077    0.001482    4.886263 v _401_/S (sky130_fd_sc_hd__mux2_1)
     1    0.002648    0.108830    0.848355    5.734618 v _401_/X (sky130_fd_sc_hd__mux2_1)
                                                         _027_ (net)
                      0.108830    0.000032    5.734649 v _571_/D (sky130_fd_sc_hd__dfxtp_1)
                                              5.734649   data arrival time

                                 10.000000   10.000000   clock wclk (rise edge)
                                  0.000000   10.000000   clock source latency
     1    0.020608    0.000000    0.000000   10.000000 ^ wclk (in)
                                                         wclk (net)
                      0.001924    0.000962   10.000962 ^ clkbuf_0_wclk/A (sky130_fd_sc_hd__clkbuf_16)
    16    0.113775    0.195548    0.300371   10.301333 ^ clkbuf_0_wclk/X (sky130_fd_sc_hd__clkbuf_16)
                                                         clknet_0_wclk (net)
                      0.195558    0.001626   10.302959 ^ clkbuf_4_14_0_wclk/A (sky130_fd_sc_hd__clkbuf_8)
     9    0.031016    0.109068    0.318644   10.621603 ^ clkbuf_4_14_0_wclk/X (sky130_fd_sc_hd__clkbuf_8)
                                                         clknet_4_14_0_wclk (net)
                      0.109068    0.000337   10.621940 ^ _571_/CLK (sky130_fd_sc_hd__dfxtp_1)
                                  0.000000   10.621940   clock reconvergence pessimism
                                 -0.274586   10.347354   library setup time
                                             10.347354   data required time
---------------------------------------------------------------------------------------------
                                             10.347354   data required time
                                             -5.734649   data arrival time
---------------------------------------------------------------------------------------------
                                              4.612704   slack (MET)


Startpoint: _554_ (rising edge-triggered flip-flop clocked by wclk)
Endpoint: _636_ (rising edge-triggered flip-flop clocked by wclk)
Path Group: wclk
Path Type: max

Fanout         Cap        Slew       Delay        Time   Description
---------------------------------------------------------------------------------------------
                                  0.000000    0.000000   clock wclk (rise edge)
                                  0.000000    0.000000   clock source latency
     1    0.020608    0.000000    0.000000    0.000000 ^ wclk (in)
                                                         wclk (net)
                      0.001924    0.000962    0.000962 ^ clkbuf_0_wclk/A (sky130_fd_sc_hd__clkbuf_16)
    16    0.113775    0.195548    0.300371    0.301333 ^ clkbuf_0_wclk/X (sky130_fd_sc_hd__clkbuf_16)
                                                         clknet_0_wclk (net)
                      0.195552    0.001238    0.302572 ^ clkbuf_4_13_0_wclk/A (sky130_fd_sc_hd__clkbuf_8)
    10    0.032418    0.111752    0.321547    0.624119 ^ clkbuf_4_13_0_wclk/X (sky130_fd_sc_hd__clkbuf_8)
                                                         clknet_4_13_0_wclk (net)
                      0.111752    0.000253    0.624371 ^ _554_/CLK (sky130_fd_sc_hd__dfrtp_1)
     2    0.009387    0.132598    0.816823    1.441195 v _554_/Q (sky130_fd_sc_hd__dfrtp_1)
                                                         r_ptr_gray_sync[4] (net)
                      0.132598    0.000076    1.441270 v _291_/A (sky130_fd_sc_hd__xor2_1)
     3    0.011715    0.455124    0.466101    1.907372 ^ _291_/X (sky130_fd_sc_hd__xor2_1)
                                                         _171_ (net)
                      0.455124    0.000106    1.907478 ^ _292_/B (sky130_fd_sc_hd__xnor2_1)
     3    0.010439    0.446557    0.413451    2.320929 ^ _292_/Y (sky130_fd_sc_hd__xnor2_1)
                                                         _172_ (net)
                      0.446557    0.000148    2.321077 ^ _293_/B (sky130_fd_sc_hd__xnor2_1)
     1    0.004499    0.249368    0.345187    2.666264 ^ _293_/Y (sky130_fd_sc_hd__xnor2_1)
                                                         _173_ (net)
                      0.249368    0.000059    2.666323 ^ _297_/S (sky130_fd_sc_hd__mux2_1)
     2    0.006878    0.148951    0.818909    3.485232 v _297_/X (sky130_fd_sc_hd__mux2_1)
                                                         _177_ (net)
                      0.148951    0.000065    3.485297 v _329_/A1 (sky130_fd_sc_hd__a21boi_2)
     3    0.017422    0.368662    0.415023    3.900321 ^ _329_/Y (sky130_fd_sc_hd__a21boi_2)
                                                         _198_ (net)
                      0.368662    0.000322    3.900643 ^ max_cap23/A (sky130_fd_sc_hd__buf_8)
    20    0.118091    0.301366    0.465706    4.366349 ^ max_cap23/X (sky130_fd_sc_hd__buf_8)
                                                         net23 (net)
                      0.301374    0.002005    4.368353 ^ _462_/B (sky130_fd_sc_hd__nand4b_4)
     8    0.044044    0.454393    0.503863    4.872216 v _462_/Y (sky130_fd_sc_hd__nand4b_4)
                                                         _246_ (net)
                      0.454393    0.000899    4.873115 v _466_/S (sky130_fd_sc_hd__mux2_1)
     1    0.003050    0.112741    0.848837    5.721952 v _466_/X (sky130_fd_sc_hd__mux2_1)
                                                         _083_ (net)
                      0.112741    0.000040    5.721992 v _636_/D (sky130_fd_sc_hd__dfxtp_1)
                                              5.721992   data arrival time

                                 10.000000   10.000000   clock wclk (rise edge)
                                  0.000000   10.000000   clock source latency
     1    0.020608    0.000000    0.000000   10.000000 ^ wclk (in)
                                                         wclk (net)
                      0.001924    0.000962   10.000962 ^ clkbuf_0_wclk/A (sky130_fd_sc_hd__clkbuf_16)
    16    0.113775    0.195548    0.300371   10.301333 ^ clkbuf_0_wclk/X (sky130_fd_sc_hd__clkbuf_16)
                                                         clknet_0_wclk (net)
                      0.195564    0.001923   10.303256 ^ clkbuf_4_3_0_wclk/A (sky130_fd_sc_hd__clkbuf_8)
    10    0.027727    0.102003    0.311228   10.614484 ^ clkbuf_4_3_0_wclk/X (sky130_fd_sc_hd__clkbuf_8)
                                                         clknet_4_3_0_wclk (net)
                      0.102003    0.000168   10.614652 ^ _636_/CLK (sky130_fd_sc_hd__dfxtp_1)
                                  0.000000   10.614652   clock reconvergence pessimism
                                 -0.278116   10.336535   library setup time
                                             10.336535   data required time
---------------------------------------------------------------------------------------------
                                             10.336535   data required time
                                             -5.721992   data arrival time
---------------------------------------------------------------------------------------------
                                              4.614543   slack (MET)


Startpoint: _554_ (rising edge-triggered flip-flop clocked by wclk)
Endpoint: _573_ (rising edge-triggered flip-flop clocked by wclk)
Path Group: wclk
Path Type: max

Fanout         Cap        Slew       Delay        Time   Description
---------------------------------------------------------------------------------------------
                                  0.000000    0.000000   clock wclk (rise edge)
                                  0.000000    0.000000   clock source latency
     1    0.020608    0.000000    0.000000    0.000000 ^ wclk (in)
                                                         wclk (net)
                      0.001924    0.000962    0.000962 ^ clkbuf_0_wclk/A (sky130_fd_sc_hd__clkbuf_16)
    16    0.113775    0.195548    0.300371    0.301333 ^ clkbuf_0_wclk/X (sky130_fd_sc_hd__clkbuf_16)
                                                         clknet_0_wclk (net)
                      0.195552    0.001238    0.302572 ^ clkbuf_4_13_0_wclk/A (sky130_fd_sc_hd__clkbuf_8)
    10    0.032418    0.111752    0.321547    0.624119 ^ clkbuf_4_13_0_wclk/X (sky130_fd_sc_hd__clkbuf_8)
                                                         clknet_4_13_0_wclk (net)
                      0.111752    0.000253    0.624371 ^ _554_/CLK (sky130_fd_sc_hd__dfrtp_1)
     2    0.009387    0.132598    0.816823    1.441195 v _554_/Q (sky130_fd_sc_hd__dfrtp_1)
                                                         r_ptr_gray_sync[4] (net)
                      0.132598    0.000076    1.441270 v _291_/A (sky130_fd_sc_hd__xor2_1)
     3    0.011715    0.455124    0.466101    1.907372 ^ _291_/X (sky130_fd_sc_hd__xor2_1)
                                                         _171_ (net)
                      0.455124    0.000106    1.907478 ^ _292_/B (sky130_fd_sc_hd__xnor2_1)
     3    0.010439    0.446557    0.413451    2.320929 ^ _292_/Y (sky130_fd_sc_hd__xnor2_1)
                                                         _172_ (net)
                      0.446557    0.000148    2.321077 ^ _293_/B (sky130_fd_sc_hd__xnor2_1)
     1    0.004499    0.249368    0.345187    2.666264 ^ _293_/Y (sky130_fd_sc_hd__xnor2_1)
                                                         _173_ (net)
                      0.249368    0.000059    2.666323 ^ _297_/S (sky130_fd_sc_hd__mux2_1)
     2    0.006878    0.148951    0.818909    3.485232 v _297_/X (sky130_fd_sc_hd__mux2_1)
                                                         _177_ (net)
                      0.148951    0.000065    3.485297 v _329_/A1 (sky130_fd_sc_hd__a21boi_2)
     3    0.017422    0.368662    0.415023    3.900321 ^ _329_/Y (sky130_fd_sc_hd__a21boi_2)
                                                         _198_ (net)
                      0.368662    0.000322    3.900643 ^ max_cap23/A (sky130_fd_sc_hd__buf_8)
    20    0.118091    0.301366    0.465706    4.366349 ^ max_cap23/X (sky130_fd_sc_hd__buf_8)
                                                         net23 (net)
                      0.301377    0.002184    4.368533 ^ _397_/B (sky130_fd_sc_hd__nand4b_4)
     8    0.045996    0.470077    0.516248    4.884781 v _397_/Y (sky130_fd_sc_hd__nand4b_4)
                                                         _237_ (net)
                      0.470077    0.001505    4.886285 v _403_/S (sky130_fd_sc_hd__mux2_1)
     1    0.002176    0.106655    0.840188    5.726474 v _403_/X (sky130_fd_sc_hd__mux2_1)
                                                         _029_ (net)
                      0.106655    0.000020    5.726494 v _573_/D (sky130_fd_sc_hd__dfxtp_1)
                                              5.726494   data arrival time

                                 10.000000   10.000000   clock wclk (rise edge)
                                  0.000000   10.000000   clock source latency
     1    0.020608    0.000000    0.000000   10.000000 ^ wclk (in)
                                                         wclk (net)
                      0.001924    0.000962   10.000962 ^ clkbuf_0_wclk/A (sky130_fd_sc_hd__clkbuf_16)
    16    0.113775    0.195548    0.300371   10.301333 ^ clkbuf_0_wclk/X (sky130_fd_sc_hd__clkbuf_16)
                                                         clknet_0_wclk (net)
                      0.195558    0.001616   10.302950 ^ clkbuf_4_9_0_wclk/A (sky130_fd_sc_hd__clkbuf_8)
     9    0.028597    0.104139    0.313218   10.616168 ^ clkbuf_4_9_0_wclk/X (sky130_fd_sc_hd__clkbuf_8)
                                                         clknet_4_9_0_wclk (net)
                      0.104139    0.000145   10.616313 ^ _573_/CLK (sky130_fd_sc_hd__dfxtp_1)
                                  0.000000   10.616313   clock reconvergence pessimism
                                 -0.275011   10.341302   library setup time
                                             10.341302   data required time
---------------------------------------------------------------------------------------------
                                             10.341302   data required time
                                             -5.726494   data arrival time
---------------------------------------------------------------------------------------------
                                              4.614807   slack (MET)


Startpoint: _554_ (rising edge-triggered flip-flop clocked by wclk)
Endpoint: _574_ (rising edge-triggered flip-flop clocked by wclk)
Path Group: wclk
Path Type: max

Fanout         Cap        Slew       Delay        Time   Description
---------------------------------------------------------------------------------------------
                                  0.000000    0.000000   clock wclk (rise edge)
                                  0.000000    0.000000   clock source latency
     1    0.020608    0.000000    0.000000    0.000000 ^ wclk (in)
                                                         wclk (net)
                      0.001924    0.000962    0.000962 ^ clkbuf_0_wclk/A (sky130_fd_sc_hd__clkbuf_16)
    16    0.113775    0.195548    0.300371    0.301333 ^ clkbuf_0_wclk/X (sky130_fd_sc_hd__clkbuf_16)
                                                         clknet_0_wclk (net)
                      0.195552    0.001238    0.302572 ^ clkbuf_4_13_0_wclk/A (sky130_fd_sc_hd__clkbuf_8)
    10    0.032418    0.111752    0.321547    0.624119 ^ clkbuf_4_13_0_wclk/X (sky130_fd_sc_hd__clkbuf_8)
                                                         clknet_4_13_0_wclk (net)
                      0.111752    0.000253    0.624371 ^ _554_/CLK (sky130_fd_sc_hd__dfrtp_1)
     2    0.009387    0.132598    0.816823    1.441195 v _554_/Q (sky130_fd_sc_hd__dfrtp_1)
                                                         r_ptr_gray_sync[4] (net)
                      0.132598    0.000076    1.441270 v _291_/A (sky130_fd_sc_hd__xor2_1)
     3    0.011715    0.455124    0.466101    1.907372 ^ _291_/X (sky130_fd_sc_hd__xor2_1)
                                                         _171_ (net)
                      0.455124    0.000106    1.907478 ^ _292_/B (sky130_fd_sc_hd__xnor2_1)
     3    0.010439    0.446557    0.413451    2.320929 ^ _292_/Y (sky130_fd_sc_hd__xnor2_1)
                                                         _172_ (net)
                      0.446557    0.000148    2.321077 ^ _293_/B (sky130_fd_sc_hd__xnor2_1)
     1    0.004499    0.249368    0.345187    2.666264 ^ _293_/Y (sky130_fd_sc_hd__xnor2_1)
                                                         _173_ (net)
                      0.249368    0.000059    2.666323 ^ _297_/S (sky130_fd_sc_hd__mux2_1)
     2    0.006878    0.148951    0.818909    3.485232 v _297_/X (sky130_fd_sc_hd__mux2_1)
                                                         _177_ (net)
                      0.148951    0.000065    3.485297 v _329_/A1 (sky130_fd_sc_hd__a21boi_2)
     3    0.017422    0.368662    0.415023    3.900321 ^ _329_/Y (sky130_fd_sc_hd__a21boi_2)
                                                         _198_ (net)
                      0.368662    0.000322    3.900643 ^ max_cap23/A (sky130_fd_sc_hd__buf_8)
    20    0.118091    0.301366    0.465706    4.366349 ^ max_cap23/X (sky130_fd_sc_hd__buf_8)
                                                         net23 (net)
                      0.301377    0.002184    4.368533 ^ _397_/B (sky130_fd_sc_hd__nand4b_4)
     8    0.045996    0.470077    0.516248    4.884781 v _397_/Y (sky130_fd_sc_hd__nand4b_4)
                                                         _237_ (net)
                      0.470077    0.001609    4.886390 v _404_/S (sky130_fd_sc_hd__mux2_1)
     1    0.002644    0.111915    0.848285    5.734675 v _404_/X (sky130_fd_sc_hd__mux2_1)
                                                         _030_ (net)
                      0.111915    0.000020    5.734695 v _574_/D (sky130_fd_sc_hd__dfxtp_1)
                                              5.734695   data arrival time

                                 10.000000   10.000000   clock wclk (rise edge)
                                  0.000000   10.000000   clock source latency
     1    0.020608    0.000000    0.000000   10.000000 ^ wclk (in)
                                                         wclk (net)
                      0.001924    0.000962   10.000962 ^ clkbuf_0_wclk/A (sky130_fd_sc_hd__clkbuf_16)
    16    0.113775    0.195548    0.300371   10.301333 ^ clkbuf_0_wclk/X (sky130_fd_sc_hd__clkbuf_16)
                                                         clknet_0_wclk (net)
                      0.195561    0.001800   10.303134 ^ clkbuf_4_11_0_wclk/A (sky130_fd_sc_hd__clkbuf_8)
    11    0.032803    0.112664    0.322260   10.625394 ^ clkbuf_4_11_0_wclk/X (sky130_fd_sc_hd__clkbuf_8)
                                                         clknet_4_11_0_wclk (net)
                      0.112664    0.000421   10.625815 ^ _574_/CLK (sky130_fd_sc_hd__dfxtp_1)
                                  0.000000   10.625815   clock reconvergence pessimism
                                 -0.274898   10.350917   library setup time
                                             10.350917   data required time
---------------------------------------------------------------------------------------------
                                             10.350917   data required time
                                             -5.734695   data arrival time
---------------------------------------------------------------------------------------------
                                              4.616222   slack (MET)


Startpoint: _554_ (rising edge-triggered flip-flop clocked by wclk)
Endpoint: _568_ (rising edge-triggered flip-flop clocked by wclk)
Path Group: wclk
Path Type: max

Fanout         Cap        Slew       Delay        Time   Description
---------------------------------------------------------------------------------------------
                                  0.000000    0.000000   clock wclk (rise edge)
                                  0.000000    0.000000   clock source latency
     1    0.020608    0.000000    0.000000    0.000000 ^ wclk (in)
                                                         wclk (net)
                      0.001924    0.000962    0.000962 ^ clkbuf_0_wclk/A (sky130_fd_sc_hd__clkbuf_16)
    16    0.113775    0.195548    0.300371    0.301333 ^ clkbuf_0_wclk/X (sky130_fd_sc_hd__clkbuf_16)
                                                         clknet_0_wclk (net)
                      0.195552    0.001238    0.302572 ^ clkbuf_4_13_0_wclk/A (sky130_fd_sc_hd__clkbuf_8)
    10    0.032418    0.111752    0.321547    0.624119 ^ clkbuf_4_13_0_wclk/X (sky130_fd_sc_hd__clkbuf_8)
                                                         clknet_4_13_0_wclk (net)
                      0.111752    0.000253    0.624371 ^ _554_/CLK (sky130_fd_sc_hd__dfrtp_1)
     2    0.009387    0.132598    0.816823    1.441195 v _554_/Q (sky130_fd_sc_hd__dfrtp_1)
                                                         r_ptr_gray_sync[4] (net)
                      0.132598    0.000076    1.441270 v _291_/A (sky130_fd_sc_hd__xor2_1)
     3    0.011715    0.455124    0.466101    1.907372 ^ _291_/X (sky130_fd_sc_hd__xor2_1)
                                                         _171_ (net)
                      0.455124    0.000106    1.907478 ^ _292_/B (sky130_fd_sc_hd__xnor2_1)
     3    0.010439    0.446557    0.413451    2.320929 ^ _292_/Y (sky130_fd_sc_hd__xnor2_1)
                                                         _172_ (net)
                      0.446557    0.000148    2.321077 ^ _293_/B (sky130_fd_sc_hd__xnor2_1)
     1    0.004499    0.249368    0.345187    2.666264 ^ _293_/Y (sky130_fd_sc_hd__xnor2_1)
                                                         _173_ (net)
                      0.249368    0.000059    2.666323 ^ _297_/S (sky130_fd_sc_hd__mux2_1)
     2    0.006878    0.148951    0.818909    3.485232 v _297_/X (sky130_fd_sc_hd__mux2_1)
                                                         _177_ (net)
                      0.148951    0.000065    3.485297 v _329_/A1 (sky130_fd_sc_hd__a21boi_2)
     3    0.017422    0.368662    0.415023    3.900321 ^ _329_/Y (sky130_fd_sc_hd__a21boi_2)
                                                         _198_ (net)
                      0.368662    0.000322    3.900643 ^ max_cap23/A (sky130_fd_sc_hd__buf_8)
    20    0.118091    0.301366    0.465706    4.366349 ^ max_cap23/X (sky130_fd_sc_hd__buf_8)
                                                         net23 (net)
                      0.301377    0.002184    4.368533 ^ _397_/B (sky130_fd_sc_hd__nand4b_4)
     8    0.045996    0.470077    0.516248    4.884781 v _397_/Y (sky130_fd_sc_hd__nand4b_4)
                                                         _237_ (net)
                      0.470077    0.000751    4.885531 v _398_/S (sky130_fd_sc_hd__mux2_1)
     1    0.002237    0.107275    0.841249    5.726780 v _398_/X (sky130_fd_sc_hd__mux2_1)
                                                         _024_ (net)
                      0.107275    0.000021    5.726801 v _568_/D (sky130_fd_sc_hd__dfxtp_1)
                                              5.726801   data arrival time

                                 10.000000   10.000000   clock wclk (rise edge)
                                  0.000000   10.000000   clock source latency
     1    0.020608    0.000000    0.000000   10.000000 ^ wclk (in)
                                                         wclk (net)
                      0.001924    0.000962   10.000962 ^ clkbuf_0_wclk/A (sky130_fd_sc_hd__clkbuf_16)
    16    0.113775    0.195548    0.300371   10.301333 ^ clkbuf_0_wclk/X (sky130_fd_sc_hd__clkbuf_16)
                                                         clknet_0_wclk (net)
                      0.195550    0.001114   10.302447 ^ clkbuf_4_12_0_wclk/A (sky130_fd_sc_hd__clkbuf_8)
     8    0.030805    0.109061    0.318005   10.620452 ^ clkbuf_4_12_0_wclk/X (sky130_fd_sc_hd__clkbuf_8)
                                                         clknet_4_12_0_wclk (net)
                      0.109061    0.000194   10.620646 ^ _568_/CLK (sky130_fd_sc_hd__dfxtp_1)
                                  0.000000   10.620646   clock reconvergence pessimism
                                 -0.273942   10.346704   library setup time
                                             10.346704   data required time
---------------------------------------------------------------------------------------------
                                             10.346704   data required time
                                             -5.726801   data arrival time
---------------------------------------------------------------------------------------------
                                              4.619903   slack (MET)


Startpoint: _554_ (rising edge-triggered flip-flop clocked by wclk)
Endpoint: _635_ (rising edge-triggered flip-flop clocked by wclk)
Path Group: wclk
Path Type: max

Fanout         Cap        Slew       Delay        Time   Description
---------------------------------------------------------------------------------------------
                                  0.000000    0.000000   clock wclk (rise edge)
                                  0.000000    0.000000   clock source latency
     1    0.020608    0.000000    0.000000    0.000000 ^ wclk (in)
                                                         wclk (net)
                      0.001924    0.000962    0.000962 ^ clkbuf_0_wclk/A (sky130_fd_sc_hd__clkbuf_16)
    16    0.113775    0.195548    0.300371    0.301333 ^ clkbuf_0_wclk/X (sky130_fd_sc_hd__clkbuf_16)
                                                         clknet_0_wclk (net)
                      0.195552    0.001238    0.302572 ^ clkbuf_4_13_0_wclk/A (sky130_fd_sc_hd__clkbuf_8)
    10    0.032418    0.111752    0.321547    0.624119 ^ clkbuf_4_13_0_wclk/X (sky130_fd_sc_hd__clkbuf_8)
                                                         clknet_4_13_0_wclk (net)
                      0.111752    0.000253    0.624371 ^ _554_/CLK (sky130_fd_sc_hd__dfrtp_1)
     2    0.009387    0.132598    0.816823    1.441195 v _554_/Q (sky130_fd_sc_hd__dfrtp_1)
                                                         r_ptr_gray_sync[4] (net)
                      0.132598    0.000076    1.441270 v _291_/A (sky130_fd_sc_hd__xor2_1)
     3    0.011715    0.455124    0.466101    1.907372 ^ _291_/X (sky130_fd_sc_hd__xor2_1)
                                                         _171_ (net)
                      0.455124    0.000106    1.907478 ^ _292_/B (sky130_fd_sc_hd__xnor2_1)
     3    0.010439    0.446557    0.413451    2.320929 ^ _292_/Y (sky130_fd_sc_hd__xnor2_1)
                                                         _172_ (net)
                      0.446557    0.000148    2.321077 ^ _293_/B (sky130_fd_sc_hd__xnor2_1)
     1    0.004499    0.249368    0.345187    2.666264 ^ _293_/Y (sky130_fd_sc_hd__xnor2_1)
                                                         _173_ (net)
                      0.249368    0.000059    2.666323 ^ _297_/S (sky130_fd_sc_hd__mux2_1)
     2    0.006878    0.148951    0.818909    3.485232 v _297_/X (sky130_fd_sc_hd__mux2_1)
                                                         _177_ (net)
                      0.148951    0.000065    3.485297 v _329_/A1 (sky130_fd_sc_hd__a21boi_2)
     3    0.017422    0.368662    0.415023    3.900321 ^ _329_/Y (sky130_fd_sc_hd__a21boi_2)
                                                         _198_ (net)
                      0.368662    0.000322    3.900643 ^ max_cap23/A (sky130_fd_sc_hd__buf_8)
    20    0.118091    0.301366    0.465706    4.366349 ^ max_cap23/X (sky130_fd_sc_hd__buf_8)
                                                         net23 (net)
                      0.301374    0.002005    4.368353 ^ _462_/B (sky130_fd_sc_hd__nand4b_4)
     8    0.044044    0.454393    0.503863    4.872216 v _462_/Y (sky130_fd_sc_hd__nand4b_4)
                                                         _246_ (net)
                      0.454393    0.001849    4.874065 v _465_/S (sky130_fd_sc_hd__mux2_1)
     1    0.003077    0.112990    0.849300    5.723365 v _465_/X (sky130_fd_sc_hd__mux2_1)
                                                         _082_ (net)
                      0.112990    0.000040    5.723405 v _635_/D (sky130_fd_sc_hd__dfxtp_1)
                                              5.723405   data arrival time

                                 10.000000   10.000000   clock wclk (rise edge)
                                  0.000000   10.000000   clock source latency
     1    0.020608    0.000000    0.000000   10.000000 ^ wclk (in)
                                                         wclk (net)
                      0.001924    0.000962   10.000962 ^ clkbuf_0_wclk/A (sky130_fd_sc_hd__clkbuf_16)
    16    0.113775    0.195548    0.300371   10.301333 ^ clkbuf_0_wclk/X (sky130_fd_sc_hd__clkbuf_16)
                                                         clknet_0_wclk (net)
                      0.195571    0.002210   10.303543 ^ clkbuf_4_0_0_wclk/A (sky130_fd_sc_hd__clkbuf_8)
    12    0.032566    0.112105    0.321778   10.625321 ^ clkbuf_4_0_0_wclk/X (sky130_fd_sc_hd__clkbuf_8)
                                                         clknet_4_0_0_wclk (net)
                      0.112105    0.000182   10.625504 ^ _635_/CLK (sky130_fd_sc_hd__dfxtp_1)
                                  0.000000   10.625504   clock reconvergence pessimism
                                 -0.275495   10.350008   library setup time
                                             10.350008   data required time
---------------------------------------------------------------------------------------------
                                             10.350008   data required time
                                             -5.723405   data arrival time
---------------------------------------------------------------------------------------------
                                              4.626603   slack (MET)


Startpoint: _554_ (rising edge-triggered flip-flop clocked by wclk)
Endpoint: _639_ (rising edge-triggered flip-flop clocked by wclk)
Path Group: wclk
Path Type: max

Fanout         Cap        Slew       Delay        Time   Description
---------------------------------------------------------------------------------------------
                                  0.000000    0.000000   clock wclk (rise edge)
                                  0.000000    0.000000   clock source latency
     1    0.020608    0.000000    0.000000    0.000000 ^ wclk (in)
                                                         wclk (net)
                      0.001924    0.000962    0.000962 ^ clkbuf_0_wclk/A (sky130_fd_sc_hd__clkbuf_16)
    16    0.113775    0.195548    0.300371    0.301333 ^ clkbuf_0_wclk/X (sky130_fd_sc_hd__clkbuf_16)
                                                         clknet_0_wclk (net)
                      0.195552    0.001238    0.302572 ^ clkbuf_4_13_0_wclk/A (sky130_fd_sc_hd__clkbuf_8)
    10    0.032418    0.111752    0.321547    0.624119 ^ clkbuf_4_13_0_wclk/X (sky130_fd_sc_hd__clkbuf_8)
                                                         clknet_4_13_0_wclk (net)
                      0.111752    0.000253    0.624371 ^ _554_/CLK (sky130_fd_sc_hd__dfrtp_1)
     2    0.009387    0.132598    0.816823    1.441195 v _554_/Q (sky130_fd_sc_hd__dfrtp_1)
                                                         r_ptr_gray_sync[4] (net)
                      0.132598    0.000076    1.441270 v _291_/A (sky130_fd_sc_hd__xor2_1)
     3    0.011715    0.455124    0.466101    1.907372 ^ _291_/X (sky130_fd_sc_hd__xor2_1)
                                                         _171_ (net)
                      0.455124    0.000106    1.907478 ^ _292_/B (sky130_fd_sc_hd__xnor2_1)
     3    0.010439    0.446557    0.413451    2.320929 ^ _292_/Y (sky130_fd_sc_hd__xnor2_1)
                                                         _172_ (net)
                      0.446557    0.000148    2.321077 ^ _293_/B (sky130_fd_sc_hd__xnor2_1)
     1    0.004499    0.249368    0.345187    2.666264 ^ _293_/Y (sky130_fd_sc_hd__xnor2_1)
                                                         _173_ (net)
                      0.249368    0.000059    2.666323 ^ _297_/S (sky130_fd_sc_hd__mux2_1)
     2    0.006878    0.148951    0.818909    3.485232 v _297_/X (sky130_fd_sc_hd__mux2_1)
                                                         _177_ (net)
                      0.148951    0.000065    3.485297 v _329_/A1 (sky130_fd_sc_hd__a21boi_2)
     3    0.017422    0.368662    0.415023    3.900321 ^ _329_/Y (sky130_fd_sc_hd__a21boi_2)
                                                         _198_ (net)
                      0.368662    0.000322    3.900643 ^ max_cap23/A (sky130_fd_sc_hd__buf_8)
    20    0.118091    0.301366    0.465706    4.366349 ^ max_cap23/X (sky130_fd_sc_hd__buf_8)
                                                         net23 (net)
                      0.301374    0.002005    4.368353 ^ _462_/B (sky130_fd_sc_hd__nand4b_4)
     8    0.044044    0.454393    0.503863    4.872216 v _462_/Y (sky130_fd_sc_hd__nand4b_4)
                                                         _246_ (net)
                      0.454393    0.001948    4.874164 v _469_/S (sky130_fd_sc_hd__mux2_1)
     1    0.003018    0.112433    0.848279    5.722443 v _469_/X (sky130_fd_sc_hd__mux2_1)
                                                         _086_ (net)
                      0.112433    0.000039    5.722482 v _639_/D (sky130_fd_sc_hd__dfxtp_1)
                                              5.722482   data arrival time

                                 10.000000   10.000000   clock wclk (rise edge)
                                  0.000000   10.000000   clock source latency
     1    0.020608    0.000000    0.000000   10.000000 ^ wclk (in)
                                                         wclk (net)
                      0.001924    0.000962   10.000962 ^ clkbuf_0_wclk/A (sky130_fd_sc_hd__clkbuf_16)
    16    0.113775    0.195548    0.300371   10.301333 ^ clkbuf_0_wclk/X (sky130_fd_sc_hd__clkbuf_16)
                                                         clknet_0_wclk (net)
                      0.195564    0.001920   10.303254 ^ clkbuf_4_2_0_wclk/A (sky130_fd_sc_hd__clkbuf_8)
    12    0.032585    0.112062    0.321712   10.624966 ^ clkbuf_4_2_0_wclk/X (sky130_fd_sc_hd__clkbuf_8)
                                                         clknet_4_2_0_wclk (net)
                      0.112062    0.000264   10.625230 ^ _639_/CLK (sky130_fd_sc_hd__dfxtp_1)
                                  0.000000   10.625230   clock reconvergence pessimism
                                 -0.275276   10.349954   library setup time
                                             10.349954   data required time
---------------------------------------------------------------------------------------------
                                             10.349954   data required time
                                             -5.722482   data arrival time
---------------------------------------------------------------------------------------------
                                              4.627472   slack (MET)


Startpoint: _554_ (rising edge-triggered flip-flop clocked by wclk)
Endpoint: _569_ (rising edge-triggered flip-flop clocked by wclk)
Path Group: wclk
Path Type: max

Fanout         Cap        Slew       Delay        Time   Description
---------------------------------------------------------------------------------------------
                                  0.000000    0.000000   clock wclk (rise edge)
                                  0.000000    0.000000   clock source latency
     1    0.020608    0.000000    0.000000    0.000000 ^ wclk (in)
                                                         wclk (net)
                      0.001924    0.000962    0.000962 ^ clkbuf_0_wclk/A (sky130_fd_sc_hd__clkbuf_16)
    16    0.113775    0.195548    0.300371    0.301333 ^ clkbuf_0_wclk/X (sky130_fd_sc_hd__clkbuf_16)
                                                         clknet_0_wclk (net)
                      0.195552    0.001238    0.302572 ^ clkbuf_4_13_0_wclk/A (sky130_fd_sc_hd__clkbuf_8)
    10    0.032418    0.111752    0.321547    0.624119 ^ clkbuf_4_13_0_wclk/X (sky130_fd_sc_hd__clkbuf_8)
                                                         clknet_4_13_0_wclk (net)
                      0.111752    0.000253    0.624371 ^ _554_/CLK (sky130_fd_sc_hd__dfrtp_1)
     2    0.009387    0.132598    0.816823    1.441195 v _554_/Q (sky130_fd_sc_hd__dfrtp_1)
                                                         r_ptr_gray_sync[4] (net)
                      0.132598    0.000076    1.441270 v _291_/A (sky130_fd_sc_hd__xor2_1)
     3    0.011715    0.455124    0.466101    1.907372 ^ _291_/X (sky130_fd_sc_hd__xor2_1)
                                                         _171_ (net)
                      0.455124    0.000106    1.907478 ^ _292_/B (sky130_fd_sc_hd__xnor2_1)
     3    0.010439    0.446557    0.413451    2.320929 ^ _292_/Y (sky130_fd_sc_hd__xnor2_1)
                                                         _172_ (net)
                      0.446557    0.000148    2.321077 ^ _293_/B (sky130_fd_sc_hd__xnor2_1)
     1    0.004499    0.249368    0.345187    2.666264 ^ _293_/Y (sky130_fd_sc_hd__xnor2_1)
                                                         _173_ (net)
                      0.249368    0.000059    2.666323 ^ _297_/S (sky130_fd_sc_hd__mux2_1)
     2    0.006878    0.148951    0.818909    3.485232 v _297_/X (sky130_fd_sc_hd__mux2_1)
                                                         _177_ (net)
                      0.148951    0.000065    3.485297 v _329_/A1 (sky130_fd_sc_hd__a21boi_2)
     3    0.017422    0.368662    0.415023    3.900321 ^ _329_/Y (sky130_fd_sc_hd__a21boi_2)
                                                         _198_ (net)
                      0.368662    0.000322    3.900643 ^ max_cap23/A (sky130_fd_sc_hd__buf_8)
    20    0.118091    0.301366    0.465706    4.366349 ^ max_cap23/X (sky130_fd_sc_hd__buf_8)
                                                         net23 (net)
                      0.301377    0.002184    4.368533 ^ _397_/B (sky130_fd_sc_hd__nand4b_4)
     8    0.045996    0.470077    0.516248    4.884781 v _397_/Y (sky130_fd_sc_hd__nand4b_4)
                                                         _237_ (net)
                      0.470077    0.000776    4.885557 v _399_/S (sky130_fd_sc_hd__mux2_1)
     1    0.001948    0.103946    0.836245    5.721802 v _399_/X (sky130_fd_sc_hd__mux2_1)
                                                         _025_ (net)
                      0.103946    0.000009    5.721811 v _569_/D (sky130_fd_sc_hd__dfxtp_1)
                                              5.721811   data arrival time

                                 10.000000   10.000000   clock wclk (rise edge)
                                  0.000000   10.000000   clock source latency
     1    0.020608    0.000000    0.000000   10.000000 ^ wclk (in)
                                                         wclk (net)
                      0.001924    0.000962   10.000962 ^ clkbuf_0_wclk/A (sky130_fd_sc_hd__clkbuf_16)
    16    0.113775    0.195548    0.300371   10.301333 ^ clkbuf_0_wclk/X (sky130_fd_sc_hd__clkbuf_16)
                                                         clknet_0_wclk (net)
                      0.195557    0.001556   10.302890 ^ clkbuf_4_15_0_wclk/A (sky130_fd_sc_hd__clkbuf_8)
     8    0.031805    0.110304    0.320395   10.623284 ^ clkbuf_4_15_0_wclk/X (sky130_fd_sc_hd__clkbuf_8)
                                                         clknet_4_15_0_wclk (net)
                      0.110304    0.000322   10.623608 ^ _569_/CLK (sky130_fd_sc_hd__dfxtp_1)
                                  0.000000   10.623608   clock reconvergence pessimism
                                 -0.272224   10.351383   library setup time
                                             10.351383   data required time
---------------------------------------------------------------------------------------------
                                             10.351383   data required time
                                             -5.721811   data arrival time
---------------------------------------------------------------------------------------------
                                              4.629572   slack (MET)


Startpoint: _554_ (rising edge-triggered flip-flop clocked by wclk)
Endpoint: _634_ (rising edge-triggered flip-flop clocked by wclk)
Path Group: wclk
Path Type: max

Fanout         Cap        Slew       Delay        Time   Description
---------------------------------------------------------------------------------------------
                                  0.000000    0.000000   clock wclk (rise edge)
                                  0.000000    0.000000   clock source latency
     1    0.020608    0.000000    0.000000    0.000000 ^ wclk (in)
                                                         wclk (net)
                      0.001924    0.000962    0.000962 ^ clkbuf_0_wclk/A (sky130_fd_sc_hd__clkbuf_16)
    16    0.113775    0.195548    0.300371    0.301333 ^ clkbuf_0_wclk/X (sky130_fd_sc_hd__clkbuf_16)
                                                         clknet_0_wclk (net)
                      0.195552    0.001238    0.302572 ^ clkbuf_4_13_0_wclk/A (sky130_fd_sc_hd__clkbuf_8)
    10    0.032418    0.111752    0.321547    0.624119 ^ clkbuf_4_13_0_wclk/X (sky130_fd_sc_hd__clkbuf_8)
                                                         clknet_4_13_0_wclk (net)
                      0.111752    0.000253    0.624371 ^ _554_/CLK (sky130_fd_sc_hd__dfrtp_1)
     2    0.009387    0.132598    0.816823    1.441195 v _554_/Q (sky130_fd_sc_hd__dfrtp_1)
                                                         r_ptr_gray_sync[4] (net)
                      0.132598    0.000076    1.441270 v _291_/A (sky130_fd_sc_hd__xor2_1)
     3    0.011715    0.455124    0.466101    1.907372 ^ _291_/X (sky130_fd_sc_hd__xor2_1)
                                                         _171_ (net)
                      0.455124    0.000106    1.907478 ^ _292_/B (sky130_fd_sc_hd__xnor2_1)
     3    0.010439    0.446557    0.413451    2.320929 ^ _292_/Y (sky130_fd_sc_hd__xnor2_1)
                                                         _172_ (net)
                      0.446557    0.000148    2.321077 ^ _293_/B (sky130_fd_sc_hd__xnor2_1)
     1    0.004499    0.249368    0.345187    2.666264 ^ _293_/Y (sky130_fd_sc_hd__xnor2_1)
                                                         _173_ (net)
                      0.249368    0.000059    2.666323 ^ _297_/S (sky130_fd_sc_hd__mux2_1)
     2    0.006878    0.148951    0.818909    3.485232 v _297_/X (sky130_fd_sc_hd__mux2_1)
                                                         _177_ (net)
                      0.148951    0.000065    3.485297 v _329_/A1 (sky130_fd_sc_hd__a21boi_2)
     3    0.017422    0.368662    0.415023    3.900321 ^ _329_/Y (sky130_fd_sc_hd__a21boi_2)
                                                         _198_ (net)
                      0.368662    0.000322    3.900643 ^ max_cap23/A (sky130_fd_sc_hd__buf_8)
    20    0.118091    0.301366    0.465706    4.366349 ^ max_cap23/X (sky130_fd_sc_hd__buf_8)
                                                         net23 (net)
                      0.301374    0.002005    4.368353 ^ _462_/B (sky130_fd_sc_hd__nand4b_4)
     8    0.044044    0.454393    0.503863    4.872216 v _462_/Y (sky130_fd_sc_hd__nand4b_4)
                                                         _246_ (net)
                      0.454393    0.000440    4.872656 v _464_/S (sky130_fd_sc_hd__mux2_1)
     1    0.002934    0.111672    0.846837    5.719493 v _464_/X (sky130_fd_sc_hd__mux2_1)
                                                         _081_ (net)
                      0.111672    0.000038    5.719531 v _634_/D (sky130_fd_sc_hd__dfxtp_1)
                                              5.719531   data arrival time

                                 10.000000   10.000000   clock wclk (rise edge)
                                  0.000000   10.000000   clock source latency
     1    0.020608    0.000000    0.000000   10.000000 ^ wclk (in)
                                                         wclk (net)
                      0.001924    0.000962   10.000962 ^ clkbuf_0_wclk/A (sky130_fd_sc_hd__clkbuf_16)
    16    0.113775    0.195548    0.300371   10.301333 ^ clkbuf_0_wclk/X (sky130_fd_sc_hd__clkbuf_16)
                                                         clknet_0_wclk (net)
                      0.195554    0.001396   10.302730 ^ clkbuf_4_4_0_wclk/A (sky130_fd_sc_hd__clkbuf_8)
    10    0.032379    0.111664    0.321420   10.624150 ^ clkbuf_4_4_0_wclk/X (sky130_fd_sc_hd__clkbuf_8)
                                                         clknet_4_4_0_wclk (net)
                      0.111664    0.000413   10.624563 ^ _634_/CLK (sky130_fd_sc_hd__dfxtp_1)
                                  0.000000   10.624563   clock reconvergence pessimism
                                 -0.275067   10.349496   library setup time
                                             10.349496   data required time
---------------------------------------------------------------------------------------------
                                             10.349496   data required time
                                             -5.719531   data arrival time
---------------------------------------------------------------------------------------------
                                              4.629965   slack (MET)


Startpoint: _554_ (rising edge-triggered flip-flop clocked by wclk)
Endpoint: _637_ (rising edge-triggered flip-flop clocked by wclk)
Path Group: wclk
Path Type: max

Fanout         Cap        Slew       Delay        Time   Description
---------------------------------------------------------------------------------------------
                                  0.000000    0.000000   clock wclk (rise edge)
                                  0.000000    0.000000   clock source latency
     1    0.020608    0.000000    0.000000    0.000000 ^ wclk (in)
                                                         wclk (net)
                      0.001924    0.000962    0.000962 ^ clkbuf_0_wclk/A (sky130_fd_sc_hd__clkbuf_16)
    16    0.113775    0.195548    0.300371    0.301333 ^ clkbuf_0_wclk/X (sky130_fd_sc_hd__clkbuf_16)
                                                         clknet_0_wclk (net)
                      0.195552    0.001238    0.302572 ^ clkbuf_4_13_0_wclk/A (sky130_fd_sc_hd__clkbuf_8)
    10    0.032418    0.111752    0.321547    0.624119 ^ clkbuf_4_13_0_wclk/X (sky130_fd_sc_hd__clkbuf_8)
                                                         clknet_4_13_0_wclk (net)
                      0.111752    0.000253    0.624371 ^ _554_/CLK (sky130_fd_sc_hd__dfrtp_1)
     2    0.009387    0.132598    0.816823    1.441195 v _554_/Q (sky130_fd_sc_hd__dfrtp_1)
                                                         r_ptr_gray_sync[4] (net)
                      0.132598    0.000076    1.441270 v _291_/A (sky130_fd_sc_hd__xor2_1)
     3    0.011715    0.455124    0.466101    1.907372 ^ _291_/X (sky130_fd_sc_hd__xor2_1)
                                                         _171_ (net)
                      0.455124    0.000106    1.907478 ^ _292_/B (sky130_fd_sc_hd__xnor2_1)
     3    0.010439    0.446557    0.413451    2.320929 ^ _292_/Y (sky130_fd_sc_hd__xnor2_1)
                                                         _172_ (net)
                      0.446557    0.000148    2.321077 ^ _293_/B (sky130_fd_sc_hd__xnor2_1)
     1    0.004499    0.249368    0.345187    2.666264 ^ _293_/Y (sky130_fd_sc_hd__xnor2_1)
                                                         _173_ (net)
                      0.249368    0.000059    2.666323 ^ _297_/S (sky130_fd_sc_hd__mux2_1)
     2    0.006878    0.148951    0.818909    3.485232 v _297_/X (sky130_fd_sc_hd__mux2_1)
                                                         _177_ (net)
                      0.148951    0.000065    3.485297 v _329_/A1 (sky130_fd_sc_hd__a21boi_2)
     3    0.017422    0.368662    0.415023    3.900321 ^ _329_/Y (sky130_fd_sc_hd__a21boi_2)
                                                         _198_ (net)
                      0.368662    0.000322    3.900643 ^ max_cap23/A (sky130_fd_sc_hd__buf_8)
    20    0.118091    0.301366    0.465706    4.366349 ^ max_cap23/X (sky130_fd_sc_hd__buf_8)
                                                         net23 (net)
                      0.301374    0.002005    4.368353 ^ _462_/B (sky130_fd_sc_hd__nand4b_4)
     8    0.044044    0.454393    0.503863    4.872216 v _462_/Y (sky130_fd_sc_hd__nand4b_4)
                                                         _246_ (net)
                      0.454393    0.001522    4.873738 v _467_/S (sky130_fd_sc_hd__mux2_1)
     1    0.002941    0.111747    0.846953    5.720692 v _467_/X (sky130_fd_sc_hd__mux2_1)
                                                         _084_ (net)
                      0.111747    0.000038    5.720729 v _637_/D (sky130_fd_sc_hd__dfxtp_1)
                                              5.720729   data arrival time

                                 10.000000   10.000000   clock wclk (rise edge)
                                  0.000000   10.000000   clock source latency
     1    0.020608    0.000000    0.000000   10.000000 ^ wclk (in)
                                                         wclk (net)
                      0.001924    0.000962   10.000962 ^ clkbuf_0_wclk/A (sky130_fd_sc_hd__clkbuf_16)
    16    0.113775    0.195548    0.300371   10.301333 ^ clkbuf_0_wclk/X (sky130_fd_sc_hd__clkbuf_16)
                                                         clknet_0_wclk (net)
                      0.195572    0.002235   10.303568 ^ clkbuf_4_1_0_wclk/A (sky130_fd_sc_hd__clkbuf_8)
    11    0.033575    0.114491    0.323738   10.627306 ^ clkbuf_4_1_0_wclk/X (sky130_fd_sc_hd__clkbuf_8)
                                                         clknet_4_1_0_wclk (net)
                      0.114491    0.000091   10.627398 ^ _637_/CLK (sky130_fd_sc_hd__dfxtp_1)
                                  0.000000   10.627398   clock reconvergence pessimism
                                 -0.274336   10.353063   library setup time
                                             10.353063   data required time
---------------------------------------------------------------------------------------------
                                             10.353063   data required time
                                             -5.720729   data arrival time
---------------------------------------------------------------------------------------------
                                              4.632333   slack (MET)


Startpoint: _554_ (rising edge-triggered flip-flop clocked by wclk)
Endpoint: _640_ (rising edge-triggered flip-flop clocked by wclk)
Path Group: wclk
Path Type: max

Fanout         Cap        Slew       Delay        Time   Description
---------------------------------------------------------------------------------------------
                                  0.000000    0.000000   clock wclk (rise edge)
                                  0.000000    0.000000   clock source latency
     1    0.020608    0.000000    0.000000    0.000000 ^ wclk (in)
                                                         wclk (net)
                      0.001924    0.000962    0.000962 ^ clkbuf_0_wclk/A (sky130_fd_sc_hd__clkbuf_16)
    16    0.113775    0.195548    0.300371    0.301333 ^ clkbuf_0_wclk/X (sky130_fd_sc_hd__clkbuf_16)
                                                         clknet_0_wclk (net)
                      0.195552    0.001238    0.302572 ^ clkbuf_4_13_0_wclk/A (sky130_fd_sc_hd__clkbuf_8)
    10    0.032418    0.111752    0.321547    0.624119 ^ clkbuf_4_13_0_wclk/X (sky130_fd_sc_hd__clkbuf_8)
                                                         clknet_4_13_0_wclk (net)
                      0.111752    0.000253    0.624371 ^ _554_/CLK (sky130_fd_sc_hd__dfrtp_1)
     2    0.009387    0.132598    0.816823    1.441195 v _554_/Q (sky130_fd_sc_hd__dfrtp_1)
                                                         r_ptr_gray_sync[4] (net)
                      0.132598    0.000076    1.441270 v _291_/A (sky130_fd_sc_hd__xor2_1)
     3    0.011715    0.455124    0.466101    1.907372 ^ _291_/X (sky130_fd_sc_hd__xor2_1)
                                                         _171_ (net)
                      0.455124    0.000106    1.907478 ^ _292_/B (sky130_fd_sc_hd__xnor2_1)
     3    0.010439    0.446557    0.413451    2.320929 ^ _292_/Y (sky130_fd_sc_hd__xnor2_1)
                                                         _172_ (net)
                      0.446557    0.000148    2.321077 ^ _293_/B (sky130_fd_sc_hd__xnor2_1)
     1    0.004499    0.249368    0.345187    2.666264 ^ _293_/Y (sky130_fd_sc_hd__xnor2_1)
                                                         _173_ (net)
                      0.249368    0.000059    2.666323 ^ _297_/S (sky130_fd_sc_hd__mux2_1)
     2    0.006878    0.148951    0.818909    3.485232 v _297_/X (sky130_fd_sc_hd__mux2_1)
                                                         _177_ (net)
                      0.148951    0.000065    3.485297 v _329_/A1 (sky130_fd_sc_hd__a21boi_2)
     3    0.017422    0.368662    0.415023    3.900321 ^ _329_/Y (sky130_fd_sc_hd__a21boi_2)
                                                         _198_ (net)
                      0.368662    0.000322    3.900643 ^ max_cap23/A (sky130_fd_sc_hd__buf_8)
    20    0.118091    0.301366    0.465706    4.366349 ^ max_cap23/X (sky130_fd_sc_hd__buf_8)
                                                         net23 (net)
                      0.301374    0.002005    4.368353 ^ _462_/B (sky130_fd_sc_hd__nand4b_4)
     8    0.044044    0.454393    0.503863    4.872216 v _462_/Y (sky130_fd_sc_hd__nand4b_4)
                                                         _246_ (net)
                      0.454393    0.001774    4.873990 v _470_/S (sky130_fd_sc_hd__mux2_1)
     1    0.002241    0.107257    0.834843    5.708833 v _470_/X (sky130_fd_sc_hd__mux2_1)
                                                         _087_ (net)
                      0.107257    0.000021    5.708855 v _640_/D (sky130_fd_sc_hd__dfxtp_1)
                                              5.708855   data arrival time

                                 10.000000   10.000000   clock wclk (rise edge)
                                  0.000000   10.000000   clock source latency
     1    0.020608    0.000000    0.000000   10.000000 ^ wclk (in)
                                                         wclk (net)
                      0.001924    0.000962   10.000962 ^ clkbuf_0_wclk/A (sky130_fd_sc_hd__clkbuf_16)
    16    0.113775    0.195548    0.300371   10.301333 ^ clkbuf_0_wclk/X (sky130_fd_sc_hd__clkbuf_16)
                                                         clknet_0_wclk (net)
                      0.195564    0.001920   10.303254 ^ clkbuf_4_2_0_wclk/A (sky130_fd_sc_hd__clkbuf_8)
    12    0.032585    0.112062    0.321712   10.624966 ^ clkbuf_4_2_0_wclk/X (sky130_fd_sc_hd__clkbuf_8)
                                                         clknet_4_2_0_wclk (net)
                      0.112068    0.000924   10.625890 ^ _640_/CLK (sky130_fd_sc_hd__dfxtp_1)
                                  0.000000   10.625890   clock reconvergence pessimism
                                 -0.273124   10.352765   library setup time
                                             10.352765   data required time
---------------------------------------------------------------------------------------------
                                             10.352765   data required time
                                             -5.708855   data arrival time
---------------------------------------------------------------------------------------------
                                              4.643911   slack (MET)


Startpoint: _554_ (rising edge-triggered flip-flop clocked by wclk)
Endpoint: _633_ (rising edge-triggered flip-flop clocked by wclk)
Path Group: wclk
Path Type: max

Fanout         Cap        Slew       Delay        Time   Description
---------------------------------------------------------------------------------------------
                                  0.000000    0.000000   clock wclk (rise edge)
                                  0.000000    0.000000   clock source latency
     1    0.020608    0.000000    0.000000    0.000000 ^ wclk (in)
                                                         wclk (net)
                      0.001924    0.000962    0.000962 ^ clkbuf_0_wclk/A (sky130_fd_sc_hd__clkbuf_16)
    16    0.113775    0.195548    0.300371    0.301333 ^ clkbuf_0_wclk/X (sky130_fd_sc_hd__clkbuf_16)
                                                         clknet_0_wclk (net)
                      0.195552    0.001238    0.302572 ^ clkbuf_4_13_0_wclk/A (sky130_fd_sc_hd__clkbuf_8)
    10    0.032418    0.111752    0.321547    0.624119 ^ clkbuf_4_13_0_wclk/X (sky130_fd_sc_hd__clkbuf_8)
                                                         clknet_4_13_0_wclk (net)
                      0.111752    0.000253    0.624371 ^ _554_/CLK (sky130_fd_sc_hd__dfrtp_1)
     2    0.009387    0.132598    0.816823    1.441195 v _554_/Q (sky130_fd_sc_hd__dfrtp_1)
                                                         r_ptr_gray_sync[4] (net)
                      0.132598    0.000076    1.441270 v _291_/A (sky130_fd_sc_hd__xor2_1)
     3    0.011715    0.455124    0.466101    1.907372 ^ _291_/X (sky130_fd_sc_hd__xor2_1)
                                                         _171_ (net)
                      0.455124    0.000106    1.907478 ^ _292_/B (sky130_fd_sc_hd__xnor2_1)
     3    0.010439    0.446557    0.413451    2.320929 ^ _292_/Y (sky130_fd_sc_hd__xnor2_1)
                                                         _172_ (net)
                      0.446557    0.000148    2.321077 ^ _293_/B (sky130_fd_sc_hd__xnor2_1)
     1    0.004499    0.249368    0.345187    2.666264 ^ _293_/Y (sky130_fd_sc_hd__xnor2_1)
                                                         _173_ (net)
                      0.249368    0.000059    2.666323 ^ _297_/S (sky130_fd_sc_hd__mux2_1)
     2    0.006878    0.148951    0.818909    3.485232 v _297_/X (sky130_fd_sc_hd__mux2_1)
                                                         _177_ (net)
                      0.148951    0.000065    3.485297 v _329_/A1 (sky130_fd_sc_hd__a21boi_2)
     3    0.017422    0.368662    0.415023    3.900321 ^ _329_/Y (sky130_fd_sc_hd__a21boi_2)
                                                         _198_ (net)
                      0.368662    0.000322    3.900643 ^ max_cap23/A (sky130_fd_sc_hd__buf_8)
    20    0.118091    0.301366    0.465706    4.366349 ^ max_cap23/X (sky130_fd_sc_hd__buf_8)
                                                         net23 (net)
                      0.301374    0.002005    4.368353 ^ _462_/B (sky130_fd_sc_hd__nand4b_4)
     8    0.044044    0.454393    0.503863    4.872216 v _462_/Y (sky130_fd_sc_hd__nand4b_4)
                                                         _246_ (net)
                      0.454393    0.000515    4.872731 v _463_/S (sky130_fd_sc_hd__mux2_1)
     1    0.002087    0.105541    0.832182    5.704913 v _463_/X (sky130_fd_sc_hd__mux2_1)
                                                         _080_ (net)
                      0.105541    0.000019    5.704932 v _633_/D (sky130_fd_sc_hd__dfxtp_1)
                                              5.704932   data arrival time

                                 10.000000   10.000000   clock wclk (rise edge)
                                  0.000000   10.000000   clock source latency
     1    0.020608    0.000000    0.000000   10.000000 ^ wclk (in)
                                                         wclk (net)
                      0.001924    0.000962   10.000962 ^ clkbuf_0_wclk/A (sky130_fd_sc_hd__clkbuf_16)
    16    0.113775    0.195548    0.300371   10.301333 ^ clkbuf_0_wclk/X (sky130_fd_sc_hd__clkbuf_16)
                                                         clknet_0_wclk (net)
                      0.195554    0.001396   10.302730 ^ clkbuf_4_4_0_wclk/A (sky130_fd_sc_hd__clkbuf_8)
    10    0.032379    0.111664    0.321420   10.624150 ^ clkbuf_4_4_0_wclk/X (sky130_fd_sc_hd__clkbuf_8)
                                                         clknet_4_4_0_wclk (net)
                      0.111664    0.000355   10.624505 ^ _633_/CLK (sky130_fd_sc_hd__dfxtp_1)
                                  0.000000   10.624505   clock reconvergence pessimism
                                 -0.272520   10.351985   library setup time
                                             10.351985   data required time
---------------------------------------------------------------------------------------------
                                             10.351985   data required time
                                             -5.704932   data arrival time
---------------------------------------------------------------------------------------------
                                              4.647053   slack (MET)


Startpoint: _554_ (rising edge-triggered flip-flop clocked by wclk)
Endpoint: _638_ (rising edge-triggered flip-flop clocked by wclk)
Path Group: wclk
Path Type: max

Fanout         Cap        Slew       Delay        Time   Description
---------------------------------------------------------------------------------------------
                                  0.000000    0.000000   clock wclk (rise edge)
                                  0.000000    0.000000   clock source latency
     1    0.020608    0.000000    0.000000    0.000000 ^ wclk (in)
                                                         wclk (net)
                      0.001924    0.000962    0.000962 ^ clkbuf_0_wclk/A (sky130_fd_sc_hd__clkbuf_16)
    16    0.113775    0.195548    0.300371    0.301333 ^ clkbuf_0_wclk/X (sky130_fd_sc_hd__clkbuf_16)
                                                         clknet_0_wclk (net)
                      0.195552    0.001238    0.302572 ^ clkbuf_4_13_0_wclk/A (sky130_fd_sc_hd__clkbuf_8)
    10    0.032418    0.111752    0.321547    0.624119 ^ clkbuf_4_13_0_wclk/X (sky130_fd_sc_hd__clkbuf_8)
                                                         clknet_4_13_0_wclk (net)
                      0.111752    0.000253    0.624371 ^ _554_/CLK (sky130_fd_sc_hd__dfrtp_1)
     2    0.009387    0.132598    0.816823    1.441195 v _554_/Q (sky130_fd_sc_hd__dfrtp_1)
                                                         r_ptr_gray_sync[4] (net)
                      0.132598    0.000076    1.441270 v _291_/A (sky130_fd_sc_hd__xor2_1)
     3    0.011715    0.455124    0.466101    1.907372 ^ _291_/X (sky130_fd_sc_hd__xor2_1)
                                                         _171_ (net)
                      0.455124    0.000106    1.907478 ^ _292_/B (sky130_fd_sc_hd__xnor2_1)
     3    0.010439    0.446557    0.413451    2.320929 ^ _292_/Y (sky130_fd_sc_hd__xnor2_1)
                                                         _172_ (net)
                      0.446557    0.000148    2.321077 ^ _293_/B (sky130_fd_sc_hd__xnor2_1)
     1    0.004499    0.249368    0.345187    2.666264 ^ _293_/Y (sky130_fd_sc_hd__xnor2_1)
                                                         _173_ (net)
                      0.249368    0.000059    2.666323 ^ _297_/S (sky130_fd_sc_hd__mux2_1)
     2    0.006878    0.148951    0.818909    3.485232 v _297_/X (sky130_fd_sc_hd__mux2_1)
                                                         _177_ (net)
                      0.148951    0.000065    3.485297 v _329_/A1 (sky130_fd_sc_hd__a21boi_2)
     3    0.017422    0.368662    0.415023    3.900321 ^ _329_/Y (sky130_fd_sc_hd__a21boi_2)
                                                         _198_ (net)
                      0.368662    0.000322    3.900643 ^ max_cap23/A (sky130_fd_sc_hd__buf_8)
    20    0.118091    0.301366    0.465706    4.366349 ^ max_cap23/X (sky130_fd_sc_hd__buf_8)
                                                         net23 (net)
                      0.301374    0.002005    4.368353 ^ _462_/B (sky130_fd_sc_hd__nand4b_4)
     8    0.044044    0.454393    0.503863    4.872216 v _462_/Y (sky130_fd_sc_hd__nand4b_4)
                                                         _246_ (net)
                      0.454393    0.001300    4.873516 v _468_/S (sky130_fd_sc_hd__mux2_1)
     1    0.001989    0.104495    0.830475    5.703991 v _468_/X (sky130_fd_sc_hd__mux2_1)
                                                         _085_ (net)
                      0.104495    0.000018    5.704009 v _638_/D (sky130_fd_sc_hd__dfxtp_1)
                                              5.704009   data arrival time

                                 10.000000   10.000000   clock wclk (rise edge)
                                  0.000000   10.000000   clock source latency
     1    0.020608    0.000000    0.000000   10.000000 ^ wclk (in)
                                                         wclk (net)
                      0.001924    0.000962   10.000962 ^ clkbuf_0_wclk/A (sky130_fd_sc_hd__clkbuf_16)
    16    0.113775    0.195548    0.300371   10.301333 ^ clkbuf_0_wclk/X (sky130_fd_sc_hd__clkbuf_16)
                                                         clknet_0_wclk (net)
                      0.195572    0.002235   10.303568 ^ clkbuf_4_1_0_wclk/A (sky130_fd_sc_hd__clkbuf_8)
    11    0.033575    0.114491    0.323738   10.627306 ^ clkbuf_4_1_0_wclk/X (sky130_fd_sc_hd__clkbuf_8)
                                                         clknet_4_1_0_wclk (net)
                      0.114491    0.000222   10.627528 ^ _638_/CLK (sky130_fd_sc_hd__dfxtp_1)
                                  0.000000   10.627528   clock reconvergence pessimism
                                 -0.271323   10.356205   library setup time
                                             10.356205   data required time
---------------------------------------------------------------------------------------------
                                             10.356205   data required time
                                             -5.704009   data arrival time
---------------------------------------------------------------------------------------------
                                              4.652196   slack (MET)


Startpoint: _554_ (rising edge-triggered flip-flop clocked by wclk)
Endpoint: _627_ (rising edge-triggered flip-flop clocked by wclk)
Path Group: wclk
Path Type: max

Fanout         Cap        Slew       Delay        Time   Description
---------------------------------------------------------------------------------------------
                                  0.000000    0.000000   clock wclk (rise edge)
                                  0.000000    0.000000   clock source latency
     1    0.020608    0.000000    0.000000    0.000000 ^ wclk (in)
                                                         wclk (net)
                      0.001924    0.000962    0.000962 ^ clkbuf_0_wclk/A (sky130_fd_sc_hd__clkbuf_16)
    16    0.113775    0.195548    0.300371    0.301333 ^ clkbuf_0_wclk/X (sky130_fd_sc_hd__clkbuf_16)
                                                         clknet_0_wclk (net)
                      0.195552    0.001238    0.302572 ^ clkbuf_4_13_0_wclk/A (sky130_fd_sc_hd__clkbuf_8)
    10    0.032418    0.111752    0.321547    0.624119 ^ clkbuf_4_13_0_wclk/X (sky130_fd_sc_hd__clkbuf_8)
                                                         clknet_4_13_0_wclk (net)
                      0.111752    0.000253    0.624371 ^ _554_/CLK (sky130_fd_sc_hd__dfrtp_1)
     2    0.009387    0.132598    0.816823    1.441195 v _554_/Q (sky130_fd_sc_hd__dfrtp_1)
                                                         r_ptr_gray_sync[4] (net)
                      0.132598    0.000076    1.441270 v _291_/A (sky130_fd_sc_hd__xor2_1)
     3    0.011715    0.455124    0.466101    1.907372 ^ _291_/X (sky130_fd_sc_hd__xor2_1)
                                                         _171_ (net)
                      0.455124    0.000106    1.907478 ^ _292_/B (sky130_fd_sc_hd__xnor2_1)
     3    0.010439    0.446557    0.413451    2.320929 ^ _292_/Y (sky130_fd_sc_hd__xnor2_1)
                                                         _172_ (net)
                      0.446557    0.000148    2.321077 ^ _293_/B (sky130_fd_sc_hd__xnor2_1)
     1    0.004499    0.249368    0.345187    2.666264 ^ _293_/Y (sky130_fd_sc_hd__xnor2_1)
                                                         _173_ (net)
                      0.249368    0.000059    2.666323 ^ _297_/S (sky130_fd_sc_hd__mux2_1)
     2    0.006878    0.148951    0.818909    3.485232 v _297_/X (sky130_fd_sc_hd__mux2_1)
                                                         _177_ (net)
                      0.148951    0.000065    3.485297 v _329_/A1 (sky130_fd_sc_hd__a21boi_2)
     3    0.017422    0.368662    0.415023    3.900321 ^ _329_/Y (sky130_fd_sc_hd__a21boi_2)
                                                         _198_ (net)
                      0.368662    0.000322    3.900643 ^ max_cap23/A (sky130_fd_sc_hd__buf_8)
    20    0.118091    0.301366    0.465706    4.366349 ^ max_cap23/X (sky130_fd_sc_hd__buf_8)
                                                         net23 (net)
                      0.301382    0.002484    4.368833 ^ _340_/C (sky130_fd_sc_hd__nand4_4)
    10    0.054894    0.544389    0.580188    4.949021 v _340_/Y (sky130_fd_sc_hd__nand4_4)
                                                         _204_ (net)
                      0.544389    0.000138    4.949159 v _342_/A (sky130_fd_sc_hd__and2_1)
     1    0.002926    0.069907    0.507386    5.456545 v _342_/X (sky130_fd_sc_hd__and2_1)
                                                         u_wrptr_handler.b_wptr_next[3] (net)
                      0.069907    0.000035    5.456580 v _627_/D (sky130_fd_sc_hd__dfrtp_1)
                                              5.456580   data arrival time

                                 10.000000   10.000000   clock wclk (rise edge)
                                  0.000000   10.000000   clock source latency
     1    0.020608    0.000000    0.000000   10.000000 ^ wclk (in)
                                                         wclk (net)
                      0.001924    0.000962   10.000962 ^ clkbuf_0_wclk/A (sky130_fd_sc_hd__clkbuf_16)
    16    0.113775    0.195548    0.300371   10.301333 ^ clkbuf_0_wclk/X (sky130_fd_sc_hd__clkbuf_16)
                                                         clknet_0_wclk (net)
                      0.195552    0.001239   10.302572 ^ clkbuf_4_13_0_wclk/A (sky130_fd_sc_hd__clkbuf_8)
    10    0.032418    0.111752    0.321546   10.624119 ^ clkbuf_4_13_0_wclk/X (sky130_fd_sc_hd__clkbuf_8)
                                                         clknet_4_13_0_wclk (net)
                      0.111752    0.000361   10.624480 ^ _627_/CLK (sky130_fd_sc_hd__dfrtp_1)
                                  0.000000   10.624480   clock reconvergence pessimism
                                 -0.265399   10.359081   library setup time
                                             10.359081   data required time
---------------------------------------------------------------------------------------------
                                             10.359081   data required time
                                             -5.456580   data arrival time
---------------------------------------------------------------------------------------------
                                              4.902501   slack (MET)


Startpoint: _554_ (rising edge-triggered flip-flop clocked by wclk)
Endpoint: _628_ (rising edge-triggered flip-flop clocked by wclk)
Path Group: wclk
Path Type: max

Fanout         Cap        Slew       Delay        Time   Description
---------------------------------------------------------------------------------------------
                                  0.000000    0.000000   clock wclk (rise edge)
                                  0.000000    0.000000   clock source latency
     1    0.020608    0.000000    0.000000    0.000000 ^ wclk (in)
                                                         wclk (net)
                      0.001924    0.000962    0.000962 ^ clkbuf_0_wclk/A (sky130_fd_sc_hd__clkbuf_16)
    16    0.113775    0.195548    0.300371    0.301333 ^ clkbuf_0_wclk/X (sky130_fd_sc_hd__clkbuf_16)
                                                         clknet_0_wclk (net)
                      0.195552    0.001238    0.302572 ^ clkbuf_4_13_0_wclk/A (sky130_fd_sc_hd__clkbuf_8)
    10    0.032418    0.111752    0.321547    0.624119 ^ clkbuf_4_13_0_wclk/X (sky130_fd_sc_hd__clkbuf_8)
                                                         clknet_4_13_0_wclk (net)
                      0.111752    0.000253    0.624371 ^ _554_/CLK (sky130_fd_sc_hd__dfrtp_1)
     2    0.009387    0.132598    0.816823    1.441195 v _554_/Q (sky130_fd_sc_hd__dfrtp_1)
                                                         r_ptr_gray_sync[4] (net)
                      0.132598    0.000076    1.441270 v _291_/A (sky130_fd_sc_hd__xor2_1)
     3    0.011715    0.455124    0.466101    1.907372 ^ _291_/X (sky130_fd_sc_hd__xor2_1)
                                                         _171_ (net)
                      0.455124    0.000106    1.907478 ^ _292_/B (sky130_fd_sc_hd__xnor2_1)
     3    0.010439    0.446557    0.413451    2.320929 ^ _292_/Y (sky130_fd_sc_hd__xnor2_1)
                                                         _172_ (net)
                      0.446557    0.000148    2.321077 ^ _293_/B (sky130_fd_sc_hd__xnor2_1)
     1    0.004499    0.249368    0.345187    2.666264 ^ _293_/Y (sky130_fd_sc_hd__xnor2_1)
                                                         _173_ (net)
                      0.249368    0.000059    2.666323 ^ _297_/S (sky130_fd_sc_hd__mux2_1)
     2    0.006878    0.148951    0.818909    3.485232 v _297_/X (sky130_fd_sc_hd__mux2_1)
                                                         _177_ (net)
                      0.148951    0.000065    3.485297 v _329_/A1 (sky130_fd_sc_hd__a21boi_2)
     3    0.017422    0.368662    0.415023    3.900321 ^ _329_/Y (sky130_fd_sc_hd__a21boi_2)
                                                         _198_ (net)
                      0.368662    0.000322    3.900643 ^ max_cap23/A (sky130_fd_sc_hd__buf_8)
    20    0.118091    0.301366    0.465706    4.366349 ^ max_cap23/X (sky130_fd_sc_hd__buf_8)
                                                         net23 (net)
                      0.301382    0.002484    4.368833 ^ _340_/C (sky130_fd_sc_hd__nand4_4)
    10    0.054894    0.544389    0.580188    4.949021 v _340_/Y (sky130_fd_sc_hd__nand4_4)
                                                         _204_ (net)
                      0.544390    0.000813    4.949834 v _344_/B (sky130_fd_sc_hd__xnor2_1)
     1    0.002919    0.093519    0.394954    5.344789 v _344_/Y (sky130_fd_sc_hd__xnor2_1)
                                                         u_wrptr_handler.b_wptr_next[4] (net)
                      0.093519    0.000039    5.344827 v _628_/D (sky130_fd_sc_hd__dfrtp_2)
                                              5.344827   data arrival time

                                 10.000000   10.000000   clock wclk (rise edge)
                                  0.000000   10.000000   clock source latency
     1    0.020608    0.000000    0.000000   10.000000 ^ wclk (in)
                                                         wclk (net)
                      0.001924    0.000962   10.000962 ^ clkbuf_0_wclk/A (sky130_fd_sc_hd__clkbuf_16)
    16    0.113775    0.195548    0.300371   10.301333 ^ clkbuf_0_wclk/X (sky130_fd_sc_hd__clkbuf_16)
                                                         clknet_0_wclk (net)
                      0.195552    0.001239   10.302572 ^ clkbuf_4_13_0_wclk/A (sky130_fd_sc_hd__clkbuf_8)
    10    0.032418    0.111752    0.321546   10.624119 ^ clkbuf_4_13_0_wclk/X (sky130_fd_sc_hd__clkbuf_8)
                                                         clknet_4_13_0_wclk (net)
                      0.111752    0.000256   10.624374 ^ _628_/CLK (sky130_fd_sc_hd__dfrtp_2)
                                  0.000000   10.624374   clock reconvergence pessimism
                                 -0.275301   10.349074   library setup time
                                             10.349074   data required time
---------------------------------------------------------------------------------------------
                                             10.349074   data required time
                                             -5.344827   data arrival time
---------------------------------------------------------------------------------------------
                                              5.004247   slack (MET)


Startpoint: _554_ (rising edge-triggered flip-flop clocked by wclk)
Endpoint: _632_ (rising edge-triggered flip-flop clocked by wclk)
Path Group: wclk
Path Type: max

Fanout         Cap        Slew       Delay        Time   Description
---------------------------------------------------------------------------------------------
                                  0.000000    0.000000   clock wclk (rise edge)
                                  0.000000    0.000000   clock source latency
     1    0.020608    0.000000    0.000000    0.000000 ^ wclk (in)
                                                         wclk (net)
                      0.001924    0.000962    0.000962 ^ clkbuf_0_wclk/A (sky130_fd_sc_hd__clkbuf_16)
    16    0.113775    0.195548    0.300371    0.301333 ^ clkbuf_0_wclk/X (sky130_fd_sc_hd__clkbuf_16)
                                                         clknet_0_wclk (net)
                      0.195552    0.001238    0.302572 ^ clkbuf_4_13_0_wclk/A (sky130_fd_sc_hd__clkbuf_8)
    10    0.032418    0.111752    0.321547    0.624119 ^ clkbuf_4_13_0_wclk/X (sky130_fd_sc_hd__clkbuf_8)
                                                         clknet_4_13_0_wclk (net)
                      0.111752    0.000253    0.624371 ^ _554_/CLK (sky130_fd_sc_hd__dfrtp_1)
     2    0.009387    0.132598    0.816823    1.441195 v _554_/Q (sky130_fd_sc_hd__dfrtp_1)
                                                         r_ptr_gray_sync[4] (net)
                      0.132598    0.000076    1.441270 v _291_/A (sky130_fd_sc_hd__xor2_1)
     3    0.011715    0.455124    0.466101    1.907372 ^ _291_/X (sky130_fd_sc_hd__xor2_1)
                                                         _171_ (net)
                      0.455124    0.000106    1.907478 ^ _292_/B (sky130_fd_sc_hd__xnor2_1)
     3    0.010439    0.446557    0.413451    2.320929 ^ _292_/Y (sky130_fd_sc_hd__xnor2_1)
                                                         _172_ (net)
                      0.446557    0.000148    2.321077 ^ _293_/B (sky130_fd_sc_hd__xnor2_1)
     1    0.004499    0.249368    0.345187    2.666264 ^ _293_/Y (sky130_fd_sc_hd__xnor2_1)
                                                         _173_ (net)
                      0.249368    0.000059    2.666323 ^ _297_/S (sky130_fd_sc_hd__mux2_1)
     2    0.006878    0.148951    0.818909    3.485232 v _297_/X (sky130_fd_sc_hd__mux2_1)
                                                         _177_ (net)
                      0.148951    0.000065    3.485297 v _329_/A1 (sky130_fd_sc_hd__a21boi_2)
     3    0.017422    0.368662    0.415023    3.900321 ^ _329_/Y (sky130_fd_sc_hd__a21boi_2)
                                                         _198_ (net)
                      0.368662    0.000322    3.900643 ^ max_cap23/A (sky130_fd_sc_hd__buf_8)
    20    0.118091    0.301366    0.465706    4.366349 ^ max_cap23/X (sky130_fd_sc_hd__buf_8)
                                                         net23 (net)
                      0.301366    0.000509    4.366858 ^ _341_/A4 (sky130_fd_sc_hd__a41o_1)
     2    0.009210    0.171003    0.526164    4.893021 ^ _341_/X (sky130_fd_sc_hd__a41o_1)
                                                         _205_ (net)
                      0.171003    0.000121    4.893142 ^ _345_/B (sky130_fd_sc_hd__xor2_1)
     1    0.002851    0.188259    0.283102    5.176244 ^ _345_/X (sky130_fd_sc_hd__xor2_1)
                                                         u_wrptr_handler.g_wptr_next[3] (net)
                      0.188259    0.000031    5.176275 ^ _632_/D (sky130_fd_sc_hd__dfrtp_1)
                                              5.176275   data arrival time

                                 10.000000   10.000000   clock wclk (rise edge)
                                  0.000000   10.000000   clock source latency
     1    0.020608    0.000000    0.000000   10.000000 ^ wclk (in)
                                                         wclk (net)
                      0.001924    0.000962   10.000962 ^ clkbuf_0_wclk/A (sky130_fd_sc_hd__clkbuf_16)
    16    0.113775    0.195548    0.300371   10.301333 ^ clkbuf_0_wclk/X (sky130_fd_sc_hd__clkbuf_16)
                                                         clknet_0_wclk (net)
                      0.195552    0.001239   10.302572 ^ clkbuf_4_13_0_wclk/A (sky130_fd_sc_hd__clkbuf_8)
    10    0.032418    0.111752    0.321546   10.624119 ^ clkbuf_4_13_0_wclk/X (sky130_fd_sc_hd__clkbuf_8)
                                                         clknet_4_13_0_wclk (net)
                      0.111752    0.000284   10.624403 ^ _632_/CLK (sky130_fd_sc_hd__dfrtp_1)
                                  0.000000   10.624403   clock reconvergence pessimism
                                 -0.155492   10.468911   library setup time
                                             10.468911   data required time
---------------------------------------------------------------------------------------------
                                             10.468911   data required time
                                             -5.176275   data arrival time
---------------------------------------------------------------------------------------------
                                              5.292637   slack (MET)


Startpoint: _554_ (rising edge-triggered flip-flop clocked by wclk)
Endpoint: _630_ (rising edge-triggered flip-flop clocked by wclk)
Path Group: wclk
Path Type: max

Fanout         Cap        Slew       Delay        Time   Description
---------------------------------------------------------------------------------------------
                                  0.000000    0.000000   clock wclk (rise edge)
                                  0.000000    0.000000   clock source latency
     1    0.020608    0.000000    0.000000    0.000000 ^ wclk (in)
                                                         wclk (net)
                      0.001924    0.000962    0.000962 ^ clkbuf_0_wclk/A (sky130_fd_sc_hd__clkbuf_16)
    16    0.113775    0.195548    0.300371    0.301333 ^ clkbuf_0_wclk/X (sky130_fd_sc_hd__clkbuf_16)
                                                         clknet_0_wclk (net)
                      0.195552    0.001238    0.302572 ^ clkbuf_4_13_0_wclk/A (sky130_fd_sc_hd__clkbuf_8)
    10    0.032418    0.111752    0.321547    0.624119 ^ clkbuf_4_13_0_wclk/X (sky130_fd_sc_hd__clkbuf_8)
                                                         clknet_4_13_0_wclk (net)
                      0.111752    0.000253    0.624371 ^ _554_/CLK (sky130_fd_sc_hd__dfrtp_1)
     2    0.009387    0.132598    0.816823    1.441195 v _554_/Q (sky130_fd_sc_hd__dfrtp_1)
                                                         r_ptr_gray_sync[4] (net)
                      0.132598    0.000076    1.441270 v _291_/A (sky130_fd_sc_hd__xor2_1)
     3    0.011715    0.455124    0.466101    1.907372 ^ _291_/X (sky130_fd_sc_hd__xor2_1)
                                                         _171_ (net)
                      0.455124    0.000106    1.907478 ^ _292_/B (sky130_fd_sc_hd__xnor2_1)
     3    0.010439    0.446557    0.413451    2.320929 ^ _292_/Y (sky130_fd_sc_hd__xnor2_1)
                                                         _172_ (net)
                      0.446557    0.000148    2.321077 ^ _293_/B (sky130_fd_sc_hd__xnor2_1)
     1    0.004499    0.249368    0.345187    2.666264 ^ _293_/Y (sky130_fd_sc_hd__xnor2_1)
                                                         _173_ (net)
                      0.249368    0.000059    2.666323 ^ _297_/S (sky130_fd_sc_hd__mux2_1)
     2    0.006878    0.148951    0.818909    3.485232 v _297_/X (sky130_fd_sc_hd__mux2_1)
                                                         _177_ (net)
                      0.148951    0.000065    3.485297 v _329_/A1 (sky130_fd_sc_hd__a21boi_2)
     3    0.017422    0.368662    0.415023    3.900321 ^ _329_/Y (sky130_fd_sc_hd__a21boi_2)
                                                         _198_ (net)
                      0.368662    0.000322    3.900643 ^ max_cap23/A (sky130_fd_sc_hd__buf_8)
    20    0.118091    0.301366    0.465706    4.366349 ^ max_cap23/X (sky130_fd_sc_hd__buf_8)
                                                         net23 (net)
                      0.301379    0.002327    4.368676 ^ _333_/A2 (sky130_fd_sc_hd__a21oi_1)
     2    0.008056    0.225727    0.279325    4.648002 v _333_/Y (sky130_fd_sc_hd__a21oi_1)
                                                         _201_ (net)
                      0.225727    0.000085    4.648087 v _338_/B (sky130_fd_sc_hd__xnor2_1)
     1    0.002943    0.094730    0.276981    4.925067 v _338_/Y (sky130_fd_sc_hd__xnor2_1)
                                                         u_wrptr_handler.g_wptr_next[1] (net)
                      0.094730    0.000033    4.925101 v _630_/D (sky130_fd_sc_hd__dfrtp_1)
                                              4.925101   data arrival time

                                 10.000000   10.000000   clock wclk (rise edge)
                                  0.000000   10.000000   clock source latency
     1    0.020608    0.000000    0.000000   10.000000 ^ wclk (in)
                                                         wclk (net)
                      0.001924    0.000962   10.000962 ^ clkbuf_0_wclk/A (sky130_fd_sc_hd__clkbuf_16)
    16    0.113775    0.195548    0.300371   10.301333 ^ clkbuf_0_wclk/X (sky130_fd_sc_hd__clkbuf_16)
                                                         clknet_0_wclk (net)
                      0.195551    0.001186   10.302519 ^ clkbuf_4_7_0_wclk/A (sky130_fd_sc_hd__clkbuf_8)
    11    0.031327    0.109351    0.319364   10.621883 ^ clkbuf_4_7_0_wclk/X (sky130_fd_sc_hd__clkbuf_8)
                                                         clknet_4_7_0_wclk (net)
                      0.109351    0.000208   10.622091 ^ _630_/CLK (sky130_fd_sc_hd__dfrtp_1)
                                  0.000000   10.622091   clock reconvergence pessimism
                                 -0.276384   10.345707   library setup time
                                             10.345707   data required time
---------------------------------------------------------------------------------------------
                                             10.345707   data required time
                                             -4.925101   data arrival time
---------------------------------------------------------------------------------------------
                                              5.420606   slack (MET)


Startpoint: _554_ (rising edge-triggered flip-flop clocked by wclk)
Endpoint: _631_ (rising edge-triggered flip-flop clocked by wclk)
Path Group: wclk
Path Type: max

Fanout         Cap        Slew       Delay        Time   Description
---------------------------------------------------------------------------------------------
                                  0.000000    0.000000   clock wclk (rise edge)
                                  0.000000    0.000000   clock source latency
     1    0.020608    0.000000    0.000000    0.000000 ^ wclk (in)
                                                         wclk (net)
                      0.001924    0.000962    0.000962 ^ clkbuf_0_wclk/A (sky130_fd_sc_hd__clkbuf_16)
    16    0.113775    0.195548    0.300371    0.301333 ^ clkbuf_0_wclk/X (sky130_fd_sc_hd__clkbuf_16)
                                                         clknet_0_wclk (net)
                      0.195552    0.001238    0.302572 ^ clkbuf_4_13_0_wclk/A (sky130_fd_sc_hd__clkbuf_8)
    10    0.032418    0.111752    0.321547    0.624119 ^ clkbuf_4_13_0_wclk/X (sky130_fd_sc_hd__clkbuf_8)
                                                         clknet_4_13_0_wclk (net)
                      0.111752    0.000253    0.624371 ^ _554_/CLK (sky130_fd_sc_hd__dfrtp_1)
     2    0.009387    0.132598    0.816823    1.441195 v _554_/Q (sky130_fd_sc_hd__dfrtp_1)
                                                         r_ptr_gray_sync[4] (net)
                      0.132598    0.000076    1.441270 v _291_/A (sky130_fd_sc_hd__xor2_1)
     3    0.011715    0.455124    0.466101    1.907372 ^ _291_/X (sky130_fd_sc_hd__xor2_1)
                                                         _171_ (net)
                      0.455124    0.000106    1.907478 ^ _292_/B (sky130_fd_sc_hd__xnor2_1)
     3    0.010439    0.446557    0.413451    2.320929 ^ _292_/Y (sky130_fd_sc_hd__xnor2_1)
                                                         _172_ (net)
                      0.446557    0.000148    2.321077 ^ _293_/B (sky130_fd_sc_hd__xnor2_1)
     1    0.004499    0.249368    0.345187    2.666264 ^ _293_/Y (sky130_fd_sc_hd__xnor2_1)
                                                         _173_ (net)
                      0.249368    0.000059    2.666323 ^ _297_/S (sky130_fd_sc_hd__mux2_1)
     2    0.006878    0.148951    0.818909    3.485232 v _297_/X (sky130_fd_sc_hd__mux2_1)
                                                         _177_ (net)
                      0.148951    0.000065    3.485297 v _329_/A1 (sky130_fd_sc_hd__a21boi_2)
     3    0.017422    0.368662    0.415023    3.900321 ^ _329_/Y (sky130_fd_sc_hd__a21boi_2)
                                                         _198_ (net)
                      0.368662    0.000322    3.900643 ^ max_cap23/A (sky130_fd_sc_hd__buf_8)
    20    0.118091    0.301366    0.465706    4.366349 ^ max_cap23/X (sky130_fd_sc_hd__buf_8)
                                                         net23 (net)
                      0.301366    0.000564    4.366912 ^ _336_/A3 (sky130_fd_sc_hd__a31o_1)
     1    0.004809    0.114352    0.396824    4.763736 ^ _336_/X (sky130_fd_sc_hd__a31o_1)
                                                         _202_ (net)
                      0.114352    0.000022    4.763758 ^ _343_/B (sky130_fd_sc_hd__xnor2_1)
     1    0.002223    0.082886    0.126074    4.889832 v _343_/Y (sky130_fd_sc_hd__xnor2_1)
                                                         u_wrptr_handler.g_wptr_next[2] (net)
                      0.082886    0.000020    4.889852 v _631_/D (sky130_fd_sc_hd__dfrtp_1)
                                              4.889852   data arrival time

                                 10.000000   10.000000   clock wclk (rise edge)
                                  0.000000   10.000000   clock source latency
     1    0.020608    0.000000    0.000000   10.000000 ^ wclk (in)
                                                         wclk (net)
                      0.001924    0.000962   10.000962 ^ clkbuf_0_wclk/A (sky130_fd_sc_hd__clkbuf_16)
    16    0.113775    0.195548    0.300371   10.301333 ^ clkbuf_0_wclk/X (sky130_fd_sc_hd__clkbuf_16)
                                                         clknet_0_wclk (net)
                      0.195552    0.001239   10.302572 ^ clkbuf_4_13_0_wclk/A (sky130_fd_sc_hd__clkbuf_8)
    10    0.032418    0.111752    0.321546   10.624119 ^ clkbuf_4_13_0_wclk/X (sky130_fd_sc_hd__clkbuf_8)
                                                         clknet_4_13_0_wclk (net)
                      0.111752    0.000363   10.624482 ^ _631_/CLK (sky130_fd_sc_hd__dfrtp_1)
                                  0.000000   10.624482   clock reconvergence pessimism
                                 -0.270808   10.353675   library setup time
                                             10.353675   data required time
---------------------------------------------------------------------------------------------
                                             10.353675   data required time
                                             -4.889852   data arrival time
---------------------------------------------------------------------------------------------
                                              5.463823   slack (MET)


Startpoint: _554_ (rising edge-triggered flip-flop clocked by wclk)
Endpoint: _629_ (rising edge-triggered flip-flop clocked by wclk)
Path Group: wclk
Path Type: max

Fanout         Cap        Slew       Delay        Time   Description
---------------------------------------------------------------------------------------------
                                  0.000000    0.000000   clock wclk (rise edge)
                                  0.000000    0.000000   clock source latency
     1    0.020608    0.000000    0.000000    0.000000 ^ wclk (in)
                                                         wclk (net)
                      0.001924    0.000962    0.000962 ^ clkbuf_0_wclk/A (sky130_fd_sc_hd__clkbuf_16)
    16    0.113775    0.195548    0.300371    0.301333 ^ clkbuf_0_wclk/X (sky130_fd_sc_hd__clkbuf_16)
                                                         clknet_0_wclk (net)
                      0.195552    0.001238    0.302572 ^ clkbuf_4_13_0_wclk/A (sky130_fd_sc_hd__clkbuf_8)
    10    0.032418    0.111752    0.321547    0.624119 ^ clkbuf_4_13_0_wclk/X (sky130_fd_sc_hd__clkbuf_8)
                                                         clknet_4_13_0_wclk (net)
                      0.111752    0.000253    0.624371 ^ _554_/CLK (sky130_fd_sc_hd__dfrtp_1)
     2    0.009387    0.132598    0.816823    1.441195 v _554_/Q (sky130_fd_sc_hd__dfrtp_1)
                                                         r_ptr_gray_sync[4] (net)
                      0.132598    0.000076    1.441270 v _291_/A (sky130_fd_sc_hd__xor2_1)
     3    0.011715    0.455124    0.466101    1.907372 ^ _291_/X (sky130_fd_sc_hd__xor2_1)
                                                         _171_ (net)
                      0.455124    0.000106    1.907478 ^ _292_/B (sky130_fd_sc_hd__xnor2_1)
     3    0.010439    0.446557    0.413451    2.320929 ^ _292_/Y (sky130_fd_sc_hd__xnor2_1)
                                                         _172_ (net)
                      0.446557    0.000148    2.321077 ^ _293_/B (sky130_fd_sc_hd__xnor2_1)
     1    0.004499    0.249368    0.345187    2.666264 ^ _293_/Y (sky130_fd_sc_hd__xnor2_1)
                                                         _173_ (net)
                      0.249368    0.000059    2.666323 ^ _297_/S (sky130_fd_sc_hd__mux2_1)
     2    0.006878    0.148951    0.818909    3.485232 v _297_/X (sky130_fd_sc_hd__mux2_1)
                                                         _177_ (net)
                      0.148951    0.000065    3.485297 v _329_/A1 (sky130_fd_sc_hd__a21boi_2)
     3    0.017422    0.368662    0.415023    3.900321 ^ _329_/Y (sky130_fd_sc_hd__a21boi_2)
                                                         _198_ (net)
                      0.368662    0.000322    3.900643 ^ max_cap23/A (sky130_fd_sc_hd__buf_8)
    20    0.118091    0.301366    0.465706    4.366349 ^ max_cap23/X (sky130_fd_sc_hd__buf_8)
                                                         net23 (net)
                      0.301382    0.002503    4.368852 ^ _330_/B (sky130_fd_sc_hd__nor2_1)
     1    0.004846    0.140818    0.169799    4.538651 v _330_/Y (sky130_fd_sc_hd__nor2_1)
                                                         _199_ (net)
                      0.140818    0.000024    4.538675 v _335_/B (sky130_fd_sc_hd__xnor2_1)
     1    0.005265    0.148842    0.264234    4.802909 v _335_/Y (sky130_fd_sc_hd__xnor2_1)
                                                         u_wrptr_handler.g_wptr_next[0] (net)
                      0.148842    0.000105    4.803014 v _629_/D (sky130_fd_sc_hd__dfrtp_1)
                                              4.803014   data arrival time

                                 10.000000   10.000000   clock wclk (rise edge)
                                  0.000000   10.000000   clock source latency
     1    0.020608    0.000000    0.000000   10.000000 ^ wclk (in)
                                                         wclk (net)
                      0.001924    0.000962   10.000962 ^ clkbuf_0_wclk/A (sky130_fd_sc_hd__clkbuf_16)
    16    0.113775    0.195548    0.300371   10.301333 ^ clkbuf_0_wclk/X (sky130_fd_sc_hd__clkbuf_16)
                                                         clknet_0_wclk (net)
                      0.195552    0.001239   10.302572 ^ clkbuf_4_13_0_wclk/A (sky130_fd_sc_hd__clkbuf_8)
    10    0.032418    0.111752    0.321546   10.624119 ^ clkbuf_4_13_0_wclk/X (sky130_fd_sc_hd__clkbuf_8)
                                                         clknet_4_13_0_wclk (net)
                      0.111752    0.000174   10.624293 ^ _629_/CLK (sky130_fd_sc_hd__dfrtp_1)
                                  0.000000   10.624293   clock reconvergence pessimism
                                 -0.298294   10.325999   library setup time
                                             10.325999   data required time
---------------------------------------------------------------------------------------------
                                             10.325999   data required time
                                             -4.803014   data arrival time
---------------------------------------------------------------------------------------------
                                              5.522985   slack (MET)


Startpoint: _554_ (rising edge-triggered flip-flop clocked by wclk)
Endpoint: _625_ (rising edge-triggered flip-flop clocked by wclk)
Path Group: wclk
Path Type: max

Fanout         Cap        Slew       Delay        Time   Description
---------------------------------------------------------------------------------------------
                                  0.000000    0.000000   clock wclk (rise edge)
                                  0.000000    0.000000   clock source latency
     1    0.020608    0.000000    0.000000    0.000000 ^ wclk (in)
                                                         wclk (net)
                      0.001924    0.000962    0.000962 ^ clkbuf_0_wclk/A (sky130_fd_sc_hd__clkbuf_16)
    16    0.113775    0.195548    0.300371    0.301333 ^ clkbuf_0_wclk/X (sky130_fd_sc_hd__clkbuf_16)
                                                         clknet_0_wclk (net)
                      0.195552    0.001238    0.302572 ^ clkbuf_4_13_0_wclk/A (sky130_fd_sc_hd__clkbuf_8)
    10    0.032418    0.111752    0.321547    0.624119 ^ clkbuf_4_13_0_wclk/X (sky130_fd_sc_hd__clkbuf_8)
                                                         clknet_4_13_0_wclk (net)
                      0.111752    0.000253    0.624371 ^ _554_/CLK (sky130_fd_sc_hd__dfrtp_1)
     2    0.009387    0.132598    0.816823    1.441195 v _554_/Q (sky130_fd_sc_hd__dfrtp_1)
                                                         r_ptr_gray_sync[4] (net)
                      0.132598    0.000076    1.441270 v _291_/A (sky130_fd_sc_hd__xor2_1)
     3    0.011715    0.455124    0.466101    1.907372 ^ _291_/X (sky130_fd_sc_hd__xor2_1)
                                                         _171_ (net)
                      0.455124    0.000106    1.907478 ^ _292_/B (sky130_fd_sc_hd__xnor2_1)
     3    0.010439    0.446557    0.413451    2.320929 ^ _292_/Y (sky130_fd_sc_hd__xnor2_1)
                                                         _172_ (net)
                      0.446557    0.000148    2.321077 ^ _293_/B (sky130_fd_sc_hd__xnor2_1)
     1    0.004499    0.249368    0.345187    2.666264 ^ _293_/Y (sky130_fd_sc_hd__xnor2_1)
                                                         _173_ (net)
                      0.249368    0.000059    2.666323 ^ _297_/S (sky130_fd_sc_hd__mux2_1)
     2    0.006878    0.148951    0.818909    3.485232 v _297_/X (sky130_fd_sc_hd__mux2_1)
                                                         _177_ (net)
                      0.148951    0.000065    3.485297 v _329_/A1 (sky130_fd_sc_hd__a21boi_2)
     3    0.017422    0.368662    0.415023    3.900321 ^ _329_/Y (sky130_fd_sc_hd__a21boi_2)
                                                         _198_ (net)
                      0.368662    0.000322    3.900643 ^ max_cap23/A (sky130_fd_sc_hd__buf_8)
    20    0.118091    0.301366    0.465706    4.366349 ^ max_cap23/X (sky130_fd_sc_hd__buf_8)
                                                         net23 (net)
                      0.301379    0.002327    4.368676 ^ _333_/A2 (sky130_fd_sc_hd__a21oi_1)
     2    0.008056    0.225727    0.279325    4.648002 v _333_/Y (sky130_fd_sc_hd__a21oi_1)
                                                         _201_ (net)
                      0.225727    0.000080    4.648082 v _334_/B (sky130_fd_sc_hd__nor2_1)
     1    0.002786    0.142746    0.202529    4.850611 ^ _334_/Y (sky130_fd_sc_hd__nor2_1)
                                                         u_wrptr_handler.b_wptr_next[1] (net)
                      0.142746    0.000032    4.850643 ^ _625_/D (sky130_fd_sc_hd__dfrtp_4)
                                              4.850643   data arrival time

                                 10.000000   10.000000   clock wclk (rise edge)
                                  0.000000   10.000000   clock source latency
     1    0.020608    0.000000    0.000000   10.000000 ^ wclk (in)
                                                         wclk (net)
                      0.001924    0.000962   10.000962 ^ clkbuf_0_wclk/A (sky130_fd_sc_hd__clkbuf_16)
    16    0.113775    0.195548    0.300371   10.301333 ^ clkbuf_0_wclk/X (sky130_fd_sc_hd__clkbuf_16)
                                                         clknet_0_wclk (net)
                      0.195551    0.001149   10.302483 ^ clkbuf_4_6_0_wclk/A (sky130_fd_sc_hd__clkbuf_8)
     8    0.031575    0.109760    0.319986   10.622469 ^ clkbuf_4_6_0_wclk/X (sky130_fd_sc_hd__clkbuf_8)
                                                         clknet_4_6_0_wclk (net)
                      0.109760    0.000106   10.622574 ^ _625_/CLK (sky130_fd_sc_hd__dfrtp_4)
                                  0.000000   10.622574   clock reconvergence pessimism
                                 -0.148093   10.474482   library setup time
                                             10.474482   data required time
---------------------------------------------------------------------------------------------
                                             10.474482   data required time
                                             -4.850643   data arrival time
---------------------------------------------------------------------------------------------
                                              5.623838   slack (MET)


Startpoint: _554_ (rising edge-triggered flip-flop clocked by wclk)
Endpoint: _626_ (rising edge-triggered flip-flop clocked by wclk)
Path Group: wclk
Path Type: max

Fanout         Cap        Slew       Delay        Time   Description
---------------------------------------------------------------------------------------------
                                  0.000000    0.000000   clock wclk (rise edge)
                                  0.000000    0.000000   clock source latency
     1    0.020608    0.000000    0.000000    0.000000 ^ wclk (in)
                                                         wclk (net)
                      0.001924    0.000962    0.000962 ^ clkbuf_0_wclk/A (sky130_fd_sc_hd__clkbuf_16)
    16    0.113775    0.195548    0.300371    0.301333 ^ clkbuf_0_wclk/X (sky130_fd_sc_hd__clkbuf_16)
                                                         clknet_0_wclk (net)
                      0.195552    0.001238    0.302572 ^ clkbuf_4_13_0_wclk/A (sky130_fd_sc_hd__clkbuf_8)
    10    0.032418    0.111752    0.321547    0.624119 ^ clkbuf_4_13_0_wclk/X (sky130_fd_sc_hd__clkbuf_8)
                                                         clknet_4_13_0_wclk (net)
                      0.111752    0.000253    0.624371 ^ _554_/CLK (sky130_fd_sc_hd__dfrtp_1)
     2    0.009387    0.132598    0.816823    1.441195 v _554_/Q (sky130_fd_sc_hd__dfrtp_1)
                                                         r_ptr_gray_sync[4] (net)
                      0.132598    0.000076    1.441270 v _291_/A (sky130_fd_sc_hd__xor2_1)
     3    0.011715    0.455124    0.466101    1.907372 ^ _291_/X (sky130_fd_sc_hd__xor2_1)
                                                         _171_ (net)
                      0.455124    0.000106    1.907478 ^ _292_/B (sky130_fd_sc_hd__xnor2_1)
     3    0.010439    0.446557    0.413451    2.320929 ^ _292_/Y (sky130_fd_sc_hd__xnor2_1)
                                                         _172_ (net)
                      0.446557    0.000148    2.321077 ^ _293_/B (sky130_fd_sc_hd__xnor2_1)
     1    0.004499    0.249368    0.345187    2.666264 ^ _293_/Y (sky130_fd_sc_hd__xnor2_1)
                                                         _173_ (net)
                      0.249368    0.000059    2.666323 ^ _297_/S (sky130_fd_sc_hd__mux2_1)
     2    0.006878    0.148951    0.818909    3.485232 v _297_/X (sky130_fd_sc_hd__mux2_1)
                                                         _177_ (net)
                      0.148951    0.000065    3.485297 v _329_/A1 (sky130_fd_sc_hd__a21boi_2)
     3    0.017422    0.368662    0.415023    3.900321 ^ _329_/Y (sky130_fd_sc_hd__a21boi_2)
                                                         _198_ (net)
                      0.368662    0.000241    3.900561 ^ _332_/C (sky130_fd_sc_hd__and3_1)
     2    0.008356    0.163671    0.465537    4.366099 ^ _332_/X (sky130_fd_sc_hd__and3_1)
                                                         _200_ (net)
                      0.163671    0.000076    4.366175 ^ _337_/B (sky130_fd_sc_hd__xor2_1)
     1    0.002335    0.094218    0.151801    4.517975 v _337_/X (sky130_fd_sc_hd__xor2_1)
                                                         u_wrptr_handler.b_wptr_next[2] (net)
                      0.094218    0.000013    4.517989 v _626_/D (sky130_fd_sc_hd__dfrtp_4)
                                              4.517989   data arrival time

                                 10.000000   10.000000   clock wclk (rise edge)
                                  0.000000   10.000000   clock source latency
     1    0.020608    0.000000    0.000000   10.000000 ^ wclk (in)
                                                         wclk (net)
                      0.001924    0.000962   10.000962 ^ clkbuf_0_wclk/A (sky130_fd_sc_hd__clkbuf_16)
    16    0.113775    0.195548    0.300371   10.301333 ^ clkbuf_0_wclk/X (sky130_fd_sc_hd__clkbuf_16)
                                                         clknet_0_wclk (net)
                      0.195551    0.001186   10.302519 ^ clkbuf_4_7_0_wclk/A (sky130_fd_sc_hd__clkbuf_8)
    11    0.031327    0.109351    0.319364   10.621883 ^ clkbuf_4_7_0_wclk/X (sky130_fd_sc_hd__clkbuf_8)
                                                         clknet_4_7_0_wclk (net)
                      0.109351    0.000169   10.622052 ^ _626_/CLK (sky130_fd_sc_hd__dfrtp_4)
                                  0.000000   10.622052   clock reconvergence pessimism
                                 -0.274412   10.347639   library setup time
                                             10.347639   data required time
---------------------------------------------------------------------------------------------
                                             10.347639   data required time
                                             -4.517989   data arrival time
---------------------------------------------------------------------------------------------
                                              5.829651   slack (MET)


Startpoint: _554_ (rising edge-triggered flip-flop clocked by wclk)
Endpoint: _624_ (rising edge-triggered flip-flop clocked by wclk)
Path Group: wclk
Path Type: max

Fanout         Cap        Slew       Delay        Time   Description
---------------------------------------------------------------------------------------------
                                  0.000000    0.000000   clock wclk (rise edge)
                                  0.000000    0.000000   clock source latency
     1    0.020608    0.000000    0.000000    0.000000 ^ wclk (in)
                                                         wclk (net)
                      0.001924    0.000962    0.000962 ^ clkbuf_0_wclk/A (sky130_fd_sc_hd__clkbuf_16)
    16    0.113775    0.195548    0.300371    0.301333 ^ clkbuf_0_wclk/X (sky130_fd_sc_hd__clkbuf_16)
                                                         clknet_0_wclk (net)
                      0.195552    0.001238    0.302572 ^ clkbuf_4_13_0_wclk/A (sky130_fd_sc_hd__clkbuf_8)
    10    0.032418    0.111752    0.321547    0.624119 ^ clkbuf_4_13_0_wclk/X (sky130_fd_sc_hd__clkbuf_8)
                                                         clknet_4_13_0_wclk (net)
                      0.111752    0.000253    0.624371 ^ _554_/CLK (sky130_fd_sc_hd__dfrtp_1)
     2    0.009387    0.132598    0.816823    1.441195 v _554_/Q (sky130_fd_sc_hd__dfrtp_1)
                                                         r_ptr_gray_sync[4] (net)
                      0.132598    0.000076    1.441270 v _291_/A (sky130_fd_sc_hd__xor2_1)
     3    0.011715    0.455124    0.466101    1.907372 ^ _291_/X (sky130_fd_sc_hd__xor2_1)
                                                         _171_ (net)
                      0.455124    0.000106    1.907478 ^ _292_/B (sky130_fd_sc_hd__xnor2_1)
     3    0.010439    0.446557    0.413451    2.320929 ^ _292_/Y (sky130_fd_sc_hd__xnor2_1)
                                                         _172_ (net)
                      0.446557    0.000148    2.321077 ^ _293_/B (sky130_fd_sc_hd__xnor2_1)
     1    0.004499    0.249368    0.345187    2.666264 ^ _293_/Y (sky130_fd_sc_hd__xnor2_1)
                                                         _173_ (net)
                      0.249368    0.000059    2.666323 ^ _297_/S (sky130_fd_sc_hd__mux2_1)
     2    0.006878    0.148951    0.818909    3.485232 v _297_/X (sky130_fd_sc_hd__mux2_1)
                                                         _177_ (net)
                      0.148951    0.000065    3.485297 v _329_/A1 (sky130_fd_sc_hd__a21boi_2)
     3    0.017422    0.368662    0.415023    3.900321 ^ _329_/Y (sky130_fd_sc_hd__a21boi_2)
                                                         _198_ (net)
                      0.368662    0.000229    3.900549 ^ _331_/B (sky130_fd_sc_hd__xor2_1)
     1    0.002337    0.131295    0.221212    4.121761 v _331_/X (sky130_fd_sc_hd__xor2_1)
                                                         u_wrptr_handler.b_wptr_next[0] (net)
                      0.131295    0.000021    4.121783 v _624_/D (sky130_fd_sc_hd__dfrtp_4)
                                              4.121783   data arrival time

                                 10.000000   10.000000   clock wclk (rise edge)
                                  0.000000   10.000000   clock source latency
     1    0.020608    0.000000    0.000000   10.000000 ^ wclk (in)
                                                         wclk (net)
                      0.001924    0.000962   10.000962 ^ clkbuf_0_wclk/A (sky130_fd_sc_hd__clkbuf_16)
    16    0.113775    0.195548    0.300371   10.301333 ^ clkbuf_0_wclk/X (sky130_fd_sc_hd__clkbuf_16)
                                                         clknet_0_wclk (net)
                      0.195551    0.001186   10.302519 ^ clkbuf_4_7_0_wclk/A (sky130_fd_sc_hd__clkbuf_8)
    11    0.031327    0.109351    0.319364   10.621883 ^ clkbuf_4_7_0_wclk/X (sky130_fd_sc_hd__clkbuf_8)
                                                         clknet_4_7_0_wclk (net)
                      0.109351    0.000056   10.621940 ^ _624_/CLK (sky130_fd_sc_hd__dfrtp_4)
                                  0.000000   10.621940   clock reconvergence pessimism
                                 -0.289865   10.332074   library setup time
                                             10.332074   data required time
---------------------------------------------------------------------------------------------
                                             10.332074   data required time
                                             -4.121783   data arrival time
---------------------------------------------------------------------------------------------
                                              6.210291   slack (MET)


Startpoint: _558_ (rising edge-triggered flip-flop clocked by wclk)
Endpoint: _553_ (rising edge-triggered flip-flop clocked by wclk)
Path Group: wclk
Path Type: max

Fanout         Cap        Slew       Delay        Time   Description
---------------------------------------------------------------------------------------------
                                  0.000000    0.000000   clock wclk (rise edge)
                                  0.000000    0.000000   clock source latency
     1    0.020608    0.000000    0.000000    0.000000 ^ wclk (in)
                                                         wclk (net)
                      0.001924    0.000962    0.000962 ^ clkbuf_0_wclk/A (sky130_fd_sc_hd__clkbuf_16)
    16    0.113775    0.195548    0.300371    0.301333 ^ clkbuf_0_wclk/X (sky130_fd_sc_hd__clkbuf_16)
                                                         clknet_0_wclk (net)
                      0.195552    0.001238    0.302572 ^ clkbuf_4_13_0_wclk/A (sky130_fd_sc_hd__clkbuf_8)
    10    0.032418    0.111752    0.321547    0.624119 ^ clkbuf_4_13_0_wclk/X (sky130_fd_sc_hd__clkbuf_8)
                                                         clknet_4_13_0_wclk (net)
                      0.111752    0.000227    0.624346 ^ _558_/CLK (sky130_fd_sc_hd__dfrtp_1)
     1    0.002947    0.076830    0.751006    1.375352 v _558_/Q (sky130_fd_sc_hd__dfrtp_1)
                                                         sync_grptr_to_wr.q1[3] (net)
                      0.076830    0.000032    1.375384 v _553_/D (sky130_fd_sc_hd__dfrtp_1)
                                              1.375384   data arrival time

                                 10.000000   10.000000   clock wclk (rise edge)
                                  0.000000   10.000000   clock source latency
     1    0.020608    0.000000    0.000000   10.000000 ^ wclk (in)
                                                         wclk (net)
                      0.001924    0.000962   10.000962 ^ clkbuf_0_wclk/A (sky130_fd_sc_hd__clkbuf_16)
    16    0.113775    0.195548    0.300371   10.301333 ^ clkbuf_0_wclk/X (sky130_fd_sc_hd__clkbuf_16)
                                                         clknet_0_wclk (net)
                      0.195552    0.001239   10.302572 ^ clkbuf_4_13_0_wclk/A (sky130_fd_sc_hd__clkbuf_8)
    10    0.032418    0.111752    0.321546   10.624119 ^ clkbuf_4_13_0_wclk/X (sky130_fd_sc_hd__clkbuf_8)
                                                         clknet_4_13_0_wclk (net)
                      0.111752    0.000243   10.624362 ^ _553_/CLK (sky130_fd_sc_hd__dfrtp_1)
                                  0.000000   10.624362   clock reconvergence pessimism
                                 -0.268284   10.356078   library setup time
                                             10.356078   data required time
---------------------------------------------------------------------------------------------
                                             10.356078   data required time
                                             -1.375384   data arrival time
---------------------------------------------------------------------------------------------
                                              8.980694   slack (MET)


Startpoint: _557_ (rising edge-triggered flip-flop clocked by wclk)
Endpoint: _552_ (rising edge-triggered flip-flop clocked by wclk)
Path Group: wclk
Path Type: max

Fanout         Cap        Slew       Delay        Time   Description
---------------------------------------------------------------------------------------------
                                  0.000000    0.000000   clock wclk (rise edge)
                                  0.000000    0.000000   clock source latency
     1    0.020608    0.000000    0.000000    0.000000 ^ wclk (in)
                                                         wclk (net)
                      0.001924    0.000962    0.000962 ^ clkbuf_0_wclk/A (sky130_fd_sc_hd__clkbuf_16)
    16    0.113775    0.195548    0.300371    0.301333 ^ clkbuf_0_wclk/X (sky130_fd_sc_hd__clkbuf_16)
                                                         clknet_0_wclk (net)
                      0.195551    0.001185    0.302519 ^ clkbuf_4_7_0_wclk/A (sky130_fd_sc_hd__clkbuf_8)
    11    0.031327    0.109351    0.319364    0.621883 ^ clkbuf_4_7_0_wclk/X (sky130_fd_sc_hd__clkbuf_8)
                                                         clknet_4_7_0_wclk (net)
                      0.109351    0.000496    0.622379 ^ _557_/CLK (sky130_fd_sc_hd__dfrtp_1)
     1    0.002781    0.074425    0.747696    1.370075 v _557_/Q (sky130_fd_sc_hd__dfrtp_1)
                                                         sync_grptr_to_wr.q1[2] (net)
                      0.074425    0.000034    1.370109 v _552_/D (sky130_fd_sc_hd__dfrtp_1)
                                              1.370109   data arrival time

                                 10.000000   10.000000   clock wclk (rise edge)
                                  0.000000   10.000000   clock source latency
     1    0.020608    0.000000    0.000000   10.000000 ^ wclk (in)
                                                         wclk (net)
                      0.001924    0.000962   10.000962 ^ clkbuf_0_wclk/A (sky130_fd_sc_hd__clkbuf_16)
    16    0.113775    0.195548    0.300371   10.301333 ^ clkbuf_0_wclk/X (sky130_fd_sc_hd__clkbuf_16)
                                                         clknet_0_wclk (net)
                      0.195551    0.001186   10.302519 ^ clkbuf_4_7_0_wclk/A (sky130_fd_sc_hd__clkbuf_8)
    11    0.031327    0.109351    0.319364   10.621883 ^ clkbuf_4_7_0_wclk/X (sky130_fd_sc_hd__clkbuf_8)
                                                         clknet_4_7_0_wclk (net)
                      0.109351    0.000487   10.622370 ^ _552_/CLK (sky130_fd_sc_hd__dfrtp_1)
                                  0.000000   10.622370   clock reconvergence pessimism
                                 -0.267921   10.354448   library setup time
                                             10.354448   data required time
---------------------------------------------------------------------------------------------
                                             10.354448   data required time
                                             -1.370109   data arrival time
---------------------------------------------------------------------------------------------
                                              8.984340   slack (MET)


Startpoint: _556_ (rising edge-triggered flip-flop clocked by wclk)
Endpoint: _551_ (rising edge-triggered flip-flop clocked by wclk)
Path Group: wclk
Path Type: max

Fanout         Cap        Slew       Delay        Time   Description
---------------------------------------------------------------------------------------------
                                  0.000000    0.000000   clock wclk (rise edge)
                                  0.000000    0.000000   clock source latency
     1    0.020608    0.000000    0.000000    0.000000 ^ wclk (in)
                                                         wclk (net)
                      0.001924    0.000962    0.000962 ^ clkbuf_0_wclk/A (sky130_fd_sc_hd__clkbuf_16)
    16    0.113775    0.195548    0.300371    0.301333 ^ clkbuf_0_wclk/X (sky130_fd_sc_hd__clkbuf_16)
                                                         clknet_0_wclk (net)
                      0.195551    0.001185    0.302519 ^ clkbuf_4_7_0_wclk/A (sky130_fd_sc_hd__clkbuf_8)
    11    0.031327    0.109351    0.319364    0.621883 ^ clkbuf_4_7_0_wclk/X (sky130_fd_sc_hd__clkbuf_8)
                                                         clknet_4_7_0_wclk (net)
                      0.109351    0.000476    0.622360 ^ _556_/CLK (sky130_fd_sc_hd__dfrtp_1)
     1    0.002663    0.073490    0.746131    1.368491 v _556_/Q (sky130_fd_sc_hd__dfrtp_1)
                                                         sync_grptr_to_wr.q1[1] (net)
                      0.073490    0.000027    1.368518 v _551_/D (sky130_fd_sc_hd__dfrtp_1)
                                              1.368518   data arrival time

                                 10.000000   10.000000   clock wclk (rise edge)
                                  0.000000   10.000000   clock source latency
     1    0.020608    0.000000    0.000000   10.000000 ^ wclk (in)
                                                         wclk (net)
                      0.001924    0.000962   10.000962 ^ clkbuf_0_wclk/A (sky130_fd_sc_hd__clkbuf_16)
    16    0.113775    0.195548    0.300371   10.301333 ^ clkbuf_0_wclk/X (sky130_fd_sc_hd__clkbuf_16)
                                                         clknet_0_wclk (net)
                      0.195551    0.001186   10.302519 ^ clkbuf_4_7_0_wclk/A (sky130_fd_sc_hd__clkbuf_8)
    11    0.031327    0.109351    0.319364   10.621883 ^ clkbuf_4_7_0_wclk/X (sky130_fd_sc_hd__clkbuf_8)
                                                         clknet_4_7_0_wclk (net)
                      0.109351    0.000456   10.622339 ^ _551_/CLK (sky130_fd_sc_hd__dfrtp_1)
                                  0.000000   10.622339   clock reconvergence pessimism
                                 -0.267532   10.354807   library setup time
                                             10.354807   data required time
---------------------------------------------------------------------------------------------
                                             10.354807   data required time
                                             -1.368518   data arrival time
---------------------------------------------------------------------------------------------
                                              8.986289   slack (MET)


Startpoint: _559_ (rising edge-triggered flip-flop clocked by wclk)
Endpoint: _554_ (rising edge-triggered flip-flop clocked by wclk)
Path Group: wclk
Path Type: max

Fanout         Cap        Slew       Delay        Time   Description
---------------------------------------------------------------------------------------------
                                  0.000000    0.000000   clock wclk (rise edge)
                                  0.000000    0.000000   clock source latency
     1    0.020608    0.000000    0.000000    0.000000 ^ wclk (in)
                                                         wclk (net)
                      0.001924    0.000962    0.000962 ^ clkbuf_0_wclk/A (sky130_fd_sc_hd__clkbuf_16)
    16    0.113775    0.195548    0.300371    0.301333 ^ clkbuf_0_wclk/X (sky130_fd_sc_hd__clkbuf_16)
                                                         clknet_0_wclk (net)
                      0.195552    0.001238    0.302572 ^ clkbuf_4_13_0_wclk/A (sky130_fd_sc_hd__clkbuf_8)
    10    0.032418    0.111752    0.321547    0.624119 ^ clkbuf_4_13_0_wclk/X (sky130_fd_sc_hd__clkbuf_8)
                                                         clknet_4_13_0_wclk (net)
                      0.111752    0.000344    0.624462 ^ _559_/CLK (sky130_fd_sc_hd__dfrtp_1)
     1    0.002178    0.072280    0.740790    1.365252 v _559_/Q (sky130_fd_sc_hd__dfrtp_1)
                                                         sync_grptr_to_wr.q1[4] (net)
                      0.072280    0.000010    1.365263 v _554_/D (sky130_fd_sc_hd__dfrtp_1)
                                              1.365263   data arrival time

                                 10.000000   10.000000   clock wclk (rise edge)
                                  0.000000   10.000000   clock source latency
     1    0.020608    0.000000    0.000000   10.000000 ^ wclk (in)
                                                         wclk (net)
                      0.001924    0.000962   10.000962 ^ clkbuf_0_wclk/A (sky130_fd_sc_hd__clkbuf_16)
    16    0.113775    0.195548    0.300371   10.301333 ^ clkbuf_0_wclk/X (sky130_fd_sc_hd__clkbuf_16)
                                                         clknet_0_wclk (net)
                      0.195552    0.001239   10.302572 ^ clkbuf_4_13_0_wclk/A (sky130_fd_sc_hd__clkbuf_8)
    10    0.032418    0.111752    0.321546   10.624119 ^ clkbuf_4_13_0_wclk/X (sky130_fd_sc_hd__clkbuf_8)
                                                         clknet_4_13_0_wclk (net)
                      0.111752    0.000253   10.624372 ^ _554_/CLK (sky130_fd_sc_hd__dfrtp_1)
                                  0.000000   10.624372   clock reconvergence pessimism
                                 -0.266388   10.357985   library setup time
                                             10.357985   data required time
---------------------------------------------------------------------------------------------
                                             10.357985   data required time
                                             -1.365263   data arrival time
---------------------------------------------------------------------------------------------
                                              8.992722   slack (MET)


Startpoint: _555_ (rising edge-triggered flip-flop clocked by wclk)
Endpoint: _550_ (rising edge-triggered flip-flop clocked by wclk)
Path Group: wclk
Path Type: max

Fanout         Cap        Slew       Delay        Time   Description
---------------------------------------------------------------------------------------------
                                  0.000000    0.000000   clock wclk (rise edge)
                                  0.000000    0.000000   clock source latency
     1    0.020608    0.000000    0.000000    0.000000 ^ wclk (in)
                                                         wclk (net)
                      0.001924    0.000962    0.000962 ^ clkbuf_0_wclk/A (sky130_fd_sc_hd__clkbuf_16)
    16    0.113775    0.195548    0.300371    0.301333 ^ clkbuf_0_wclk/X (sky130_fd_sc_hd__clkbuf_16)
                                                         clknet_0_wclk (net)
                      0.195551    0.001185    0.302519 ^ clkbuf_4_7_0_wclk/A (sky130_fd_sc_hd__clkbuf_8)
    11    0.031327    0.109351    0.319364    0.621883 ^ clkbuf_4_7_0_wclk/X (sky130_fd_sc_hd__clkbuf_8)
                                                         clknet_4_7_0_wclk (net)
                      0.109351    0.000284    0.622167 ^ _555_/CLK (sky130_fd_sc_hd__dfrtp_1)
     1    0.002129    0.071799    0.739029    1.361196 v _555_/Q (sky130_fd_sc_hd__dfrtp_1)
                                                         sync_grptr_to_wr.q1[0] (net)
                      0.071799    0.000010    1.361207 v _550_/D (sky130_fd_sc_hd__dfrtp_1)
                                              1.361207   data arrival time

                                 10.000000   10.000000   clock wclk (rise edge)
                                  0.000000   10.000000   clock source latency
     1    0.020608    0.000000    0.000000   10.000000 ^ wclk (in)
                                                         wclk (net)
                      0.001924    0.000962   10.000962 ^ clkbuf_0_wclk/A (sky130_fd_sc_hd__clkbuf_16)
    16    0.113775    0.195548    0.300371   10.301333 ^ clkbuf_0_wclk/X (sky130_fd_sc_hd__clkbuf_16)
                                                         clknet_0_wclk (net)
                      0.195551    0.001186   10.302519 ^ clkbuf_4_7_0_wclk/A (sky130_fd_sc_hd__clkbuf_8)
    11    0.031327    0.109351    0.319364   10.621883 ^ clkbuf_4_7_0_wclk/X (sky130_fd_sc_hd__clkbuf_8)
                                                         clknet_4_7_0_wclk (net)
                      0.109351    0.000374   10.622257 ^ _550_/CLK (sky130_fd_sc_hd__dfrtp_1)
                                  0.000000   10.622257   clock reconvergence pessimism
                                 -0.266827   10.355430   library setup time
                                             10.355430   data required time
---------------------------------------------------------------------------------------------
                                             10.355430   data required time
                                             -1.361207   data arrival time
---------------------------------------------------------------------------------------------
                                              8.994224   slack (MET)


Startpoint: _657_ (rising edge-triggered flip-flop clocked by rclk)
Endpoint: _548_ (rising edge-triggered flip-flop clocked by rclk)
Path Group: rclk
Path Type: max

Fanout         Cap        Slew       Delay        Time   Description
---------------------------------------------------------------------------------------------
                                  0.000000    0.000000   clock rclk (rise edge)
                                  0.000000    0.000000   clock source latency
     1    0.014579    0.000000    0.000000    0.000000 ^ rclk (in)
                                                         rclk (net)
                      0.000483    0.000242    0.000242 ^ clkbuf_0_rclk/A (sky130_fd_sc_hd__clkbuf_16)
     2    0.018011    0.064809    0.188689    0.188931 ^ clkbuf_0_rclk/X (sky130_fd_sc_hd__clkbuf_16)
                                                         clknet_0_rclk (net)
                      0.064819    0.000149    0.189080 ^ clkbuf_1_1__f_rclk/A (sky130_fd_sc_hd__clkbuf_16)
    16    0.041525    0.095916    0.249932    0.439012 ^ clkbuf_1_1__f_rclk/X (sky130_fd_sc_hd__clkbuf_16)
                                                         clknet_1_1__leaf_rclk (net)
                      0.095916    0.000272    0.439284 ^ _657_/CLK (sky130_fd_sc_hd__dfrtp_4)
    36    0.215519    0.943910    1.506340    1.945624 ^ _657_/Q (sky130_fd_sc_hd__dfrtp_4)
                                                         bram.raddr[0] (net)
                      0.944009    0.009974    1.955599 ^ _280_/S0 (sky130_fd_sc_hd__mux4_1)
     1    0.005053    0.182789    1.519955    3.475554 v _280_/X (sky130_fd_sc_hd__mux4_1)
                                                         _162_ (net)
                      0.182789    0.000087    3.475641 v _281_/A1 (sky130_fd_sc_hd__mux2_1)
     1    0.009182    0.170276    0.776936    4.252576 v _281_/X (sky130_fd_sc_hd__mux2_1)
                                                         _163_ (net)
                      0.170276    0.000358    4.252934 v _282_/B1 (sky130_fd_sc_hd__a22o_1)
     1    0.009168    0.124906    0.424575    4.677509 v _282_/X (sky130_fd_sc_hd__a22o_1)
                                                         _006_ (net)
                      0.124906    0.000310    4.677820 v _548_/D (sky130_fd_sc_hd__dfxtp_1)
                                              4.677820   data arrival time

                                 14.000000   14.000000   clock rclk (rise edge)
                                  0.000000   14.000000   clock source latency
     1    0.014579    0.000000    0.000000   14.000000 ^ rclk (in)
                                                         rclk (net)
                      0.000483    0.000242   14.000241 ^ clkbuf_0_rclk/A (sky130_fd_sc_hd__clkbuf_16)
     2    0.018011    0.064809    0.188689   14.188931 ^ clkbuf_0_rclk/X (sky130_fd_sc_hd__clkbuf_16)
                                                         clknet_0_rclk (net)
                      0.064819    0.000123   14.189053 ^ clkbuf_1_0__f_rclk/A (sky130_fd_sc_hd__clkbuf_16)
    12    0.045698    0.101436    0.254480   14.443533 ^ clkbuf_1_0__f_rclk/X (sky130_fd_sc_hd__clkbuf_16)
                                                         clknet_1_0__leaf_rclk (net)
                      0.101439    0.000643   14.444176 ^ _548_/CLK (sky130_fd_sc_hd__dfxtp_1)
                                  0.000000   14.444176   clock reconvergence pessimism
                                 -0.283322   14.160854   library setup time
                                             14.160854   data required time
---------------------------------------------------------------------------------------------
                                             14.160854   data required time
                                             -4.677820   data arrival time
---------------------------------------------------------------------------------------------
                                              9.483035   slack (MET)


Startpoint: _657_ (rising edge-triggered flip-flop clocked by rclk)
Endpoint: _544_ (rising edge-triggered flip-flop clocked by rclk)
Path Group: rclk
Path Type: max

Fanout         Cap        Slew       Delay        Time   Description
---------------------------------------------------------------------------------------------
                                  0.000000    0.000000   clock rclk (rise edge)
                                  0.000000    0.000000   clock source latency
     1    0.014579    0.000000    0.000000    0.000000 ^ rclk (in)
                                                         rclk (net)
                      0.000483    0.000242    0.000242 ^ clkbuf_0_rclk/A (sky130_fd_sc_hd__clkbuf_16)
     2    0.018011    0.064809    0.188689    0.188931 ^ clkbuf_0_rclk/X (sky130_fd_sc_hd__clkbuf_16)
                                                         clknet_0_rclk (net)
                      0.064819    0.000149    0.189080 ^ clkbuf_1_1__f_rclk/A (sky130_fd_sc_hd__clkbuf_16)
    16    0.041525    0.095916    0.249932    0.439012 ^ clkbuf_1_1__f_rclk/X (sky130_fd_sc_hd__clkbuf_16)
                                                         clknet_1_1__leaf_rclk (net)
                      0.095916    0.000272    0.439284 ^ _657_/CLK (sky130_fd_sc_hd__dfrtp_4)
    36    0.215519    0.943910    1.506340    1.945624 ^ _657_/Q (sky130_fd_sc_hd__dfrtp_4)
                                                         bram.raddr[0] (net)
                      0.944013    0.010126    1.955750 ^ _366_/S0 (sky130_fd_sc_hd__mux4_1)
     1    0.003570    0.162774    1.490450    3.446201 v _366_/X (sky130_fd_sc_hd__mux4_1)
                                                         _224_ (net)
                      0.162774    0.000060    3.446260 v _368_/A0 (sky130_fd_sc_hd__mux2_1)
     1    0.010636    0.184887    0.763821    4.210081 v _368_/X (sky130_fd_sc_hd__mux2_1)
                                                         _226_ (net)
                      0.184887    0.000445    4.210527 v _369_/B1 (sky130_fd_sc_hd__a22o_1)
     1    0.010881    0.140190    0.445168    4.655694 v _369_/X (sky130_fd_sc_hd__a22o_1)
                                                         _002_ (net)
                      0.140190    0.000408    4.656102 v _544_/D (sky130_fd_sc_hd__dfxtp_1)
                                              4.656102   data arrival time

                                 14.000000   14.000000   clock rclk (rise edge)
                                  0.000000   14.000000   clock source latency
     1    0.014579    0.000000    0.000000   14.000000 ^ rclk (in)
                                                         rclk (net)
                      0.000483    0.000242   14.000241 ^ clkbuf_0_rclk/A (sky130_fd_sc_hd__clkbuf_16)
     2    0.018011    0.064809    0.188689   14.188931 ^ clkbuf_0_rclk/X (sky130_fd_sc_hd__clkbuf_16)
                                                         clknet_0_rclk (net)
                      0.064819    0.000123   14.189053 ^ clkbuf_1_0__f_rclk/A (sky130_fd_sc_hd__clkbuf_16)
    12    0.045698    0.101436    0.254480   14.443533 ^ clkbuf_1_0__f_rclk/X (sky130_fd_sc_hd__clkbuf_16)
                                                         clknet_1_0__leaf_rclk (net)
                      0.101439    0.000619   14.444152 ^ _544_/CLK (sky130_fd_sc_hd__dfxtp_1)
                                  0.000000   14.444152   clock reconvergence pessimism
                                 -0.289672   14.154480   library setup time
                                             14.154480   data required time
---------------------------------------------------------------------------------------------
                                             14.154480   data required time
                                             -4.656102   data arrival time
---------------------------------------------------------------------------------------------
                                              9.498378   slack (MET)


Startpoint: _657_ (rising edge-triggered flip-flop clocked by rclk)
Endpoint: _549_ (rising edge-triggered flip-flop clocked by rclk)
Path Group: rclk
Path Type: max

Fanout         Cap        Slew       Delay        Time   Description
---------------------------------------------------------------------------------------------
                                  0.000000    0.000000   clock rclk (rise edge)
                                  0.000000    0.000000   clock source latency
     1    0.014579    0.000000    0.000000    0.000000 ^ rclk (in)
                                                         rclk (net)
                      0.000483    0.000242    0.000242 ^ clkbuf_0_rclk/A (sky130_fd_sc_hd__clkbuf_16)
     2    0.018011    0.064809    0.188689    0.188931 ^ clkbuf_0_rclk/X (sky130_fd_sc_hd__clkbuf_16)
                                                         clknet_0_rclk (net)
                      0.064819    0.000149    0.189080 ^ clkbuf_1_1__f_rclk/A (sky130_fd_sc_hd__clkbuf_16)
    16    0.041525    0.095916    0.249932    0.439012 ^ clkbuf_1_1__f_rclk/X (sky130_fd_sc_hd__clkbuf_16)
                                                         clknet_1_1__leaf_rclk (net)
                      0.095916    0.000272    0.439284 ^ _657_/CLK (sky130_fd_sc_hd__dfrtp_4)
    36    0.215519    0.943910    1.506340    1.945624 ^ _657_/Q (sky130_fd_sc_hd__dfrtp_4)
                                                         bram.raddr[0] (net)
                      0.944007    0.009906    1.955530 ^ _288_/S0 (sky130_fd_sc_hd__mux4_1)
     1    0.004696    0.180213    1.514537    3.470068 v _288_/X (sky130_fd_sc_hd__mux4_1)
                                                         _169_ (net)
                      0.180213    0.000061    3.470129 v _289_/A1 (sky130_fd_sc_hd__mux2_1)
     1    0.010572    0.184213    0.791902    4.262031 v _289_/X (sky130_fd_sc_hd__mux2_1)
                                                         _170_ (net)
                      0.184213    0.000436    4.262466 v _290_/B1 (sky130_fd_sc_hd__a22o_1)
     1    0.005968    0.098169    0.402021    4.664487 v _290_/X (sky130_fd_sc_hd__a22o_1)
                                                         _007_ (net)
                      0.098169    0.000138    4.664626 v _549_/D (sky130_fd_sc_hd__dfxtp_1)
                                              4.664626   data arrival time

                                 14.000000   14.000000   clock rclk (rise edge)
                                  0.000000   14.000000   clock source latency
     1    0.014579    0.000000    0.000000   14.000000 ^ rclk (in)
                                                         rclk (net)
                      0.000483    0.000242   14.000241 ^ clkbuf_0_rclk/A (sky130_fd_sc_hd__clkbuf_16)
     2    0.018011    0.064809    0.188689   14.188931 ^ clkbuf_0_rclk/X (sky130_fd_sc_hd__clkbuf_16)
                                                         clknet_0_rclk (net)
                      0.064819    0.000123   14.189053 ^ clkbuf_1_0__f_rclk/A (sky130_fd_sc_hd__clkbuf_16)
    12    0.045698    0.101436    0.254480   14.443533 ^ clkbuf_1_0__f_rclk/X (sky130_fd_sc_hd__clkbuf_16)
                                                         clknet_1_0__leaf_rclk (net)
                      0.101438    0.000597   14.444130 ^ _549_/CLK (sky130_fd_sc_hd__dfxtp_1)
                                  0.000000   14.444130   clock reconvergence pessimism
                                 -0.272214   14.171916   library setup time
                                             14.171916   data required time
---------------------------------------------------------------------------------------------
                                             14.171916   data required time
                                             -4.664626   data arrival time
---------------------------------------------------------------------------------------------
                                              9.507290   slack (MET)


Startpoint: _657_ (rising edge-triggered flip-flop clocked by rclk)
Endpoint: _546_ (rising edge-triggered flip-flop clocked by rclk)
Path Group: rclk
Path Type: max

Fanout         Cap        Slew       Delay        Time   Description
---------------------------------------------------------------------------------------------
                                  0.000000    0.000000   clock rclk (rise edge)
                                  0.000000    0.000000   clock source latency
     1    0.014579    0.000000    0.000000    0.000000 ^ rclk (in)
                                                         rclk (net)
                      0.000483    0.000242    0.000242 ^ clkbuf_0_rclk/A (sky130_fd_sc_hd__clkbuf_16)
     2    0.018011    0.064809    0.188689    0.188931 ^ clkbuf_0_rclk/X (sky130_fd_sc_hd__clkbuf_16)
                                                         clknet_0_rclk (net)
                      0.064819    0.000149    0.189080 ^ clkbuf_1_1__f_rclk/A (sky130_fd_sc_hd__clkbuf_16)
    16    0.041525    0.095916    0.249932    0.439012 ^ clkbuf_1_1__f_rclk/X (sky130_fd_sc_hd__clkbuf_16)
                                                         clknet_1_1__leaf_rclk (net)
                      0.095916    0.000272    0.439284 ^ _657_/CLK (sky130_fd_sc_hd__dfrtp_4)
    36    0.215519    0.943910    1.506340    1.945624 ^ _657_/Q (sky130_fd_sc_hd__dfrtp_4)
                                                         bram.raddr[0] (net)
                      0.944010    0.010006    1.955630 ^ _263_/S0 (sky130_fd_sc_hd__mux4_1)
     1    0.005161    0.183601    1.521585    3.477216 v _263_/X (sky130_fd_sc_hd__mux4_1)
                                                         _147_ (net)
                      0.183601    0.000117    3.477332 v _265_/A0 (sky130_fd_sc_hd__mux2_1)
     1    0.010416    0.182637    0.769454    4.246786 v _265_/X (sky130_fd_sc_hd__mux2_1)
                                                         _149_ (net)
                      0.182637    0.000436    4.247222 v _266_/B1 (sky130_fd_sc_hd__a22o_1)
     1    0.004530    0.087265    0.388835    4.636057 v _266_/X (sky130_fd_sc_hd__a22o_1)
                                                         _004_ (net)
                      0.087265    0.000091    4.636148 v _546_/D (sky130_fd_sc_hd__dfxtp_1)
                                              4.636148   data arrival time

                                 14.000000   14.000000   clock rclk (rise edge)
                                  0.000000   14.000000   clock source latency
     1    0.014579    0.000000    0.000000   14.000000 ^ rclk (in)
                                                         rclk (net)
                      0.000483    0.000242   14.000241 ^ clkbuf_0_rclk/A (sky130_fd_sc_hd__clkbuf_16)
     2    0.018011    0.064809    0.188689   14.188931 ^ clkbuf_0_rclk/X (sky130_fd_sc_hd__clkbuf_16)
                                                         clknet_0_rclk (net)
                      0.064819    0.000123   14.189053 ^ clkbuf_1_0__f_rclk/A (sky130_fd_sc_hd__clkbuf_16)
    12    0.045698    0.101436    0.254480   14.443533 ^ clkbuf_1_0__f_rclk/X (sky130_fd_sc_hd__clkbuf_16)
                                                         clknet_1_0__leaf_rclk (net)
                      0.101438    0.000576   14.444109 ^ _546_/CLK (sky130_fd_sc_hd__dfxtp_1)
                                  0.000000   14.444109   clock reconvergence pessimism
                                 -0.267684   14.176424   library setup time
                                             14.176424   data required time
---------------------------------------------------------------------------------------------
                                             14.176424   data required time
                                             -4.636148   data arrival time
---------------------------------------------------------------------------------------------
                                              9.540276   slack (MET)


Startpoint: _657_ (rising edge-triggered flip-flop clocked by rclk)
Endpoint: _542_ (rising edge-triggered flip-flop clocked by rclk)
Path Group: rclk
Path Type: max

Fanout         Cap        Slew       Delay        Time   Description
---------------------------------------------------------------------------------------------
                                  0.000000    0.000000   clock rclk (rise edge)
                                  0.000000    0.000000   clock source latency
     1    0.014579    0.000000    0.000000    0.000000 ^ rclk (in)
                                                         rclk (net)
                      0.000483    0.000242    0.000242 ^ clkbuf_0_rclk/A (sky130_fd_sc_hd__clkbuf_16)
     2    0.018011    0.064809    0.188689    0.188931 ^ clkbuf_0_rclk/X (sky130_fd_sc_hd__clkbuf_16)
                                                         clknet_0_rclk (net)
                      0.064819    0.000149    0.189080 ^ clkbuf_1_1__f_rclk/A (sky130_fd_sc_hd__clkbuf_16)
    16    0.041525    0.095916    0.249932    0.439012 ^ clkbuf_1_1__f_rclk/X (sky130_fd_sc_hd__clkbuf_16)
                                                         clknet_1_1__leaf_rclk (net)
                      0.095916    0.000272    0.439284 ^ _657_/CLK (sky130_fd_sc_hd__dfrtp_4)
    36    0.215519    0.943910    1.506340    1.945624 ^ _657_/Q (sky130_fd_sc_hd__dfrtp_4)
                                                         bram.raddr[0] (net)
                      0.943999    0.009588    1.955212 ^ _350_/S0 (sky130_fd_sc_hd__mux4_1)
     1    0.003899    0.166589    1.498006    3.453218 v _350_/X (sky130_fd_sc_hd__mux4_1)
                                                         _210_ (net)
                      0.166589    0.000067    3.453285 v _352_/A0 (sky130_fd_sc_hd__mux2_1)
     1    0.009470    0.173120    0.751934    4.205218 v _352_/X (sky130_fd_sc_hd__mux2_1)
                                                         _212_ (net)
                      0.173120    0.000372    4.205590 v _353_/B1 (sky130_fd_sc_hd__a22o_1)
     1    0.006492    0.102284    0.402325    4.607915 v _353_/X (sky130_fd_sc_hd__a22o_1)
                                                         _000_ (net)
                      0.102284    0.000155    4.608070 v _542_/D (sky130_fd_sc_hd__dfxtp_1)
                                              4.608070   data arrival time

                                 14.000000   14.000000   clock rclk (rise edge)
                                  0.000000   14.000000   clock source latency
     1    0.014579    0.000000    0.000000   14.000000 ^ rclk (in)
                                                         rclk (net)
                      0.000483    0.000242   14.000241 ^ clkbuf_0_rclk/A (sky130_fd_sc_hd__clkbuf_16)
     2    0.018011    0.064809    0.188689   14.188931 ^ clkbuf_0_rclk/X (sky130_fd_sc_hd__clkbuf_16)
                                                         clknet_0_rclk (net)
                      0.064819    0.000149   14.189079 ^ clkbuf_1_1__f_rclk/A (sky130_fd_sc_hd__clkbuf_16)
    16    0.041525    0.095916    0.249932   14.439012 ^ clkbuf_1_1__f_rclk/X (sky130_fd_sc_hd__clkbuf_16)
                                                         clknet_1_1__leaf_rclk (net)
                      0.095917    0.000349   14.439361 ^ _542_/CLK (sky130_fd_sc_hd__dfxtp_1)
                                  0.000000   14.439361   clock reconvergence pessimism
                                 -0.275412   14.163949   library setup time
                                             14.163949   data required time
---------------------------------------------------------------------------------------------
                                             14.163949   data required time
                                             -4.608070   data arrival time
---------------------------------------------------------------------------------------------
                                              9.555878   slack (MET)


Startpoint: _657_ (rising edge-triggered flip-flop clocked by rclk)
Endpoint: _545_ (rising edge-triggered flip-flop clocked by rclk)
Path Group: rclk
Path Type: max

Fanout         Cap        Slew       Delay        Time   Description
---------------------------------------------------------------------------------------------
                                  0.000000    0.000000   clock rclk (rise edge)
                                  0.000000    0.000000   clock source latency
     1    0.014579    0.000000    0.000000    0.000000 ^ rclk (in)
                                                         rclk (net)
                      0.000483    0.000242    0.000242 ^ clkbuf_0_rclk/A (sky130_fd_sc_hd__clkbuf_16)
     2    0.018011    0.064809    0.188689    0.188931 ^ clkbuf_0_rclk/X (sky130_fd_sc_hd__clkbuf_16)
                                                         clknet_0_rclk (net)
                      0.064819    0.000149    0.189080 ^ clkbuf_1_1__f_rclk/A (sky130_fd_sc_hd__clkbuf_16)
    16    0.041525    0.095916    0.249932    0.439012 ^ clkbuf_1_1__f_rclk/X (sky130_fd_sc_hd__clkbuf_16)
                                                         clknet_1_1__leaf_rclk (net)
                      0.095916    0.000272    0.439284 ^ _657_/CLK (sky130_fd_sc_hd__dfrtp_4)
    36    0.215519    0.943910    1.506340    1.945624 ^ _657_/Q (sky130_fd_sc_hd__dfrtp_4)
                                                         bram.raddr[0] (net)
                      0.943982    0.008842    1.954466 ^ _375_/S0 (sky130_fd_sc_hd__mux4_1)
     1    0.004311    0.175033    1.507482    3.461949 v _375_/X (sky130_fd_sc_hd__mux4_1)
                                                         _232_ (net)
                      0.175033    0.000076    3.462025 v _376_/A1 (sky130_fd_sc_hd__mux2_1)
     1    0.008364    0.162352    0.764514    4.226539 v _376_/X (sky130_fd_sc_hd__mux2_1)
                                                         _233_ (net)
                      0.162352    0.000304    4.226842 v _377_/B1 (sky130_fd_sc_hd__a22o_1)
     1    0.003961    0.081783    0.374514    4.601357 v _377_/X (sky130_fd_sc_hd__a22o_1)
                                                         _003_ (net)
                      0.081783    0.000068    4.601425 v _545_/D (sky130_fd_sc_hd__dfxtp_1)
                                              4.601425   data arrival time

                                 14.000000   14.000000   clock rclk (rise edge)
                                  0.000000   14.000000   clock source latency
     1    0.014579    0.000000    0.000000   14.000000 ^ rclk (in)
                                                         rclk (net)
                      0.000483    0.000242   14.000241 ^ clkbuf_0_rclk/A (sky130_fd_sc_hd__clkbuf_16)
     2    0.018011    0.064809    0.188689   14.188931 ^ clkbuf_0_rclk/X (sky130_fd_sc_hd__clkbuf_16)
                                                         clknet_0_rclk (net)
                      0.064819    0.000123   14.189053 ^ clkbuf_1_0__f_rclk/A (sky130_fd_sc_hd__clkbuf_16)
    12    0.045698    0.101436    0.254480   14.443533 ^ clkbuf_1_0__f_rclk/X (sky130_fd_sc_hd__clkbuf_16)
                                                         clknet_1_0__leaf_rclk (net)
                      0.101439    0.000617   14.444150 ^ _545_/CLK (sky130_fd_sc_hd__dfxtp_1)
                                  0.000000   14.444150   clock reconvergence pessimism
                                 -0.265406   14.178744   library setup time
                                             14.178744   data required time
---------------------------------------------------------------------------------------------
                                             14.178744   data required time
                                             -4.601425   data arrival time
---------------------------------------------------------------------------------------------
                                              9.577319   slack (MET)


Startpoint: _657_ (rising edge-triggered flip-flop clocked by rclk)
Endpoint: _547_ (rising edge-triggered flip-flop clocked by rclk)
Path Group: rclk
Path Type: max

Fanout         Cap        Slew       Delay        Time   Description
---------------------------------------------------------------------------------------------
                                  0.000000    0.000000   clock rclk (rise edge)
                                  0.000000    0.000000   clock source latency
     1    0.014579    0.000000    0.000000    0.000000 ^ rclk (in)
                                                         rclk (net)
                      0.000483    0.000242    0.000242 ^ clkbuf_0_rclk/A (sky130_fd_sc_hd__clkbuf_16)
     2    0.018011    0.064809    0.188689    0.188931 ^ clkbuf_0_rclk/X (sky130_fd_sc_hd__clkbuf_16)
                                                         clknet_0_rclk (net)
                      0.064819    0.000149    0.189080 ^ clkbuf_1_1__f_rclk/A (sky130_fd_sc_hd__clkbuf_16)
    16    0.041525    0.095916    0.249932    0.439012 ^ clkbuf_1_1__f_rclk/X (sky130_fd_sc_hd__clkbuf_16)
                                                         clknet_1_1__leaf_rclk (net)
                      0.095916    0.000272    0.439284 ^ _657_/CLK (sky130_fd_sc_hd__dfrtp_4)
    36    0.215519    0.943910    1.506340    1.945624 ^ _657_/Q (sky130_fd_sc_hd__dfrtp_4)
                                                         bram.raddr[0] (net)
                      0.944000    0.009632    1.955256 ^ _272_/S0 (sky130_fd_sc_hd__mux4_1)
     1    0.004745    0.180553    1.515275    3.470531 v _272_/X (sky130_fd_sc_hd__mux4_1)
                                                         _155_ (net)
                      0.180553    0.000087    3.470619 v _273_/A1 (sky130_fd_sc_hd__mux2_1)
     1    0.009311    0.171533    0.777562    4.248180 v _273_/X (sky130_fd_sc_hd__mux2_1)
                                                         _156_ (net)
                      0.171533    0.000341    4.248521 v _274_/B1 (sky130_fd_sc_hd__a22o_1)
     1    0.002063    0.066224    0.354815    4.603336 v _274_/X (sky130_fd_sc_hd__a22o_1)
                                                         _005_ (net)
                      0.066224    0.000011    4.603347 v _547_/D (sky130_fd_sc_hd__dfxtp_1)
                                              4.603347   data arrival time

                                 14.000000   14.000000   clock rclk (rise edge)
                                  0.000000   14.000000   clock source latency
     1    0.014579    0.000000    0.000000   14.000000 ^ rclk (in)
                                                         rclk (net)
                      0.000483    0.000242   14.000241 ^ clkbuf_0_rclk/A (sky130_fd_sc_hd__clkbuf_16)
     2    0.018011    0.064809    0.188689   14.188931 ^ clkbuf_0_rclk/X (sky130_fd_sc_hd__clkbuf_16)
                                                         clknet_0_rclk (net)
                      0.064819    0.000123   14.189053 ^ clkbuf_1_0__f_rclk/A (sky130_fd_sc_hd__clkbuf_16)
    12    0.045698    0.101436    0.254480   14.443533 ^ clkbuf_1_0__f_rclk/X (sky130_fd_sc_hd__clkbuf_16)
                                                         clknet_1_0__leaf_rclk (net)
                      0.101439    0.000635   14.444168 ^ _547_/CLK (sky130_fd_sc_hd__dfxtp_1)
                                  0.000000   14.444168   clock reconvergence pessimism
                                 -0.258942   14.185225   library setup time
                                             14.185225   data required time
---------------------------------------------------------------------------------------------
                                             14.185225   data required time
                                             -4.603347   data arrival time
---------------------------------------------------------------------------------------------
                                              9.581879   slack (MET)


Startpoint: _657_ (rising edge-triggered flip-flop clocked by rclk)
Endpoint: _543_ (rising edge-triggered flip-flop clocked by rclk)
Path Group: rclk
Path Type: max

Fanout         Cap        Slew       Delay        Time   Description
---------------------------------------------------------------------------------------------
                                  0.000000    0.000000   clock rclk (rise edge)
                                  0.000000    0.000000   clock source latency
     1    0.014579    0.000000    0.000000    0.000000 ^ rclk (in)
                                                         rclk (net)
                      0.000483    0.000242    0.000242 ^ clkbuf_0_rclk/A (sky130_fd_sc_hd__clkbuf_16)
     2    0.018011    0.064809    0.188689    0.188931 ^ clkbuf_0_rclk/X (sky130_fd_sc_hd__clkbuf_16)
                                                         clknet_0_rclk (net)
                      0.064819    0.000149    0.189080 ^ clkbuf_1_1__f_rclk/A (sky130_fd_sc_hd__clkbuf_16)
    16    0.041525    0.095916    0.249932    0.439012 ^ clkbuf_1_1__f_rclk/X (sky130_fd_sc_hd__clkbuf_16)
                                                         clknet_1_1__leaf_rclk (net)
                      0.095916    0.000272    0.439284 ^ _657_/CLK (sky130_fd_sc_hd__dfrtp_4)
    36    0.215519    0.943910    1.506340    1.945624 ^ _657_/Q (sky130_fd_sc_hd__dfrtp_4)
                                                         bram.raddr[0] (net)
                      0.943962    0.007826    1.953451 ^ _359_/S0 (sky130_fd_sc_hd__mux4_1)
     1    0.003180    0.162592    1.481482    3.434932 v _359_/X (sky130_fd_sc_hd__mux4_1)
                                                         _218_ (net)
                      0.162592    0.000039    3.434972 v _360_/A1 (sky130_fd_sc_hd__mux2_1)
     1    0.009612    0.174548    0.773958    4.208930 v _360_/X (sky130_fd_sc_hd__mux2_1)
                                                         _219_ (net)
                      0.174548    0.000394    4.209324 v _361_/B1 (sky130_fd_sc_hd__a22o_1)
     1    0.003635    0.078691    0.375237    4.584560 v _361_/X (sky130_fd_sc_hd__a22o_1)
                                                         _001_ (net)
                      0.078691    0.000061    4.584621 v _543_/D (sky130_fd_sc_hd__dfxtp_1)
                                              4.584621   data arrival time

                                 14.000000   14.000000   clock rclk (rise edge)
                                  0.000000   14.000000   clock source latency
     1    0.014579    0.000000    0.000000   14.000000 ^ rclk (in)
                                                         rclk (net)
                      0.000483    0.000242   14.000241 ^ clkbuf_0_rclk/A (sky130_fd_sc_hd__clkbuf_16)
     2    0.018011    0.064809    0.188689   14.188931 ^ clkbuf_0_rclk/X (sky130_fd_sc_hd__clkbuf_16)
                                                         clknet_0_rclk (net)
                      0.064819    0.000123   14.189053 ^ clkbuf_1_0__f_rclk/A (sky130_fd_sc_hd__clkbuf_16)
    12    0.045698    0.101436    0.254480   14.443533 ^ clkbuf_1_0__f_rclk/X (sky130_fd_sc_hd__clkbuf_16)
                                                         clknet_1_0__leaf_rclk (net)
                      0.101436    0.000189   14.443722 ^ _543_/CLK (sky130_fd_sc_hd__dfxtp_1)
                                  0.000000   14.443722   clock reconvergence pessimism
                                 -0.264123   14.179599   library setup time
                                             14.179599   data required time
---------------------------------------------------------------------------------------------
                                             14.179599   data required time
                                             -4.584621   data arrival time
---------------------------------------------------------------------------------------------
                                              9.594977   slack (MET)


Startpoint: _663_ (rising edge-triggered flip-flop clocked by rclk)
Endpoint: _660_ (rising edge-triggered flip-flop clocked by rclk)
Path Group: rclk
Path Type: max

Fanout         Cap        Slew       Delay        Time   Description
---------------------------------------------------------------------------------------------
                                  0.000000    0.000000   clock rclk (rise edge)
                                  0.000000    0.000000   clock source latency
     1    0.014579    0.000000    0.000000    0.000000 ^ rclk (in)
                                                         rclk (net)
                      0.000483    0.000242    0.000242 ^ clkbuf_0_rclk/A (sky130_fd_sc_hd__clkbuf_16)
     2    0.018011    0.064809    0.188689    0.188931 ^ clkbuf_0_rclk/X (sky130_fd_sc_hd__clkbuf_16)
                                                         clknet_0_rclk (net)
                      0.064819    0.000122    0.189053 ^ clkbuf_1_0__f_rclk/A (sky130_fd_sc_hd__clkbuf_16)
    12    0.045698    0.101436    0.254480    0.443533 ^ clkbuf_1_0__f_rclk/X (sky130_fd_sc_hd__clkbuf_16)
                                                         clknet_1_0__leaf_rclk (net)
                      0.101436    0.000377    0.443910 ^ _663_/CLK (sky130_fd_sc_hd__dfrtp_1)
     2    0.010979    0.147146    0.826661    1.270571 v _663_/Q (sky130_fd_sc_hd__dfrtp_1)
                                                         r_ptr_gray[1] (net)
                      0.147146    0.000154    1.270725 v _306_/B (sky130_fd_sc_hd__xor2_1)
     1    0.003505    0.106976    0.299636    1.570362 v _306_/X (sky130_fd_sc_hd__xor2_1)
                                                         _185_ (net)
                      0.106976    0.000043    1.570404 v _307_/C1 (sky130_fd_sc_hd__a221o_1)
     2    0.005844    0.126037    0.540531    2.110935 v _307_/X (sky130_fd_sc_hd__a221o_1)
                                                         _186_ (net)
                      0.126037    0.000020    2.110955 v _311_/A1 (sky130_fd_sc_hd__o31a_1)
     4    0.013753    0.173771    0.681102    2.792057 v _311_/X (sky130_fd_sc_hd__o31a_1)
                                                         _189_ (net)
                      0.173771    0.000346    2.792403 v _315_/C (sky130_fd_sc_hd__and3_1)
     3    0.007819    0.111387    0.456695    3.249099 v _315_/X (sky130_fd_sc_hd__and3_1)
                                                         _192_ (net)
                      0.111387    0.000059    3.249158 v _319_/B (sky130_fd_sc_hd__and2_1)
     3    0.009303    0.119723    0.389013    3.638171 v _319_/X (sky130_fd_sc_hd__and2_1)
                                                         _194_ (net)
                      0.119723    0.000040    3.638211 v _323_/B (sky130_fd_sc_hd__nor2_1)
     2    0.006635    0.241249    0.240617    3.878828 ^ _323_/Y (sky130_fd_sc_hd__nor2_1)
                                                         _196_ (net)
                      0.241249    0.000049    3.878877 ^ _325_/A_N (sky130_fd_sc_hd__and2b_1)
     1    0.002721    0.065161    0.423088    4.301965 v _325_/X (sky130_fd_sc_hd__and2b_1)
                                                         u_rptr_handler.b_rptr_next[3] (net)
                      0.065161    0.000028    4.301993 v _660_/D (sky130_fd_sc_hd__dfrtp_4)
                                              4.301993   data arrival time

                                 14.000000   14.000000   clock rclk (rise edge)
                                  0.000000   14.000000   clock source latency
     1    0.014579    0.000000    0.000000   14.000000 ^ rclk (in)
                                                         rclk (net)
                      0.000483    0.000242   14.000241 ^ clkbuf_0_rclk/A (sky130_fd_sc_hd__clkbuf_16)
     2    0.018011    0.064809    0.188689   14.188931 ^ clkbuf_0_rclk/X (sky130_fd_sc_hd__clkbuf_16)
                                                         clknet_0_rclk (net)
                      0.064819    0.000149   14.189079 ^ clkbuf_1_1__f_rclk/A (sky130_fd_sc_hd__clkbuf_16)
    16    0.041525    0.095916    0.249932   14.439012 ^ clkbuf_1_1__f_rclk/X (sky130_fd_sc_hd__clkbuf_16)
                                                         clknet_1_1__leaf_rclk (net)
                      0.095917    0.000352   14.439363 ^ _660_/CLK (sky130_fd_sc_hd__dfrtp_4)
                                  0.000000   14.439363   clock reconvergence pessimism
                                 -0.265873   14.173491   library setup time
                                             14.173491   data required time
---------------------------------------------------------------------------------------------
                                             14.173491   data required time
                                             -4.301993   data arrival time
---------------------------------------------------------------------------------------------
                                              9.871498   slack (MET)


Startpoint: _663_ (rising edge-triggered flip-flop clocked by rclk)
Endpoint: _665_ (rising edge-triggered flip-flop clocked by rclk)
Path Group: rclk
Path Type: max

Fanout         Cap        Slew       Delay        Time   Description
---------------------------------------------------------------------------------------------
                                  0.000000    0.000000   clock rclk (rise edge)
                                  0.000000    0.000000   clock source latency
     1    0.014579    0.000000    0.000000    0.000000 ^ rclk (in)
                                                         rclk (net)
                      0.000483    0.000242    0.000242 ^ clkbuf_0_rclk/A (sky130_fd_sc_hd__clkbuf_16)
     2    0.018011    0.064809    0.188689    0.188931 ^ clkbuf_0_rclk/X (sky130_fd_sc_hd__clkbuf_16)
                                                         clknet_0_rclk (net)
                      0.064819    0.000122    0.189053 ^ clkbuf_1_0__f_rclk/A (sky130_fd_sc_hd__clkbuf_16)
    12    0.045698    0.101436    0.254480    0.443533 ^ clkbuf_1_0__f_rclk/X (sky130_fd_sc_hd__clkbuf_16)
                                                         clknet_1_0__leaf_rclk (net)
                      0.101436    0.000377    0.443910 ^ _663_/CLK (sky130_fd_sc_hd__dfrtp_1)
     2    0.010979    0.147146    0.826661    1.270571 v _663_/Q (sky130_fd_sc_hd__dfrtp_1)
                                                         r_ptr_gray[1] (net)
                      0.147146    0.000154    1.270725 v _306_/B (sky130_fd_sc_hd__xor2_1)
     1    0.003505    0.106976    0.299636    1.570362 v _306_/X (sky130_fd_sc_hd__xor2_1)
                                                         _185_ (net)
                      0.106976    0.000043    1.570404 v _307_/C1 (sky130_fd_sc_hd__a221o_1)
     2    0.005844    0.126037    0.540531    2.110935 v _307_/X (sky130_fd_sc_hd__a221o_1)
                                                         _186_ (net)
                      0.126037    0.000020    2.110955 v _311_/A1 (sky130_fd_sc_hd__o31a_1)
     4    0.013753    0.173771    0.681102    2.792057 v _311_/X (sky130_fd_sc_hd__o31a_1)
                                                         _189_ (net)
                      0.173771    0.000346    2.792403 v _315_/C (sky130_fd_sc_hd__and3_1)
     3    0.007819    0.111387    0.456695    3.249099 v _315_/X (sky130_fd_sc_hd__and3_1)
                                                         _192_ (net)
                      0.111387    0.000059    3.249158 v _319_/B (sky130_fd_sc_hd__and2_1)
     3    0.009303    0.119723    0.389013    3.638171 v _319_/X (sky130_fd_sc_hd__and2_1)
                                                         _194_ (net)
                      0.119723    0.000040    3.638211 v _323_/B (sky130_fd_sc_hd__nor2_1)
     2    0.006635    0.241249    0.240617    3.878828 ^ _323_/Y (sky130_fd_sc_hd__nor2_1)
                                                         _196_ (net)
                      0.241249    0.000064    3.878891 ^ _328_/B (sky130_fd_sc_hd__xnor2_1)
     1    0.002575    0.087892    0.176082    4.054973 v _328_/Y (sky130_fd_sc_hd__xnor2_1)
                                                         u_rptr_handler.g_rptr_next[3] (net)
                      0.087892    0.000027    4.055000 v _665_/D (sky130_fd_sc_hd__dfrtp_1)
                                              4.055000   data arrival time

                                 14.000000   14.000000   clock rclk (rise edge)
                                  0.000000   14.000000   clock source latency
     1    0.014579    0.000000    0.000000   14.000000 ^ rclk (in)
                                                         rclk (net)
                      0.000483    0.000242   14.000241 ^ clkbuf_0_rclk/A (sky130_fd_sc_hd__clkbuf_16)
     2    0.018011    0.064809    0.188689   14.188931 ^ clkbuf_0_rclk/X (sky130_fd_sc_hd__clkbuf_16)
                                                         clknet_0_rclk (net)
                      0.064819    0.000149   14.189079 ^ clkbuf_1_1__f_rclk/A (sky130_fd_sc_hd__clkbuf_16)
    16    0.041525    0.095916    0.249932   14.439012 ^ clkbuf_1_1__f_rclk/X (sky130_fd_sc_hd__clkbuf_16)
                                                         clknet_1_1__leaf_rclk (net)
                      0.095917    0.000333   14.439344 ^ _665_/CLK (sky130_fd_sc_hd__dfrtp_1)
                                  0.000000   14.439344   clock reconvergence pessimism
                                 -0.277116   14.162229   library setup time
                                             14.162229   data required time
---------------------------------------------------------------------------------------------
                                             14.162229   data required time
                                             -4.055000   data arrival time
---------------------------------------------------------------------------------------------
                                             10.107228   slack (MET)


Startpoint: _663_ (rising edge-triggered flip-flop clocked by rclk)
Endpoint: _661_ (rising edge-triggered flip-flop clocked by rclk)
Path Group: rclk
Path Type: max

Fanout         Cap        Slew       Delay        Time   Description
---------------------------------------------------------------------------------------------
                                  0.000000    0.000000   clock rclk (rise edge)
                                  0.000000    0.000000   clock source latency
     1    0.014579    0.000000    0.000000    0.000000 ^ rclk (in)
                                                         rclk (net)
                      0.000483    0.000242    0.000242 ^ clkbuf_0_rclk/A (sky130_fd_sc_hd__clkbuf_16)
     2    0.018011    0.064809    0.188689    0.188931 ^ clkbuf_0_rclk/X (sky130_fd_sc_hd__clkbuf_16)
                                                         clknet_0_rclk (net)
                      0.064819    0.000122    0.189053 ^ clkbuf_1_0__f_rclk/A (sky130_fd_sc_hd__clkbuf_16)
    12    0.045698    0.101436    0.254480    0.443533 ^ clkbuf_1_0__f_rclk/X (sky130_fd_sc_hd__clkbuf_16)
                                                         clknet_1_0__leaf_rclk (net)
                      0.101436    0.000377    0.443910 ^ _663_/CLK (sky130_fd_sc_hd__dfrtp_1)
     2    0.010979    0.147146    0.826661    1.270571 v _663_/Q (sky130_fd_sc_hd__dfrtp_1)
                                                         r_ptr_gray[1] (net)
                      0.147146    0.000154    1.270725 v _306_/B (sky130_fd_sc_hd__xor2_1)
     1    0.003505    0.106976    0.299636    1.570362 v _306_/X (sky130_fd_sc_hd__xor2_1)
                                                         _185_ (net)
                      0.106976    0.000043    1.570404 v _307_/C1 (sky130_fd_sc_hd__a221o_1)
     2    0.005844    0.126037    0.540531    2.110935 v _307_/X (sky130_fd_sc_hd__a221o_1)
                                                         _186_ (net)
                      0.126037    0.000020    2.110955 v _311_/A1 (sky130_fd_sc_hd__o31a_1)
     4    0.013753    0.173771    0.681102    2.792057 v _311_/X (sky130_fd_sc_hd__o31a_1)
                                                         _189_ (net)
                      0.173771    0.000346    2.792403 v _315_/C (sky130_fd_sc_hd__and3_1)
     3    0.007819    0.111387    0.456695    3.249099 v _315_/X (sky130_fd_sc_hd__and3_1)
                                                         _192_ (net)
                      0.111387    0.000059    3.249158 v _319_/B (sky130_fd_sc_hd__and2_1)
     3    0.009303    0.119723    0.389013    3.638171 v _319_/X (sky130_fd_sc_hd__and2_1)
                                                         _194_ (net)
                      0.119723    0.000092    3.638263 v _324_/B (sky130_fd_sc_hd__nand2_1)
     2    0.006922    0.133355    0.164819    3.803082 ^ _324_/Y (sky130_fd_sc_hd__nand2_1)
                                                         _197_ (net)
                      0.133355    0.000028    3.803109 ^ _327_/B (sky130_fd_sc_hd__xnor2_1)
     1    0.002900    0.092635    0.141740    3.944849 v _327_/Y (sky130_fd_sc_hd__xnor2_1)
                                                         u_rptr_handler.b_rptr_next[4] (net)
                      0.092635    0.000032    3.944881 v _661_/D (sky130_fd_sc_hd__dfrtp_4)
                                              3.944881   data arrival time

                                 14.000000   14.000000   clock rclk (rise edge)
                                  0.000000   14.000000   clock source latency
     1    0.014579    0.000000    0.000000   14.000000 ^ rclk (in)
                                                         rclk (net)
                      0.000483    0.000242   14.000241 ^ clkbuf_0_rclk/A (sky130_fd_sc_hd__clkbuf_16)
     2    0.018011    0.064809    0.188689   14.188931 ^ clkbuf_0_rclk/X (sky130_fd_sc_hd__clkbuf_16)
                                                         clknet_0_rclk (net)
                      0.064819    0.000149   14.189079 ^ clkbuf_1_1__f_rclk/A (sky130_fd_sc_hd__clkbuf_16)
    16    0.041525    0.095916    0.249932   14.439012 ^ clkbuf_1_1__f_rclk/X (sky130_fd_sc_hd__clkbuf_16)
                                                         clknet_1_1__leaf_rclk (net)
                      0.095917    0.000351   14.439363 ^ _661_/CLK (sky130_fd_sc_hd__dfrtp_4)
                                  0.000000   14.439363   clock reconvergence pessimism
                                 -0.277326   14.162036   library setup time
                                             14.162036   data required time
---------------------------------------------------------------------------------------------
                                             14.162036   data required time
                                             -3.944881   data arrival time
---------------------------------------------------------------------------------------------
                                             10.217155   slack (MET)


Startpoint: _663_ (rising edge-triggered flip-flop clocked by rclk)
Endpoint: _664_ (rising edge-triggered flip-flop clocked by rclk)
Path Group: rclk
Path Type: max

Fanout         Cap        Slew       Delay        Time   Description
---------------------------------------------------------------------------------------------
                                  0.000000    0.000000   clock rclk (rise edge)
                                  0.000000    0.000000   clock source latency
     1    0.014579    0.000000    0.000000    0.000000 ^ rclk (in)
                                                         rclk (net)
                      0.000483    0.000242    0.000242 ^ clkbuf_0_rclk/A (sky130_fd_sc_hd__clkbuf_16)
     2    0.018011    0.064809    0.188689    0.188931 ^ clkbuf_0_rclk/X (sky130_fd_sc_hd__clkbuf_16)
                                                         clknet_0_rclk (net)
                      0.064819    0.000122    0.189053 ^ clkbuf_1_0__f_rclk/A (sky130_fd_sc_hd__clkbuf_16)
    12    0.045698    0.101436    0.254480    0.443533 ^ clkbuf_1_0__f_rclk/X (sky130_fd_sc_hd__clkbuf_16)
                                                         clknet_1_0__leaf_rclk (net)
                      0.101436    0.000377    0.443910 ^ _663_/CLK (sky130_fd_sc_hd__dfrtp_1)
     2    0.010979    0.147146    0.826661    1.270571 v _663_/Q (sky130_fd_sc_hd__dfrtp_1)
                                                         r_ptr_gray[1] (net)
                      0.147146    0.000154    1.270725 v _306_/B (sky130_fd_sc_hd__xor2_1)
     1    0.003505    0.106976    0.299636    1.570362 v _306_/X (sky130_fd_sc_hd__xor2_1)
                                                         _185_ (net)
                      0.106976    0.000043    1.570404 v _307_/C1 (sky130_fd_sc_hd__a221o_1)
     2    0.005844    0.126037    0.540531    2.110935 v _307_/X (sky130_fd_sc_hd__a221o_1)
                                                         _186_ (net)
                      0.126037    0.000020    2.110955 v _311_/A1 (sky130_fd_sc_hd__o31a_1)
     4    0.013753    0.173771    0.681102    2.792057 v _311_/X (sky130_fd_sc_hd__o31a_1)
                                                         _189_ (net)
                      0.173771    0.000346    2.792403 v _315_/C (sky130_fd_sc_hd__and3_1)
     3    0.007819    0.111387    0.456695    3.249099 v _315_/X (sky130_fd_sc_hd__and3_1)
                                                         _192_ (net)
                      0.111387    0.000042    3.249141 v _320_/B (sky130_fd_sc_hd__nor2_1)
     2    0.008428    0.296737    0.274616    3.523757 ^ _320_/Y (sky130_fd_sc_hd__nor2_1)
                                                         _195_ (net)
                      0.296737    0.000058    3.523814 ^ _326_/B (sky130_fd_sc_hd__xnor2_1)
     1    0.002522    0.094735    0.190780    3.714594 v _326_/Y (sky130_fd_sc_hd__xnor2_1)
                                                         u_rptr_handler.g_rptr_next[2] (net)
                      0.094735    0.000024    3.714618 v _664_/D (sky130_fd_sc_hd__dfrtp_1)
                                              3.714618   data arrival time

                                 14.000000   14.000000   clock rclk (rise edge)
                                  0.000000   14.000000   clock source latency
     1    0.014579    0.000000    0.000000   14.000000 ^ rclk (in)
                                                         rclk (net)
                      0.000483    0.000242   14.000241 ^ clkbuf_0_rclk/A (sky130_fd_sc_hd__clkbuf_16)
     2    0.018011    0.064809    0.188689   14.188931 ^ clkbuf_0_rclk/X (sky130_fd_sc_hd__clkbuf_16)
                                                         clknet_0_rclk (net)
                      0.064819    0.000123   14.189053 ^ clkbuf_1_0__f_rclk/A (sky130_fd_sc_hd__clkbuf_16)
    12    0.045698    0.101436    0.254480   14.443533 ^ clkbuf_1_0__f_rclk/X (sky130_fd_sc_hd__clkbuf_16)
                                                         clknet_1_0__leaf_rclk (net)
                      0.101436    0.000361   14.443893 ^ _664_/CLK (sky130_fd_sc_hd__dfrtp_1)
                                  0.000000   14.443893   clock reconvergence pessimism
                                 -0.278497   14.165397   library setup time
                                             14.165397   data required time
---------------------------------------------------------------------------------------------
                                             14.165397   data required time
                                             -3.714618   data arrival time
---------------------------------------------------------------------------------------------
                                             10.450778   slack (MET)


Startpoint: _663_ (rising edge-triggered flip-flop clocked by rclk)
Endpoint: _659_ (rising edge-triggered flip-flop clocked by rclk)
Path Group: rclk
Path Type: max

Fanout         Cap        Slew       Delay        Time   Description
---------------------------------------------------------------------------------------------
                                  0.000000    0.000000   clock rclk (rise edge)
                                  0.000000    0.000000   clock source latency
     1    0.014579    0.000000    0.000000    0.000000 ^ rclk (in)
                                                         rclk (net)
                      0.000483    0.000242    0.000242 ^ clkbuf_0_rclk/A (sky130_fd_sc_hd__clkbuf_16)
     2    0.018011    0.064809    0.188689    0.188931 ^ clkbuf_0_rclk/X (sky130_fd_sc_hd__clkbuf_16)
                                                         clknet_0_rclk (net)
                      0.064819    0.000122    0.189053 ^ clkbuf_1_0__f_rclk/A (sky130_fd_sc_hd__clkbuf_16)
    12    0.045698    0.101436    0.254480    0.443533 ^ clkbuf_1_0__f_rclk/X (sky130_fd_sc_hd__clkbuf_16)
                                                         clknet_1_0__leaf_rclk (net)
                      0.101436    0.000377    0.443910 ^ _663_/CLK (sky130_fd_sc_hd__dfrtp_1)
     2    0.010979    0.147146    0.826661    1.270571 v _663_/Q (sky130_fd_sc_hd__dfrtp_1)
                                                         r_ptr_gray[1] (net)
                      0.147146    0.000154    1.270725 v _306_/B (sky130_fd_sc_hd__xor2_1)
     1    0.003505    0.106976    0.299636    1.570362 v _306_/X (sky130_fd_sc_hd__xor2_1)
                                                         _185_ (net)
                      0.106976    0.000043    1.570404 v _307_/C1 (sky130_fd_sc_hd__a221o_1)
     2    0.005844    0.126037    0.540531    2.110935 v _307_/X (sky130_fd_sc_hd__a221o_1)
                                                         _186_ (net)
                      0.126037    0.000020    2.110955 v _311_/A1 (sky130_fd_sc_hd__o31a_1)
     4    0.013753    0.173771    0.681102    2.792057 v _311_/X (sky130_fd_sc_hd__o31a_1)
                                                         _189_ (net)
                      0.173771    0.000346    2.792403 v _315_/C (sky130_fd_sc_hd__and3_1)
     3    0.007819    0.111387    0.456695    3.249099 v _315_/X (sky130_fd_sc_hd__and3_1)
                                                         _192_ (net)
                      0.111387    0.000059    3.249158 v _319_/B (sky130_fd_sc_hd__and2_1)
     3    0.009303    0.119723    0.389013    3.638171 v _319_/X (sky130_fd_sc_hd__and2_1)
                                                         _194_ (net)
                      0.119723    0.000102    3.638273 v _321_/A (sky130_fd_sc_hd__nor2_1)
     1    0.002727    0.134977    0.183686    3.821959 ^ _321_/Y (sky130_fd_sc_hd__nor2_1)
                                                         u_rptr_handler.b_rptr_next[2] (net)
                      0.134977    0.000028    3.821987 ^ _659_/D (sky130_fd_sc_hd__dfrtp_4)
                                              3.821987   data arrival time

                                 14.000000   14.000000   clock rclk (rise edge)
                                  0.000000   14.000000   clock source latency
     1    0.014579    0.000000    0.000000   14.000000 ^ rclk (in)
                                                         rclk (net)
                      0.000483    0.000242   14.000241 ^ clkbuf_0_rclk/A (sky130_fd_sc_hd__clkbuf_16)
     2    0.018011    0.064809    0.188689   14.188931 ^ clkbuf_0_rclk/X (sky130_fd_sc_hd__clkbuf_16)
                                                         clknet_0_rclk (net)
                      0.064819    0.000123   14.189053 ^ clkbuf_1_0__f_rclk/A (sky130_fd_sc_hd__clkbuf_16)
    12    0.045698    0.101436    0.254480   14.443533 ^ clkbuf_1_0__f_rclk/X (sky130_fd_sc_hd__clkbuf_16)
                                                         clknet_1_0__leaf_rclk (net)
                      0.101436    0.000340   14.443873 ^ _659_/CLK (sky130_fd_sc_hd__dfrtp_4)
                                  0.000000   14.443873   clock reconvergence pessimism
                                 -0.147600   14.296273   library setup time
                                             14.296273   data required time
---------------------------------------------------------------------------------------------
                                             14.296273   data required time
                                             -3.821987   data arrival time
---------------------------------------------------------------------------------------------
                                             10.474287   slack (MET)


Startpoint: _663_ (rising edge-triggered flip-flop clocked by rclk)
Endpoint: _663_ (rising edge-triggered flip-flop clocked by rclk)
Path Group: rclk
Path Type: max

Fanout         Cap        Slew       Delay        Time   Description
---------------------------------------------------------------------------------------------
                                  0.000000    0.000000   clock rclk (rise edge)
                                  0.000000    0.000000   clock source latency
     1    0.014579    0.000000    0.000000    0.000000 ^ rclk (in)
                                                         rclk (net)
                      0.000483    0.000242    0.000242 ^ clkbuf_0_rclk/A (sky130_fd_sc_hd__clkbuf_16)
     2    0.018011    0.064809    0.188689    0.188931 ^ clkbuf_0_rclk/X (sky130_fd_sc_hd__clkbuf_16)
                                                         clknet_0_rclk (net)
                      0.064819    0.000122    0.189053 ^ clkbuf_1_0__f_rclk/A (sky130_fd_sc_hd__clkbuf_16)
    12    0.045698    0.101436    0.254480    0.443533 ^ clkbuf_1_0__f_rclk/X (sky130_fd_sc_hd__clkbuf_16)
                                                         clknet_1_0__leaf_rclk (net)
                      0.101436    0.000377    0.443910 ^ _663_/CLK (sky130_fd_sc_hd__dfrtp_1)
     2    0.010979    0.147146    0.826661    1.270571 v _663_/Q (sky130_fd_sc_hd__dfrtp_1)
                                                         r_ptr_gray[1] (net)
                      0.147146    0.000154    1.270725 v _306_/B (sky130_fd_sc_hd__xor2_1)
     1    0.003505    0.106976    0.299636    1.570362 v _306_/X (sky130_fd_sc_hd__xor2_1)
                                                         _185_ (net)
                      0.106976    0.000043    1.570404 v _307_/C1 (sky130_fd_sc_hd__a221o_1)
     2    0.005844    0.126037    0.540531    2.110935 v _307_/X (sky130_fd_sc_hd__a221o_1)
                                                         _186_ (net)
                      0.126037    0.000020    2.110955 v _311_/A1 (sky130_fd_sc_hd__o31a_1)
     4    0.013753    0.173771    0.681102    2.792057 v _311_/X (sky130_fd_sc_hd__o31a_1)
                                                         _189_ (net)
                      0.173771    0.000335    2.792392 v _316_/A2 (sky130_fd_sc_hd__a21oi_1)
     2    0.008353    0.365729    0.399901    3.192293 ^ _316_/Y (sky130_fd_sc_hd__a21oi_1)
                                                         _193_ (net)
                      0.365729    0.000080    3.192373 ^ _322_/B (sky130_fd_sc_hd__xnor2_1)
     1    0.003008    0.117649    0.217936    3.410309 v _322_/Y (sky130_fd_sc_hd__xnor2_1)
                                                         u_rptr_handler.g_rptr_next[1] (net)
                      0.117649    0.000038    3.410347 v _663_/D (sky130_fd_sc_hd__dfrtp_1)
                                              3.410347   data arrival time

                                 14.000000   14.000000   clock rclk (rise edge)
                                  0.000000   14.000000   clock source latency
     1    0.014579    0.000000    0.000000   14.000000 ^ rclk (in)
                                                         rclk (net)
                      0.000483    0.000242   14.000241 ^ clkbuf_0_rclk/A (sky130_fd_sc_hd__clkbuf_16)
     2    0.018011    0.064809    0.188689   14.188931 ^ clkbuf_0_rclk/X (sky130_fd_sc_hd__clkbuf_16)
                                                         clknet_0_rclk (net)
                      0.064819    0.000123   14.189053 ^ clkbuf_1_0__f_rclk/A (sky130_fd_sc_hd__clkbuf_16)
    12    0.045698    0.101436    0.254480   14.443533 ^ clkbuf_1_0__f_rclk/X (sky130_fd_sc_hd__clkbuf_16)
                                                         clknet_1_0__leaf_rclk (net)
                      0.101436    0.000377   14.443910 ^ _663_/CLK (sky130_fd_sc_hd__dfrtp_1)
                                  0.000000   14.443910   clock reconvergence pessimism
                                 -0.288048   14.155862   library setup time
                                             14.155862   data required time
---------------------------------------------------------------------------------------------
                                             14.155862   data required time
                                             -3.410347   data arrival time
---------------------------------------------------------------------------------------------
                                             10.745515   slack (MET)


Startpoint: _663_ (rising edge-triggered flip-flop clocked by rclk)
Endpoint: _658_ (rising edge-triggered flip-flop clocked by rclk)
Path Group: rclk
Path Type: max

Fanout         Cap        Slew       Delay        Time   Description
---------------------------------------------------------------------------------------------
                                  0.000000    0.000000   clock rclk (rise edge)
                                  0.000000    0.000000   clock source latency
     1    0.014579    0.000000    0.000000    0.000000 ^ rclk (in)
                                                         rclk (net)
                      0.000483    0.000242    0.000242 ^ clkbuf_0_rclk/A (sky130_fd_sc_hd__clkbuf_16)
     2    0.018011    0.064809    0.188689    0.188931 ^ clkbuf_0_rclk/X (sky130_fd_sc_hd__clkbuf_16)
                                                         clknet_0_rclk (net)
                      0.064819    0.000122    0.189053 ^ clkbuf_1_0__f_rclk/A (sky130_fd_sc_hd__clkbuf_16)
    12    0.045698    0.101436    0.254480    0.443533 ^ clkbuf_1_0__f_rclk/X (sky130_fd_sc_hd__clkbuf_16)
                                                         clknet_1_0__leaf_rclk (net)
                      0.101436    0.000377    0.443910 ^ _663_/CLK (sky130_fd_sc_hd__dfrtp_1)
     2    0.010979    0.147146    0.826661    1.270571 v _663_/Q (sky130_fd_sc_hd__dfrtp_1)
                                                         r_ptr_gray[1] (net)
                      0.147146    0.000154    1.270725 v _306_/B (sky130_fd_sc_hd__xor2_1)
     1    0.003505    0.106976    0.299636    1.570362 v _306_/X (sky130_fd_sc_hd__xor2_1)
                                                         _185_ (net)
                      0.106976    0.000043    1.570404 v _307_/C1 (sky130_fd_sc_hd__a221o_1)
     2    0.005844    0.126037    0.540531    2.110935 v _307_/X (sky130_fd_sc_hd__a221o_1)
                                                         _186_ (net)
                      0.126037    0.000020    2.110955 v _311_/A1 (sky130_fd_sc_hd__o31a_1)
     4    0.013753    0.173771    0.681102    2.792057 v _311_/X (sky130_fd_sc_hd__o31a_1)
                                                         _189_ (net)
                      0.173771    0.000335    2.792392 v _316_/A2 (sky130_fd_sc_hd__a21oi_1)
     2    0.008353    0.365729    0.399901    3.192293 ^ _316_/Y (sky130_fd_sc_hd__a21oi_1)
                                                         _193_ (net)
                      0.365729    0.000081    3.192374 ^ _317_/B (sky130_fd_sc_hd__nor2_1)
     1    0.002041    0.081547    0.151676    3.344050 v _317_/Y (sky130_fd_sc_hd__nor2_1)
                                                         u_rptr_handler.b_rptr_next[1] (net)
                      0.081547    0.000017    3.344066 v _658_/D (sky130_fd_sc_hd__dfrtp_4)
                                              3.344066   data arrival time

                                 14.000000   14.000000   clock rclk (rise edge)
                                  0.000000   14.000000   clock source latency
     1    0.014579    0.000000    0.000000   14.000000 ^ rclk (in)
                                                         rclk (net)
                      0.000483    0.000242   14.000241 ^ clkbuf_0_rclk/A (sky130_fd_sc_hd__clkbuf_16)
     2    0.018011    0.064809    0.188689   14.188931 ^ clkbuf_0_rclk/X (sky130_fd_sc_hd__clkbuf_16)
                                                         clknet_0_rclk (net)
                      0.064819    0.000123   14.189053 ^ clkbuf_1_0__f_rclk/A (sky130_fd_sc_hd__clkbuf_16)
    12    0.045698    0.101436    0.254480   14.443533 ^ clkbuf_1_0__f_rclk/X (sky130_fd_sc_hd__clkbuf_16)
                                                         clknet_1_0__leaf_rclk (net)
                      0.101436    0.000286   14.443819 ^ _658_/CLK (sky130_fd_sc_hd__dfrtp_4)
                                  0.000000   14.443819   clock reconvergence pessimism
                                 -0.271236   14.172583   library setup time
                                             14.172583   data required time
---------------------------------------------------------------------------------------------
                                             14.172583   data required time
                                             -3.344066   data arrival time
---------------------------------------------------------------------------------------------
                                             10.828516   slack (MET)


Startpoint: _663_ (rising edge-triggered flip-flop clocked by rclk)
Endpoint: _662_ (rising edge-triggered flip-flop clocked by rclk)
Path Group: rclk
Path Type: max

Fanout         Cap        Slew       Delay        Time   Description
---------------------------------------------------------------------------------------------
                                  0.000000    0.000000   clock rclk (rise edge)
                                  0.000000    0.000000   clock source latency
     1    0.014579    0.000000    0.000000    0.000000 ^ rclk (in)
                                                         rclk (net)
                      0.000483    0.000242    0.000242 ^ clkbuf_0_rclk/A (sky130_fd_sc_hd__clkbuf_16)
     2    0.018011    0.064809    0.188689    0.188931 ^ clkbuf_0_rclk/X (sky130_fd_sc_hd__clkbuf_16)
                                                         clknet_0_rclk (net)
                      0.064819    0.000122    0.189053 ^ clkbuf_1_0__f_rclk/A (sky130_fd_sc_hd__clkbuf_16)
    12    0.045698    0.101436    0.254480    0.443533 ^ clkbuf_1_0__f_rclk/X (sky130_fd_sc_hd__clkbuf_16)
                                                         clknet_1_0__leaf_rclk (net)
                      0.101436    0.000377    0.443910 ^ _663_/CLK (sky130_fd_sc_hd__dfrtp_1)
     2    0.010979    0.147146    0.826661    1.270571 v _663_/Q (sky130_fd_sc_hd__dfrtp_1)
                                                         r_ptr_gray[1] (net)
                      0.147146    0.000154    1.270725 v _306_/B (sky130_fd_sc_hd__xor2_1)
     1    0.003505    0.106976    0.299636    1.570362 v _306_/X (sky130_fd_sc_hd__xor2_1)
                                                         _185_ (net)
                      0.106976    0.000043    1.570404 v _307_/C1 (sky130_fd_sc_hd__a221o_1)
     2    0.005844    0.126037    0.540531    2.110935 v _307_/X (sky130_fd_sc_hd__a221o_1)
                                                         _186_ (net)
                      0.126037    0.000020    2.110955 v _311_/A1 (sky130_fd_sc_hd__o31a_1)
     4    0.013753    0.173771    0.681102    2.792057 v _311_/X (sky130_fd_sc_hd__o31a_1)
                                                         _189_ (net)
                      0.173771    0.000288    2.792346 v _313_/B (sky130_fd_sc_hd__nor2_1)
     2    0.008278    0.309898    0.296275    3.088620 ^ _313_/Y (sky130_fd_sc_hd__nor2_1)
                                                         _191_ (net)
                      0.309898    0.000034    3.088655 ^ _318_/B (sky130_fd_sc_hd__xnor2_1)
     1    0.002749    0.144917    0.197937    3.286592 v _318_/Y (sky130_fd_sc_hd__xnor2_1)
                                                         u_rptr_handler.g_rptr_next[0] (net)
                      0.144917    0.000020    3.286612 v _662_/D (sky130_fd_sc_hd__dfrtp_1)
                                              3.286612   data arrival time

                                 14.000000   14.000000   clock rclk (rise edge)
                                  0.000000   14.000000   clock source latency
     1    0.014579    0.000000    0.000000   14.000000 ^ rclk (in)
                                                         rclk (net)
                      0.000483    0.000242   14.000241 ^ clkbuf_0_rclk/A (sky130_fd_sc_hd__clkbuf_16)
     2    0.018011    0.064809    0.188689   14.188931 ^ clkbuf_0_rclk/X (sky130_fd_sc_hd__clkbuf_16)
                                                         clknet_0_rclk (net)
                      0.064819    0.000149   14.189079 ^ clkbuf_1_1__f_rclk/A (sky130_fd_sc_hd__clkbuf_16)
    16    0.041525    0.095916    0.249932   14.439012 ^ clkbuf_1_1__f_rclk/X (sky130_fd_sc_hd__clkbuf_16)
                                                         clknet_1_1__leaf_rclk (net)
                      0.095916    0.000241   14.439252 ^ _662_/CLK (sky130_fd_sc_hd__dfrtp_1)
                                  0.000000   14.439252   clock reconvergence pessimism
                                 -0.300888   14.138365   library setup time
                                             14.138365   data required time
---------------------------------------------------------------------------------------------
                                             14.138365   data required time
                                             -3.286612   data arrival time
---------------------------------------------------------------------------------------------
                                             10.851752   slack (MET)


Startpoint: _663_ (rising edge-triggered flip-flop clocked by rclk)
Endpoint: _657_ (rising edge-triggered flip-flop clocked by rclk)
Path Group: rclk
Path Type: max

Fanout         Cap        Slew       Delay        Time   Description
---------------------------------------------------------------------------------------------
                                  0.000000    0.000000   clock rclk (rise edge)
                                  0.000000    0.000000   clock source latency
     1    0.014579    0.000000    0.000000    0.000000 ^ rclk (in)
                                                         rclk (net)
                      0.000483    0.000242    0.000242 ^ clkbuf_0_rclk/A (sky130_fd_sc_hd__clkbuf_16)
     2    0.018011    0.064809    0.188689    0.188931 ^ clkbuf_0_rclk/X (sky130_fd_sc_hd__clkbuf_16)
                                                         clknet_0_rclk (net)
                      0.064819    0.000122    0.189053 ^ clkbuf_1_0__f_rclk/A (sky130_fd_sc_hd__clkbuf_16)
    12    0.045698    0.101436    0.254480    0.443533 ^ clkbuf_1_0__f_rclk/X (sky130_fd_sc_hd__clkbuf_16)
                                                         clknet_1_0__leaf_rclk (net)
                      0.101436    0.000377    0.443910 ^ _663_/CLK (sky130_fd_sc_hd__dfrtp_1)
     2    0.010979    0.147146    0.826661    1.270571 v _663_/Q (sky130_fd_sc_hd__dfrtp_1)
                                                         r_ptr_gray[1] (net)
                      0.147146    0.000154    1.270725 v _306_/B (sky130_fd_sc_hd__xor2_1)
     1    0.003505    0.106976    0.299636    1.570362 v _306_/X (sky130_fd_sc_hd__xor2_1)
                                                         _185_ (net)
                      0.106976    0.000043    1.570404 v _307_/C1 (sky130_fd_sc_hd__a221o_1)
     2    0.005844    0.126037    0.540531    2.110935 v _307_/X (sky130_fd_sc_hd__a221o_1)
                                                         _186_ (net)
                      0.126037    0.000020    2.110955 v _311_/A1 (sky130_fd_sc_hd__o31a_1)
     4    0.013753    0.173771    0.681102    2.792057 v _311_/X (sky130_fd_sc_hd__o31a_1)
                                                         _189_ (net)
                      0.173771    0.000288    2.792346 v _313_/B (sky130_fd_sc_hd__nor2_1)
     2    0.008278    0.309898    0.296275    3.088620 ^ _313_/Y (sky130_fd_sc_hd__nor2_1)
                                                         _191_ (net)
                      0.309898    0.000045    3.088665 ^ _314_/B (sky130_fd_sc_hd__nor2_1)
     1    0.002368    0.073337    0.143815    3.232481 v _314_/Y (sky130_fd_sc_hd__nor2_1)
                                                         u_rptr_handler.b_rptr_next[0] (net)
                      0.073337    0.000022    3.232503 v _657_/D (sky130_fd_sc_hd__dfrtp_4)
                                              3.232503   data arrival time

                                 14.000000   14.000000   clock rclk (rise edge)
                                  0.000000   14.000000   clock source latency
     1    0.014579    0.000000    0.000000   14.000000 ^ rclk (in)
                                                         rclk (net)
                      0.000483    0.000242   14.000241 ^ clkbuf_0_rclk/A (sky130_fd_sc_hd__clkbuf_16)
     2    0.018011    0.064809    0.188689   14.188931 ^ clkbuf_0_rclk/X (sky130_fd_sc_hd__clkbuf_16)
                                                         clknet_0_rclk (net)
                      0.064819    0.000149   14.189079 ^ clkbuf_1_1__f_rclk/A (sky130_fd_sc_hd__clkbuf_16)
    16    0.041525    0.095916    0.249932   14.439012 ^ clkbuf_1_1__f_rclk/X (sky130_fd_sc_hd__clkbuf_16)
                                                         clknet_1_1__leaf_rclk (net)
                      0.095916    0.000273   14.439284 ^ _657_/CLK (sky130_fd_sc_hd__dfrtp_4)
                                  0.000000   14.439284   clock reconvergence pessimism
                                 -0.269281   14.170003   library setup time
                                             14.170003   data required time
---------------------------------------------------------------------------------------------
                                             14.170003   data required time
                                             -3.232503   data arrival time
---------------------------------------------------------------------------------------------
                                             10.937500   slack (MET)


Startpoint: _538_ (rising edge-triggered flip-flop clocked by rclk)
Endpoint: _533_ (rising edge-triggered flip-flop clocked by rclk)
Path Group: rclk
Path Type: max

Fanout         Cap        Slew       Delay        Time   Description
---------------------------------------------------------------------------------------------
                                  0.000000    0.000000   clock rclk (rise edge)
                                  0.000000    0.000000   clock source latency
     1    0.014579    0.000000    0.000000    0.000000 ^ rclk (in)
                                                         rclk (net)
                      0.000483    0.000242    0.000242 ^ clkbuf_0_rclk/A (sky130_fd_sc_hd__clkbuf_16)
     2    0.018011    0.064809    0.188689    0.188931 ^ clkbuf_0_rclk/X (sky130_fd_sc_hd__clkbuf_16)
                                                         clknet_0_rclk (net)
                      0.064819    0.000149    0.189080 ^ clkbuf_1_1__f_rclk/A (sky130_fd_sc_hd__clkbuf_16)
    16    0.041525    0.095916    0.249932    0.439012 ^ clkbuf_1_1__f_rclk/X (sky130_fd_sc_hd__clkbuf_16)
                                                         clknet_1_1__leaf_rclk (net)
                      0.095917    0.000371    0.439383 ^ _538_/CLK (sky130_fd_sc_hd__dfrtp_1)
     1    0.004422    0.090720    0.763328    1.202710 v _538_/Q (sky130_fd_sc_hd__dfrtp_1)
                                                         sync_gwptr_to_rd.q1[1] (net)
                      0.090720    0.000071    1.202781 v _533_/D (sky130_fd_sc_hd__dfrtp_1)
                                              1.202781   data arrival time

                                 14.000000   14.000000   clock rclk (rise edge)
                                  0.000000   14.000000   clock source latency
     1    0.014579    0.000000    0.000000   14.000000 ^ rclk (in)
                                                         rclk (net)
                      0.000483    0.000242   14.000241 ^ clkbuf_0_rclk/A (sky130_fd_sc_hd__clkbuf_16)
     2    0.018011    0.064809    0.188689   14.188931 ^ clkbuf_0_rclk/X (sky130_fd_sc_hd__clkbuf_16)
                                                         clknet_0_rclk (net)
                      0.064819    0.000149   14.189079 ^ clkbuf_1_1__f_rclk/A (sky130_fd_sc_hd__clkbuf_16)
    16    0.041525    0.095916    0.249932   14.439012 ^ clkbuf_1_1__f_rclk/X (sky130_fd_sc_hd__clkbuf_16)
                                                         clknet_1_1__leaf_rclk (net)
                      0.095916    0.000314   14.439325 ^ _533_/CLK (sky130_fd_sc_hd__dfrtp_1)
                                  0.000000   14.439325   clock reconvergence pessimism
                                 -0.278295   14.161031   library setup time
                                             14.161031   data required time
---------------------------------------------------------------------------------------------
                                             14.161031   data required time
                                             -1.202781   data arrival time
---------------------------------------------------------------------------------------------
                                             12.958250   slack (MET)


Startpoint: _537_ (rising edge-triggered flip-flop clocked by rclk)
Endpoint: _532_ (rising edge-triggered flip-flop clocked by rclk)
Path Group: rclk
Path Type: max

Fanout         Cap        Slew       Delay        Time   Description
---------------------------------------------------------------------------------------------
                                  0.000000    0.000000   clock rclk (rise edge)
                                  0.000000    0.000000   clock source latency
     1    0.014579    0.000000    0.000000    0.000000 ^ rclk (in)
                                                         rclk (net)
                      0.000483    0.000242    0.000242 ^ clkbuf_0_rclk/A (sky130_fd_sc_hd__clkbuf_16)
     2    0.018011    0.064809    0.188689    0.188931 ^ clkbuf_0_rclk/X (sky130_fd_sc_hd__clkbuf_16)
                                                         clknet_0_rclk (net)
                      0.064819    0.000149    0.189080 ^ clkbuf_1_1__f_rclk/A (sky130_fd_sc_hd__clkbuf_16)
    16    0.041525    0.095916    0.249932    0.439012 ^ clkbuf_1_1__f_rclk/X (sky130_fd_sc_hd__clkbuf_16)
                                                         clknet_1_1__leaf_rclk (net)
                      0.095916    0.000277    0.439289 ^ _537_/CLK (sky130_fd_sc_hd__dfrtp_1)
     1    0.003262    0.079747    0.747904    1.187192 v _537_/Q (sky130_fd_sc_hd__dfrtp_1)
                                                         sync_gwptr_to_rd.q1[0] (net)
                      0.079747    0.000045    1.187238 v _532_/D (sky130_fd_sc_hd__dfrtp_1)
                                              1.187238   data arrival time

                                 14.000000   14.000000   clock rclk (rise edge)
                                  0.000000   14.000000   clock source latency
     1    0.014579    0.000000    0.000000   14.000000 ^ rclk (in)
                                                         rclk (net)
                      0.000483    0.000242   14.000241 ^ clkbuf_0_rclk/A (sky130_fd_sc_hd__clkbuf_16)
     2    0.018011    0.064809    0.188689   14.188931 ^ clkbuf_0_rclk/X (sky130_fd_sc_hd__clkbuf_16)
                                                         clknet_0_rclk (net)
                      0.064819    0.000149   14.189079 ^ clkbuf_1_1__f_rclk/A (sky130_fd_sc_hd__clkbuf_16)
    16    0.041525    0.095916    0.249932   14.439012 ^ clkbuf_1_1__f_rclk/X (sky130_fd_sc_hd__clkbuf_16)
                                                         clknet_1_1__leaf_rclk (net)
                      0.095916    0.000176   14.439187 ^ _532_/CLK (sky130_fd_sc_hd__dfrtp_1)
                                  0.000000   14.439187   clock reconvergence pessimism
                                 -0.273721   14.165466   library setup time
                                             14.165466   data required time
---------------------------------------------------------------------------------------------
                                             14.165466   data required time
                                             -1.187238   data arrival time
---------------------------------------------------------------------------------------------
                                             12.978229   slack (MET)


Startpoint: _539_ (rising edge-triggered flip-flop clocked by rclk)
Endpoint: _534_ (rising edge-triggered flip-flop clocked by rclk)
Path Group: rclk
Path Type: max

Fanout         Cap        Slew       Delay        Time   Description
---------------------------------------------------------------------------------------------
                                  0.000000    0.000000   clock rclk (rise edge)
                                  0.000000    0.000000   clock source latency
     1    0.014579    0.000000    0.000000    0.000000 ^ rclk (in)
                                                         rclk (net)
                      0.000483    0.000242    0.000242 ^ clkbuf_0_rclk/A (sky130_fd_sc_hd__clkbuf_16)
     2    0.018011    0.064809    0.188689    0.188931 ^ clkbuf_0_rclk/X (sky130_fd_sc_hd__clkbuf_16)
                                                         clknet_0_rclk (net)
                      0.064819    0.000149    0.189080 ^ clkbuf_1_1__f_rclk/A (sky130_fd_sc_hd__clkbuf_16)
    16    0.041525    0.095916    0.249932    0.439012 ^ clkbuf_1_1__f_rclk/X (sky130_fd_sc_hd__clkbuf_16)
                                                         clknet_1_1__leaf_rclk (net)
                      0.095916    0.000284    0.439296 ^ _539_/CLK (sky130_fd_sc_hd__dfrtp_1)
     1    0.003075    0.077979    0.745420    1.184716 v _539_/Q (sky130_fd_sc_hd__dfrtp_1)
                                                         sync_gwptr_to_rd.q1[2] (net)
                      0.077979    0.000035    1.184751 v _534_/D (sky130_fd_sc_hd__dfrtp_1)
                                              1.184751   data arrival time

                                 14.000000   14.000000   clock rclk (rise edge)
                                  0.000000   14.000000   clock source latency
     1    0.014579    0.000000    0.000000   14.000000 ^ rclk (in)
                                                         rclk (net)
                      0.000483    0.000242   14.000241 ^ clkbuf_0_rclk/A (sky130_fd_sc_hd__clkbuf_16)
     2    0.018011    0.064809    0.188689   14.188931 ^ clkbuf_0_rclk/X (sky130_fd_sc_hd__clkbuf_16)
                                                         clknet_0_rclk (net)
                      0.064819    0.000149   14.189079 ^ clkbuf_1_1__f_rclk/A (sky130_fd_sc_hd__clkbuf_16)
    16    0.041525    0.095916    0.249932   14.439012 ^ clkbuf_1_1__f_rclk/X (sky130_fd_sc_hd__clkbuf_16)
                                                         clknet_1_1__leaf_rclk (net)
                      0.095916    0.000259   14.439271 ^ _534_/CLK (sky130_fd_sc_hd__dfrtp_1)
                                  0.000000   14.439271   clock reconvergence pessimism
                                 -0.272984   14.166287   library setup time
                                             14.166287   data required time
---------------------------------------------------------------------------------------------
                                             14.166287   data required time
                                             -1.184751   data arrival time
---------------------------------------------------------------------------------------------
                                             12.981536   slack (MET)


Startpoint: _540_ (rising edge-triggered flip-flop clocked by rclk)
Endpoint: _535_ (rising edge-triggered flip-flop clocked by rclk)
Path Group: rclk
Path Type: max

Fanout         Cap        Slew       Delay        Time   Description
---------------------------------------------------------------------------------------------
                                  0.000000    0.000000   clock rclk (rise edge)
                                  0.000000    0.000000   clock source latency
     1    0.014579    0.000000    0.000000    0.000000 ^ rclk (in)
                                                         rclk (net)
                      0.000483    0.000242    0.000242 ^ clkbuf_0_rclk/A (sky130_fd_sc_hd__clkbuf_16)
     2    0.018011    0.064809    0.188689    0.188931 ^ clkbuf_0_rclk/X (sky130_fd_sc_hd__clkbuf_16)
                                                         clknet_0_rclk (net)
                      0.064819    0.000149    0.189080 ^ clkbuf_1_1__f_rclk/A (sky130_fd_sc_hd__clkbuf_16)
    16    0.041525    0.095916    0.249932    0.439012 ^ clkbuf_1_1__f_rclk/X (sky130_fd_sc_hd__clkbuf_16)
                                                         clknet_1_1__leaf_rclk (net)
                      0.095916    0.000271    0.439283 ^ _540_/CLK (sky130_fd_sc_hd__dfrtp_1)
     1    0.002428    0.071695    0.736813    1.176096 v _540_/Q (sky130_fd_sc_hd__dfrtp_1)
                                                         sync_gwptr_to_rd.q1[3] (net)
                      0.071695    0.000024    1.176120 v _535_/D (sky130_fd_sc_hd__dfrtp_1)
                                              1.176120   data arrival time

                                 14.000000   14.000000   clock rclk (rise edge)
                                  0.000000   14.000000   clock source latency
     1    0.014579    0.000000    0.000000   14.000000 ^ rclk (in)
                                                         rclk (net)
                      0.000483    0.000242   14.000241 ^ clkbuf_0_rclk/A (sky130_fd_sc_hd__clkbuf_16)
     2    0.018011    0.064809    0.188689   14.188931 ^ clkbuf_0_rclk/X (sky130_fd_sc_hd__clkbuf_16)
                                                         clknet_0_rclk (net)
                      0.064819    0.000149   14.189079 ^ clkbuf_1_1__f_rclk/A (sky130_fd_sc_hd__clkbuf_16)
    16    0.041525    0.095916    0.249932   14.439012 ^ clkbuf_1_1__f_rclk/X (sky130_fd_sc_hd__clkbuf_16)
                                                         clknet_1_1__leaf_rclk (net)
                      0.095916    0.000171   14.439182 ^ _535_/CLK (sky130_fd_sc_hd__dfrtp_1)
                                  0.000000   14.439182   clock reconvergence pessimism
                                 -0.270364   14.168818   library setup time
                                             14.168818   data required time
---------------------------------------------------------------------------------------------
                                             14.168818   data required time
                                             -1.176120   data arrival time
---------------------------------------------------------------------------------------------
                                             12.992699   slack (MET)


Startpoint: _541_ (rising edge-triggered flip-flop clocked by rclk)
Endpoint: _536_ (rising edge-triggered flip-flop clocked by rclk)
Path Group: rclk
Path Type: max

Fanout         Cap        Slew       Delay        Time   Description
---------------------------------------------------------------------------------------------
                                  0.000000    0.000000   clock rclk (rise edge)
                                  0.000000    0.000000   clock source latency
     1    0.014579    0.000000    0.000000    0.000000 ^ rclk (in)
                                                         rclk (net)
                      0.000483    0.000242    0.000242 ^ clkbuf_0_rclk/A (sky130_fd_sc_hd__clkbuf_16)
     2    0.018011    0.064809    0.188689    0.188931 ^ clkbuf_0_rclk/X (sky130_fd_sc_hd__clkbuf_16)
                                                         clknet_0_rclk (net)
                      0.064819    0.000149    0.189080 ^ clkbuf_1_1__f_rclk/A (sky130_fd_sc_hd__clkbuf_16)
    16    0.041525    0.095916    0.249932    0.439012 ^ clkbuf_1_1__f_rclk/X (sky130_fd_sc_hd__clkbuf_16)
                                                         clknet_1_1__leaf_rclk (net)
                      0.095916    0.000296    0.439308 ^ _541_/CLK (sky130_fd_sc_hd__dfrtp_1)
     1    0.002370    0.071280    0.736038    1.175345 v _541_/Q (sky130_fd_sc_hd__dfrtp_1)
                                                         sync_gwptr_to_rd.q1[4] (net)
                      0.071280    0.000022    1.175367 v _536_/D (sky130_fd_sc_hd__dfrtp_1)
                                              1.175367   data arrival time

                                 14.000000   14.000000   clock rclk (rise edge)
                                  0.000000   14.000000   clock source latency
     1    0.014579    0.000000    0.000000   14.000000 ^ rclk (in)
                                                         rclk (net)
                      0.000483    0.000242   14.000241 ^ clkbuf_0_rclk/A (sky130_fd_sc_hd__clkbuf_16)
     2    0.018011    0.064809    0.188689   14.188931 ^ clkbuf_0_rclk/X (sky130_fd_sc_hd__clkbuf_16)
                                                         clknet_0_rclk (net)
                      0.064819    0.000149   14.189079 ^ clkbuf_1_1__f_rclk/A (sky130_fd_sc_hd__clkbuf_16)
    16    0.041525    0.095916    0.249932   14.439012 ^ clkbuf_1_1__f_rclk/X (sky130_fd_sc_hd__clkbuf_16)
                                                         clknet_1_1__leaf_rclk (net)
                      0.095916    0.000265   14.439276 ^ _536_/CLK (sky130_fd_sc_hd__dfrtp_1)
                                  0.000000   14.439276   clock reconvergence pessimism
                                 -0.270191   14.169085   library setup time
                                             14.169085   data required time
---------------------------------------------------------------------------------------------
                                             14.169085   data required time
                                             -1.175367   data arrival time
---------------------------------------------------------------------------------------------
                                             12.993717   slack (MET)



