Reading timing models for corner nom_ff_n40C_1v95…
Reading cell library for the 'nom_ff_n40C_1v95' corner at '/home/tcsul/.volare/volare/sky130/versions/0fe599b2afb6708d281543108caf8310912f54af/sky130A/libs.ref/sky130_fd_sc_hd/lib/sky130_fd_sc_hd__ff_n40C_1v95.lib'…
Reading top-level netlist at '/home/tcsul/projects/fifo_project/v_files/runs/RUN_2026-08-14_16-06-50/06-yosys-synthesis/async_fifo.nl.v'…
Linking design 'async_fifo' from netlist…
Reading design constraints file at '/home/tcsul/projects/fifo_project/v_files/base_async_fifo.sdc'…
[INFO] No information on clock propagation in input SDC file-- unpropagating all clocks.
%OL_CREATE_REPORT min.rpt

===========================================================================
report_checks -path_delay min (Hold)
============================================================================
======================= nom_ff_n40C_1v95 Corner ===================================

Startpoint: _537_ (rising edge-triggered flip-flop clocked by rclk)
Endpoint: _532_ (rising edge-triggered flip-flop clocked by rclk)
Path Group: rclk
Path Type: min

Fanout         Cap        Slew       Delay        Time   Description
---------------------------------------------------------------------------------------------
                      0.000000    0.000000    0.000000   clock rclk (rise edge)
                                  0.000000    0.000000   clock network delay (ideal)
                      0.000000    0.000000    0.000000 ^ _537_/CLK (sky130_fd_sc_hd__dfrtp_2)
     1    0.002087    0.024174    0.194139    0.194139 ^ _537_/Q (sky130_fd_sc_hd__dfrtp_2)
                                                         sync_gwptr_to_rd.q1[0] (net)
                      0.024174    0.000000    0.194139 ^ _532_/D (sky130_fd_sc_hd__dfrtp_2)
                                              0.194139   data arrival time

                      0.000000    0.000000    0.000000   clock rclk (rise edge)
                                  0.000000    0.000000   clock network delay (ideal)
                                  0.000000    0.000000   clock reconvergence pessimism
                                              0.000000 ^ _532_/CLK (sky130_fd_sc_hd__dfrtp_2)
                                 -0.020056   -0.020056   library hold time
                                             -0.020056   data required time
---------------------------------------------------------------------------------------------
                                             -0.020056   data required time
                                             -0.194139   data arrival time
---------------------------------------------------------------------------------------------
                                              0.214195   slack (MET)


Startpoint: _538_ (rising edge-triggered flip-flop clocked by rclk)
Endpoint: _533_ (rising edge-triggered flip-flop clocked by rclk)
Path Group: rclk
Path Type: min

Fanout         Cap        Slew       Delay        Time   Description
---------------------------------------------------------------------------------------------
                      0.000000    0.000000    0.000000   clock rclk (rise edge)
                                  0.000000    0.000000   clock network delay (ideal)
                      0.000000    0.000000    0.000000 ^ _538_/CLK (sky130_fd_sc_hd__dfrtp_2)
     1    0.002087    0.024174    0.194139    0.194139 ^ _538_/Q (sky130_fd_sc_hd__dfrtp_2)
                                                         sync_gwptr_to_rd.q1[1] (net)
                      0.024174    0.000000    0.194139 ^ _533_/D (sky130_fd_sc_hd__dfrtp_2)
                                              0.194139   data arrival time

                      0.000000    0.000000    0.000000   clock rclk (rise edge)
                                  0.000000    0.000000   clock network delay (ideal)
                                  0.000000    0.000000   clock reconvergence pessimism
                                              0.000000 ^ _533_/CLK (sky130_fd_sc_hd__dfrtp_2)
                                 -0.020056   -0.020056   library hold time
                                             -0.020056   data required time
---------------------------------------------------------------------------------------------
                                             -0.020056   data required time
                                             -0.194139   data arrival time
---------------------------------------------------------------------------------------------
                                              0.214195   slack (MET)


Startpoint: _539_ (rising edge-triggered flip-flop clocked by rclk)
Endpoint: _534_ (rising edge-triggered flip-flop clocked by rclk)
Path Group: rclk
Path Type: min

Fanout         Cap        Slew       Delay        Time   Description
---------------------------------------------------------------------------------------------
                      0.000000    0.000000    0.000000   clock rclk (rise edge)
                                  0.000000    0.000000   clock network delay (ideal)
                      0.000000    0.000000    0.000000 ^ _539_/CLK (sky130_fd_sc_hd__dfrtp_2)
     1    0.002087    0.024174    0.194139    0.194139 ^ _539_/Q (sky130_fd_sc_hd__dfrtp_2)
                                                         sync_gwptr_to_rd.q1[2] (net)
                      0.024174    0.000000    0.194139 ^ _534_/D (sky130_fd_sc_hd__dfrtp_2)
                                              0.194139   data arrival time

                      0.000000    0.000000    0.000000   clock rclk (rise edge)
                                  0.000000    0.000000   clock network delay (ideal)
                                  0.000000    0.000000   clock reconvergence pessimism
                                              0.000000 ^ _534_/CLK (sky130_fd_sc_hd__dfrtp_2)
                                 -0.020056   -0.020056   library hold time
                                             -0.020056   data required time
---------------------------------------------------------------------------------------------
                                             -0.020056   data required time
                                             -0.194139   data arrival time
---------------------------------------------------------------------------------------------
                                              0.214195   slack (MET)


Startpoint: _540_ (rising edge-triggered flip-flop clocked by rclk)
Endpoint: _535_ (rising edge-triggered flip-flop clocked by rclk)
Path Group: rclk
Path Type: min

Fanout         Cap        Slew       Delay        Time   Description
---------------------------------------------------------------------------------------------
                      0.000000    0.000000    0.000000   clock rclk (rise edge)
                                  0.000000    0.000000   clock network delay (ideal)
                      0.000000    0.000000    0.000000 ^ _540_/CLK (sky130_fd_sc_hd__dfrtp_2)
     1    0.002087    0.024174    0.194139    0.194139 ^ _540_/Q (sky130_fd_sc_hd__dfrtp_2)
                                                         sync_gwptr_to_rd.q1[3] (net)
                      0.024174    0.000000    0.194139 ^ _535_/D (sky130_fd_sc_hd__dfrtp_2)
                                              0.194139   data arrival time

                      0.000000    0.000000    0.000000   clock rclk (rise edge)
                                  0.000000    0.000000   clock network delay (ideal)
                                  0.000000    0.000000   clock reconvergence pessimism
                                              0.000000 ^ _535_/CLK (sky130_fd_sc_hd__dfrtp_2)
                                 -0.020056   -0.020056   library hold time
                                             -0.020056   data required time
---------------------------------------------------------------------------------------------
                                             -0.020056   data required time
                                             -0.194139   data arrival time
---------------------------------------------------------------------------------------------
                                              0.214195   slack (MET)


Startpoint: _541_ (rising edge-triggered flip-flop clocked by rclk)
Endpoint: _536_ (rising edge-triggered flip-flop clocked by rclk)
Path Group: rclk
Path Type: min

Fanout         Cap        Slew       Delay        Time   Description
---------------------------------------------------------------------------------------------
                      0.000000    0.000000    0.000000   clock rclk (rise edge)
                                  0.000000    0.000000   clock network delay (ideal)
                      0.000000    0.000000    0.000000 ^ _541_/CLK (sky130_fd_sc_hd__dfrtp_2)
     1    0.002087    0.024174    0.194139    0.194139 ^ _541_/Q (sky130_fd_sc_hd__dfrtp_2)
                                                         sync_gwptr_to_rd.q1[4] (net)
                      0.024174    0.000000    0.194139 ^ _536_/D (sky130_fd_sc_hd__dfrtp_2)
                                              0.194139   data arrival time

                      0.000000    0.000000    0.000000   clock rclk (rise edge)
                                  0.000000    0.000000   clock network delay (ideal)
                                  0.000000    0.000000   clock reconvergence pessimism
                                              0.000000 ^ _536_/CLK (sky130_fd_sc_hd__dfrtp_2)
                                 -0.020056   -0.020056   library hold time
                                             -0.020056   data required time
---------------------------------------------------------------------------------------------
                                             -0.020056   data required time
                                             -0.194139   data arrival time
---------------------------------------------------------------------------------------------
                                              0.214195   slack (MET)


Startpoint: _555_ (rising edge-triggered flip-flop clocked by wclk)
Endpoint: _550_ (rising edge-triggered flip-flop clocked by wclk)
Path Group: wclk
Path Type: min

Fanout         Cap        Slew       Delay        Time   Description
---------------------------------------------------------------------------------------------
                      0.000000    0.000000    0.000000   clock wclk (rise edge)
                                  0.000000    0.000000   clock network delay (ideal)
                      0.000000    0.000000    0.000000 ^ _555_/CLK (sky130_fd_sc_hd__dfrtp_2)
     1    0.002087    0.024174    0.194139    0.194139 ^ _555_/Q (sky130_fd_sc_hd__dfrtp_2)
                                                         sync_grptr_to_wr.q1[0] (net)
                      0.024174    0.000000    0.194139 ^ _550_/D (sky130_fd_sc_hd__dfrtp_2)
                                              0.194139   data arrival time

                      0.000000    0.000000    0.000000   clock wclk (rise edge)
                                  0.000000    0.000000   clock network delay (ideal)
                                  0.000000    0.000000   clock reconvergence pessimism
                                              0.000000 ^ _550_/CLK (sky130_fd_sc_hd__dfrtp_2)
                                 -0.020056   -0.020056   library hold time
                                             -0.020056   data required time
---------------------------------------------------------------------------------------------
                                             -0.020056   data required time
                                             -0.194139   data arrival time
---------------------------------------------------------------------------------------------
                                              0.214195   slack (MET)


Startpoint: _556_ (rising edge-triggered flip-flop clocked by wclk)
Endpoint: _551_ (rising edge-triggered flip-flop clocked by wclk)
Path Group: wclk
Path Type: min

Fanout         Cap        Slew       Delay        Time   Description
---------------------------------------------------------------------------------------------
                      0.000000    0.000000    0.000000   clock wclk (rise edge)
                                  0.000000    0.000000   clock network delay (ideal)
                      0.000000    0.000000    0.000000 ^ _556_/CLK (sky130_fd_sc_hd__dfrtp_2)
     1    0.002087    0.024174    0.194139    0.194139 ^ _556_/Q (sky130_fd_sc_hd__dfrtp_2)
                                                         sync_grptr_to_wr.q1[1] (net)
                      0.024174    0.000000    0.194139 ^ _551_/D (sky130_fd_sc_hd__dfrtp_2)
                                              0.194139   data arrival time

                      0.000000    0.000000    0.000000   clock wclk (rise edge)
                                  0.000000    0.000000   clock network delay (ideal)
                                  0.000000    0.000000   clock reconvergence pessimism
                                              0.000000 ^ _551_/CLK (sky130_fd_sc_hd__dfrtp_2)
                                 -0.020056   -0.020056   library hold time
                                             -0.020056   data required time
---------------------------------------------------------------------------------------------
                                             -0.020056   data required time
                                             -0.194139   data arrival time
---------------------------------------------------------------------------------------------
                                              0.214195   slack (MET)


Startpoint: _557_ (rising edge-triggered flip-flop clocked by wclk)
Endpoint: _552_ (rising edge-triggered flip-flop clocked by wclk)
Path Group: wclk
Path Type: min

Fanout         Cap        Slew       Delay        Time   Description
---------------------------------------------------------------------------------------------
                      0.000000    0.000000    0.000000   clock wclk (rise edge)
                                  0.000000    0.000000   clock network delay (ideal)
                      0.000000    0.000000    0.000000 ^ _557_/CLK (sky130_fd_sc_hd__dfrtp_2)
     1    0.002087    0.024174    0.194139    0.194139 ^ _557_/Q (sky130_fd_sc_hd__dfrtp_2)
                                                         sync_grptr_to_wr.q1[2] (net)
                      0.024174    0.000000    0.194139 ^ _552_/D (sky130_fd_sc_hd__dfrtp_2)
                                              0.194139   data arrival time

                      0.000000    0.000000    0.000000   clock wclk (rise edge)
                                  0.000000    0.000000   clock network delay (ideal)
                                  0.000000    0.000000   clock reconvergence pessimism
                                              0.000000 ^ _552_/CLK (sky130_fd_sc_hd__dfrtp_2)
                                 -0.020056   -0.020056   library hold time
                                             -0.020056   data required time
---------------------------------------------------------------------------------------------
                                             -0.020056   data required time
                                             -0.194139   data arrival time
---------------------------------------------------------------------------------------------
                                              0.214195   slack (MET)


Startpoint: _558_ (rising edge-triggered flip-flop clocked by wclk)
Endpoint: _553_ (rising edge-triggered flip-flop clocked by wclk)
Path Group: wclk
Path Type: min

Fanout         Cap        Slew       Delay        Time   Description
---------------------------------------------------------------------------------------------
                      0.000000    0.000000    0.000000   clock wclk (rise edge)
                                  0.000000    0.000000   clock network delay (ideal)
                      0.000000    0.000000    0.000000 ^ _558_/CLK (sky130_fd_sc_hd__dfrtp_2)
     1    0.002087    0.024174    0.194139    0.194139 ^ _558_/Q (sky130_fd_sc_hd__dfrtp_2)
                                                         sync_grptr_to_wr.q1[3] (net)
                      0.024174    0.000000    0.194139 ^ _553_/D (sky130_fd_sc_hd__dfrtp_2)
                                              0.194139   data arrival time

                      0.000000    0.000000    0.000000   clock wclk (rise edge)
                                  0.000000    0.000000   clock network delay (ideal)
                                  0.000000    0.000000   clock reconvergence pessimism
                                              0.000000 ^ _553_/CLK (sky130_fd_sc_hd__dfrtp_2)
                                 -0.020056   -0.020056   library hold time
                                             -0.020056   data required time
---------------------------------------------------------------------------------------------
                                             -0.020056   data required time
                                             -0.194139   data arrival time
---------------------------------------------------------------------------------------------
                                              0.214195   slack (MET)


Startpoint: _559_ (rising edge-triggered flip-flop clocked by wclk)
Endpoint: _554_ (rising edge-triggered flip-flop clocked by wclk)
Path Group: wclk
Path Type: min

Fanout         Cap        Slew       Delay        Time   Description
---------------------------------------------------------------------------------------------
                      0.000000    0.000000    0.000000   clock wclk (rise edge)
                                  0.000000    0.000000   clock network delay (ideal)
                      0.000000    0.000000    0.000000 ^ _559_/CLK (sky130_fd_sc_hd__dfrtp_2)
     1    0.002087    0.024174    0.194139    0.194139 ^ _559_/Q (sky130_fd_sc_hd__dfrtp_2)
                                                         sync_grptr_to_wr.q1[4] (net)
                      0.024174    0.000000    0.194139 ^ _554_/D (sky130_fd_sc_hd__dfrtp_2)
                                              0.194139   data arrival time

                      0.000000    0.000000    0.000000   clock wclk (rise edge)
                                  0.000000    0.000000   clock network delay (ideal)
                                  0.000000    0.000000   clock reconvergence pessimism
                                              0.000000 ^ _554_/CLK (sky130_fd_sc_hd__dfrtp_2)
                                 -0.020056   -0.020056   library hold time
                                             -0.020056   data required time
---------------------------------------------------------------------------------------------
                                             -0.020056   data required time
                                             -0.194139   data arrival time
---------------------------------------------------------------------------------------------
                                              0.214195   slack (MET)


Startpoint: _560_ (rising edge-triggered flip-flop clocked by wclk)
Endpoint: _560_ (rising edge-triggered flip-flop clocked by wclk)
Path Group: wclk
Path Type: min

Fanout         Cap        Slew       Delay        Time   Description
---------------------------------------------------------------------------------------------
                      0.000000    0.000000    0.000000   clock wclk (rise edge)
                                  0.000000    0.000000   clock network delay (ideal)
                      0.000000    0.000000    0.000000 ^ _560_/CLK (sky130_fd_sc_hd__dfxtp_2)
     2    0.003542    0.024779    0.180252    0.180252 ^ _560_/Q (sky130_fd_sc_hd__dfxtp_2)
                                                         bram.mem[14][0] (net)
                      0.024779    0.000000    0.180252 ^ _389_/A0 (sky130_fd_sc_hd__mux2_1)
     1    0.001748    0.023471    0.064078    0.244330 ^ _389_/X (sky130_fd_sc_hd__mux2_1)
                                                         _016_ (net)
                      0.023471    0.000000    0.244330 ^ _560_/D (sky130_fd_sc_hd__dfxtp_2)
                                              0.244330   data arrival time

                      0.000000    0.000000    0.000000   clock wclk (rise edge)
                                  0.000000    0.000000   clock network delay (ideal)
                                  0.000000    0.000000   clock reconvergence pessimism
                                              0.000000 ^ _560_/CLK (sky130_fd_sc_hd__dfxtp_2)
                                 -0.017505   -0.017505   library hold time
                                             -0.017505   data required time
---------------------------------------------------------------------------------------------
                                             -0.017505   data required time
                                             -0.244330   data arrival time
---------------------------------------------------------------------------------------------
                                              0.261834   slack (MET)


Startpoint: _561_ (rising edge-triggered flip-flop clocked by wclk)
Endpoint: _561_ (rising edge-triggered flip-flop clocked by wclk)
Path Group: wclk
Path Type: min

Fanout         Cap        Slew       Delay        Time   Description
---------------------------------------------------------------------------------------------
                      0.000000    0.000000    0.000000   clock wclk (rise edge)
                                  0.000000    0.000000   clock network delay (ideal)
                      0.000000    0.000000    0.000000 ^ _561_/CLK (sky130_fd_sc_hd__dfxtp_2)
     2    0.003542    0.024779    0.180252    0.180252 ^ _561_/Q (sky130_fd_sc_hd__dfxtp_2)
                                                         bram.mem[14][1] (net)
                      0.024779    0.000000    0.180252 ^ _390_/A0 (sky130_fd_sc_hd__mux2_1)
     1    0.001748    0.023471    0.064078    0.244330 ^ _390_/X (sky130_fd_sc_hd__mux2_1)
                                                         _017_ (net)
                      0.023471    0.000000    0.244330 ^ _561_/D (sky130_fd_sc_hd__dfxtp_2)
                                              0.244330   data arrival time

                      0.000000    0.000000    0.000000   clock wclk (rise edge)
                                  0.000000    0.000000   clock network delay (ideal)
                                  0.000000    0.000000   clock reconvergence pessimism
                                              0.000000 ^ _561_/CLK (sky130_fd_sc_hd__dfxtp_2)
                                 -0.017505   -0.017505   library hold time
                                             -0.017505   data required time
---------------------------------------------------------------------------------------------
                                             -0.017505   data required time
                                             -0.244330   data arrival time
---------------------------------------------------------------------------------------------
                                              0.261834   slack (MET)


Startpoint: _562_ (rising edge-triggered flip-flop clocked by wclk)
Endpoint: _562_ (rising edge-triggered flip-flop clocked by wclk)
Path Group: wclk
Path Type: min

Fanout         Cap        Slew       Delay        Time   Description
---------------------------------------------------------------------------------------------
                      0.000000    0.000000    0.000000   clock wclk (rise edge)
                                  0.000000    0.000000   clock network delay (ideal)
                      0.000000    0.000000    0.000000 ^ _562_/CLK (sky130_fd_sc_hd__dfxtp_2)
     2    0.003542    0.024779    0.180252    0.180252 ^ _562_/Q (sky130_fd_sc_hd__dfxtp_2)
                                                         bram.mem[14][2] (net)
                      0.024779    0.000000    0.180252 ^ _391_/A0 (sky130_fd_sc_hd__mux2_1)
     1    0.001748    0.023471    0.064078    0.244330 ^ _391_/X (sky130_fd_sc_hd__mux2_1)
                                                         _018_ (net)
                      0.023471    0.000000    0.244330 ^ _562_/D (sky130_fd_sc_hd__dfxtp_2)
                                              0.244330   data arrival time

                      0.000000    0.000000    0.000000   clock wclk (rise edge)
                                  0.000000    0.000000   clock network delay (ideal)
                                  0.000000    0.000000   clock reconvergence pessimism
                                              0.000000 ^ _562_/CLK (sky130_fd_sc_hd__dfxtp_2)
                                 -0.017505   -0.017505   library hold time
                                             -0.017505   data required time
---------------------------------------------------------------------------------------------
                                             -0.017505   data required time
                                             -0.244330   data arrival time
---------------------------------------------------------------------------------------------
                                              0.261834   slack (MET)


Startpoint: _563_ (rising edge-triggered flip-flop clocked by wclk)
Endpoint: _563_ (rising edge-triggered flip-flop clocked by wclk)
Path Group: wclk
Path Type: min

Fanout         Cap        Slew       Delay        Time   Description
---------------------------------------------------------------------------------------------
                      0.000000    0.000000    0.000000   clock wclk (rise edge)
                                  0.000000    0.000000   clock network delay (ideal)
                      0.000000    0.000000    0.000000 ^ _563_/CLK (sky130_fd_sc_hd__dfxtp_2)
     2    0.003542    0.024779    0.180252    0.180252 ^ _563_/Q (sky130_fd_sc_hd__dfxtp_2)
                                                         bram.mem[14][3] (net)
                      0.024779    0.000000    0.180252 ^ _392_/A0 (sky130_fd_sc_hd__mux2_1)
     1    0.001748    0.023471    0.064078    0.244330 ^ _392_/X (sky130_fd_sc_hd__mux2_1)
                                                         _019_ (net)
                      0.023471    0.000000    0.244330 ^ _563_/D (sky130_fd_sc_hd__dfxtp_2)
                                              0.244330   data arrival time

                      0.000000    0.000000    0.000000   clock wclk (rise edge)
                                  0.000000    0.000000   clock network delay (ideal)
                                  0.000000    0.000000   clock reconvergence pessimism
                                              0.000000 ^ _563_/CLK (sky130_fd_sc_hd__dfxtp_2)
                                 -0.017505   -0.017505   library hold time
                                             -0.017505   data required time
---------------------------------------------------------------------------------------------
                                             -0.017505   data required time
                                             -0.244330   data arrival time
---------------------------------------------------------------------------------------------
                                              0.261834   slack (MET)


Startpoint: _564_ (rising edge-triggered flip-flop clocked by wclk)
Endpoint: _564_ (rising edge-triggered flip-flop clocked by wclk)
Path Group: wclk
Path Type: min

Fanout         Cap        Slew       Delay        Time   Description
---------------------------------------------------------------------------------------------
                      0.000000    0.000000    0.000000   clock wclk (rise edge)
                                  0.000000    0.000000   clock network delay (ideal)
                      0.000000    0.000000    0.000000 ^ _564_/CLK (sky130_fd_sc_hd__dfxtp_2)
     2    0.003542    0.024779    0.180252    0.180252 ^ _564_/Q (sky130_fd_sc_hd__dfxtp_2)
                                                         bram.mem[14][4] (net)
                      0.024779    0.000000    0.180252 ^ _393_/A0 (sky130_fd_sc_hd__mux2_1)
     1    0.001748    0.023471    0.064078    0.244330 ^ _393_/X (sky130_fd_sc_hd__mux2_1)
                                                         _020_ (net)
                      0.023471    0.000000    0.244330 ^ _564_/D (sky130_fd_sc_hd__dfxtp_2)
                                              0.244330   data arrival time

                      0.000000    0.000000    0.000000   clock wclk (rise edge)
                                  0.000000    0.000000   clock network delay (ideal)
                                  0.000000    0.000000   clock reconvergence pessimism
                                              0.000000 ^ _564_/CLK (sky130_fd_sc_hd__dfxtp_2)
                                 -0.017505   -0.017505   library hold time
                                             -0.017505   data required time
---------------------------------------------------------------------------------------------
                                             -0.017505   data required time
                                             -0.244330   data arrival time
---------------------------------------------------------------------------------------------
                                              0.261834   slack (MET)


Startpoint: _565_ (rising edge-triggered flip-flop clocked by wclk)
Endpoint: _565_ (rising edge-triggered flip-flop clocked by wclk)
Path Group: wclk
Path Type: min

Fanout         Cap        Slew       Delay        Time   Description
---------------------------------------------------------------------------------------------
                      0.000000    0.000000    0.000000   clock wclk (rise edge)
                                  0.000000    0.000000   clock network delay (ideal)
                      0.000000    0.000000    0.000000 ^ _565_/CLK (sky130_fd_sc_hd__dfxtp_2)
     2    0.003542    0.024779    0.180252    0.180252 ^ _565_/Q (sky130_fd_sc_hd__dfxtp_2)
                                                         bram.mem[14][5] (net)
                      0.024779    0.000000    0.180252 ^ _394_/A0 (sky130_fd_sc_hd__mux2_1)
     1    0.001748    0.023471    0.064078    0.244330 ^ _394_/X (sky130_fd_sc_hd__mux2_1)
                                                         _021_ (net)
                      0.023471    0.000000    0.244330 ^ _565_/D (sky130_fd_sc_hd__dfxtp_2)
                                              0.244330   data arrival time

                      0.000000    0.000000    0.000000   clock wclk (rise edge)
                                  0.000000    0.000000   clock network delay (ideal)
                                  0.000000    0.000000   clock reconvergence pessimism
                                              0.000000 ^ _565_/CLK (sky130_fd_sc_hd__dfxtp_2)
                                 -0.017505   -0.017505   library hold time
                                             -0.017505   data required time
---------------------------------------------------------------------------------------------
                                             -0.017505   data required time
                                             -0.244330   data arrival time
---------------------------------------------------------------------------------------------
                                              0.261834   slack (MET)


Startpoint: _566_ (rising edge-triggered flip-flop clocked by wclk)
Endpoint: _566_ (rising edge-triggered flip-flop clocked by wclk)
Path Group: wclk
Path Type: min

Fanout         Cap        Slew       Delay        Time   Description
---------------------------------------------------------------------------------------------
                      0.000000    0.000000    0.000000   clock wclk (rise edge)
                                  0.000000    0.000000   clock network delay (ideal)
                      0.000000    0.000000    0.000000 ^ _566_/CLK (sky130_fd_sc_hd__dfxtp_2)
     2    0.003542    0.024779    0.180252    0.180252 ^ _566_/Q (sky130_fd_sc_hd__dfxtp_2)
                                                         bram.mem[14][6] (net)
                      0.024779    0.000000    0.180252 ^ _395_/A0 (sky130_fd_sc_hd__mux2_1)
     1    0.001748    0.023471    0.064078    0.244330 ^ _395_/X (sky130_fd_sc_hd__mux2_1)
                                                         _022_ (net)
                      0.023471    0.000000    0.244330 ^ _566_/D (sky130_fd_sc_hd__dfxtp_2)
                                              0.244330   data arrival time

                      0.000000    0.000000    0.000000   clock wclk (rise edge)
                                  0.000000    0.000000   clock network delay (ideal)
                                  0.000000    0.000000   clock reconvergence pessimism
                                              0.000000 ^ _566_/CLK (sky130_fd_sc_hd__dfxtp_2)
                                 -0.017505   -0.017505   library hold time
                                             -0.017505   data required time
---------------------------------------------------------------------------------------------
                                             -0.017505   data required time
                                             -0.244330   data arrival time
---------------------------------------------------------------------------------------------
                                              0.261834   slack (MET)


Startpoint: _567_ (rising edge-triggered flip-flop clocked by wclk)
Endpoint: _567_ (rising edge-triggered flip-flop clocked by wclk)
Path Group: wclk
Path Type: min

Fanout         Cap        Slew       Delay        Time   Description
---------------------------------------------------------------------------------------------
                      0.000000    0.000000    0.000000   clock wclk (rise edge)
                                  0.000000    0.000000   clock network delay (ideal)
                      0.000000    0.000000    0.000000 ^ _567_/CLK (sky130_fd_sc_hd__dfxtp_2)
     2    0.003542    0.024779    0.180252    0.180252 ^ _567_/Q (sky130_fd_sc_hd__dfxtp_2)
                                                         bram.mem[14][7] (net)
                      0.024779    0.000000    0.180252 ^ _396_/A0 (sky130_fd_sc_hd__mux2_1)
     1    0.001748    0.023471    0.064078    0.244330 ^ _396_/X (sky130_fd_sc_hd__mux2_1)
                                                         _023_ (net)
                      0.023471    0.000000    0.244330 ^ _567_/D (sky130_fd_sc_hd__dfxtp_2)
                                              0.244330   data arrival time

                      0.000000    0.000000    0.000000   clock wclk (rise edge)
                                  0.000000    0.000000   clock network delay (ideal)
                                  0.000000    0.000000   clock reconvergence pessimism
                                              0.000000 ^ _567_/CLK (sky130_fd_sc_hd__dfxtp_2)
                                 -0.017505   -0.017505   library hold time
                                             -0.017505   data required time
---------------------------------------------------------------------------------------------
                                             -0.017505   data required time
                                             -0.244330   data arrival time
---------------------------------------------------------------------------------------------
                                              0.261834   slack (MET)


Startpoint: _592_ (rising edge-triggered flip-flop clocked by wclk)
Endpoint: _592_ (rising edge-triggered flip-flop clocked by wclk)
Path Group: wclk
Path Type: min

Fanout         Cap        Slew       Delay        Time   Description
---------------------------------------------------------------------------------------------
                      0.000000    0.000000    0.000000   clock wclk (rise edge)
                                  0.000000    0.000000   clock network delay (ideal)
                      0.000000    0.000000    0.000000 ^ _592_/CLK (sky130_fd_sc_hd__dfxtp_2)
     2    0.003542    0.024779    0.180252    0.180252 ^ _592_/Q (sky130_fd_sc_hd__dfxtp_2)
                                                         bram.mem[10][0] (net)
                      0.024779    0.000000    0.180252 ^ _425_/A0 (sky130_fd_sc_hd__mux2_1)
     1    0.001748    0.023471    0.064078    0.244330 ^ _425_/X (sky130_fd_sc_hd__mux2_1)
                                                         _048_ (net)
                      0.023471    0.000000    0.244330 ^ _592_/D (sky130_fd_sc_hd__dfxtp_2)
                                              0.244330   data arrival time

                      0.000000    0.000000    0.000000   clock wclk (rise edge)
                                  0.000000    0.000000   clock network delay (ideal)
                                  0.000000    0.000000   clock reconvergence pessimism
                                              0.000000 ^ _592_/CLK (sky130_fd_sc_hd__dfxtp_2)
                                 -0.017505   -0.017505   library hold time
                                             -0.017505   data required time
---------------------------------------------------------------------------------------------
                                             -0.017505   data required time
                                             -0.244330   data arrival time
---------------------------------------------------------------------------------------------
                                              0.261834   slack (MET)


Startpoint: _593_ (rising edge-triggered flip-flop clocked by wclk)
Endpoint: _593_ (rising edge-triggered flip-flop clocked by wclk)
Path Group: wclk
Path Type: min

Fanout         Cap        Slew       Delay        Time   Description
---------------------------------------------------------------------------------------------
                      0.000000    0.000000    0.000000   clock wclk (rise edge)
                                  0.000000    0.000000   clock network delay (ideal)
                      0.000000    0.000000    0.000000 ^ _593_/CLK (sky130_fd_sc_hd__dfxtp_2)
     2    0.003542    0.024779    0.180252    0.180252 ^ _593_/Q (sky130_fd_sc_hd__dfxtp_2)
                                                         bram.mem[10][1] (net)
                      0.024779    0.000000    0.180252 ^ _426_/A0 (sky130_fd_sc_hd__mux2_1)
     1    0.001748    0.023471    0.064078    0.244330 ^ _426_/X (sky130_fd_sc_hd__mux2_1)
                                                         _049_ (net)
                      0.023471    0.000000    0.244330 ^ _593_/D (sky130_fd_sc_hd__dfxtp_2)
                                              0.244330   data arrival time

                      0.000000    0.000000    0.000000   clock wclk (rise edge)
                                  0.000000    0.000000   clock network delay (ideal)
                                  0.000000    0.000000   clock reconvergence pessimism
                                              0.000000 ^ _593_/CLK (sky130_fd_sc_hd__dfxtp_2)
                                 -0.017505   -0.017505   library hold time
                                             -0.017505   data required time
---------------------------------------------------------------------------------------------
                                             -0.017505   data required time
                                             -0.244330   data arrival time
---------------------------------------------------------------------------------------------
                                              0.261834   slack (MET)


Startpoint: _594_ (rising edge-triggered flip-flop clocked by wclk)
Endpoint: _594_ (rising edge-triggered flip-flop clocked by wclk)
Path Group: wclk
Path Type: min

Fanout         Cap        Slew       Delay        Time   Description
---------------------------------------------------------------------------------------------
                      0.000000    0.000000    0.000000   clock wclk (rise edge)
                                  0.000000    0.000000   clock network delay (ideal)
                      0.000000    0.000000    0.000000 ^ _594_/CLK (sky130_fd_sc_hd__dfxtp_2)
     2    0.003542    0.024779    0.180252    0.180252 ^ _594_/Q (sky130_fd_sc_hd__dfxtp_2)
                                                         bram.mem[10][2] (net)
                      0.024779    0.000000    0.180252 ^ _427_/A0 (sky130_fd_sc_hd__mux2_1)
     1    0.001748    0.023471    0.064078    0.244330 ^ _427_/X (sky130_fd_sc_hd__mux2_1)
                                                         _050_ (net)
                      0.023471    0.000000    0.244330 ^ _594_/D (sky130_fd_sc_hd__dfxtp_2)
                                              0.244330   data arrival time

                      0.000000    0.000000    0.000000   clock wclk (rise edge)
                                  0.000000    0.000000   clock network delay (ideal)
                                  0.000000    0.000000   clock reconvergence pessimism
                                              0.000000 ^ _594_/CLK (sky130_fd_sc_hd__dfxtp_2)
                                 -0.017505   -0.017505   library hold time
                                             -0.017505   data required time
---------------------------------------------------------------------------------------------
                                             -0.017505   data required time
                                             -0.244330   data arrival time
---------------------------------------------------------------------------------------------
                                              0.261834   slack (MET)


Startpoint: _595_ (rising edge-triggered flip-flop clocked by wclk)
Endpoint: _595_ (rising edge-triggered flip-flop clocked by wclk)
Path Group: wclk
Path Type: min

Fanout         Cap        Slew       Delay        Time   Description
---------------------------------------------------------------------------------------------
                      0.000000    0.000000    0.000000   clock wclk (rise edge)
                                  0.000000    0.000000   clock network delay (ideal)
                      0.000000    0.000000    0.000000 ^ _595_/CLK (sky130_fd_sc_hd__dfxtp_2)
     2    0.003542    0.024779    0.180252    0.180252 ^ _595_/Q (sky130_fd_sc_hd__dfxtp_2)
                                                         bram.mem[10][3] (net)
                      0.024779    0.000000    0.180252 ^ _428_/A0 (sky130_fd_sc_hd__mux2_1)
     1    0.001748    0.023471    0.064078    0.244330 ^ _428_/X (sky130_fd_sc_hd__mux2_1)
                                                         _051_ (net)
                      0.023471    0.000000    0.244330 ^ _595_/D (sky130_fd_sc_hd__dfxtp_2)
                                              0.244330   data arrival time

                      0.000000    0.000000    0.000000   clock wclk (rise edge)
                                  0.000000    0.000000   clock network delay (ideal)
                                  0.000000    0.000000   clock reconvergence pessimism
                                              0.000000 ^ _595_/CLK (sky130_fd_sc_hd__dfxtp_2)
                                 -0.017505   -0.017505   library hold time
                                             -0.017505   data required time
---------------------------------------------------------------------------------------------
                                             -0.017505   data required time
                                             -0.244330   data arrival time
---------------------------------------------------------------------------------------------
                                              0.261834   slack (MET)


Startpoint: _596_ (rising edge-triggered flip-flop clocked by wclk)
Endpoint: _596_ (rising edge-triggered flip-flop clocked by wclk)
Path Group: wclk
Path Type: min

Fanout         Cap        Slew       Delay        Time   Description
---------------------------------------------------------------------------------------------
                      0.000000    0.000000    0.000000   clock wclk (rise edge)
                                  0.000000    0.000000   clock network delay (ideal)
                      0.000000    0.000000    0.000000 ^ _596_/CLK (sky130_fd_sc_hd__dfxtp_2)
     2    0.003542    0.024779    0.180252    0.180252 ^ _596_/Q (sky130_fd_sc_hd__dfxtp_2)
                                                         bram.mem[10][4] (net)
                      0.024779    0.000000    0.180252 ^ _429_/A0 (sky130_fd_sc_hd__mux2_1)
     1    0.001748    0.023471    0.064078    0.244330 ^ _429_/X (sky130_fd_sc_hd__mux2_1)
                                                         _052_ (net)
                      0.023471    0.000000    0.244330 ^ _596_/D (sky130_fd_sc_hd__dfxtp_2)
                                              0.244330   data arrival time

                      0.000000    0.000000    0.000000   clock wclk (rise edge)
                                  0.000000    0.000000   clock network delay (ideal)
                                  0.000000    0.000000   clock reconvergence pessimism
                                              0.000000 ^ _596_/CLK (sky130_fd_sc_hd__dfxtp_2)
                                 -0.017505   -0.017505   library hold time
                                             -0.017505   data required time
---------------------------------------------------------------------------------------------
                                             -0.017505   data required time
                                             -0.244330   data arrival time
---------------------------------------------------------------------------------------------
                                              0.261834   slack (MET)


Startpoint: _597_ (rising edge-triggered flip-flop clocked by wclk)
Endpoint: _597_ (rising edge-triggered flip-flop clocked by wclk)
Path Group: wclk
Path Type: min

Fanout         Cap        Slew       Delay        Time   Description
---------------------------------------------------------------------------------------------
                      0.000000    0.000000    0.000000   clock wclk (rise edge)
                                  0.000000    0.000000   clock network delay (ideal)
                      0.000000    0.000000    0.000000 ^ _597_/CLK (sky130_fd_sc_hd__dfxtp_2)
     2    0.003542    0.024779    0.180252    0.180252 ^ _597_/Q (sky130_fd_sc_hd__dfxtp_2)
                                                         bram.mem[10][5] (net)
                      0.024779    0.000000    0.180252 ^ _430_/A0 (sky130_fd_sc_hd__mux2_1)
     1    0.001748    0.023471    0.064078    0.244330 ^ _430_/X (sky130_fd_sc_hd__mux2_1)
                                                         _053_ (net)
                      0.023471    0.000000    0.244330 ^ _597_/D (sky130_fd_sc_hd__dfxtp_2)
                                              0.244330   data arrival time

                      0.000000    0.000000    0.000000   clock wclk (rise edge)
                                  0.000000    0.000000   clock network delay (ideal)
                                  0.000000    0.000000   clock reconvergence pessimism
                                              0.000000 ^ _597_/CLK (sky130_fd_sc_hd__dfxtp_2)
                                 -0.017505   -0.017505   library hold time
                                             -0.017505   data required time
---------------------------------------------------------------------------------------------
                                             -0.017505   data required time
                                             -0.244330   data arrival time
---------------------------------------------------------------------------------------------
                                              0.261834   slack (MET)


Startpoint: _598_ (rising edge-triggered flip-flop clocked by wclk)
Endpoint: _598_ (rising edge-triggered flip-flop clocked by wclk)
Path Group: wclk
Path Type: min

Fanout         Cap        Slew       Delay        Time   Description
---------------------------------------------------------------------------------------------
                      0.000000    0.000000    0.000000   clock wclk (rise edge)
                                  0.000000    0.000000   clock network delay (ideal)
                      0.000000    0.000000    0.000000 ^ _598_/CLK (sky130_fd_sc_hd__dfxtp_2)
     2    0.003542    0.024779    0.180252    0.180252 ^ _598_/Q (sky130_fd_sc_hd__dfxtp_2)
                                                         bram.mem[10][6] (net)
                      0.024779    0.000000    0.180252 ^ _431_/A0 (sky130_fd_sc_hd__mux2_1)
     1    0.001748    0.023471    0.064078    0.244330 ^ _431_/X (sky130_fd_sc_hd__mux2_1)
                                                         _054_ (net)
                      0.023471    0.000000    0.244330 ^ _598_/D (sky130_fd_sc_hd__dfxtp_2)
                                              0.244330   data arrival time

                      0.000000    0.000000    0.000000   clock wclk (rise edge)
                                  0.000000    0.000000   clock network delay (ideal)
                                  0.000000    0.000000   clock reconvergence pessimism
                                              0.000000 ^ _598_/CLK (sky130_fd_sc_hd__dfxtp_2)
                                 -0.017505   -0.017505   library hold time
                                             -0.017505   data required time
---------------------------------------------------------------------------------------------
                                             -0.017505   data required time
                                             -0.244330   data arrival time
---------------------------------------------------------------------------------------------
                                              0.261834   slack (MET)


Startpoint: _599_ (rising edge-triggered flip-flop clocked by wclk)
Endpoint: _599_ (rising edge-triggered flip-flop clocked by wclk)
Path Group: wclk
Path Type: min

Fanout         Cap        Slew       Delay        Time   Description
---------------------------------------------------------------------------------------------
                      0.000000    0.000000    0.000000   clock wclk (rise edge)
                                  0.000000    0.000000   clock network delay (ideal)
                      0.000000    0.000000    0.000000 ^ _599_/CLK (sky130_fd_sc_hd__dfxtp_2)
     2    0.003542    0.024779    0.180252    0.180252 ^ _599_/Q (sky130_fd_sc_hd__dfxtp_2)
                                                         bram.mem[10][7] (net)
                      0.024779    0.000000    0.180252 ^ _432_/A0 (sky130_fd_sc_hd__mux2_1)
     1    0.001748    0.023471    0.064078    0.244330 ^ _432_/X (sky130_fd_sc_hd__mux2_1)
                                                         _055_ (net)
                      0.023471    0.000000    0.244330 ^ _599_/D (sky130_fd_sc_hd__dfxtp_2)
                                              0.244330   data arrival time

                      0.000000    0.000000    0.000000   clock wclk (rise edge)
                                  0.000000    0.000000   clock network delay (ideal)
                                  0.000000    0.000000   clock reconvergence pessimism
                                              0.000000 ^ _599_/CLK (sky130_fd_sc_hd__dfxtp_2)
                                 -0.017505   -0.017505   library hold time
                                             -0.017505   data required time
---------------------------------------------------------------------------------------------
                                             -0.017505   data required time
                                             -0.244330   data arrival time
---------------------------------------------------------------------------------------------
                                              0.261834   slack (MET)


Startpoint: _641_ (rising edge-triggered flip-flop clocked by wclk)
Endpoint: _641_ (rising edge-triggered flip-flop clocked by wclk)
Path Group: wclk
Path Type: min

Fanout         Cap        Slew       Delay        Time   Description
---------------------------------------------------------------------------------------------
                      0.000000    0.000000    0.000000   clock wclk (rise edge)
                                  0.000000    0.000000   clock network delay (ideal)
                      0.000000    0.000000    0.000000 ^ _641_/CLK (sky130_fd_sc_hd__dfxtp_2)
     2    0.003542    0.024779    0.180252    0.180252 ^ _641_/Q (sky130_fd_sc_hd__dfxtp_2)
                                                         bram.mem[6][0] (net)
                      0.024779    0.000000    0.180252 ^ _472_/A0 (sky130_fd_sc_hd__mux2_1)
     1    0.001748    0.023471    0.064078    0.244330 ^ _472_/X (sky130_fd_sc_hd__mux2_1)
                                                         _088_ (net)
                      0.023471    0.000000    0.244330 ^ _641_/D (sky130_fd_sc_hd__dfxtp_2)
                                              0.244330   data arrival time

                      0.000000    0.000000    0.000000   clock wclk (rise edge)
                                  0.000000    0.000000   clock network delay (ideal)
                                  0.000000    0.000000   clock reconvergence pessimism
                                              0.000000 ^ _641_/CLK (sky130_fd_sc_hd__dfxtp_2)
                                 -0.017505   -0.017505   library hold time
                                             -0.017505   data required time
---------------------------------------------------------------------------------------------
                                             -0.017505   data required time
                                             -0.244330   data arrival time
---------------------------------------------------------------------------------------------
                                              0.261834   slack (MET)


Startpoint: _642_ (rising edge-triggered flip-flop clocked by wclk)
Endpoint: _642_ (rising edge-triggered flip-flop clocked by wclk)
Path Group: wclk
Path Type: min

Fanout         Cap        Slew       Delay        Time   Description
---------------------------------------------------------------------------------------------
                      0.000000    0.000000    0.000000   clock wclk (rise edge)
                                  0.000000    0.000000   clock network delay (ideal)
                      0.000000    0.000000    0.000000 ^ _642_/CLK (sky130_fd_sc_hd__dfxtp_2)
     2    0.003542    0.024779    0.180252    0.180252 ^ _642_/Q (sky130_fd_sc_hd__dfxtp_2)
                                                         bram.mem[6][1] (net)
                      0.024779    0.000000    0.180252 ^ _473_/A0 (sky130_fd_sc_hd__mux2_1)
     1    0.001748    0.023471    0.064078    0.244330 ^ _473_/X (sky130_fd_sc_hd__mux2_1)
                                                         _089_ (net)
                      0.023471    0.000000    0.244330 ^ _642_/D (sky130_fd_sc_hd__dfxtp_2)
                                              0.244330   data arrival time

                      0.000000    0.000000    0.000000   clock wclk (rise edge)
                                  0.000000    0.000000   clock network delay (ideal)
                                  0.000000    0.000000   clock reconvergence pessimism
                                              0.000000 ^ _642_/CLK (sky130_fd_sc_hd__dfxtp_2)
                                 -0.017505   -0.017505   library hold time
                                             -0.017505   data required time
---------------------------------------------------------------------------------------------
                                             -0.017505   data required time
                                             -0.244330   data arrival time
---------------------------------------------------------------------------------------------
                                              0.261834   slack (MET)


Startpoint: _643_ (rising edge-triggered flip-flop clocked by wclk)
Endpoint: _643_ (rising edge-triggered flip-flop clocked by wclk)
Path Group: wclk
Path Type: min

Fanout         Cap        Slew       Delay        Time   Description
---------------------------------------------------------------------------------------------
                      0.000000    0.000000    0.000000   clock wclk (rise edge)
                                  0.000000    0.000000   clock network delay (ideal)
                      0.000000    0.000000    0.000000 ^ _643_/CLK (sky130_fd_sc_hd__dfxtp_2)
     2    0.003542    0.024779    0.180252    0.180252 ^ _643_/Q (sky130_fd_sc_hd__dfxtp_2)
                                                         bram.mem[6][2] (net)
                      0.024779    0.000000    0.180252 ^ _474_/A0 (sky130_fd_sc_hd__mux2_1)
     1    0.001748    0.023471    0.064078    0.244330 ^ _474_/X (sky130_fd_sc_hd__mux2_1)
                                                         _090_ (net)
                      0.023471    0.000000    0.244330 ^ _643_/D (sky130_fd_sc_hd__dfxtp_2)
                                              0.244330   data arrival time

                      0.000000    0.000000    0.000000   clock wclk (rise edge)
                                  0.000000    0.000000   clock network delay (ideal)
                                  0.000000    0.000000   clock reconvergence pessimism
                                              0.000000 ^ _643_/CLK (sky130_fd_sc_hd__dfxtp_2)
                                 -0.017505   -0.017505   library hold time
                                             -0.017505   data required time
---------------------------------------------------------------------------------------------
                                             -0.017505   data required time
                                             -0.244330   data arrival time
---------------------------------------------------------------------------------------------
                                              0.261834   slack (MET)


Startpoint: _644_ (rising edge-triggered flip-flop clocked by wclk)
Endpoint: _644_ (rising edge-triggered flip-flop clocked by wclk)
Path Group: wclk
Path Type: min

Fanout         Cap        Slew       Delay        Time   Description
---------------------------------------------------------------------------------------------
                      0.000000    0.000000    0.000000   clock wclk (rise edge)
                                  0.000000    0.000000   clock network delay (ideal)
                      0.000000    0.000000    0.000000 ^ _644_/CLK (sky130_fd_sc_hd__dfxtp_2)
     2    0.003542    0.024779    0.180252    0.180252 ^ _644_/Q (sky130_fd_sc_hd__dfxtp_2)
                                                         bram.mem[6][3] (net)
                      0.024779    0.000000    0.180252 ^ _475_/A0 (sky130_fd_sc_hd__mux2_1)
     1    0.001748    0.023471    0.064078    0.244330 ^ _475_/X (sky130_fd_sc_hd__mux2_1)
                                                         _091_ (net)
                      0.023471    0.000000    0.244330 ^ _644_/D (sky130_fd_sc_hd__dfxtp_2)
                                              0.244330   data arrival time

                      0.000000    0.000000    0.000000   clock wclk (rise edge)
                                  0.000000    0.000000   clock network delay (ideal)
                                  0.000000    0.000000   clock reconvergence pessimism
                                              0.000000 ^ _644_/CLK (sky130_fd_sc_hd__dfxtp_2)
                                 -0.017505   -0.017505   library hold time
                                             -0.017505   data required time
---------------------------------------------------------------------------------------------
                                             -0.017505   data required time
                                             -0.244330   data arrival time
---------------------------------------------------------------------------------------------
                                              0.261834   slack (MET)


Startpoint: _645_ (rising edge-triggered flip-flop clocked by wclk)
Endpoint: _645_ (rising edge-triggered flip-flop clocked by wclk)
Path Group: wclk
Path Type: min

Fanout         Cap        Slew       Delay        Time   Description
---------------------------------------------------------------------------------------------
                      0.000000    0.000000    0.000000   clock wclk (rise edge)
                                  0.000000    0.000000   clock network delay (ideal)
                      0.000000    0.000000    0.000000 ^ _645_/CLK (sky130_fd_sc_hd__dfxtp_2)
     2    0.003542    0.024779    0.180252    0.180252 ^ _645_/Q (sky130_fd_sc_hd__dfxtp_2)
                                                         bram.mem[6][4] (net)
                      0.024779    0.000000    0.180252 ^ _476_/A0 (sky130_fd_sc_hd__mux2_1)
     1    0.001748    0.023471    0.064078    0.244330 ^ _476_/X (sky130_fd_sc_hd__mux2_1)
                                                         _092_ (net)
                      0.023471    0.000000    0.244330 ^ _645_/D (sky130_fd_sc_hd__dfxtp_2)
                                              0.244330   data arrival time

                      0.000000    0.000000    0.000000   clock wclk (rise edge)
                                  0.000000    0.000000   clock network delay (ideal)
                                  0.000000    0.000000   clock reconvergence pessimism
                                              0.000000 ^ _645_/CLK (sky130_fd_sc_hd__dfxtp_2)
                                 -0.017505   -0.017505   library hold time
                                             -0.017505   data required time
---------------------------------------------------------------------------------------------
                                             -0.017505   data required time
                                             -0.244330   data arrival time
---------------------------------------------------------------------------------------------
                                              0.261834   slack (MET)


Startpoint: _646_ (rising edge-triggered flip-flop clocked by wclk)
Endpoint: _646_ (rising edge-triggered flip-flop clocked by wclk)
Path Group: wclk
Path Type: min

Fanout         Cap        Slew       Delay        Time   Description
---------------------------------------------------------------------------------------------
                      0.000000    0.000000    0.000000   clock wclk (rise edge)
                                  0.000000    0.000000   clock network delay (ideal)
                      0.000000    0.000000    0.000000 ^ _646_/CLK (sky130_fd_sc_hd__dfxtp_2)
     2    0.003542    0.024779    0.180252    0.180252 ^ _646_/Q (sky130_fd_sc_hd__dfxtp_2)
                                                         bram.mem[6][5] (net)
                      0.024779    0.000000    0.180252 ^ _477_/A0 (sky130_fd_sc_hd__mux2_1)
     1    0.001748    0.023471    0.064078    0.244330 ^ _477_/X (sky130_fd_sc_hd__mux2_1)
                                                         _093_ (net)
                      0.023471    0.000000    0.244330 ^ _646_/D (sky130_fd_sc_hd__dfxtp_2)
                                              0.244330   data arrival time

                      0.000000    0.000000    0.000000   clock wclk (rise edge)
                                  0.000000    0.000000   clock network delay (ideal)
                                  0.000000    0.000000   clock reconvergence pessimism
                                              0.000000 ^ _646_/CLK (sky130_fd_sc_hd__dfxtp_2)
                                 -0.017505   -0.017505   library hold time
                                             -0.017505   data required time
---------------------------------------------------------------------------------------------
                                             -0.017505   data required time
                                             -0.244330   data arrival time
---------------------------------------------------------------------------------------------
                                              0.261834   slack (MET)


Startpoint: _647_ (rising edge-triggered flip-flop clocked by wclk)
Endpoint: _647_ (rising edge-triggered flip-flop clocked by wclk)
Path Group: wclk
Path Type: min

Fanout         Cap        Slew       Delay        Time   Description
---------------------------------------------------------------------------------------------
                      0.000000    0.000000    0.000000   clock wclk (rise edge)
                                  0.000000    0.000000   clock network delay (ideal)
                      0.000000    0.000000    0.000000 ^ _647_/CLK (sky130_fd_sc_hd__dfxtp_2)
     2    0.003542    0.024779    0.180252    0.180252 ^ _647_/Q (sky130_fd_sc_hd__dfxtp_2)
                                                         bram.mem[6][6] (net)
                      0.024779    0.000000    0.180252 ^ _478_/A0 (sky130_fd_sc_hd__mux2_1)
     1    0.001748    0.023471    0.064078    0.244330 ^ _478_/X (sky130_fd_sc_hd__mux2_1)
                                                         _094_ (net)
                      0.023471    0.000000    0.244330 ^ _647_/D (sky130_fd_sc_hd__dfxtp_2)
                                              0.244330   data arrival time

                      0.000000    0.000000    0.000000   clock wclk (rise edge)
                                  0.000000    0.000000   clock network delay (ideal)
                                  0.000000    0.000000   clock reconvergence pessimism
                                              0.000000 ^ _647_/CLK (sky130_fd_sc_hd__dfxtp_2)
                                 -0.017505   -0.017505   library hold time
                                             -0.017505   data required time
---------------------------------------------------------------------------------------------
                                             -0.017505   data required time
                                             -0.244330   data arrival time
---------------------------------------------------------------------------------------------
                                              0.261834   slack (MET)


Startpoint: _648_ (rising edge-triggered flip-flop clocked by wclk)
Endpoint: _648_ (rising edge-triggered flip-flop clocked by wclk)
Path Group: wclk
Path Type: min

Fanout         Cap        Slew       Delay        Time   Description
---------------------------------------------------------------------------------------------
                      0.000000    0.000000    0.000000   clock wclk (rise edge)
                                  0.000000    0.000000   clock network delay (ideal)
                      0.000000    0.000000    0.000000 ^ _648_/CLK (sky130_fd_sc_hd__dfxtp_2)
     2    0.003542    0.024779    0.180252    0.180252 ^ _648_/Q (sky130_fd_sc_hd__dfxtp_2)
                                                         bram.mem[6][7] (net)
                      0.024779    0.000000    0.180252 ^ _479_/A0 (sky130_fd_sc_hd__mux2_1)
     1    0.001748    0.023471    0.064078    0.244330 ^ _479_/X (sky130_fd_sc_hd__mux2_1)
                                                         _095_ (net)
                      0.023471    0.000000    0.244330 ^ _648_/D (sky130_fd_sc_hd__dfxtp_2)
                                              0.244330   data arrival time

                      0.000000    0.000000    0.000000   clock wclk (rise edge)
                                  0.000000    0.000000   clock network delay (ideal)
                                  0.000000    0.000000   clock reconvergence pessimism
                                              0.000000 ^ _648_/CLK (sky130_fd_sc_hd__dfxtp_2)
                                 -0.017505   -0.017505   library hold time
                                             -0.017505   data required time
---------------------------------------------------------------------------------------------
                                             -0.017505   data required time
                                             -0.244330   data arrival time
---------------------------------------------------------------------------------------------
                                              0.261834   slack (MET)


Startpoint: _690_ (rising edge-triggered flip-flop clocked by wclk)
Endpoint: _690_ (rising edge-triggered flip-flop clocked by wclk)
Path Group: wclk
Path Type: min

Fanout         Cap        Slew       Delay        Time   Description
---------------------------------------------------------------------------------------------
                      0.000000    0.000000    0.000000   clock wclk (rise edge)
                                  0.000000    0.000000   clock network delay (ideal)
                      0.000000    0.000000    0.000000 ^ _690_/CLK (sky130_fd_sc_hd__dfxtp_2)
     2    0.003542    0.024779    0.180252    0.180252 ^ _690_/Q (sky130_fd_sc_hd__dfxtp_2)
                                                         bram.mem[2][0] (net)
                      0.024779    0.000000    0.180252 ^ _516_/A0 (sky130_fd_sc_hd__mux2_1)
     1    0.001748    0.023471    0.064078    0.244330 ^ _516_/X (sky130_fd_sc_hd__mux2_1)
                                                         _128_ (net)
                      0.023471    0.000000    0.244330 ^ _690_/D (sky130_fd_sc_hd__dfxtp_2)
                                              0.244330   data arrival time

                      0.000000    0.000000    0.000000   clock wclk (rise edge)
                                  0.000000    0.000000   clock network delay (ideal)
                                  0.000000    0.000000   clock reconvergence pessimism
                                              0.000000 ^ _690_/CLK (sky130_fd_sc_hd__dfxtp_2)
                                 -0.017505   -0.017505   library hold time
                                             -0.017505   data required time
---------------------------------------------------------------------------------------------
                                             -0.017505   data required time
                                             -0.244330   data arrival time
---------------------------------------------------------------------------------------------
                                              0.261834   slack (MET)


Startpoint: _691_ (rising edge-triggered flip-flop clocked by wclk)
Endpoint: _691_ (rising edge-triggered flip-flop clocked by wclk)
Path Group: wclk
Path Type: min

Fanout         Cap        Slew       Delay        Time   Description
---------------------------------------------------------------------------------------------
                      0.000000    0.000000    0.000000   clock wclk (rise edge)
                                  0.000000    0.000000   clock network delay (ideal)
                      0.000000    0.000000    0.000000 ^ _691_/CLK (sky130_fd_sc_hd__dfxtp_2)
     2    0.003542    0.024779    0.180252    0.180252 ^ _691_/Q (sky130_fd_sc_hd__dfxtp_2)
                                                         bram.mem[2][1] (net)
                      0.024779    0.000000    0.180252 ^ _517_/A0 (sky130_fd_sc_hd__mux2_1)
     1    0.001748    0.023471    0.064078    0.244330 ^ _517_/X (sky130_fd_sc_hd__mux2_1)
                                                         _129_ (net)
                      0.023471    0.000000    0.244330 ^ _691_/D (sky130_fd_sc_hd__dfxtp_2)
                                              0.244330   data arrival time

                      0.000000    0.000000    0.000000   clock wclk (rise edge)
                                  0.000000    0.000000   clock network delay (ideal)
                                  0.000000    0.000000   clock reconvergence pessimism
                                              0.000000 ^ _691_/CLK (sky130_fd_sc_hd__dfxtp_2)
                                 -0.017505   -0.017505   library hold time
                                             -0.017505   data required time
---------------------------------------------------------------------------------------------
                                             -0.017505   data required time
                                             -0.244330   data arrival time
---------------------------------------------------------------------------------------------
                                              0.261834   slack (MET)


Startpoint: _692_ (rising edge-triggered flip-flop clocked by wclk)
Endpoint: _692_ (rising edge-triggered flip-flop clocked by wclk)
Path Group: wclk
Path Type: min

Fanout         Cap        Slew       Delay        Time   Description
---------------------------------------------------------------------------------------------
                      0.000000    0.000000    0.000000   clock wclk (rise edge)
                                  0.000000    0.000000   clock network delay (ideal)
                      0.000000    0.000000    0.000000 ^ _692_/CLK (sky130_fd_sc_hd__dfxtp_2)
     2    0.003542    0.024779    0.180252    0.180252 ^ _692_/Q (sky130_fd_sc_hd__dfxtp_2)
                                                         bram.mem[2][2] (net)
                      0.024779    0.000000    0.180252 ^ _518_/A0 (sky130_fd_sc_hd__mux2_1)
     1    0.001748    0.023471    0.064078    0.244330 ^ _518_/X (sky130_fd_sc_hd__mux2_1)
                                                         _130_ (net)
                      0.023471    0.000000    0.244330 ^ _692_/D (sky130_fd_sc_hd__dfxtp_2)
                                              0.244330   data arrival time

                      0.000000    0.000000    0.000000   clock wclk (rise edge)
                                  0.000000    0.000000   clock network delay (ideal)
                                  0.000000    0.000000   clock reconvergence pessimism
                                              0.000000 ^ _692_/CLK (sky130_fd_sc_hd__dfxtp_2)
                                 -0.017505   -0.017505   library hold time
                                             -0.017505   data required time
---------------------------------------------------------------------------------------------
                                             -0.017505   data required time
                                             -0.244330   data arrival time
---------------------------------------------------------------------------------------------
                                              0.261834   slack (MET)


Startpoint: _693_ (rising edge-triggered flip-flop clocked by wclk)
Endpoint: _693_ (rising edge-triggered flip-flop clocked by wclk)
Path Group: wclk
Path Type: min

Fanout         Cap        Slew       Delay        Time   Description
---------------------------------------------------------------------------------------------
                      0.000000    0.000000    0.000000   clock wclk (rise edge)
                                  0.000000    0.000000   clock network delay (ideal)
                      0.000000    0.000000    0.000000 ^ _693_/CLK (sky130_fd_sc_hd__dfxtp_2)
     2    0.003542    0.024779    0.180252    0.180252 ^ _693_/Q (sky130_fd_sc_hd__dfxtp_2)
                                                         bram.mem[2][3] (net)
                      0.024779    0.000000    0.180252 ^ _519_/A0 (sky130_fd_sc_hd__mux2_1)
     1    0.001748    0.023471    0.064078    0.244330 ^ _519_/X (sky130_fd_sc_hd__mux2_1)
                                                         _131_ (net)
                      0.023471    0.000000    0.244330 ^ _693_/D (sky130_fd_sc_hd__dfxtp_2)
                                              0.244330   data arrival time

                      0.000000    0.000000    0.000000   clock wclk (rise edge)
                                  0.000000    0.000000   clock network delay (ideal)
                                  0.000000    0.000000   clock reconvergence pessimism
                                              0.000000 ^ _693_/CLK (sky130_fd_sc_hd__dfxtp_2)
                                 -0.017505   -0.017505   library hold time
                                             -0.017505   data required time
---------------------------------------------------------------------------------------------
                                             -0.017505   data required time
                                             -0.244330   data arrival time
---------------------------------------------------------------------------------------------
                                              0.261834   slack (MET)


Startpoint: _694_ (rising edge-triggered flip-flop clocked by wclk)
Endpoint: _694_ (rising edge-triggered flip-flop clocked by wclk)
Path Group: wclk
Path Type: min

Fanout         Cap        Slew       Delay        Time   Description
---------------------------------------------------------------------------------------------
                      0.000000    0.000000    0.000000   clock wclk (rise edge)
                                  0.000000    0.000000   clock network delay (ideal)
                      0.000000    0.000000    0.000000 ^ _694_/CLK (sky130_fd_sc_hd__dfxtp_2)
     2    0.003542    0.024779    0.180252    0.180252 ^ _694_/Q (sky130_fd_sc_hd__dfxtp_2)
                                                         bram.mem[2][4] (net)
                      0.024779    0.000000    0.180252 ^ _520_/A0 (sky130_fd_sc_hd__mux2_1)
     1    0.001748    0.023471    0.064078    0.244330 ^ _520_/X (sky130_fd_sc_hd__mux2_1)
                                                         _132_ (net)
                      0.023471    0.000000    0.244330 ^ _694_/D (sky130_fd_sc_hd__dfxtp_2)
                                              0.244330   data arrival time

                      0.000000    0.000000    0.000000   clock wclk (rise edge)
                                  0.000000    0.000000   clock network delay (ideal)
                                  0.000000    0.000000   clock reconvergence pessimism
                                              0.000000 ^ _694_/CLK (sky130_fd_sc_hd__dfxtp_2)
                                 -0.017505   -0.017505   library hold time
                                             -0.017505   data required time
---------------------------------------------------------------------------------------------
                                             -0.017505   data required time
                                             -0.244330   data arrival time
---------------------------------------------------------------------------------------------
                                              0.261834   slack (MET)


Startpoint: _695_ (rising edge-triggered flip-flop clocked by wclk)
Endpoint: _695_ (rising edge-triggered flip-flop clocked by wclk)
Path Group: wclk
Path Type: min

Fanout         Cap        Slew       Delay        Time   Description
---------------------------------------------------------------------------------------------
                      0.000000    0.000000    0.000000   clock wclk (rise edge)
                                  0.000000    0.000000   clock network delay (ideal)
                      0.000000    0.000000    0.000000 ^ _695_/CLK (sky130_fd_sc_hd__dfxtp_2)
     2    0.003542    0.024779    0.180252    0.180252 ^ _695_/Q (sky130_fd_sc_hd__dfxtp_2)
                                                         bram.mem[2][5] (net)
                      0.024779    0.000000    0.180252 ^ _521_/A0 (sky130_fd_sc_hd__mux2_1)
     1    0.001748    0.023471    0.064078    0.244330 ^ _521_/X (sky130_fd_sc_hd__mux2_1)
                                                         _133_ (net)
                      0.023471    0.000000    0.244330 ^ _695_/D (sky130_fd_sc_hd__dfxtp_2)
                                              0.244330   data arrival time

                      0.000000    0.000000    0.000000   clock wclk (rise edge)
                                  0.000000    0.000000   clock network delay (ideal)
                                  0.000000    0.000000   clock reconvergence pessimism
                                              0.000000 ^ _695_/CLK (sky130_fd_sc_hd__dfxtp_2)
                                 -0.017505   -0.017505   library hold time
                                             -0.017505   data required time
---------------------------------------------------------------------------------------------
                                             -0.017505   data required time
                                             -0.244330   data arrival time
---------------------------------------------------------------------------------------------
                                              0.261834   slack (MET)


Startpoint: _696_ (rising edge-triggered flip-flop clocked by wclk)
Endpoint: _696_ (rising edge-triggered flip-flop clocked by wclk)
Path Group: wclk
Path Type: min

Fanout         Cap        Slew       Delay        Time   Description
---------------------------------------------------------------------------------------------
                      0.000000    0.000000    0.000000   clock wclk (rise edge)
                                  0.000000    0.000000   clock network delay (ideal)
                      0.000000    0.000000    0.000000 ^ _696_/CLK (sky130_fd_sc_hd__dfxtp_2)
     2    0.003542    0.024779    0.180252    0.180252 ^ _696_/Q (sky130_fd_sc_hd__dfxtp_2)
                                                         bram.mem[2][6] (net)
                      0.024779    0.000000    0.180252 ^ _522_/A0 (sky130_fd_sc_hd__mux2_1)
     1    0.001748    0.023471    0.064078    0.244330 ^ _522_/X (sky130_fd_sc_hd__mux2_1)
                                                         _134_ (net)
                      0.023471    0.000000    0.244330 ^ _696_/D (sky130_fd_sc_hd__dfxtp_2)
                                              0.244330   data arrival time

                      0.000000    0.000000    0.000000   clock wclk (rise edge)
                                  0.000000    0.000000   clock network delay (ideal)
                                  0.000000    0.000000   clock reconvergence pessimism
                                              0.000000 ^ _696_/CLK (sky130_fd_sc_hd__dfxtp_2)
                                 -0.017505   -0.017505   library hold time
                                             -0.017505   data required time
---------------------------------------------------------------------------------------------
                                             -0.017505   data required time
                                             -0.244330   data arrival time
---------------------------------------------------------------------------------------------
                                              0.261834   slack (MET)


Startpoint: _697_ (rising edge-triggered flip-flop clocked by wclk)
Endpoint: _697_ (rising edge-triggered flip-flop clocked by wclk)
Path Group: wclk
Path Type: min

Fanout         Cap        Slew       Delay        Time   Description
---------------------------------------------------------------------------------------------
                      0.000000    0.000000    0.000000   clock wclk (rise edge)
                                  0.000000    0.000000   clock network delay (ideal)
                      0.000000    0.000000    0.000000 ^ _697_/CLK (sky130_fd_sc_hd__dfxtp_2)
     2    0.003542    0.024779    0.180252    0.180252 ^ _697_/Q (sky130_fd_sc_hd__dfxtp_2)
                                                         bram.mem[2][7] (net)
                      0.024779    0.000000    0.180252 ^ _523_/A0 (sky130_fd_sc_hd__mux2_1)
     1    0.001748    0.023471    0.064078    0.244330 ^ _523_/X (sky130_fd_sc_hd__mux2_1)
                                                         _135_ (net)
                      0.023471    0.000000    0.244330 ^ _697_/D (sky130_fd_sc_hd__dfxtp_2)
                                              0.244330   data arrival time

                      0.000000    0.000000    0.000000   clock wclk (rise edge)
                                  0.000000    0.000000   clock network delay (ideal)
                                  0.000000    0.000000   clock reconvergence pessimism
                                              0.000000 ^ _697_/CLK (sky130_fd_sc_hd__dfxtp_2)
                                 -0.017505   -0.017505   library hold time
                                             -0.017505   data required time
---------------------------------------------------------------------------------------------
                                             -0.017505   data required time
                                             -0.244330   data arrival time
---------------------------------------------------------------------------------------------
                                              0.261834   slack (MET)


Startpoint: _576_ (rising edge-triggered flip-flop clocked by wclk)
Endpoint: _576_ (rising edge-triggered flip-flop clocked by wclk)
Path Group: wclk
Path Type: min

Fanout         Cap        Slew       Delay        Time   Description
---------------------------------------------------------------------------------------------
                      0.000000    0.000000    0.000000   clock wclk (rise edge)
                                  0.000000    0.000000   clock network delay (ideal)
                      0.000000    0.000000    0.000000 ^ _576_/CLK (sky130_fd_sc_hd__dfxtp_2)
     2    0.003644    0.025100    0.180579    0.180579 ^ _576_/Q (sky130_fd_sc_hd__dfxtp_2)
                                                         bram.mem[12][0] (net)
                      0.025100    0.000000    0.180579 ^ _407_/A0 (sky130_fd_sc_hd__mux2_1)
     1    0.001748    0.023470    0.064168    0.244747 ^ _407_/X (sky130_fd_sc_hd__mux2_1)
                                                         _032_ (net)
                      0.023470    0.000000    0.244747 ^ _576_/D (sky130_fd_sc_hd__dfxtp_2)
                                              0.244747   data arrival time

                      0.000000    0.000000    0.000000   clock wclk (rise edge)
                                  0.000000    0.000000   clock network delay (ideal)
                                  0.000000    0.000000   clock reconvergence pessimism
                                              0.000000 ^ _576_/CLK (sky130_fd_sc_hd__dfxtp_2)
                                 -0.017505   -0.017505   library hold time
                                             -0.017505   data required time
---------------------------------------------------------------------------------------------
                                             -0.017505   data required time
                                             -0.244747   data arrival time
---------------------------------------------------------------------------------------------
                                              0.262252   slack (MET)


Startpoint: _577_ (rising edge-triggered flip-flop clocked by wclk)
Endpoint: _577_ (rising edge-triggered flip-flop clocked by wclk)
Path Group: wclk
Path Type: min

Fanout         Cap        Slew       Delay        Time   Description
---------------------------------------------------------------------------------------------
                      0.000000    0.000000    0.000000   clock wclk (rise edge)
                                  0.000000    0.000000   clock network delay (ideal)
                      0.000000    0.000000    0.000000 ^ _577_/CLK (sky130_fd_sc_hd__dfxtp_2)
     2    0.003644    0.025100    0.180579    0.180579 ^ _577_/Q (sky130_fd_sc_hd__dfxtp_2)
                                                         bram.mem[12][1] (net)
                      0.025100    0.000000    0.180579 ^ _408_/A0 (sky130_fd_sc_hd__mux2_1)
     1    0.001748    0.023470    0.064168    0.244747 ^ _408_/X (sky130_fd_sc_hd__mux2_1)
                                                         _033_ (net)
                      0.023470    0.000000    0.244747 ^ _577_/D (sky130_fd_sc_hd__dfxtp_2)
                                              0.244747   data arrival time

                      0.000000    0.000000    0.000000   clock wclk (rise edge)
                                  0.000000    0.000000   clock network delay (ideal)
                                  0.000000    0.000000   clock reconvergence pessimism
                                              0.000000 ^ _577_/CLK (sky130_fd_sc_hd__dfxtp_2)
                                 -0.017505   -0.017505   library hold time
                                             -0.017505   data required time
---------------------------------------------------------------------------------------------
                                             -0.017505   data required time
                                             -0.244747   data arrival time
---------------------------------------------------------------------------------------------
                                              0.262252   slack (MET)


Startpoint: _578_ (rising edge-triggered flip-flop clocked by wclk)
Endpoint: _578_ (rising edge-triggered flip-flop clocked by wclk)
Path Group: wclk
Path Type: min

Fanout         Cap        Slew       Delay        Time   Description
---------------------------------------------------------------------------------------------
                      0.000000    0.000000    0.000000   clock wclk (rise edge)
                                  0.000000    0.000000   clock network delay (ideal)
                      0.000000    0.000000    0.000000 ^ _578_/CLK (sky130_fd_sc_hd__dfxtp_2)
     2    0.003644    0.025100    0.180579    0.180579 ^ _578_/Q (sky130_fd_sc_hd__dfxtp_2)
                                                         bram.mem[12][2] (net)
                      0.025100    0.000000    0.180579 ^ _409_/A0 (sky130_fd_sc_hd__mux2_1)
     1    0.001748    0.023470    0.064168    0.244747 ^ _409_/X (sky130_fd_sc_hd__mux2_1)
                                                         _034_ (net)
                      0.023470    0.000000    0.244747 ^ _578_/D (sky130_fd_sc_hd__dfxtp_2)
                                              0.244747   data arrival time

                      0.000000    0.000000    0.000000   clock wclk (rise edge)
                                  0.000000    0.000000   clock network delay (ideal)
                                  0.000000    0.000000   clock reconvergence pessimism
                                              0.000000 ^ _578_/CLK (sky130_fd_sc_hd__dfxtp_2)
                                 -0.017505   -0.017505   library hold time
                                             -0.017505   data required time
---------------------------------------------------------------------------------------------
                                             -0.017505   data required time
                                             -0.244747   data arrival time
---------------------------------------------------------------------------------------------
                                              0.262252   slack (MET)


Startpoint: _579_ (rising edge-triggered flip-flop clocked by wclk)
Endpoint: _579_ (rising edge-triggered flip-flop clocked by wclk)
Path Group: wclk
Path Type: min

Fanout         Cap        Slew       Delay        Time   Description
---------------------------------------------------------------------------------------------
                      0.000000    0.000000    0.000000   clock wclk (rise edge)
                                  0.000000    0.000000   clock network delay (ideal)
                      0.000000    0.000000    0.000000 ^ _579_/CLK (sky130_fd_sc_hd__dfxtp_2)
     2    0.003644    0.025100    0.180579    0.180579 ^ _579_/Q (sky130_fd_sc_hd__dfxtp_2)
                                                         bram.mem[12][3] (net)
                      0.025100    0.000000    0.180579 ^ _410_/A0 (sky130_fd_sc_hd__mux2_1)
     1    0.001748    0.023470    0.064168    0.244747 ^ _410_/X (sky130_fd_sc_hd__mux2_1)
                                                         _035_ (net)
                      0.023470    0.000000    0.244747 ^ _579_/D (sky130_fd_sc_hd__dfxtp_2)
                                              0.244747   data arrival time

                      0.000000    0.000000    0.000000   clock wclk (rise edge)
                                  0.000000    0.000000   clock network delay (ideal)
                                  0.000000    0.000000   clock reconvergence pessimism
                                              0.000000 ^ _579_/CLK (sky130_fd_sc_hd__dfxtp_2)
                                 -0.017505   -0.017505   library hold time
                                             -0.017505   data required time
---------------------------------------------------------------------------------------------
                                             -0.017505   data required time
                                             -0.244747   data arrival time
---------------------------------------------------------------------------------------------
                                              0.262252   slack (MET)


Startpoint: _580_ (rising edge-triggered flip-flop clocked by wclk)
Endpoint: _580_ (rising edge-triggered flip-flop clocked by wclk)
Path Group: wclk
Path Type: min

Fanout         Cap        Slew       Delay        Time   Description
---------------------------------------------------------------------------------------------
                      0.000000    0.000000    0.000000   clock wclk (rise edge)
                                  0.000000    0.000000   clock network delay (ideal)
                      0.000000    0.000000    0.000000 ^ _580_/CLK (sky130_fd_sc_hd__dfxtp_2)
     2    0.003644    0.025100    0.180579    0.180579 ^ _580_/Q (sky130_fd_sc_hd__dfxtp_2)
                                                         bram.mem[12][4] (net)
                      0.025100    0.000000    0.180579 ^ _411_/A0 (sky130_fd_sc_hd__mux2_1)
     1    0.001748    0.023470    0.064168    0.244747 ^ _411_/X (sky130_fd_sc_hd__mux2_1)
                                                         _036_ (net)
                      0.023470    0.000000    0.244747 ^ _580_/D (sky130_fd_sc_hd__dfxtp_2)
                                              0.244747   data arrival time

                      0.000000    0.000000    0.000000   clock wclk (rise edge)
                                  0.000000    0.000000   clock network delay (ideal)
                                  0.000000    0.000000   clock reconvergence pessimism
                                              0.000000 ^ _580_/CLK (sky130_fd_sc_hd__dfxtp_2)
                                 -0.017505   -0.017505   library hold time
                                             -0.017505   data required time
---------------------------------------------------------------------------------------------
                                             -0.017505   data required time
                                             -0.244747   data arrival time
---------------------------------------------------------------------------------------------
                                              0.262252   slack (MET)


Startpoint: _581_ (rising edge-triggered flip-flop clocked by wclk)
Endpoint: _581_ (rising edge-triggered flip-flop clocked by wclk)
Path Group: wclk
Path Type: min

Fanout         Cap        Slew       Delay        Time   Description
---------------------------------------------------------------------------------------------
                      0.000000    0.000000    0.000000   clock wclk (rise edge)
                                  0.000000    0.000000   clock network delay (ideal)
                      0.000000    0.000000    0.000000 ^ _581_/CLK (sky130_fd_sc_hd__dfxtp_2)
     2    0.003644    0.025100    0.180579    0.180579 ^ _581_/Q (sky130_fd_sc_hd__dfxtp_2)
                                                         bram.mem[12][5] (net)
                      0.025100    0.000000    0.180579 ^ _412_/A0 (sky130_fd_sc_hd__mux2_1)
     1    0.001748    0.023470    0.064168    0.244747 ^ _412_/X (sky130_fd_sc_hd__mux2_1)
                                                         _037_ (net)
                      0.023470    0.000000    0.244747 ^ _581_/D (sky130_fd_sc_hd__dfxtp_2)
                                              0.244747   data arrival time

                      0.000000    0.000000    0.000000   clock wclk (rise edge)
                                  0.000000    0.000000   clock network delay (ideal)
                                  0.000000    0.000000   clock reconvergence pessimism
                                              0.000000 ^ _581_/CLK (sky130_fd_sc_hd__dfxtp_2)
                                 -0.017505   -0.017505   library hold time
                                             -0.017505   data required time
---------------------------------------------------------------------------------------------
                                             -0.017505   data required time
                                             -0.244747   data arrival time
---------------------------------------------------------------------------------------------
                                              0.262252   slack (MET)


Startpoint: _582_ (rising edge-triggered flip-flop clocked by wclk)
Endpoint: _582_ (rising edge-triggered flip-flop clocked by wclk)
Path Group: wclk
Path Type: min

Fanout         Cap        Slew       Delay        Time   Description
---------------------------------------------------------------------------------------------
                      0.000000    0.000000    0.000000   clock wclk (rise edge)
                                  0.000000    0.000000   clock network delay (ideal)
                      0.000000    0.000000    0.000000 ^ _582_/CLK (sky130_fd_sc_hd__dfxtp_2)
     2    0.003644    0.025100    0.180579    0.180579 ^ _582_/Q (sky130_fd_sc_hd__dfxtp_2)
                                                         bram.mem[12][6] (net)
                      0.025100    0.000000    0.180579 ^ _413_/A0 (sky130_fd_sc_hd__mux2_1)
     1    0.001748    0.023470    0.064168    0.244747 ^ _413_/X (sky130_fd_sc_hd__mux2_1)
                                                         _038_ (net)
                      0.023470    0.000000    0.244747 ^ _582_/D (sky130_fd_sc_hd__dfxtp_2)
                                              0.244747   data arrival time

                      0.000000    0.000000    0.000000   clock wclk (rise edge)
                                  0.000000    0.000000   clock network delay (ideal)
                                  0.000000    0.000000   clock reconvergence pessimism
                                              0.000000 ^ _582_/CLK (sky130_fd_sc_hd__dfxtp_2)
                                 -0.017505   -0.017505   library hold time
                                             -0.017505   data required time
---------------------------------------------------------------------------------------------
                                             -0.017505   data required time
                                             -0.244747   data arrival time
---------------------------------------------------------------------------------------------
                                              0.262252   slack (MET)


Startpoint: _583_ (rising edge-triggered flip-flop clocked by wclk)
Endpoint: _583_ (rising edge-triggered flip-flop clocked by wclk)
Path Group: wclk
Path Type: min

Fanout         Cap        Slew       Delay        Time   Description
---------------------------------------------------------------------------------------------
                      0.000000    0.000000    0.000000   clock wclk (rise edge)
                                  0.000000    0.000000   clock network delay (ideal)
                      0.000000    0.000000    0.000000 ^ _583_/CLK (sky130_fd_sc_hd__dfxtp_2)
     2    0.003644    0.025100    0.180579    0.180579 ^ _583_/Q (sky130_fd_sc_hd__dfxtp_2)
                                                         bram.mem[12][7] (net)
                      0.025100    0.000000    0.180579 ^ _414_/A0 (sky130_fd_sc_hd__mux2_1)
     1    0.001748    0.023470    0.064168    0.244747 ^ _414_/X (sky130_fd_sc_hd__mux2_1)
                                                         _039_ (net)
                      0.023470    0.000000    0.244747 ^ _583_/D (sky130_fd_sc_hd__dfxtp_2)
                                              0.244747   data arrival time

                      0.000000    0.000000    0.000000   clock wclk (rise edge)
                                  0.000000    0.000000   clock network delay (ideal)
                                  0.000000    0.000000   clock reconvergence pessimism
                                              0.000000 ^ _583_/CLK (sky130_fd_sc_hd__dfxtp_2)
                                 -0.017505   -0.017505   library hold time
                                             -0.017505   data required time
---------------------------------------------------------------------------------------------
                                             -0.017505   data required time
                                             -0.244747   data arrival time
---------------------------------------------------------------------------------------------
                                              0.262252   slack (MET)


Startpoint: _608_ (rising edge-triggered flip-flop clocked by wclk)
Endpoint: _608_ (rising edge-triggered flip-flop clocked by wclk)
Path Group: wclk
Path Type: min

Fanout         Cap        Slew       Delay        Time   Description
---------------------------------------------------------------------------------------------
                      0.000000    0.000000    0.000000   clock wclk (rise edge)
                                  0.000000    0.000000   clock network delay (ideal)
                      0.000000    0.000000    0.000000 ^ _608_/CLK (sky130_fd_sc_hd__dfxtp_2)
     2    0.003644    0.025100    0.180579    0.180579 ^ _608_/Q (sky130_fd_sc_hd__dfxtp_2)
                                                         bram.mem[8][0] (net)
                      0.025100    0.000000    0.180579 ^ _444_/A0 (sky130_fd_sc_hd__mux2_1)
     1    0.001748    0.023470    0.064168    0.244747 ^ _444_/X (sky130_fd_sc_hd__mux2_1)
                                                         _064_ (net)
                      0.023470    0.000000    0.244747 ^ _608_/D (sky130_fd_sc_hd__dfxtp_2)
                                              0.244747   data arrival time

                      0.000000    0.000000    0.000000   clock wclk (rise edge)
                                  0.000000    0.000000   clock network delay (ideal)
                                  0.000000    0.000000   clock reconvergence pessimism
                                              0.000000 ^ _608_/CLK (sky130_fd_sc_hd__dfxtp_2)
                                 -0.017505   -0.017505   library hold time
                                             -0.017505   data required time
---------------------------------------------------------------------------------------------
                                             -0.017505   data required time
                                             -0.244747   data arrival time
---------------------------------------------------------------------------------------------
                                              0.262252   slack (MET)


Startpoint: _609_ (rising edge-triggered flip-flop clocked by wclk)
Endpoint: _609_ (rising edge-triggered flip-flop clocked by wclk)
Path Group: wclk
Path Type: min

Fanout         Cap        Slew       Delay        Time   Description
---------------------------------------------------------------------------------------------
                      0.000000    0.000000    0.000000   clock wclk (rise edge)
                                  0.000000    0.000000   clock network delay (ideal)
                      0.000000    0.000000    0.000000 ^ _609_/CLK (sky130_fd_sc_hd__dfxtp_2)
     2    0.003644    0.025100    0.180579    0.180579 ^ _609_/Q (sky130_fd_sc_hd__dfxtp_2)
                                                         bram.mem[8][1] (net)
                      0.025100    0.000000    0.180579 ^ _445_/A0 (sky130_fd_sc_hd__mux2_1)
     1    0.001748    0.023470    0.064168    0.244747 ^ _445_/X (sky130_fd_sc_hd__mux2_1)
                                                         _065_ (net)
                      0.023470    0.000000    0.244747 ^ _609_/D (sky130_fd_sc_hd__dfxtp_2)
                                              0.244747   data arrival time

                      0.000000    0.000000    0.000000   clock wclk (rise edge)
                                  0.000000    0.000000   clock network delay (ideal)
                                  0.000000    0.000000   clock reconvergence pessimism
                                              0.000000 ^ _609_/CLK (sky130_fd_sc_hd__dfxtp_2)
                                 -0.017505   -0.017505   library hold time
                                             -0.017505   data required time
---------------------------------------------------------------------------------------------
                                             -0.017505   data required time
                                             -0.244747   data arrival time
---------------------------------------------------------------------------------------------
                                              0.262252   slack (MET)


Startpoint: _610_ (rising edge-triggered flip-flop clocked by wclk)
Endpoint: _610_ (rising edge-triggered flip-flop clocked by wclk)
Path Group: wclk
Path Type: min

Fanout         Cap        Slew       Delay        Time   Description
---------------------------------------------------------------------------------------------
                      0.000000    0.000000    0.000000   clock wclk (rise edge)
                                  0.000000    0.000000   clock network delay (ideal)
                      0.000000    0.000000    0.000000 ^ _610_/CLK (sky130_fd_sc_hd__dfxtp_2)
     2    0.003644    0.025100    0.180579    0.180579 ^ _610_/Q (sky130_fd_sc_hd__dfxtp_2)
                                                         bram.mem[8][2] (net)
                      0.025100    0.000000    0.180579 ^ _446_/A0 (sky130_fd_sc_hd__mux2_1)
     1    0.001748    0.023470    0.064168    0.244747 ^ _446_/X (sky130_fd_sc_hd__mux2_1)
                                                         _066_ (net)
                      0.023470    0.000000    0.244747 ^ _610_/D (sky130_fd_sc_hd__dfxtp_2)
                                              0.244747   data arrival time

                      0.000000    0.000000    0.000000   clock wclk (rise edge)
                                  0.000000    0.000000   clock network delay (ideal)
                                  0.000000    0.000000   clock reconvergence pessimism
                                              0.000000 ^ _610_/CLK (sky130_fd_sc_hd__dfxtp_2)
                                 -0.017505   -0.017505   library hold time
                                             -0.017505   data required time
---------------------------------------------------------------------------------------------
                                             -0.017505   data required time
                                             -0.244747   data arrival time
---------------------------------------------------------------------------------------------
                                              0.262252   slack (MET)


Startpoint: _611_ (rising edge-triggered flip-flop clocked by wclk)
Endpoint: _611_ (rising edge-triggered flip-flop clocked by wclk)
Path Group: wclk
Path Type: min

Fanout         Cap        Slew       Delay        Time   Description
---------------------------------------------------------------------------------------------
                      0.000000    0.000000    0.000000   clock wclk (rise edge)
                                  0.000000    0.000000   clock network delay (ideal)
                      0.000000    0.000000    0.000000 ^ _611_/CLK (sky130_fd_sc_hd__dfxtp_2)
     2    0.003644    0.025100    0.180579    0.180579 ^ _611_/Q (sky130_fd_sc_hd__dfxtp_2)
                                                         bram.mem[8][3] (net)
                      0.025100    0.000000    0.180579 ^ _447_/A0 (sky130_fd_sc_hd__mux2_1)
     1    0.001748    0.023470    0.064168    0.244747 ^ _447_/X (sky130_fd_sc_hd__mux2_1)
                                                         _067_ (net)
                      0.023470    0.000000    0.244747 ^ _611_/D (sky130_fd_sc_hd__dfxtp_2)
                                              0.244747   data arrival time

                      0.000000    0.000000    0.000000   clock wclk (rise edge)
                                  0.000000    0.000000   clock network delay (ideal)
                                  0.000000    0.000000   clock reconvergence pessimism
                                              0.000000 ^ _611_/CLK (sky130_fd_sc_hd__dfxtp_2)
                                 -0.017505   -0.017505   library hold time
                                             -0.017505   data required time
---------------------------------------------------------------------------------------------
                                             -0.017505   data required time
                                             -0.244747   data arrival time
---------------------------------------------------------------------------------------------
                                              0.262252   slack (MET)


Startpoint: _612_ (rising edge-triggered flip-flop clocked by wclk)
Endpoint: _612_ (rising edge-triggered flip-flop clocked by wclk)
Path Group: wclk
Path Type: min

Fanout         Cap        Slew       Delay        Time   Description
---------------------------------------------------------------------------------------------
                      0.000000    0.000000    0.000000   clock wclk (rise edge)
                                  0.000000    0.000000   clock network delay (ideal)
                      0.000000    0.000000    0.000000 ^ _612_/CLK (sky130_fd_sc_hd__dfxtp_2)
     2    0.003644    0.025100    0.180579    0.180579 ^ _612_/Q (sky130_fd_sc_hd__dfxtp_2)
                                                         bram.mem[8][4] (net)
                      0.025100    0.000000    0.180579 ^ _448_/A0 (sky130_fd_sc_hd__mux2_1)
     1    0.001748    0.023470    0.064168    0.244747 ^ _448_/X (sky130_fd_sc_hd__mux2_1)
                                                         _068_ (net)
                      0.023470    0.000000    0.244747 ^ _612_/D (sky130_fd_sc_hd__dfxtp_2)
                                              0.244747   data arrival time

                      0.000000    0.000000    0.000000   clock wclk (rise edge)
                                  0.000000    0.000000   clock network delay (ideal)
                                  0.000000    0.000000   clock reconvergence pessimism
                                              0.000000 ^ _612_/CLK (sky130_fd_sc_hd__dfxtp_2)
                                 -0.017505   -0.017505   library hold time
                                             -0.017505   data required time
---------------------------------------------------------------------------------------------
                                             -0.017505   data required time
                                             -0.244747   data arrival time
---------------------------------------------------------------------------------------------
                                              0.262252   slack (MET)


Startpoint: _613_ (rising edge-triggered flip-flop clocked by wclk)
Endpoint: _613_ (rising edge-triggered flip-flop clocked by wclk)
Path Group: wclk
Path Type: min

Fanout         Cap        Slew       Delay        Time   Description
---------------------------------------------------------------------------------------------
                      0.000000    0.000000    0.000000   clock wclk (rise edge)
                                  0.000000    0.000000   clock network delay (ideal)
                      0.000000    0.000000    0.000000 ^ _613_/CLK (sky130_fd_sc_hd__dfxtp_2)
     2    0.003644    0.025100    0.180579    0.180579 ^ _613_/Q (sky130_fd_sc_hd__dfxtp_2)
                                                         bram.mem[8][5] (net)
                      0.025100    0.000000    0.180579 ^ _449_/A0 (sky130_fd_sc_hd__mux2_1)
     1    0.001748    0.023470    0.064168    0.244747 ^ _449_/X (sky130_fd_sc_hd__mux2_1)
                                                         _069_ (net)
                      0.023470    0.000000    0.244747 ^ _613_/D (sky130_fd_sc_hd__dfxtp_2)
                                              0.244747   data arrival time

                      0.000000    0.000000    0.000000   clock wclk (rise edge)
                                  0.000000    0.000000   clock network delay (ideal)
                                  0.000000    0.000000   clock reconvergence pessimism
                                              0.000000 ^ _613_/CLK (sky130_fd_sc_hd__dfxtp_2)
                                 -0.017505   -0.017505   library hold time
                                             -0.017505   data required time
---------------------------------------------------------------------------------------------
                                             -0.017505   data required time
                                             -0.244747   data arrival time
---------------------------------------------------------------------------------------------
                                              0.262252   slack (MET)


Startpoint: _614_ (rising edge-triggered flip-flop clocked by wclk)
Endpoint: _614_ (rising edge-triggered flip-flop clocked by wclk)
Path Group: wclk
Path Type: min

Fanout         Cap        Slew       Delay        Time   Description
---------------------------------------------------------------------------------------------
                      0.000000    0.000000    0.000000   clock wclk (rise edge)
                                  0.000000    0.000000   clock network delay (ideal)
                      0.000000    0.000000    0.000000 ^ _614_/CLK (sky130_fd_sc_hd__dfxtp_2)
     2    0.003644    0.025100    0.180579    0.180579 ^ _614_/Q (sky130_fd_sc_hd__dfxtp_2)
                                                         bram.mem[8][6] (net)
                      0.025100    0.000000    0.180579 ^ _450_/A0 (sky130_fd_sc_hd__mux2_1)
     1    0.001748    0.023470    0.064168    0.244747 ^ _450_/X (sky130_fd_sc_hd__mux2_1)
                                                         _070_ (net)
                      0.023470    0.000000    0.244747 ^ _614_/D (sky130_fd_sc_hd__dfxtp_2)
                                              0.244747   data arrival time

                      0.000000    0.000000    0.000000   clock wclk (rise edge)
                                  0.000000    0.000000   clock network delay (ideal)
                                  0.000000    0.000000   clock reconvergence pessimism
                                              0.000000 ^ _614_/CLK (sky130_fd_sc_hd__dfxtp_2)
                                 -0.017505   -0.017505   library hold time
                                             -0.017505   data required time
---------------------------------------------------------------------------------------------
                                             -0.017505   data required time
                                             -0.244747   data arrival time
---------------------------------------------------------------------------------------------
                                              0.262252   slack (MET)


Startpoint: _615_ (rising edge-triggered flip-flop clocked by wclk)
Endpoint: _615_ (rising edge-triggered flip-flop clocked by wclk)
Path Group: wclk
Path Type: min

Fanout         Cap        Slew       Delay        Time   Description
---------------------------------------------------------------------------------------------
                      0.000000    0.000000    0.000000   clock wclk (rise edge)
                                  0.000000    0.000000   clock network delay (ideal)
                      0.000000    0.000000    0.000000 ^ _615_/CLK (sky130_fd_sc_hd__dfxtp_2)
     2    0.003644    0.025100    0.180579    0.180579 ^ _615_/Q (sky130_fd_sc_hd__dfxtp_2)
                                                         bram.mem[8][7] (net)
                      0.025100    0.000000    0.180579 ^ _451_/A0 (sky130_fd_sc_hd__mux2_1)
     1    0.001748    0.023470    0.064168    0.244747 ^ _451_/X (sky130_fd_sc_hd__mux2_1)
                                                         _071_ (net)
                      0.023470    0.000000    0.244747 ^ _615_/D (sky130_fd_sc_hd__dfxtp_2)
                                              0.244747   data arrival time

                      0.000000    0.000000    0.000000   clock wclk (rise edge)
                                  0.000000    0.000000   clock network delay (ideal)
                                  0.000000    0.000000   clock reconvergence pessimism
                                              0.000000 ^ _615_/CLK (sky130_fd_sc_hd__dfxtp_2)
                                 -0.017505   -0.017505   library hold time
                                             -0.017505   data required time
---------------------------------------------------------------------------------------------
                                             -0.017505   data required time
                                             -0.244747   data arrival time
---------------------------------------------------------------------------------------------
                                              0.262252   slack (MET)


Startpoint: _616_ (rising edge-triggered flip-flop clocked by wclk)
Endpoint: _616_ (rising edge-triggered flip-flop clocked by wclk)
Path Group: wclk
Path Type: min

Fanout         Cap        Slew       Delay        Time   Description
---------------------------------------------------------------------------------------------
                      0.000000    0.000000    0.000000   clock wclk (rise edge)
                                  0.000000    0.000000   clock network delay (ideal)
                      0.000000    0.000000    0.000000 ^ _616_/CLK (sky130_fd_sc_hd__dfxtp_2)
     2    0.003644    0.025100    0.180579    0.180579 ^ _616_/Q (sky130_fd_sc_hd__dfxtp_2)
                                                         bram.mem[0][0] (net)
                      0.025100    0.000000    0.180579 ^ _454_/A0 (sky130_fd_sc_hd__mux2_1)
     1    0.001748    0.023470    0.064168    0.244747 ^ _454_/X (sky130_fd_sc_hd__mux2_1)
                                                         _072_ (net)
                      0.023470    0.000000    0.244747 ^ _616_/D (sky130_fd_sc_hd__dfxtp_2)
                                              0.244747   data arrival time

                      0.000000    0.000000    0.000000   clock wclk (rise edge)
                                  0.000000    0.000000   clock network delay (ideal)
                                  0.000000    0.000000   clock reconvergence pessimism
                                              0.000000 ^ _616_/CLK (sky130_fd_sc_hd__dfxtp_2)
                                 -0.017505   -0.017505   library hold time
                                             -0.017505   data required time
---------------------------------------------------------------------------------------------
                                             -0.017505   data required time
                                             -0.244747   data arrival time
---------------------------------------------------------------------------------------------
                                              0.262252   slack (MET)


Startpoint: _617_ (rising edge-triggered flip-flop clocked by wclk)
Endpoint: _617_ (rising edge-triggered flip-flop clocked by wclk)
Path Group: wclk
Path Type: min

Fanout         Cap        Slew       Delay        Time   Description
---------------------------------------------------------------------------------------------
                      0.000000    0.000000    0.000000   clock wclk (rise edge)
                                  0.000000    0.000000   clock network delay (ideal)
                      0.000000    0.000000    0.000000 ^ _617_/CLK (sky130_fd_sc_hd__dfxtp_2)
     2    0.003644    0.025100    0.180579    0.180579 ^ _617_/Q (sky130_fd_sc_hd__dfxtp_2)
                                                         bram.mem[0][1] (net)
                      0.025100    0.000000    0.180579 ^ _455_/A0 (sky130_fd_sc_hd__mux2_1)
     1    0.001748    0.023470    0.064168    0.244747 ^ _455_/X (sky130_fd_sc_hd__mux2_1)
                                                         _073_ (net)
                      0.023470    0.000000    0.244747 ^ _617_/D (sky130_fd_sc_hd__dfxtp_2)
                                              0.244747   data arrival time

                      0.000000    0.000000    0.000000   clock wclk (rise edge)
                                  0.000000    0.000000   clock network delay (ideal)
                                  0.000000    0.000000   clock reconvergence pessimism
                                              0.000000 ^ _617_/CLK (sky130_fd_sc_hd__dfxtp_2)
                                 -0.017505   -0.017505   library hold time
                                             -0.017505   data required time
---------------------------------------------------------------------------------------------
                                             -0.017505   data required time
                                             -0.244747   data arrival time
---------------------------------------------------------------------------------------------
                                              0.262252   slack (MET)


Startpoint: _618_ (rising edge-triggered flip-flop clocked by wclk)
Endpoint: _618_ (rising edge-triggered flip-flop clocked by wclk)
Path Group: wclk
Path Type: min

Fanout         Cap        Slew       Delay        Time   Description
---------------------------------------------------------------------------------------------
                      0.000000    0.000000    0.000000   clock wclk (rise edge)
                                  0.000000    0.000000   clock network delay (ideal)
                      0.000000    0.000000    0.000000 ^ _618_/CLK (sky130_fd_sc_hd__dfxtp_2)
     2    0.003644    0.025100    0.180579    0.180579 ^ _618_/Q (sky130_fd_sc_hd__dfxtp_2)
                                                         bram.mem[0][2] (net)
                      0.025100    0.000000    0.180579 ^ _456_/A0 (sky130_fd_sc_hd__mux2_1)
     1    0.001748    0.023470    0.064168    0.244747 ^ _456_/X (sky130_fd_sc_hd__mux2_1)
                                                         _074_ (net)
                      0.023470    0.000000    0.244747 ^ _618_/D (sky130_fd_sc_hd__dfxtp_2)
                                              0.244747   data arrival time

                      0.000000    0.000000    0.000000   clock wclk (rise edge)
                                  0.000000    0.000000   clock network delay (ideal)
                                  0.000000    0.000000   clock reconvergence pessimism
                                              0.000000 ^ _618_/CLK (sky130_fd_sc_hd__dfxtp_2)
                                 -0.017505   -0.017505   library hold time
                                             -0.017505   data required time
---------------------------------------------------------------------------------------------
                                             -0.017505   data required time
                                             -0.244747   data arrival time
---------------------------------------------------------------------------------------------
                                              0.262252   slack (MET)


Startpoint: _619_ (rising edge-triggered flip-flop clocked by wclk)
Endpoint: _619_ (rising edge-triggered flip-flop clocked by wclk)
Path Group: wclk
Path Type: min

Fanout         Cap        Slew       Delay        Time   Description
---------------------------------------------------------------------------------------------
                      0.000000    0.000000    0.000000   clock wclk (rise edge)
                                  0.000000    0.000000   clock network delay (ideal)
                      0.000000    0.000000    0.000000 ^ _619_/CLK (sky130_fd_sc_hd__dfxtp_2)
     2    0.003644    0.025100    0.180579    0.180579 ^ _619_/Q (sky130_fd_sc_hd__dfxtp_2)
                                                         bram.mem[0][3] (net)
                      0.025100    0.000000    0.180579 ^ _457_/A0 (sky130_fd_sc_hd__mux2_1)
     1    0.001748    0.023470    0.064168    0.244747 ^ _457_/X (sky130_fd_sc_hd__mux2_1)
                                                         _075_ (net)
                      0.023470    0.000000    0.244747 ^ _619_/D (sky130_fd_sc_hd__dfxtp_2)
                                              0.244747   data arrival time

                      0.000000    0.000000    0.000000   clock wclk (rise edge)
                                  0.000000    0.000000   clock network delay (ideal)
                                  0.000000    0.000000   clock reconvergence pessimism
                                              0.000000 ^ _619_/CLK (sky130_fd_sc_hd__dfxtp_2)
                                 -0.017505   -0.017505   library hold time
                                             -0.017505   data required time
---------------------------------------------------------------------------------------------
                                             -0.017505   data required time
                                             -0.244747   data arrival time
---------------------------------------------------------------------------------------------
                                              0.262252   slack (MET)


Startpoint: _620_ (rising edge-triggered flip-flop clocked by wclk)
Endpoint: _620_ (rising edge-triggered flip-flop clocked by wclk)
Path Group: wclk
Path Type: min

Fanout         Cap        Slew       Delay        Time   Description
---------------------------------------------------------------------------------------------
                      0.000000    0.000000    0.000000   clock wclk (rise edge)
                                  0.000000    0.000000   clock network delay (ideal)
                      0.000000    0.000000    0.000000 ^ _620_/CLK (sky130_fd_sc_hd__dfxtp_2)
     2    0.003644    0.025100    0.180579    0.180579 ^ _620_/Q (sky130_fd_sc_hd__dfxtp_2)
                                                         bram.mem[0][4] (net)
                      0.025100    0.000000    0.180579 ^ _458_/A0 (sky130_fd_sc_hd__mux2_1)
     1    0.001748    0.023470    0.064168    0.244747 ^ _458_/X (sky130_fd_sc_hd__mux2_1)
                                                         _076_ (net)
                      0.023470    0.000000    0.244747 ^ _620_/D (sky130_fd_sc_hd__dfxtp_2)
                                              0.244747   data arrival time

                      0.000000    0.000000    0.000000   clock wclk (rise edge)
                                  0.000000    0.000000   clock network delay (ideal)
                                  0.000000    0.000000   clock reconvergence pessimism
                                              0.000000 ^ _620_/CLK (sky130_fd_sc_hd__dfxtp_2)
                                 -0.017505   -0.017505   library hold time
                                             -0.017505   data required time
---------------------------------------------------------------------------------------------
                                             -0.017505   data required time
                                             -0.244747   data arrival time
---------------------------------------------------------------------------------------------
                                              0.262252   slack (MET)


Startpoint: _621_ (rising edge-triggered flip-flop clocked by wclk)
Endpoint: _621_ (rising edge-triggered flip-flop clocked by wclk)
Path Group: wclk
Path Type: min

Fanout         Cap        Slew       Delay        Time   Description
---------------------------------------------------------------------------------------------
                      0.000000    0.000000    0.000000   clock wclk (rise edge)
                                  0.000000    0.000000   clock network delay (ideal)
                      0.000000    0.000000    0.000000 ^ _621_/CLK (sky130_fd_sc_hd__dfxtp_2)
     2    0.003644    0.025100    0.180579    0.180579 ^ _621_/Q (sky130_fd_sc_hd__dfxtp_2)
                                                         bram.mem[0][5] (net)
                      0.025100    0.000000    0.180579 ^ _459_/A0 (sky130_fd_sc_hd__mux2_1)
     1    0.001748    0.023470    0.064168    0.244747 ^ _459_/X (sky130_fd_sc_hd__mux2_1)
                                                         _077_ (net)
                      0.023470    0.000000    0.244747 ^ _621_/D (sky130_fd_sc_hd__dfxtp_2)
                                              0.244747   data arrival time

                      0.000000    0.000000    0.000000   clock wclk (rise edge)
                                  0.000000    0.000000   clock network delay (ideal)
                                  0.000000    0.000000   clock reconvergence pessimism
                                              0.000000 ^ _621_/CLK (sky130_fd_sc_hd__dfxtp_2)
                                 -0.017505   -0.017505   library hold time
                                             -0.017505   data required time
---------------------------------------------------------------------------------------------
                                             -0.017505   data required time
                                             -0.244747   data arrival time
---------------------------------------------------------------------------------------------
                                              0.262252   slack (MET)


Startpoint: _622_ (rising edge-triggered flip-flop clocked by wclk)
Endpoint: _622_ (rising edge-triggered flip-flop clocked by wclk)
Path Group: wclk
Path Type: min

Fanout         Cap        Slew       Delay        Time   Description
---------------------------------------------------------------------------------------------
                      0.000000    0.000000    0.000000   clock wclk (rise edge)
                                  0.000000    0.000000   clock network delay (ideal)
                      0.000000    0.000000    0.000000 ^ _622_/CLK (sky130_fd_sc_hd__dfxtp_2)
     2    0.003644    0.025100    0.180579    0.180579 ^ _622_/Q (sky130_fd_sc_hd__dfxtp_2)
                                                         bram.mem[0][6] (net)
                      0.025100    0.000000    0.180579 ^ _460_/A0 (sky130_fd_sc_hd__mux2_1)
     1    0.001748    0.023470    0.064168    0.244747 ^ _460_/X (sky130_fd_sc_hd__mux2_1)
                                                         _078_ (net)
                      0.023470    0.000000    0.244747 ^ _622_/D (sky130_fd_sc_hd__dfxtp_2)
                                              0.244747   data arrival time

                      0.000000    0.000000    0.000000   clock wclk (rise edge)
                                  0.000000    0.000000   clock network delay (ideal)
                                  0.000000    0.000000   clock reconvergence pessimism
                                              0.000000 ^ _622_/CLK (sky130_fd_sc_hd__dfxtp_2)
                                 -0.017505   -0.017505   library hold time
                                             -0.017505   data required time
---------------------------------------------------------------------------------------------
                                             -0.017505   data required time
                                             -0.244747   data arrival time
---------------------------------------------------------------------------------------------
                                              0.262252   slack (MET)


Startpoint: _623_ (rising edge-triggered flip-flop clocked by wclk)
Endpoint: _623_ (rising edge-triggered flip-flop clocked by wclk)
Path Group: wclk
Path Type: min

Fanout         Cap        Slew       Delay        Time   Description
---------------------------------------------------------------------------------------------
                      0.000000    0.000000    0.000000   clock wclk (rise edge)
                                  0.000000    0.000000   clock network delay (ideal)
                      0.000000    0.000000    0.000000 ^ _623_/CLK (sky130_fd_sc_hd__dfxtp_2)
     2    0.003644    0.025100    0.180579    0.180579 ^ _623_/Q (sky130_fd_sc_hd__dfxtp_2)
                                                         bram.mem[0][7] (net)
                      0.025100    0.000000    0.180579 ^ _461_/A0 (sky130_fd_sc_hd__mux2_1)
     1    0.001748    0.023470    0.064168    0.244747 ^ _461_/X (sky130_fd_sc_hd__mux2_1)
                                                         _079_ (net)
                      0.023470    0.000000    0.244747 ^ _623_/D (sky130_fd_sc_hd__dfxtp_2)
                                              0.244747   data arrival time

                      0.000000    0.000000    0.000000   clock wclk (rise edge)
                                  0.000000    0.000000   clock network delay (ideal)
                                  0.000000    0.000000   clock reconvergence pessimism
                                              0.000000 ^ _623_/CLK (sky130_fd_sc_hd__dfxtp_2)
                                 -0.017505   -0.017505   library hold time
                                             -0.017505   data required time
---------------------------------------------------------------------------------------------
                                             -0.017505   data required time
                                             -0.244747   data arrival time
---------------------------------------------------------------------------------------------
                                              0.262252   slack (MET)


Startpoint: _666_ (rising edge-triggered flip-flop clocked by wclk)
Endpoint: _666_ (rising edge-triggered flip-flop clocked by wclk)
Path Group: wclk
Path Type: min

Fanout         Cap        Slew       Delay        Time   Description
---------------------------------------------------------------------------------------------
                      0.000000    0.000000    0.000000   clock wclk (rise edge)
                                  0.000000    0.000000   clock network delay (ideal)
                      0.000000    0.000000    0.000000 ^ _666_/CLK (sky130_fd_sc_hd__dfxtp_2)
     2    0.003644    0.025100    0.180579    0.180579 ^ _666_/Q (sky130_fd_sc_hd__dfxtp_2)
                                                         bram.mem[4][0] (net)
                      0.025100    0.000000    0.180579 ^ _490_/A0 (sky130_fd_sc_hd__mux2_1)
     1    0.001748    0.023470    0.064168    0.244747 ^ _490_/X (sky130_fd_sc_hd__mux2_1)
                                                         _104_ (net)
                      0.023470    0.000000    0.244747 ^ _666_/D (sky130_fd_sc_hd__dfxtp_2)
                                              0.244747   data arrival time

                      0.000000    0.000000    0.000000   clock wclk (rise edge)
                                  0.000000    0.000000   clock network delay (ideal)
                                  0.000000    0.000000   clock reconvergence pessimism
                                              0.000000 ^ _666_/CLK (sky130_fd_sc_hd__dfxtp_2)
                                 -0.017505   -0.017505   library hold time
                                             -0.017505   data required time
---------------------------------------------------------------------------------------------
                                             -0.017505   data required time
                                             -0.244747   data arrival time
---------------------------------------------------------------------------------------------
                                              0.262252   slack (MET)


Startpoint: _667_ (rising edge-triggered flip-flop clocked by wclk)
Endpoint: _667_ (rising edge-triggered flip-flop clocked by wclk)
Path Group: wclk
Path Type: min

Fanout         Cap        Slew       Delay        Time   Description
---------------------------------------------------------------------------------------------
                      0.000000    0.000000    0.000000   clock wclk (rise edge)
                                  0.000000    0.000000   clock network delay (ideal)
                      0.000000    0.000000    0.000000 ^ _667_/CLK (sky130_fd_sc_hd__dfxtp_2)
     2    0.003644    0.025100    0.180579    0.180579 ^ _667_/Q (sky130_fd_sc_hd__dfxtp_2)
                                                         bram.mem[4][1] (net)
                      0.025100    0.000000    0.180579 ^ _491_/A0 (sky130_fd_sc_hd__mux2_1)
     1    0.001748    0.023470    0.064168    0.244747 ^ _491_/X (sky130_fd_sc_hd__mux2_1)
                                                         _105_ (net)
                      0.023470    0.000000    0.244747 ^ _667_/D (sky130_fd_sc_hd__dfxtp_2)
                                              0.244747   data arrival time

                      0.000000    0.000000    0.000000   clock wclk (rise edge)
                                  0.000000    0.000000   clock network delay (ideal)
                                  0.000000    0.000000   clock reconvergence pessimism
                                              0.000000 ^ _667_/CLK (sky130_fd_sc_hd__dfxtp_2)
                                 -0.017505   -0.017505   library hold time
                                             -0.017505   data required time
---------------------------------------------------------------------------------------------
                                             -0.017505   data required time
                                             -0.244747   data arrival time
---------------------------------------------------------------------------------------------
                                              0.262252   slack (MET)


Startpoint: _668_ (rising edge-triggered flip-flop clocked by wclk)
Endpoint: _668_ (rising edge-triggered flip-flop clocked by wclk)
Path Group: wclk
Path Type: min

Fanout         Cap        Slew       Delay        Time   Description
---------------------------------------------------------------------------------------------
                      0.000000    0.000000    0.000000   clock wclk (rise edge)
                                  0.000000    0.000000   clock network delay (ideal)
                      0.000000    0.000000    0.000000 ^ _668_/CLK (sky130_fd_sc_hd__dfxtp_2)
     2    0.003644    0.025100    0.180579    0.180579 ^ _668_/Q (sky130_fd_sc_hd__dfxtp_2)
                                                         bram.mem[4][2] (net)
                      0.025100    0.000000    0.180579 ^ _492_/A0 (sky130_fd_sc_hd__mux2_1)
     1    0.001748    0.023470    0.064168    0.244747 ^ _492_/X (sky130_fd_sc_hd__mux2_1)
                                                         _106_ (net)
                      0.023470    0.000000    0.244747 ^ _668_/D (sky130_fd_sc_hd__dfxtp_2)
                                              0.244747   data arrival time

                      0.000000    0.000000    0.000000   clock wclk (rise edge)
                                  0.000000    0.000000   clock network delay (ideal)
                                  0.000000    0.000000   clock reconvergence pessimism
                                              0.000000 ^ _668_/CLK (sky130_fd_sc_hd__dfxtp_2)
                                 -0.017505   -0.017505   library hold time
                                             -0.017505   data required time
---------------------------------------------------------------------------------------------
                                             -0.017505   data required time
                                             -0.244747   data arrival time
---------------------------------------------------------------------------------------------
                                              0.262252   slack (MET)


Startpoint: _669_ (rising edge-triggered flip-flop clocked by wclk)
Endpoint: _669_ (rising edge-triggered flip-flop clocked by wclk)
Path Group: wclk
Path Type: min

Fanout         Cap        Slew       Delay        Time   Description
---------------------------------------------------------------------------------------------
                      0.000000    0.000000    0.000000   clock wclk (rise edge)
                                  0.000000    0.000000   clock network delay (ideal)
                      0.000000    0.000000    0.000000 ^ _669_/CLK (sky130_fd_sc_hd__dfxtp_2)
     2    0.003644    0.025100    0.180579    0.180579 ^ _669_/Q (sky130_fd_sc_hd__dfxtp_2)
                                                         bram.mem[4][3] (net)
                      0.025100    0.000000    0.180579 ^ _493_/A0 (sky130_fd_sc_hd__mux2_1)
     1    0.001748    0.023470    0.064168    0.244747 ^ _493_/X (sky130_fd_sc_hd__mux2_1)
                                                         _107_ (net)
                      0.023470    0.000000    0.244747 ^ _669_/D (sky130_fd_sc_hd__dfxtp_2)
                                              0.244747   data arrival time

                      0.000000    0.000000    0.000000   clock wclk (rise edge)
                                  0.000000    0.000000   clock network delay (ideal)
                                  0.000000    0.000000   clock reconvergence pessimism
                                              0.000000 ^ _669_/CLK (sky130_fd_sc_hd__dfxtp_2)
                                 -0.017505   -0.017505   library hold time
                                             -0.017505   data required time
---------------------------------------------------------------------------------------------
                                             -0.017505   data required time
                                             -0.244747   data arrival time
---------------------------------------------------------------------------------------------
                                              0.262252   slack (MET)


Startpoint: _670_ (rising edge-triggered flip-flop clocked by wclk)
Endpoint: _670_ (rising edge-triggered flip-flop clocked by wclk)
Path Group: wclk
Path Type: min

Fanout         Cap        Slew       Delay        Time   Description
---------------------------------------------------------------------------------------------
                      0.000000    0.000000    0.000000   clock wclk (rise edge)
                                  0.000000    0.000000   clock network delay (ideal)
                      0.000000    0.000000    0.000000 ^ _670_/CLK (sky130_fd_sc_hd__dfxtp_2)
     2    0.003644    0.025100    0.180579    0.180579 ^ _670_/Q (sky130_fd_sc_hd__dfxtp_2)
                                                         bram.mem[4][4] (net)
                      0.025100    0.000000    0.180579 ^ _494_/A0 (sky130_fd_sc_hd__mux2_1)
     1    0.001748    0.023470    0.064168    0.244747 ^ _494_/X (sky130_fd_sc_hd__mux2_1)
                                                         _108_ (net)
                      0.023470    0.000000    0.244747 ^ _670_/D (sky130_fd_sc_hd__dfxtp_2)
                                              0.244747   data arrival time

                      0.000000    0.000000    0.000000   clock wclk (rise edge)
                                  0.000000    0.000000   clock network delay (ideal)
                                  0.000000    0.000000   clock reconvergence pessimism
                                              0.000000 ^ _670_/CLK (sky130_fd_sc_hd__dfxtp_2)
                                 -0.017505   -0.017505   library hold time
                                             -0.017505   data required time
---------------------------------------------------------------------------------------------
                                             -0.017505   data required time
                                             -0.244747   data arrival time
---------------------------------------------------------------------------------------------
                                              0.262252   slack (MET)


Startpoint: _671_ (rising edge-triggered flip-flop clocked by wclk)
Endpoint: _671_ (rising edge-triggered flip-flop clocked by wclk)
Path Group: wclk
Path Type: min

Fanout         Cap        Slew       Delay        Time   Description
---------------------------------------------------------------------------------------------
                      0.000000    0.000000    0.000000   clock wclk (rise edge)
                                  0.000000    0.000000   clock network delay (ideal)
                      0.000000    0.000000    0.000000 ^ _671_/CLK (sky130_fd_sc_hd__dfxtp_2)
     2    0.003644    0.025100    0.180579    0.180579 ^ _671_/Q (sky130_fd_sc_hd__dfxtp_2)
                                                         bram.mem[4][5] (net)
                      0.025100    0.000000    0.180579 ^ _495_/A0 (sky130_fd_sc_hd__mux2_1)
     1    0.001748    0.023470    0.064168    0.244747 ^ _495_/X (sky130_fd_sc_hd__mux2_1)
                                                         _109_ (net)
                      0.023470    0.000000    0.244747 ^ _671_/D (sky130_fd_sc_hd__dfxtp_2)
                                              0.244747   data arrival time

                      0.000000    0.000000    0.000000   clock wclk (rise edge)
                                  0.000000    0.000000   clock network delay (ideal)
                                  0.000000    0.000000   clock reconvergence pessimism
                                              0.000000 ^ _671_/CLK (sky130_fd_sc_hd__dfxtp_2)
                                 -0.017505   -0.017505   library hold time
                                             -0.017505   data required time
---------------------------------------------------------------------------------------------
                                             -0.017505   data required time
                                             -0.244747   data arrival time
---------------------------------------------------------------------------------------------
                                              0.262252   slack (MET)


Startpoint: _672_ (rising edge-triggered flip-flop clocked by wclk)
Endpoint: _672_ (rising edge-triggered flip-flop clocked by wclk)
Path Group: wclk
Path Type: min

Fanout         Cap        Slew       Delay        Time   Description
---------------------------------------------------------------------------------------------
                      0.000000    0.000000    0.000000   clock wclk (rise edge)
                                  0.000000    0.000000   clock network delay (ideal)
                      0.000000    0.000000    0.000000 ^ _672_/CLK (sky130_fd_sc_hd__dfxtp_2)
     2    0.003644    0.025100    0.180579    0.180579 ^ _672_/Q (sky130_fd_sc_hd__dfxtp_2)
                                                         bram.mem[4][6] (net)
                      0.025100    0.000000    0.180579 ^ _496_/A0 (sky130_fd_sc_hd__mux2_1)
     1    0.001748    0.023470    0.064168    0.244747 ^ _496_/X (sky130_fd_sc_hd__mux2_1)
                                                         _110_ (net)
                      0.023470    0.000000    0.244747 ^ _672_/D (sky130_fd_sc_hd__dfxtp_2)
                                              0.244747   data arrival time

                      0.000000    0.000000    0.000000   clock wclk (rise edge)
                                  0.000000    0.000000   clock network delay (ideal)
                                  0.000000    0.000000   clock reconvergence pessimism
                                              0.000000 ^ _672_/CLK (sky130_fd_sc_hd__dfxtp_2)
                                 -0.017505   -0.017505   library hold time
                                             -0.017505   data required time
---------------------------------------------------------------------------------------------
                                             -0.017505   data required time
                                             -0.244747   data arrival time
---------------------------------------------------------------------------------------------
                                              0.262252   slack (MET)


Startpoint: _673_ (rising edge-triggered flip-flop clocked by wclk)
Endpoint: _673_ (rising edge-triggered flip-flop clocked by wclk)
Path Group: wclk
Path Type: min

Fanout         Cap        Slew       Delay        Time   Description
---------------------------------------------------------------------------------------------
                      0.000000    0.000000    0.000000   clock wclk (rise edge)
                                  0.000000    0.000000   clock network delay (ideal)
                      0.000000    0.000000    0.000000 ^ _673_/CLK (sky130_fd_sc_hd__dfxtp_2)
     2    0.003644    0.025100    0.180579    0.180579 ^ _673_/Q (sky130_fd_sc_hd__dfxtp_2)
                                                         bram.mem[4][7] (net)
                      0.025100    0.000000    0.180579 ^ _497_/A0 (sky130_fd_sc_hd__mux2_1)
     1    0.001748    0.023470    0.064168    0.244747 ^ _497_/X (sky130_fd_sc_hd__mux2_1)
                                                         _111_ (net)
                      0.023470    0.000000    0.244747 ^ _673_/D (sky130_fd_sc_hd__dfxtp_2)
                                              0.244747   data arrival time

                      0.000000    0.000000    0.000000   clock wclk (rise edge)
                                  0.000000    0.000000   clock network delay (ideal)
                                  0.000000    0.000000   clock reconvergence pessimism
                                              0.000000 ^ _673_/CLK (sky130_fd_sc_hd__dfxtp_2)
                                 -0.017505   -0.017505   library hold time
                                             -0.017505   data required time
---------------------------------------------------------------------------------------------
                                             -0.017505   data required time
                                             -0.244747   data arrival time
---------------------------------------------------------------------------------------------
                                              0.262252   slack (MET)


Startpoint: _584_ (rising edge-triggered flip-flop clocked by wclk)
Endpoint: _584_ (rising edge-triggered flip-flop clocked by wclk)
Path Group: wclk
Path Type: min

Fanout         Cap        Slew       Delay        Time   Description
---------------------------------------------------------------------------------------------
                      0.000000    0.000000    0.000000   clock wclk (rise edge)
                                  0.000000    0.000000   clock network delay (ideal)
                      0.000000    0.000000    0.000000 ^ _584_/CLK (sky130_fd_sc_hd__dfxtp_2)
     2    0.003942    0.026040    0.181535    0.181535 ^ _584_/Q (sky130_fd_sc_hd__dfxtp_2)
                                                         bram.mem[11][0] (net)
                      0.026040    0.000000    0.181535 ^ _416_/A1 (sky130_fd_sc_hd__mux2_1)
     1    0.001748    0.023431    0.065992    0.247527 ^ _416_/X (sky130_fd_sc_hd__mux2_1)
                                                         _040_ (net)
                      0.023431    0.000000    0.247527 ^ _584_/D (sky130_fd_sc_hd__dfxtp_2)
                                              0.247527   data arrival time

                      0.000000    0.000000    0.000000   clock wclk (rise edge)
                                  0.000000    0.000000   clock network delay (ideal)
                                  0.000000    0.000000   clock reconvergence pessimism
                                              0.000000 ^ _584_/CLK (sky130_fd_sc_hd__dfxtp_2)
                                 -0.017502   -0.017502   library hold time
                                             -0.017502   data required time
---------------------------------------------------------------------------------------------
                                             -0.017502   data required time
                                             -0.247527   data arrival time
---------------------------------------------------------------------------------------------
                                              0.265029   slack (MET)


Startpoint: _585_ (rising edge-triggered flip-flop clocked by wclk)
Endpoint: _585_ (rising edge-triggered flip-flop clocked by wclk)
Path Group: wclk
Path Type: min

Fanout         Cap        Slew       Delay        Time   Description
---------------------------------------------------------------------------------------------
                      0.000000    0.000000    0.000000   clock wclk (rise edge)
                                  0.000000    0.000000   clock network delay (ideal)
                      0.000000    0.000000    0.000000 ^ _585_/CLK (sky130_fd_sc_hd__dfxtp_2)
     2    0.003942    0.026040    0.181535    0.181535 ^ _585_/Q (sky130_fd_sc_hd__dfxtp_2)
                                                         bram.mem[11][1] (net)
                      0.026040    0.000000    0.181535 ^ _417_/A1 (sky130_fd_sc_hd__mux2_1)
     1    0.001748    0.023431    0.065992    0.247527 ^ _417_/X (sky130_fd_sc_hd__mux2_1)
                                                         _041_ (net)
                      0.023431    0.000000    0.247527 ^ _585_/D (sky130_fd_sc_hd__dfxtp_2)
                                              0.247527   data arrival time

                      0.000000    0.000000    0.000000   clock wclk (rise edge)
                                  0.000000    0.000000   clock network delay (ideal)
                                  0.000000    0.000000   clock reconvergence pessimism
                                              0.000000 ^ _585_/CLK (sky130_fd_sc_hd__dfxtp_2)
                                 -0.017502   -0.017502   library hold time
                                             -0.017502   data required time
---------------------------------------------------------------------------------------------
                                             -0.017502   data required time
                                             -0.247527   data arrival time
---------------------------------------------------------------------------------------------
                                              0.265029   slack (MET)


Startpoint: _586_ (rising edge-triggered flip-flop clocked by wclk)
Endpoint: _586_ (rising edge-triggered flip-flop clocked by wclk)
Path Group: wclk
Path Type: min

Fanout         Cap        Slew       Delay        Time   Description
---------------------------------------------------------------------------------------------
                      0.000000    0.000000    0.000000   clock wclk (rise edge)
                                  0.000000    0.000000   clock network delay (ideal)
                      0.000000    0.000000    0.000000 ^ _586_/CLK (sky130_fd_sc_hd__dfxtp_2)
     2    0.003942    0.026040    0.181535    0.181535 ^ _586_/Q (sky130_fd_sc_hd__dfxtp_2)
                                                         bram.mem[11][2] (net)
                      0.026040    0.000000    0.181535 ^ _418_/A1 (sky130_fd_sc_hd__mux2_1)
     1    0.001748    0.023431    0.065992    0.247527 ^ _418_/X (sky130_fd_sc_hd__mux2_1)
                                                         _042_ (net)
                      0.023431    0.000000    0.247527 ^ _586_/D (sky130_fd_sc_hd__dfxtp_2)
                                              0.247527   data arrival time

                      0.000000    0.000000    0.000000   clock wclk (rise edge)
                                  0.000000    0.000000   clock network delay (ideal)
                                  0.000000    0.000000   clock reconvergence pessimism
                                              0.000000 ^ _586_/CLK (sky130_fd_sc_hd__dfxtp_2)
                                 -0.017502   -0.017502   library hold time
                                             -0.017502   data required time
---------------------------------------------------------------------------------------------
                                             -0.017502   data required time
                                             -0.247527   data arrival time
---------------------------------------------------------------------------------------------
                                              0.265029   slack (MET)


Startpoint: _587_ (rising edge-triggered flip-flop clocked by wclk)
Endpoint: _587_ (rising edge-triggered flip-flop clocked by wclk)
Path Group: wclk
Path Type: min

Fanout         Cap        Slew       Delay        Time   Description
---------------------------------------------------------------------------------------------
                      0.000000    0.000000    0.000000   clock wclk (rise edge)
                                  0.000000    0.000000   clock network delay (ideal)
                      0.000000    0.000000    0.000000 ^ _587_/CLK (sky130_fd_sc_hd__dfxtp_2)
     2    0.003942    0.026040    0.181535    0.181535 ^ _587_/Q (sky130_fd_sc_hd__dfxtp_2)
                                                         bram.mem[11][3] (net)
                      0.026040    0.000000    0.181535 ^ _419_/A1 (sky130_fd_sc_hd__mux2_1)
     1    0.001748    0.023431    0.065992    0.247527 ^ _419_/X (sky130_fd_sc_hd__mux2_1)
                                                         _043_ (net)
                      0.023431    0.000000    0.247527 ^ _587_/D (sky130_fd_sc_hd__dfxtp_2)
                                              0.247527   data arrival time

                      0.000000    0.000000    0.000000   clock wclk (rise edge)
                                  0.000000    0.000000   clock network delay (ideal)
                                  0.000000    0.000000   clock reconvergence pessimism
                                              0.000000 ^ _587_/CLK (sky130_fd_sc_hd__dfxtp_2)
                                 -0.017502   -0.017502   library hold time
                                             -0.017502   data required time
---------------------------------------------------------------------------------------------
                                             -0.017502   data required time
                                             -0.247527   data arrival time
---------------------------------------------------------------------------------------------
                                              0.265029   slack (MET)


Startpoint: _588_ (rising edge-triggered flip-flop clocked by wclk)
Endpoint: _588_ (rising edge-triggered flip-flop clocked by wclk)
Path Group: wclk
Path Type: min

Fanout         Cap        Slew       Delay        Time   Description
---------------------------------------------------------------------------------------------
                      0.000000    0.000000    0.000000   clock wclk (rise edge)
                                  0.000000    0.000000   clock network delay (ideal)
                      0.000000    0.000000    0.000000 ^ _588_/CLK (sky130_fd_sc_hd__dfxtp_2)
     2    0.003942    0.026040    0.181535    0.181535 ^ _588_/Q (sky130_fd_sc_hd__dfxtp_2)
                                                         bram.mem[11][4] (net)
                      0.026040    0.000000    0.181535 ^ _420_/A1 (sky130_fd_sc_hd__mux2_1)
     1    0.001748    0.023431    0.065992    0.247527 ^ _420_/X (sky130_fd_sc_hd__mux2_1)
                                                         _044_ (net)
                      0.023431    0.000000    0.247527 ^ _588_/D (sky130_fd_sc_hd__dfxtp_2)
                                              0.247527   data arrival time

                      0.000000    0.000000    0.000000   clock wclk (rise edge)
                                  0.000000    0.000000   clock network delay (ideal)
                                  0.000000    0.000000   clock reconvergence pessimism
                                              0.000000 ^ _588_/CLK (sky130_fd_sc_hd__dfxtp_2)
                                 -0.017502   -0.017502   library hold time
                                             -0.017502   data required time
---------------------------------------------------------------------------------------------
                                             -0.017502   data required time
                                             -0.247527   data arrival time
---------------------------------------------------------------------------------------------
                                              0.265029   slack (MET)


Startpoint: _589_ (rising edge-triggered flip-flop clocked by wclk)
Endpoint: _589_ (rising edge-triggered flip-flop clocked by wclk)
Path Group: wclk
Path Type: min

Fanout         Cap        Slew       Delay        Time   Description
---------------------------------------------------------------------------------------------
                      0.000000    0.000000    0.000000   clock wclk (rise edge)
                                  0.000000    0.000000   clock network delay (ideal)
                      0.000000    0.000000    0.000000 ^ _589_/CLK (sky130_fd_sc_hd__dfxtp_2)
     2    0.003942    0.026040    0.181535    0.181535 ^ _589_/Q (sky130_fd_sc_hd__dfxtp_2)
                                                         bram.mem[11][5] (net)
                      0.026040    0.000000    0.181535 ^ _421_/A1 (sky130_fd_sc_hd__mux2_1)
     1    0.001748    0.023431    0.065992    0.247527 ^ _421_/X (sky130_fd_sc_hd__mux2_1)
                                                         _045_ (net)
                      0.023431    0.000000    0.247527 ^ _589_/D (sky130_fd_sc_hd__dfxtp_2)
                                              0.247527   data arrival time

                      0.000000    0.000000    0.000000   clock wclk (rise edge)
                                  0.000000    0.000000   clock network delay (ideal)
                                  0.000000    0.000000   clock reconvergence pessimism
                                              0.000000 ^ _589_/CLK (sky130_fd_sc_hd__dfxtp_2)
                                 -0.017502   -0.017502   library hold time
                                             -0.017502   data required time
---------------------------------------------------------------------------------------------
                                             -0.017502   data required time
                                             -0.247527   data arrival time
---------------------------------------------------------------------------------------------
                                              0.265029   slack (MET)


Startpoint: _590_ (rising edge-triggered flip-flop clocked by wclk)
Endpoint: _590_ (rising edge-triggered flip-flop clocked by wclk)
Path Group: wclk
Path Type: min

Fanout         Cap        Slew       Delay        Time   Description
---------------------------------------------------------------------------------------------
                      0.000000    0.000000    0.000000   clock wclk (rise edge)
                                  0.000000    0.000000   clock network delay (ideal)
                      0.000000    0.000000    0.000000 ^ _590_/CLK (sky130_fd_sc_hd__dfxtp_2)
     2    0.003942    0.026040    0.181535    0.181535 ^ _590_/Q (sky130_fd_sc_hd__dfxtp_2)
                                                         bram.mem[11][6] (net)
                      0.026040    0.000000    0.181535 ^ _422_/A1 (sky130_fd_sc_hd__mux2_1)
     1    0.001748    0.023431    0.065992    0.247527 ^ _422_/X (sky130_fd_sc_hd__mux2_1)
                                                         _046_ (net)
                      0.023431    0.000000    0.247527 ^ _590_/D (sky130_fd_sc_hd__dfxtp_2)
                                              0.247527   data arrival time

                      0.000000    0.000000    0.000000   clock wclk (rise edge)
                                  0.000000    0.000000   clock network delay (ideal)
                                  0.000000    0.000000   clock reconvergence pessimism
                                              0.000000 ^ _590_/CLK (sky130_fd_sc_hd__dfxtp_2)
                                 -0.017502   -0.017502   library hold time
                                             -0.017502   data required time
---------------------------------------------------------------------------------------------
                                             -0.017502   data required time
                                             -0.247527   data arrival time
---------------------------------------------------------------------------------------------
                                              0.265029   slack (MET)


Startpoint: _591_ (rising edge-triggered flip-flop clocked by wclk)
Endpoint: _591_ (rising edge-triggered flip-flop clocked by wclk)
Path Group: wclk
Path Type: min

Fanout         Cap        Slew       Delay        Time   Description
---------------------------------------------------------------------------------------------
                      0.000000    0.000000    0.000000   clock wclk (rise edge)
                                  0.000000    0.000000   clock network delay (ideal)
                      0.000000    0.000000    0.000000 ^ _591_/CLK (sky130_fd_sc_hd__dfxtp_2)
     2    0.003942    0.026040    0.181535    0.181535 ^ _591_/Q (sky130_fd_sc_hd__dfxtp_2)
                                                         bram.mem[11][7] (net)
                      0.026040    0.000000    0.181535 ^ _423_/A1 (sky130_fd_sc_hd__mux2_1)
     1    0.001748    0.023431    0.065992    0.247527 ^ _423_/X (sky130_fd_sc_hd__mux2_1)
                                                         _047_ (net)
                      0.023431    0.000000    0.247527 ^ _591_/D (sky130_fd_sc_hd__dfxtp_2)
                                              0.247527   data arrival time

                      0.000000    0.000000    0.000000   clock wclk (rise edge)
                                  0.000000    0.000000   clock network delay (ideal)
                                  0.000000    0.000000   clock reconvergence pessimism
                                              0.000000 ^ _591_/CLK (sky130_fd_sc_hd__dfxtp_2)
                                 -0.017502   -0.017502   library hold time
                                             -0.017502   data required time
---------------------------------------------------------------------------------------------
                                             -0.017502   data required time
                                             -0.247527   data arrival time
---------------------------------------------------------------------------------------------
                                              0.265029   slack (MET)


Startpoint: _600_ (rising edge-triggered flip-flop clocked by wclk)
Endpoint: _600_ (rising edge-triggered flip-flop clocked by wclk)
Path Group: wclk
Path Type: min

Fanout         Cap        Slew       Delay        Time   Description
---------------------------------------------------------------------------------------------
                      0.000000    0.000000    0.000000   clock wclk (rise edge)
                                  0.000000    0.000000   clock network delay (ideal)
                      0.000000    0.000000    0.000000 ^ _600_/CLK (sky130_fd_sc_hd__dfxtp_2)
     2    0.003942    0.026040    0.181535    0.181535 ^ _600_/Q (sky130_fd_sc_hd__dfxtp_2)
                                                         bram.mem[7][0] (net)
                      0.026040    0.000000    0.181535 ^ _435_/A1 (sky130_fd_sc_hd__mux2_1)
     1    0.001748    0.023431    0.065992    0.247527 ^ _435_/X (sky130_fd_sc_hd__mux2_1)
                                                         _056_ (net)
                      0.023431    0.000000    0.247527 ^ _600_/D (sky130_fd_sc_hd__dfxtp_2)
                                              0.247527   data arrival time

                      0.000000    0.000000    0.000000   clock wclk (rise edge)
                                  0.000000    0.000000   clock network delay (ideal)
                                  0.000000    0.000000   clock reconvergence pessimism
                                              0.000000 ^ _600_/CLK (sky130_fd_sc_hd__dfxtp_2)
                                 -0.017502   -0.017502   library hold time
                                             -0.017502   data required time
---------------------------------------------------------------------------------------------
                                             -0.017502   data required time
                                             -0.247527   data arrival time
---------------------------------------------------------------------------------------------
                                              0.265029   slack (MET)


Startpoint: _601_ (rising edge-triggered flip-flop clocked by wclk)
Endpoint: _601_ (rising edge-triggered flip-flop clocked by wclk)
Path Group: wclk
Path Type: min

Fanout         Cap        Slew       Delay        Time   Description
---------------------------------------------------------------------------------------------
                      0.000000    0.000000    0.000000   clock wclk (rise edge)
                                  0.000000    0.000000   clock network delay (ideal)
                      0.000000    0.000000    0.000000 ^ _601_/CLK (sky130_fd_sc_hd__dfxtp_2)
     2    0.003942    0.026040    0.181535    0.181535 ^ _601_/Q (sky130_fd_sc_hd__dfxtp_2)
                                                         bram.mem[7][1] (net)
                      0.026040    0.000000    0.181535 ^ _436_/A1 (sky130_fd_sc_hd__mux2_1)
     1    0.001748    0.023431    0.065992    0.247527 ^ _436_/X (sky130_fd_sc_hd__mux2_1)
                                                         _057_ (net)
                      0.023431    0.000000    0.247527 ^ _601_/D (sky130_fd_sc_hd__dfxtp_2)
                                              0.247527   data arrival time

                      0.000000    0.000000    0.000000   clock wclk (rise edge)
                                  0.000000    0.000000   clock network delay (ideal)
                                  0.000000    0.000000   clock reconvergence pessimism
                                              0.000000 ^ _601_/CLK (sky130_fd_sc_hd__dfxtp_2)
                                 -0.017502   -0.017502   library hold time
                                             -0.017502   data required time
---------------------------------------------------------------------------------------------
                                             -0.017502   data required time
                                             -0.247527   data arrival time
---------------------------------------------------------------------------------------------
                                              0.265029   slack (MET)


Startpoint: _602_ (rising edge-triggered flip-flop clocked by wclk)
Endpoint: _602_ (rising edge-triggered flip-flop clocked by wclk)
Path Group: wclk
Path Type: min

Fanout         Cap        Slew       Delay        Time   Description
---------------------------------------------------------------------------------------------
                      0.000000    0.000000    0.000000   clock wclk (rise edge)
                                  0.000000    0.000000   clock network delay (ideal)
                      0.000000    0.000000    0.000000 ^ _602_/CLK (sky130_fd_sc_hd__dfxtp_2)
     2    0.003942    0.026040    0.181535    0.181535 ^ _602_/Q (sky130_fd_sc_hd__dfxtp_2)
                                                         bram.mem[7][2] (net)
                      0.026040    0.000000    0.181535 ^ _437_/A1 (sky130_fd_sc_hd__mux2_1)
     1    0.001748    0.023431    0.065992    0.247527 ^ _437_/X (sky130_fd_sc_hd__mux2_1)
                                                         _058_ (net)
                      0.023431    0.000000    0.247527 ^ _602_/D (sky130_fd_sc_hd__dfxtp_2)
                                              0.247527   data arrival time

                      0.000000    0.000000    0.000000   clock wclk (rise edge)
                                  0.000000    0.000000   clock network delay (ideal)
                                  0.000000    0.000000   clock reconvergence pessimism
                                              0.000000 ^ _602_/CLK (sky130_fd_sc_hd__dfxtp_2)
                                 -0.017502   -0.017502   library hold time
                                             -0.017502   data required time
---------------------------------------------------------------------------------------------
                                             -0.017502   data required time
                                             -0.247527   data arrival time
---------------------------------------------------------------------------------------------
                                              0.265029   slack (MET)


Startpoint: _603_ (rising edge-triggered flip-flop clocked by wclk)
Endpoint: _603_ (rising edge-triggered flip-flop clocked by wclk)
Path Group: wclk
Path Type: min

Fanout         Cap        Slew       Delay        Time   Description
---------------------------------------------------------------------------------------------
                      0.000000    0.000000    0.000000   clock wclk (rise edge)
                                  0.000000    0.000000   clock network delay (ideal)
                      0.000000    0.000000    0.000000 ^ _603_/CLK (sky130_fd_sc_hd__dfxtp_2)
     2    0.003942    0.026040    0.181535    0.181535 ^ _603_/Q (sky130_fd_sc_hd__dfxtp_2)
                                                         bram.mem[7][3] (net)
                      0.026040    0.000000    0.181535 ^ _438_/A1 (sky130_fd_sc_hd__mux2_1)
     1    0.001748    0.023431    0.065992    0.247527 ^ _438_/X (sky130_fd_sc_hd__mux2_1)
                                                         _059_ (net)
                      0.023431    0.000000    0.247527 ^ _603_/D (sky130_fd_sc_hd__dfxtp_2)
                                              0.247527   data arrival time

                      0.000000    0.000000    0.000000   clock wclk (rise edge)
                                  0.000000    0.000000   clock network delay (ideal)
                                  0.000000    0.000000   clock reconvergence pessimism
                                              0.000000 ^ _603_/CLK (sky130_fd_sc_hd__dfxtp_2)
                                 -0.017502   -0.017502   library hold time
                                             -0.017502   data required time
---------------------------------------------------------------------------------------------
                                             -0.017502   data required time
                                             -0.247527   data arrival time
---------------------------------------------------------------------------------------------
                                              0.265029   slack (MET)


Startpoint: _604_ (rising edge-triggered flip-flop clocked by wclk)
Endpoint: _604_ (rising edge-triggered flip-flop clocked by wclk)
Path Group: wclk
Path Type: min

Fanout         Cap        Slew       Delay        Time   Description
---------------------------------------------------------------------------------------------
                      0.000000    0.000000    0.000000   clock wclk (rise edge)
                                  0.000000    0.000000   clock network delay (ideal)
                      0.000000    0.000000    0.000000 ^ _604_/CLK (sky130_fd_sc_hd__dfxtp_2)
     2    0.003942    0.026040    0.181535    0.181535 ^ _604_/Q (sky130_fd_sc_hd__dfxtp_2)
                                                         bram.mem[7][4] (net)
                      0.026040    0.000000    0.181535 ^ _439_/A1 (sky130_fd_sc_hd__mux2_1)
     1    0.001748    0.023431    0.065992    0.247527 ^ _439_/X (sky130_fd_sc_hd__mux2_1)
                                                         _060_ (net)
                      0.023431    0.000000    0.247527 ^ _604_/D (sky130_fd_sc_hd__dfxtp_2)
                                              0.247527   data arrival time

                      0.000000    0.000000    0.000000   clock wclk (rise edge)
                                  0.000000    0.000000   clock network delay (ideal)
                                  0.000000    0.000000   clock reconvergence pessimism
                                              0.000000 ^ _604_/CLK (sky130_fd_sc_hd__dfxtp_2)
                                 -0.017502   -0.017502   library hold time
                                             -0.017502   data required time
---------------------------------------------------------------------------------------------
                                             -0.017502   data required time
                                             -0.247527   data arrival time
---------------------------------------------------------------------------------------------
                                              0.265029   slack (MET)


Startpoint: _605_ (rising edge-triggered flip-flop clocked by wclk)
Endpoint: _605_ (rising edge-triggered flip-flop clocked by wclk)
Path Group: wclk
Path Type: min

Fanout         Cap        Slew       Delay        Time   Description
---------------------------------------------------------------------------------------------
                      0.000000    0.000000    0.000000   clock wclk (rise edge)
                                  0.000000    0.000000   clock network delay (ideal)
                      0.000000    0.000000    0.000000 ^ _605_/CLK (sky130_fd_sc_hd__dfxtp_2)
     2    0.003942    0.026040    0.181535    0.181535 ^ _605_/Q (sky130_fd_sc_hd__dfxtp_2)
                                                         bram.mem[7][5] (net)
                      0.026040    0.000000    0.181535 ^ _440_/A1 (sky130_fd_sc_hd__mux2_1)
     1    0.001748    0.023431    0.065992    0.247527 ^ _440_/X (sky130_fd_sc_hd__mux2_1)
                                                         _061_ (net)
                      0.023431    0.000000    0.247527 ^ _605_/D (sky130_fd_sc_hd__dfxtp_2)
                                              0.247527   data arrival time

                      0.000000    0.000000    0.000000   clock wclk (rise edge)
                                  0.000000    0.000000   clock network delay (ideal)
                                  0.000000    0.000000   clock reconvergence pessimism
                                              0.000000 ^ _605_/CLK (sky130_fd_sc_hd__dfxtp_2)
                                 -0.017502   -0.017502   library hold time
                                             -0.017502   data required time
---------------------------------------------------------------------------------------------
                                             -0.017502   data required time
                                             -0.247527   data arrival time
---------------------------------------------------------------------------------------------
                                              0.265029   slack (MET)


Startpoint: _606_ (rising edge-triggered flip-flop clocked by wclk)
Endpoint: _606_ (rising edge-triggered flip-flop clocked by wclk)
Path Group: wclk
Path Type: min

Fanout         Cap        Slew       Delay        Time   Description
---------------------------------------------------------------------------------------------
                      0.000000    0.000000    0.000000   clock wclk (rise edge)
                                  0.000000    0.000000   clock network delay (ideal)
                      0.000000    0.000000    0.000000 ^ _606_/CLK (sky130_fd_sc_hd__dfxtp_2)
     2    0.003942    0.026040    0.181535    0.181535 ^ _606_/Q (sky130_fd_sc_hd__dfxtp_2)
                                                         bram.mem[7][6] (net)
                      0.026040    0.000000    0.181535 ^ _441_/A1 (sky130_fd_sc_hd__mux2_1)
     1    0.001748    0.023431    0.065992    0.247527 ^ _441_/X (sky130_fd_sc_hd__mux2_1)
                                                         _062_ (net)
                      0.023431    0.000000    0.247527 ^ _606_/D (sky130_fd_sc_hd__dfxtp_2)
                                              0.247527   data arrival time

                      0.000000    0.000000    0.000000   clock wclk (rise edge)
                                  0.000000    0.000000   clock network delay (ideal)
                                  0.000000    0.000000   clock reconvergence pessimism
                                              0.000000 ^ _606_/CLK (sky130_fd_sc_hd__dfxtp_2)
                                 -0.017502   -0.017502   library hold time
                                             -0.017502   data required time
---------------------------------------------------------------------------------------------
                                             -0.017502   data required time
                                             -0.247527   data arrival time
---------------------------------------------------------------------------------------------
                                              0.265029   slack (MET)


Startpoint: _607_ (rising edge-triggered flip-flop clocked by wclk)
Endpoint: _607_ (rising edge-triggered flip-flop clocked by wclk)
Path Group: wclk
Path Type: min

Fanout         Cap        Slew       Delay        Time   Description
---------------------------------------------------------------------------------------------
                      0.000000    0.000000    0.000000   clock wclk (rise edge)
                                  0.000000    0.000000   clock network delay (ideal)
                      0.000000    0.000000    0.000000 ^ _607_/CLK (sky130_fd_sc_hd__dfxtp_2)
     2    0.003942    0.026040    0.181535    0.181535 ^ _607_/Q (sky130_fd_sc_hd__dfxtp_2)
                                                         bram.mem[7][7] (net)
                      0.026040    0.000000    0.181535 ^ _442_/A1 (sky130_fd_sc_hd__mux2_1)
     1    0.001748    0.023431    0.065992    0.247527 ^ _442_/X (sky130_fd_sc_hd__mux2_1)
                                                         _063_ (net)
                      0.023431    0.000000    0.247527 ^ _607_/D (sky130_fd_sc_hd__dfxtp_2)
                                              0.247527   data arrival time

                      0.000000    0.000000    0.000000   clock wclk (rise edge)
                                  0.000000    0.000000   clock network delay (ideal)
                                  0.000000    0.000000   clock reconvergence pessimism
                                              0.000000 ^ _607_/CLK (sky130_fd_sc_hd__dfxtp_2)
                                 -0.017502   -0.017502   library hold time
                                             -0.017502   data required time
---------------------------------------------------------------------------------------------
                                             -0.017502   data required time
                                             -0.247527   data arrival time
---------------------------------------------------------------------------------------------
                                              0.265029   slack (MET)


Startpoint: _649_ (rising edge-triggered flip-flop clocked by wclk)
Endpoint: _649_ (rising edge-triggered flip-flop clocked by wclk)
Path Group: wclk
Path Type: min

Fanout         Cap        Slew       Delay        Time   Description
---------------------------------------------------------------------------------------------
                      0.000000    0.000000    0.000000   clock wclk (rise edge)
                                  0.000000    0.000000   clock network delay (ideal)
                      0.000000    0.000000    0.000000 ^ _649_/CLK (sky130_fd_sc_hd__dfxtp_2)
     2    0.003942    0.026040    0.181535    0.181535 ^ _649_/Q (sky130_fd_sc_hd__dfxtp_2)
                                                         bram.mem[3][0] (net)
                      0.026040    0.000000    0.181535 ^ _481_/A1 (sky130_fd_sc_hd__mux2_1)
     1    0.001748    0.023431    0.065992    0.247527 ^ _481_/X (sky130_fd_sc_hd__mux2_1)
                                                         _096_ (net)
                      0.023431    0.000000    0.247527 ^ _649_/D (sky130_fd_sc_hd__dfxtp_2)
                                              0.247527   data arrival time

                      0.000000    0.000000    0.000000   clock wclk (rise edge)
                                  0.000000    0.000000   clock network delay (ideal)
                                  0.000000    0.000000   clock reconvergence pessimism
                                              0.000000 ^ _649_/CLK (sky130_fd_sc_hd__dfxtp_2)
                                 -0.017502   -0.017502   library hold time
                                             -0.017502   data required time
---------------------------------------------------------------------------------------------
                                             -0.017502   data required time
                                             -0.247527   data arrival time
---------------------------------------------------------------------------------------------
                                              0.265029   slack (MET)


Startpoint: _650_ (rising edge-triggered flip-flop clocked by wclk)
Endpoint: _650_ (rising edge-triggered flip-flop clocked by wclk)
Path Group: wclk
Path Type: min

Fanout         Cap        Slew       Delay        Time   Description
---------------------------------------------------------------------------------------------
                      0.000000    0.000000    0.000000   clock wclk (rise edge)
                                  0.000000    0.000000   clock network delay (ideal)
                      0.000000    0.000000    0.000000 ^ _650_/CLK (sky130_fd_sc_hd__dfxtp_2)
     2    0.003942    0.026040    0.181535    0.181535 ^ _650_/Q (sky130_fd_sc_hd__dfxtp_2)
                                                         bram.mem[3][1] (net)
                      0.026040    0.000000    0.181535 ^ _482_/A1 (sky130_fd_sc_hd__mux2_1)
     1    0.001748    0.023431    0.065992    0.247527 ^ _482_/X (sky130_fd_sc_hd__mux2_1)
                                                         _097_ (net)
                      0.023431    0.000000    0.247527 ^ _650_/D (sky130_fd_sc_hd__dfxtp_2)
                                              0.247527   data arrival time

                      0.000000    0.000000    0.000000   clock wclk (rise edge)
                                  0.000000    0.000000   clock network delay (ideal)
                                  0.000000    0.000000   clock reconvergence pessimism
                                              0.000000 ^ _650_/CLK (sky130_fd_sc_hd__dfxtp_2)
                                 -0.017502   -0.017502   library hold time
                                             -0.017502   data required time
---------------------------------------------------------------------------------------------
                                             -0.017502   data required time
                                             -0.247527   data arrival time
---------------------------------------------------------------------------------------------
                                              0.265029   slack (MET)


Startpoint: _651_ (rising edge-triggered flip-flop clocked by wclk)
Endpoint: _651_ (rising edge-triggered flip-flop clocked by wclk)
Path Group: wclk
Path Type: min

Fanout         Cap        Slew       Delay        Time   Description
---------------------------------------------------------------------------------------------
                      0.000000    0.000000    0.000000   clock wclk (rise edge)
                                  0.000000    0.000000   clock network delay (ideal)
                      0.000000    0.000000    0.000000 ^ _651_/CLK (sky130_fd_sc_hd__dfxtp_2)
     2    0.003942    0.026040    0.181535    0.181535 ^ _651_/Q (sky130_fd_sc_hd__dfxtp_2)
                                                         bram.mem[3][2] (net)
                      0.026040    0.000000    0.181535 ^ _483_/A1 (sky130_fd_sc_hd__mux2_1)
     1    0.001748    0.023431    0.065992    0.247527 ^ _483_/X (sky130_fd_sc_hd__mux2_1)
                                                         _098_ (net)
                      0.023431    0.000000    0.247527 ^ _651_/D (sky130_fd_sc_hd__dfxtp_2)
                                              0.247527   data arrival time

                      0.000000    0.000000    0.000000   clock wclk (rise edge)
                                  0.000000    0.000000   clock network delay (ideal)
                                  0.000000    0.000000   clock reconvergence pessimism
                                              0.000000 ^ _651_/CLK (sky130_fd_sc_hd__dfxtp_2)
                                 -0.017502   -0.017502   library hold time
                                             -0.017502   data required time
---------------------------------------------------------------------------------------------
                                             -0.017502   data required time
                                             -0.247527   data arrival time
---------------------------------------------------------------------------------------------
                                              0.265029   slack (MET)


Startpoint: _652_ (rising edge-triggered flip-flop clocked by wclk)
Endpoint: _652_ (rising edge-triggered flip-flop clocked by wclk)
Path Group: wclk
Path Type: min

Fanout         Cap        Slew       Delay        Time   Description
---------------------------------------------------------------------------------------------
                      0.000000    0.000000    0.000000   clock wclk (rise edge)
                                  0.000000    0.000000   clock network delay (ideal)
                      0.000000    0.000000    0.000000 ^ _652_/CLK (sky130_fd_sc_hd__dfxtp_2)
     2    0.003942    0.026040    0.181535    0.181535 ^ _652_/Q (sky130_fd_sc_hd__dfxtp_2)
                                                         bram.mem[3][3] (net)
                      0.026040    0.000000    0.181535 ^ _484_/A1 (sky130_fd_sc_hd__mux2_1)
     1    0.001748    0.023431    0.065992    0.247527 ^ _484_/X (sky130_fd_sc_hd__mux2_1)
                                                         _099_ (net)
                      0.023431    0.000000    0.247527 ^ _652_/D (sky130_fd_sc_hd__dfxtp_2)
                                              0.247527   data arrival time

                      0.000000    0.000000    0.000000   clock wclk (rise edge)
                                  0.000000    0.000000   clock network delay (ideal)
                                  0.000000    0.000000   clock reconvergence pessimism
                                              0.000000 ^ _652_/CLK (sky130_fd_sc_hd__dfxtp_2)
                                 -0.017502   -0.017502   library hold time
                                             -0.017502   data required time
---------------------------------------------------------------------------------------------
                                             -0.017502   data required time
                                             -0.247527   data arrival time
---------------------------------------------------------------------------------------------
                                              0.265029   slack (MET)


Startpoint: _653_ (rising edge-triggered flip-flop clocked by wclk)
Endpoint: _653_ (rising edge-triggered flip-flop clocked by wclk)
Path Group: wclk
Path Type: min

Fanout         Cap        Slew       Delay        Time   Description
---------------------------------------------------------------------------------------------
                      0.000000    0.000000    0.000000   clock wclk (rise edge)
                                  0.000000    0.000000   clock network delay (ideal)
                      0.000000    0.000000    0.000000 ^ _653_/CLK (sky130_fd_sc_hd__dfxtp_2)
     2    0.003942    0.026040    0.181535    0.181535 ^ _653_/Q (sky130_fd_sc_hd__dfxtp_2)
                                                         bram.mem[3][4] (net)
                      0.026040    0.000000    0.181535 ^ _485_/A1 (sky130_fd_sc_hd__mux2_1)
     1    0.001748    0.023431    0.065992    0.247527 ^ _485_/X (sky130_fd_sc_hd__mux2_1)
                                                         _100_ (net)
                      0.023431    0.000000    0.247527 ^ _653_/D (sky130_fd_sc_hd__dfxtp_2)
                                              0.247527   data arrival time

                      0.000000    0.000000    0.000000   clock wclk (rise edge)
                                  0.000000    0.000000   clock network delay (ideal)
                                  0.000000    0.000000   clock reconvergence pessimism
                                              0.000000 ^ _653_/CLK (sky130_fd_sc_hd__dfxtp_2)
                                 -0.017502   -0.017502   library hold time
                                             -0.017502   data required time
---------------------------------------------------------------------------------------------
                                             -0.017502   data required time
                                             -0.247527   data arrival time
---------------------------------------------------------------------------------------------
                                              0.265029   slack (MET)


Startpoint: _654_ (rising edge-triggered flip-flop clocked by wclk)
Endpoint: _654_ (rising edge-triggered flip-flop clocked by wclk)
Path Group: wclk
Path Type: min

Fanout         Cap        Slew       Delay        Time   Description
---------------------------------------------------------------------------------------------
                      0.000000    0.000000    0.000000   clock wclk (rise edge)
                                  0.000000    0.000000   clock network delay (ideal)
                      0.000000    0.000000    0.000000 ^ _654_/CLK (sky130_fd_sc_hd__dfxtp_2)
     2    0.003942    0.026040    0.181535    0.181535 ^ _654_/Q (sky130_fd_sc_hd__dfxtp_2)
                                                         bram.mem[3][5] (net)
                      0.026040    0.000000    0.181535 ^ _486_/A1 (sky130_fd_sc_hd__mux2_1)
     1    0.001748    0.023431    0.065992    0.247527 ^ _486_/X (sky130_fd_sc_hd__mux2_1)
                                                         _101_ (net)
                      0.023431    0.000000    0.247527 ^ _654_/D (sky130_fd_sc_hd__dfxtp_2)
                                              0.247527   data arrival time

                      0.000000    0.000000    0.000000   clock wclk (rise edge)
                                  0.000000    0.000000   clock network delay (ideal)
                                  0.000000    0.000000   clock reconvergence pessimism
                                              0.000000 ^ _654_/CLK (sky130_fd_sc_hd__dfxtp_2)
                                 -0.017502   -0.017502   library hold time
                                             -0.017502   data required time
---------------------------------------------------------------------------------------------
                                             -0.017502   data required time
                                             -0.247527   data arrival time
---------------------------------------------------------------------------------------------
                                              0.265029   slack (MET)


Startpoint: _655_ (rising edge-triggered flip-flop clocked by wclk)
Endpoint: _655_ (rising edge-triggered flip-flop clocked by wclk)
Path Group: wclk
Path Type: min

Fanout         Cap        Slew       Delay        Time   Description
---------------------------------------------------------------------------------------------
                      0.000000    0.000000    0.000000   clock wclk (rise edge)
                                  0.000000    0.000000   clock network delay (ideal)
                      0.000000    0.000000    0.000000 ^ _655_/CLK (sky130_fd_sc_hd__dfxtp_2)
     2    0.003942    0.026040    0.181535    0.181535 ^ _655_/Q (sky130_fd_sc_hd__dfxtp_2)
                                                         bram.mem[3][6] (net)
                      0.026040    0.000000    0.181535 ^ _487_/A1 (sky130_fd_sc_hd__mux2_1)
     1    0.001748    0.023431    0.065992    0.247527 ^ _487_/X (sky130_fd_sc_hd__mux2_1)
                                                         _102_ (net)
                      0.023431    0.000000    0.247527 ^ _655_/D (sky130_fd_sc_hd__dfxtp_2)
                                              0.247527   data arrival time

                      0.000000    0.000000    0.000000   clock wclk (rise edge)
                                  0.000000    0.000000   clock network delay (ideal)
                                  0.000000    0.000000   clock reconvergence pessimism
                                              0.000000 ^ _655_/CLK (sky130_fd_sc_hd__dfxtp_2)
                                 -0.017502   -0.017502   library hold time
                                             -0.017502   data required time
---------------------------------------------------------------------------------------------
                                             -0.017502   data required time
                                             -0.247527   data arrival time
---------------------------------------------------------------------------------------------
                                              0.265029   slack (MET)


Startpoint: _656_ (rising edge-triggered flip-flop clocked by wclk)
Endpoint: _656_ (rising edge-triggered flip-flop clocked by wclk)
Path Group: wclk
Path Type: min

Fanout         Cap        Slew       Delay        Time   Description
---------------------------------------------------------------------------------------------
                      0.000000    0.000000    0.000000   clock wclk (rise edge)
                                  0.000000    0.000000   clock network delay (ideal)
                      0.000000    0.000000    0.000000 ^ _656_/CLK (sky130_fd_sc_hd__dfxtp_2)
     2    0.003942    0.026040    0.181535    0.181535 ^ _656_/Q (sky130_fd_sc_hd__dfxtp_2)
                                                         bram.mem[3][7] (net)
                      0.026040    0.000000    0.181535 ^ _488_/A1 (sky130_fd_sc_hd__mux2_1)
     1    0.001748    0.023431    0.065992    0.247527 ^ _488_/X (sky130_fd_sc_hd__mux2_1)
                                                         _103_ (net)
                      0.023431    0.000000    0.247527 ^ _656_/D (sky130_fd_sc_hd__dfxtp_2)
                                              0.247527   data arrival time

                      0.000000    0.000000    0.000000   clock wclk (rise edge)
                                  0.000000    0.000000   clock network delay (ideal)
                                  0.000000    0.000000   clock reconvergence pessimism
                                              0.000000 ^ _656_/CLK (sky130_fd_sc_hd__dfxtp_2)
                                 -0.017502   -0.017502   library hold time
                                             -0.017502   data required time
---------------------------------------------------------------------------------------------
                                             -0.017502   data required time
                                             -0.247527   data arrival time
---------------------------------------------------------------------------------------------
                                              0.265029   slack (MET)


Startpoint: _682_ (rising edge-triggered flip-flop clocked by wclk)
Endpoint: _682_ (rising edge-triggered flip-flop clocked by wclk)
Path Group: wclk
Path Type: min

Fanout         Cap        Slew       Delay        Time   Description
---------------------------------------------------------------------------------------------
                      0.000000    0.000000    0.000000   clock wclk (rise edge)
                                  0.000000    0.000000   clock network delay (ideal)
                      0.000000    0.000000    0.000000 ^ _682_/CLK (sky130_fd_sc_hd__dfxtp_2)
     2    0.003942    0.026040    0.181535    0.181535 ^ _682_/Q (sky130_fd_sc_hd__dfxtp_2)
                                                         bram.mem[15][0] (net)
                      0.026040    0.000000    0.181535 ^ _507_/A1 (sky130_fd_sc_hd__mux2_1)
     1    0.001748    0.023431    0.065992    0.247527 ^ _507_/X (sky130_fd_sc_hd__mux2_1)
                                                         _120_ (net)
                      0.023431    0.000000    0.247527 ^ _682_/D (sky130_fd_sc_hd__dfxtp_2)
                                              0.247527   data arrival time

                      0.000000    0.000000    0.000000   clock wclk (rise edge)
                                  0.000000    0.000000   clock network delay (ideal)
                                  0.000000    0.000000   clock reconvergence pessimism
                                              0.000000 ^ _682_/CLK (sky130_fd_sc_hd__dfxtp_2)
                                 -0.017502   -0.017502   library hold time
                                             -0.017502   data required time
---------------------------------------------------------------------------------------------
                                             -0.017502   data required time
                                             -0.247527   data arrival time
---------------------------------------------------------------------------------------------
                                              0.265029   slack (MET)


Startpoint: _683_ (rising edge-triggered flip-flop clocked by wclk)
Endpoint: _683_ (rising edge-triggered flip-flop clocked by wclk)
Path Group: wclk
Path Type: min

Fanout         Cap        Slew       Delay        Time   Description
---------------------------------------------------------------------------------------------
                      0.000000    0.000000    0.000000   clock wclk (rise edge)
                                  0.000000    0.000000   clock network delay (ideal)
                      0.000000    0.000000    0.000000 ^ _683_/CLK (sky130_fd_sc_hd__dfxtp_2)
     2    0.003942    0.026040    0.181535    0.181535 ^ _683_/Q (sky130_fd_sc_hd__dfxtp_2)
                                                         bram.mem[15][1] (net)
                      0.026040    0.000000    0.181535 ^ _508_/A1 (sky130_fd_sc_hd__mux2_1)
     1    0.001748    0.023431    0.065992    0.247527 ^ _508_/X (sky130_fd_sc_hd__mux2_1)
                                                         _121_ (net)
                      0.023431    0.000000    0.247527 ^ _683_/D (sky130_fd_sc_hd__dfxtp_2)
                                              0.247527   data arrival time

                      0.000000    0.000000    0.000000   clock wclk (rise edge)
                                  0.000000    0.000000   clock network delay (ideal)
                                  0.000000    0.000000   clock reconvergence pessimism
                                              0.000000 ^ _683_/CLK (sky130_fd_sc_hd__dfxtp_2)
                                 -0.017502   -0.017502   library hold time
                                             -0.017502   data required time
---------------------------------------------------------------------------------------------
                                             -0.017502   data required time
                                             -0.247527   data arrival time
---------------------------------------------------------------------------------------------
                                              0.265029   slack (MET)


Startpoint: _684_ (rising edge-triggered flip-flop clocked by wclk)
Endpoint: _684_ (rising edge-triggered flip-flop clocked by wclk)
Path Group: wclk
Path Type: min

Fanout         Cap        Slew       Delay        Time   Description
---------------------------------------------------------------------------------------------
                      0.000000    0.000000    0.000000   clock wclk (rise edge)
                                  0.000000    0.000000   clock network delay (ideal)
                      0.000000    0.000000    0.000000 ^ _684_/CLK (sky130_fd_sc_hd__dfxtp_2)
     2    0.003942    0.026040    0.181535    0.181535 ^ _684_/Q (sky130_fd_sc_hd__dfxtp_2)
                                                         bram.mem[15][2] (net)
                      0.026040    0.000000    0.181535 ^ _509_/A1 (sky130_fd_sc_hd__mux2_1)
     1    0.001748    0.023431    0.065992    0.247527 ^ _509_/X (sky130_fd_sc_hd__mux2_1)
                                                         _122_ (net)
                      0.023431    0.000000    0.247527 ^ _684_/D (sky130_fd_sc_hd__dfxtp_2)
                                              0.247527   data arrival time

                      0.000000    0.000000    0.000000   clock wclk (rise edge)
                                  0.000000    0.000000   clock network delay (ideal)
                                  0.000000    0.000000   clock reconvergence pessimism
                                              0.000000 ^ _684_/CLK (sky130_fd_sc_hd__dfxtp_2)
                                 -0.017502   -0.017502   library hold time
                                             -0.017502   data required time
---------------------------------------------------------------------------------------------
                                             -0.017502   data required time
                                             -0.247527   data arrival time
---------------------------------------------------------------------------------------------
                                              0.265029   slack (MET)


Startpoint: _685_ (rising edge-triggered flip-flop clocked by wclk)
Endpoint: _685_ (rising edge-triggered flip-flop clocked by wclk)
Path Group: wclk
Path Type: min

Fanout         Cap        Slew       Delay        Time   Description
---------------------------------------------------------------------------------------------
                      0.000000    0.000000    0.000000   clock wclk (rise edge)
                                  0.000000    0.000000   clock network delay (ideal)
                      0.000000    0.000000    0.000000 ^ _685_/CLK (sky130_fd_sc_hd__dfxtp_2)
     2    0.003942    0.026040    0.181535    0.181535 ^ _685_/Q (sky130_fd_sc_hd__dfxtp_2)
                                                         bram.mem[15][3] (net)
                      0.026040    0.000000    0.181535 ^ _510_/A1 (sky130_fd_sc_hd__mux2_1)
     1    0.001748    0.023431    0.065992    0.247527 ^ _510_/X (sky130_fd_sc_hd__mux2_1)
                                                         _123_ (net)
                      0.023431    0.000000    0.247527 ^ _685_/D (sky130_fd_sc_hd__dfxtp_2)
                                              0.247527   data arrival time

                      0.000000    0.000000    0.000000   clock wclk (rise edge)
                                  0.000000    0.000000   clock network delay (ideal)
                                  0.000000    0.000000   clock reconvergence pessimism
                                              0.000000 ^ _685_/CLK (sky130_fd_sc_hd__dfxtp_2)
                                 -0.017502   -0.017502   library hold time
                                             -0.017502   data required time
---------------------------------------------------------------------------------------------
                                             -0.017502   data required time
                                             -0.247527   data arrival time
---------------------------------------------------------------------------------------------
                                              0.265029   slack (MET)


Startpoint: _686_ (rising edge-triggered flip-flop clocked by wclk)
Endpoint: _686_ (rising edge-triggered flip-flop clocked by wclk)
Path Group: wclk
Path Type: min

Fanout         Cap        Slew       Delay        Time   Description
---------------------------------------------------------------------------------------------
                      0.000000    0.000000    0.000000   clock wclk (rise edge)
                                  0.000000    0.000000   clock network delay (ideal)
                      0.000000    0.000000    0.000000 ^ _686_/CLK (sky130_fd_sc_hd__dfxtp_2)
     2    0.003942    0.026040    0.181535    0.181535 ^ _686_/Q (sky130_fd_sc_hd__dfxtp_2)
                                                         bram.mem[15][4] (net)
                      0.026040    0.000000    0.181535 ^ _511_/A1 (sky130_fd_sc_hd__mux2_1)
     1    0.001748    0.023431    0.065992    0.247527 ^ _511_/X (sky130_fd_sc_hd__mux2_1)
                                                         _124_ (net)
                      0.023431    0.000000    0.247527 ^ _686_/D (sky130_fd_sc_hd__dfxtp_2)
                                              0.247527   data arrival time

                      0.000000    0.000000    0.000000   clock wclk (rise edge)
                                  0.000000    0.000000   clock network delay (ideal)
                                  0.000000    0.000000   clock reconvergence pessimism
                                              0.000000 ^ _686_/CLK (sky130_fd_sc_hd__dfxtp_2)
                                 -0.017502   -0.017502   library hold time
                                             -0.017502   data required time
---------------------------------------------------------------------------------------------
                                             -0.017502   data required time
                                             -0.247527   data arrival time
---------------------------------------------------------------------------------------------
                                              0.265029   slack (MET)


Startpoint: _687_ (rising edge-triggered flip-flop clocked by wclk)
Endpoint: _687_ (rising edge-triggered flip-flop clocked by wclk)
Path Group: wclk
Path Type: min

Fanout         Cap        Slew       Delay        Time   Description
---------------------------------------------------------------------------------------------
                      0.000000    0.000000    0.000000   clock wclk (rise edge)
                                  0.000000    0.000000   clock network delay (ideal)
                      0.000000    0.000000    0.000000 ^ _687_/CLK (sky130_fd_sc_hd__dfxtp_2)
     2    0.003942    0.026040    0.181535    0.181535 ^ _687_/Q (sky130_fd_sc_hd__dfxtp_2)
                                                         bram.mem[15][5] (net)
                      0.026040    0.000000    0.181535 ^ _512_/A1 (sky130_fd_sc_hd__mux2_1)
     1    0.001748    0.023431    0.065992    0.247527 ^ _512_/X (sky130_fd_sc_hd__mux2_1)
                                                         _125_ (net)
                      0.023431    0.000000    0.247527 ^ _687_/D (sky130_fd_sc_hd__dfxtp_2)
                                              0.247527   data arrival time

                      0.000000    0.000000    0.000000   clock wclk (rise edge)
                                  0.000000    0.000000   clock network delay (ideal)
                                  0.000000    0.000000   clock reconvergence pessimism
                                              0.000000 ^ _687_/CLK (sky130_fd_sc_hd__dfxtp_2)
                                 -0.017502   -0.017502   library hold time
                                             -0.017502   data required time
---------------------------------------------------------------------------------------------
                                             -0.017502   data required time
                                             -0.247527   data arrival time
---------------------------------------------------------------------------------------------
                                              0.265029   slack (MET)


Startpoint: _688_ (rising edge-triggered flip-flop clocked by wclk)
Endpoint: _688_ (rising edge-triggered flip-flop clocked by wclk)
Path Group: wclk
Path Type: min

Fanout         Cap        Slew       Delay        Time   Description
---------------------------------------------------------------------------------------------
                      0.000000    0.000000    0.000000   clock wclk (rise edge)
                                  0.000000    0.000000   clock network delay (ideal)
                      0.000000    0.000000    0.000000 ^ _688_/CLK (sky130_fd_sc_hd__dfxtp_2)
     2    0.003942    0.026040    0.181535    0.181535 ^ _688_/Q (sky130_fd_sc_hd__dfxtp_2)
                                                         bram.mem[15][6] (net)
                      0.026040    0.000000    0.181535 ^ _513_/A1 (sky130_fd_sc_hd__mux2_1)
     1    0.001748    0.023431    0.065992    0.247527 ^ _513_/X (sky130_fd_sc_hd__mux2_1)
                                                         _126_ (net)
                      0.023431    0.000000    0.247527 ^ _688_/D (sky130_fd_sc_hd__dfxtp_2)
                                              0.247527   data arrival time

                      0.000000    0.000000    0.000000   clock wclk (rise edge)
                                  0.000000    0.000000   clock network delay (ideal)
                                  0.000000    0.000000   clock reconvergence pessimism
                                              0.000000 ^ _688_/CLK (sky130_fd_sc_hd__dfxtp_2)
                                 -0.017502   -0.017502   library hold time
                                             -0.017502   data required time
---------------------------------------------------------------------------------------------
                                             -0.017502   data required time
                                             -0.247527   data arrival time
---------------------------------------------------------------------------------------------
                                              0.265029   slack (MET)


Startpoint: _689_ (rising edge-triggered flip-flop clocked by wclk)
Endpoint: _689_ (rising edge-triggered flip-flop clocked by wclk)
Path Group: wclk
Path Type: min

Fanout         Cap        Slew       Delay        Time   Description
---------------------------------------------------------------------------------------------
                      0.000000    0.000000    0.000000   clock wclk (rise edge)
                                  0.000000    0.000000   clock network delay (ideal)
                      0.000000    0.000000    0.000000 ^ _689_/CLK (sky130_fd_sc_hd__dfxtp_2)
     2    0.003942    0.026040    0.181535    0.181535 ^ _689_/Q (sky130_fd_sc_hd__dfxtp_2)
                                                         bram.mem[15][7] (net)
                      0.026040    0.000000    0.181535 ^ _514_/A1 (sky130_fd_sc_hd__mux2_1)
     1    0.001748    0.023431    0.065992    0.247527 ^ _514_/X (sky130_fd_sc_hd__mux2_1)
                                                         _127_ (net)
                      0.023431    0.000000    0.247527 ^ _689_/D (sky130_fd_sc_hd__dfxtp_2)
                                              0.247527   data arrival time

                      0.000000    0.000000    0.000000   clock wclk (rise edge)
                                  0.000000    0.000000   clock network delay (ideal)
                                  0.000000    0.000000   clock reconvergence pessimism
                                              0.000000 ^ _689_/CLK (sky130_fd_sc_hd__dfxtp_2)
                                 -0.017502   -0.017502   library hold time
                                             -0.017502   data required time
---------------------------------------------------------------------------------------------
                                             -0.017502   data required time
                                             -0.247527   data arrival time
---------------------------------------------------------------------------------------------
                                              0.265029   slack (MET)


Startpoint: _524_ (rising edge-triggered flip-flop clocked by wclk)
Endpoint: _524_ (rising edge-triggered flip-flop clocked by wclk)
Path Group: wclk
Path Type: min

Fanout         Cap        Slew       Delay        Time   Description
---------------------------------------------------------------------------------------------
                      0.000000    0.000000    0.000000   clock wclk (rise edge)
                                  0.000000    0.000000   clock network delay (ideal)
                      0.000000    0.000000    0.000000 ^ _524_/CLK (sky130_fd_sc_hd__dfxtp_2)
     2    0.004008    0.026248    0.181747    0.181747 ^ _524_/Q (sky130_fd_sc_hd__dfxtp_2)
                                                         bram.mem[9][0] (net)
                      0.026248    0.000000    0.181747 ^ _380_/A1 (sky130_fd_sc_hd__mux2_1)
     1    0.001748    0.023431    0.066050    0.247797 ^ _380_/X (sky130_fd_sc_hd__mux2_1)
                                                         _008_ (net)
                      0.023431    0.000000    0.247797 ^ _524_/D (sky130_fd_sc_hd__dfxtp_2)
                                              0.247797   data arrival time

                      0.000000    0.000000    0.000000   clock wclk (rise edge)
                                  0.000000    0.000000   clock network delay (ideal)
                                  0.000000    0.000000   clock reconvergence pessimism
                                              0.000000 ^ _524_/CLK (sky130_fd_sc_hd__dfxtp_2)
                                 -0.017502   -0.017502   library hold time
                                             -0.017502   data required time
---------------------------------------------------------------------------------------------
                                             -0.017502   data required time
                                             -0.247797   data arrival time
---------------------------------------------------------------------------------------------
                                              0.265299   slack (MET)


Startpoint: _525_ (rising edge-triggered flip-flop clocked by wclk)
Endpoint: _525_ (rising edge-triggered flip-flop clocked by wclk)
Path Group: wclk
Path Type: min

Fanout         Cap        Slew       Delay        Time   Description
---------------------------------------------------------------------------------------------
                      0.000000    0.000000    0.000000   clock wclk (rise edge)
                                  0.000000    0.000000   clock network delay (ideal)
                      0.000000    0.000000    0.000000 ^ _525_/CLK (sky130_fd_sc_hd__dfxtp_2)
     2    0.004008    0.026248    0.181747    0.181747 ^ _525_/Q (sky130_fd_sc_hd__dfxtp_2)
                                                         bram.mem[9][1] (net)
                      0.026248    0.000000    0.181747 ^ _381_/A1 (sky130_fd_sc_hd__mux2_1)
     1    0.001748    0.023431    0.066050    0.247797 ^ _381_/X (sky130_fd_sc_hd__mux2_1)
                                                         _009_ (net)
                      0.023431    0.000000    0.247797 ^ _525_/D (sky130_fd_sc_hd__dfxtp_2)
                                              0.247797   data arrival time

                      0.000000    0.000000    0.000000   clock wclk (rise edge)
                                  0.000000    0.000000   clock network delay (ideal)
                                  0.000000    0.000000   clock reconvergence pessimism
                                              0.000000 ^ _525_/CLK (sky130_fd_sc_hd__dfxtp_2)
                                 -0.017502   -0.017502   library hold time
                                             -0.017502   data required time
---------------------------------------------------------------------------------------------
                                             -0.017502   data required time
                                             -0.247797   data arrival time
---------------------------------------------------------------------------------------------
                                              0.265299   slack (MET)


Startpoint: _526_ (rising edge-triggered flip-flop clocked by wclk)
Endpoint: _526_ (rising edge-triggered flip-flop clocked by wclk)
Path Group: wclk
Path Type: min

Fanout         Cap        Slew       Delay        Time   Description
---------------------------------------------------------------------------------------------
                      0.000000    0.000000    0.000000   clock wclk (rise edge)
                                  0.000000    0.000000   clock network delay (ideal)
                      0.000000    0.000000    0.000000 ^ _526_/CLK (sky130_fd_sc_hd__dfxtp_2)
     2    0.004008    0.026248    0.181747    0.181747 ^ _526_/Q (sky130_fd_sc_hd__dfxtp_2)
                                                         bram.mem[9][2] (net)
                      0.026248    0.000000    0.181747 ^ _382_/A1 (sky130_fd_sc_hd__mux2_1)
     1    0.001748    0.023431    0.066050    0.247797 ^ _382_/X (sky130_fd_sc_hd__mux2_1)
                                                         _010_ (net)
                      0.023431    0.000000    0.247797 ^ _526_/D (sky130_fd_sc_hd__dfxtp_2)
                                              0.247797   data arrival time

                      0.000000    0.000000    0.000000   clock wclk (rise edge)
                                  0.000000    0.000000   clock network delay (ideal)
                                  0.000000    0.000000   clock reconvergence pessimism
                                              0.000000 ^ _526_/CLK (sky130_fd_sc_hd__dfxtp_2)
                                 -0.017502   -0.017502   library hold time
                                             -0.017502   data required time
---------------------------------------------------------------------------------------------
                                             -0.017502   data required time
                                             -0.247797   data arrival time
---------------------------------------------------------------------------------------------
                                              0.265299   slack (MET)


Startpoint: _527_ (rising edge-triggered flip-flop clocked by wclk)
Endpoint: _527_ (rising edge-triggered flip-flop clocked by wclk)
Path Group: wclk
Path Type: min

Fanout         Cap        Slew       Delay        Time   Description
---------------------------------------------------------------------------------------------
                      0.000000    0.000000    0.000000   clock wclk (rise edge)
                                  0.000000    0.000000   clock network delay (ideal)
                      0.000000    0.000000    0.000000 ^ _527_/CLK (sky130_fd_sc_hd__dfxtp_2)
     2    0.004008    0.026248    0.181747    0.181747 ^ _527_/Q (sky130_fd_sc_hd__dfxtp_2)
                                                         bram.mem[9][3] (net)
                      0.026248    0.000000    0.181747 ^ _383_/A1 (sky130_fd_sc_hd__mux2_1)
     1    0.001748    0.023431    0.066050    0.247797 ^ _383_/X (sky130_fd_sc_hd__mux2_1)
                                                         _011_ (net)
                      0.023431    0.000000    0.247797 ^ _527_/D (sky130_fd_sc_hd__dfxtp_2)
                                              0.247797   data arrival time

                      0.000000    0.000000    0.000000   clock wclk (rise edge)
                                  0.000000    0.000000   clock network delay (ideal)
                                  0.000000    0.000000   clock reconvergence pessimism
                                              0.000000 ^ _527_/CLK (sky130_fd_sc_hd__dfxtp_2)
                                 -0.017502   -0.017502   library hold time
                                             -0.017502   data required time
---------------------------------------------------------------------------------------------
                                             -0.017502   data required time
                                             -0.247797   data arrival time
---------------------------------------------------------------------------------------------
                                              0.265299   slack (MET)


Startpoint: _528_ (rising edge-triggered flip-flop clocked by wclk)
Endpoint: _528_ (rising edge-triggered flip-flop clocked by wclk)
Path Group: wclk
Path Type: min

Fanout         Cap        Slew       Delay        Time   Description
---------------------------------------------------------------------------------------------
                      0.000000    0.000000    0.000000   clock wclk (rise edge)
                                  0.000000    0.000000   clock network delay (ideal)
                      0.000000    0.000000    0.000000 ^ _528_/CLK (sky130_fd_sc_hd__dfxtp_2)
     2    0.004008    0.026248    0.181747    0.181747 ^ _528_/Q (sky130_fd_sc_hd__dfxtp_2)
                                                         bram.mem[9][4] (net)
                      0.026248    0.000000    0.181747 ^ _384_/A1 (sky130_fd_sc_hd__mux2_1)
     1    0.001748    0.023431    0.066050    0.247797 ^ _384_/X (sky130_fd_sc_hd__mux2_1)
                                                         _012_ (net)
                      0.023431    0.000000    0.247797 ^ _528_/D (sky130_fd_sc_hd__dfxtp_2)
                                              0.247797   data arrival time

                      0.000000    0.000000    0.000000   clock wclk (rise edge)
                                  0.000000    0.000000   clock network delay (ideal)
                                  0.000000    0.000000   clock reconvergence pessimism
                                              0.000000 ^ _528_/CLK (sky130_fd_sc_hd__dfxtp_2)
                                 -0.017502   -0.017502   library hold time
                                             -0.017502   data required time
---------------------------------------------------------------------------------------------
                                             -0.017502   data required time
                                             -0.247797   data arrival time
---------------------------------------------------------------------------------------------
                                              0.265299   slack (MET)


Startpoint: _529_ (rising edge-triggered flip-flop clocked by wclk)
Endpoint: _529_ (rising edge-triggered flip-flop clocked by wclk)
Path Group: wclk
Path Type: min

Fanout         Cap        Slew       Delay        Time   Description
---------------------------------------------------------------------------------------------
                      0.000000    0.000000    0.000000   clock wclk (rise edge)
                                  0.000000    0.000000   clock network delay (ideal)
                      0.000000    0.000000    0.000000 ^ _529_/CLK (sky130_fd_sc_hd__dfxtp_2)
     2    0.004008    0.026248    0.181747    0.181747 ^ _529_/Q (sky130_fd_sc_hd__dfxtp_2)
                                                         bram.mem[9][5] (net)
                      0.026248    0.000000    0.181747 ^ _385_/A1 (sky130_fd_sc_hd__mux2_1)
     1    0.001748    0.023431    0.066050    0.247797 ^ _385_/X (sky130_fd_sc_hd__mux2_1)
                                                         _013_ (net)
                      0.023431    0.000000    0.247797 ^ _529_/D (sky130_fd_sc_hd__dfxtp_2)
                                              0.247797   data arrival time

                      0.000000    0.000000    0.000000   clock wclk (rise edge)
                                  0.000000    0.000000   clock network delay (ideal)
                                  0.000000    0.000000   clock reconvergence pessimism
                                              0.000000 ^ _529_/CLK (sky130_fd_sc_hd__dfxtp_2)
                                 -0.017502   -0.017502   library hold time
                                             -0.017502   data required time
---------------------------------------------------------------------------------------------
                                             -0.017502   data required time
                                             -0.247797   data arrival time
---------------------------------------------------------------------------------------------
                                              0.265299   slack (MET)


Startpoint: _530_ (rising edge-triggered flip-flop clocked by wclk)
Endpoint: _530_ (rising edge-triggered flip-flop clocked by wclk)
Path Group: wclk
Path Type: min

Fanout         Cap        Slew       Delay        Time   Description
---------------------------------------------------------------------------------------------
                      0.000000    0.000000    0.000000   clock wclk (rise edge)
                                  0.000000    0.000000   clock network delay (ideal)
                      0.000000    0.000000    0.000000 ^ _530_/CLK (sky130_fd_sc_hd__dfxtp_2)
     2    0.004008    0.026248    0.181747    0.181747 ^ _530_/Q (sky130_fd_sc_hd__dfxtp_2)
                                                         bram.mem[9][6] (net)
                      0.026248    0.000000    0.181747 ^ _386_/A1 (sky130_fd_sc_hd__mux2_1)
     1    0.001748    0.023431    0.066050    0.247797 ^ _386_/X (sky130_fd_sc_hd__mux2_1)
                                                         _014_ (net)
                      0.023431    0.000000    0.247797 ^ _530_/D (sky130_fd_sc_hd__dfxtp_2)
                                              0.247797   data arrival time

                      0.000000    0.000000    0.000000   clock wclk (rise edge)
                                  0.000000    0.000000   clock network delay (ideal)
                                  0.000000    0.000000   clock reconvergence pessimism
                                              0.000000 ^ _530_/CLK (sky130_fd_sc_hd__dfxtp_2)
                                 -0.017502   -0.017502   library hold time
                                             -0.017502   data required time
---------------------------------------------------------------------------------------------
                                             -0.017502   data required time
                                             -0.247797   data arrival time
---------------------------------------------------------------------------------------------
                                              0.265299   slack (MET)


Startpoint: _531_ (rising edge-triggered flip-flop clocked by wclk)
Endpoint: _531_ (rising edge-triggered flip-flop clocked by wclk)
Path Group: wclk
Path Type: min

Fanout         Cap        Slew       Delay        Time   Description
---------------------------------------------------------------------------------------------
                      0.000000    0.000000    0.000000   clock wclk (rise edge)
                                  0.000000    0.000000   clock network delay (ideal)
                      0.000000    0.000000    0.000000 ^ _531_/CLK (sky130_fd_sc_hd__dfxtp_2)
     2    0.004008    0.026248    0.181747    0.181747 ^ _531_/Q (sky130_fd_sc_hd__dfxtp_2)
                                                         bram.mem[9][7] (net)
                      0.026248    0.000000    0.181747 ^ _387_/A1 (sky130_fd_sc_hd__mux2_1)
     1    0.001748    0.023431    0.066050    0.247797 ^ _387_/X (sky130_fd_sc_hd__mux2_1)
                                                         _015_ (net)
                      0.023431    0.000000    0.247797 ^ _531_/D (sky130_fd_sc_hd__dfxtp_2)
                                              0.247797   data arrival time

                      0.000000    0.000000    0.000000   clock wclk (rise edge)
                                  0.000000    0.000000   clock network delay (ideal)
                                  0.000000    0.000000   clock reconvergence pessimism
                                              0.000000 ^ _531_/CLK (sky130_fd_sc_hd__dfxtp_2)
                                 -0.017502   -0.017502   library hold time
                                             -0.017502   data required time
---------------------------------------------------------------------------------------------
                                             -0.017502   data required time
                                             -0.247797   data arrival time
---------------------------------------------------------------------------------------------
                                              0.265299   slack (MET)


Startpoint: _568_ (rising edge-triggered flip-flop clocked by wclk)
Endpoint: _568_ (rising edge-triggered flip-flop clocked by wclk)
Path Group: wclk
Path Type: min

Fanout         Cap        Slew       Delay        Time   Description
---------------------------------------------------------------------------------------------
                      0.000000    0.000000    0.000000   clock wclk (rise edge)
                                  0.000000    0.000000   clock network delay (ideal)
                      0.000000    0.000000    0.000000 ^ _568_/CLK (sky130_fd_sc_hd__dfxtp_2)
     2    0.004008    0.026248    0.181747    0.181747 ^ _568_/Q (sky130_fd_sc_hd__dfxtp_2)
                                                         bram.mem[13][0] (net)
                      0.026248    0.000000    0.181747 ^ _398_/A1 (sky130_fd_sc_hd__mux2_1)
     1    0.001748    0.023431    0.066050    0.247797 ^ _398_/X (sky130_fd_sc_hd__mux2_1)
                                                         _024_ (net)
                      0.023431    0.000000    0.247797 ^ _568_/D (sky130_fd_sc_hd__dfxtp_2)
                                              0.247797   data arrival time

                      0.000000    0.000000    0.000000   clock wclk (rise edge)
                                  0.000000    0.000000   clock network delay (ideal)
                                  0.000000    0.000000   clock reconvergence pessimism
                                              0.000000 ^ _568_/CLK (sky130_fd_sc_hd__dfxtp_2)
                                 -0.017502   -0.017502   library hold time
                                             -0.017502   data required time
---------------------------------------------------------------------------------------------
                                             -0.017502   data required time
                                             -0.247797   data arrival time
---------------------------------------------------------------------------------------------
                                              0.265299   slack (MET)


Startpoint: _569_ (rising edge-triggered flip-flop clocked by wclk)
Endpoint: _569_ (rising edge-triggered flip-flop clocked by wclk)
Path Group: wclk
Path Type: min

Fanout         Cap        Slew       Delay        Time   Description
---------------------------------------------------------------------------------------------
                      0.000000    0.000000    0.000000   clock wclk (rise edge)
                                  0.000000    0.000000   clock network delay (ideal)
                      0.000000    0.000000    0.000000 ^ _569_/CLK (sky130_fd_sc_hd__dfxtp_2)
     2    0.004008    0.026248    0.181747    0.181747 ^ _569_/Q (sky130_fd_sc_hd__dfxtp_2)
                                                         bram.mem[13][1] (net)
                      0.026248    0.000000    0.181747 ^ _399_/A1 (sky130_fd_sc_hd__mux2_1)
     1    0.001748    0.023431    0.066050    0.247797 ^ _399_/X (sky130_fd_sc_hd__mux2_1)
                                                         _025_ (net)
                      0.023431    0.000000    0.247797 ^ _569_/D (sky130_fd_sc_hd__dfxtp_2)
                                              0.247797   data arrival time

                      0.000000    0.000000    0.000000   clock wclk (rise edge)
                                  0.000000    0.000000   clock network delay (ideal)
                                  0.000000    0.000000   clock reconvergence pessimism
                                              0.000000 ^ _569_/CLK (sky130_fd_sc_hd__dfxtp_2)
                                 -0.017502   -0.017502   library hold time
                                             -0.017502   data required time
---------------------------------------------------------------------------------------------
                                             -0.017502   data required time
                                             -0.247797   data arrival time
---------------------------------------------------------------------------------------------
                                              0.265299   slack (MET)


Startpoint: _570_ (rising edge-triggered flip-flop clocked by wclk)
Endpoint: _570_ (rising edge-triggered flip-flop clocked by wclk)
Path Group: wclk
Path Type: min

Fanout         Cap        Slew       Delay        Time   Description
---------------------------------------------------------------------------------------------
                      0.000000    0.000000    0.000000   clock wclk (rise edge)
                                  0.000000    0.000000   clock network delay (ideal)
                      0.000000    0.000000    0.000000 ^ _570_/CLK (sky130_fd_sc_hd__dfxtp_2)
     2    0.004008    0.026248    0.181747    0.181747 ^ _570_/Q (sky130_fd_sc_hd__dfxtp_2)
                                                         bram.mem[13][2] (net)
                      0.026248    0.000000    0.181747 ^ _400_/A1 (sky130_fd_sc_hd__mux2_1)
     1    0.001748    0.023431    0.066050    0.247797 ^ _400_/X (sky130_fd_sc_hd__mux2_1)
                                                         _026_ (net)
                      0.023431    0.000000    0.247797 ^ _570_/D (sky130_fd_sc_hd__dfxtp_2)
                                              0.247797   data arrival time

                      0.000000    0.000000    0.000000   clock wclk (rise edge)
                                  0.000000    0.000000   clock network delay (ideal)
                                  0.000000    0.000000   clock reconvergence pessimism
                                              0.000000 ^ _570_/CLK (sky130_fd_sc_hd__dfxtp_2)
                                 -0.017502   -0.017502   library hold time
                                             -0.017502   data required time
---------------------------------------------------------------------------------------------
                                             -0.017502   data required time
                                             -0.247797   data arrival time
---------------------------------------------------------------------------------------------
                                              0.265299   slack (MET)


Startpoint: _571_ (rising edge-triggered flip-flop clocked by wclk)
Endpoint: _571_ (rising edge-triggered flip-flop clocked by wclk)
Path Group: wclk
Path Type: min

Fanout         Cap        Slew       Delay        Time   Description
---------------------------------------------------------------------------------------------
                      0.000000    0.000000    0.000000   clock wclk (rise edge)
                                  0.000000    0.000000   clock network delay (ideal)
                      0.000000    0.000000    0.000000 ^ _571_/CLK (sky130_fd_sc_hd__dfxtp_2)
     2    0.004008    0.026248    0.181747    0.181747 ^ _571_/Q (sky130_fd_sc_hd__dfxtp_2)
                                                         bram.mem[13][3] (net)
                      0.026248    0.000000    0.181747 ^ _401_/A1 (sky130_fd_sc_hd__mux2_1)
     1    0.001748    0.023431    0.066050    0.247797 ^ _401_/X (sky130_fd_sc_hd__mux2_1)
                                                         _027_ (net)
                      0.023431    0.000000    0.247797 ^ _571_/D (sky130_fd_sc_hd__dfxtp_2)
                                              0.247797   data arrival time

                      0.000000    0.000000    0.000000   clock wclk (rise edge)
                                  0.000000    0.000000   clock network delay (ideal)
                                  0.000000    0.000000   clock reconvergence pessimism
                                              0.000000 ^ _571_/CLK (sky130_fd_sc_hd__dfxtp_2)
                                 -0.017502   -0.017502   library hold time
                                             -0.017502   data required time
---------------------------------------------------------------------------------------------
                                             -0.017502   data required time
                                             -0.247797   data arrival time
---------------------------------------------------------------------------------------------
                                              0.265299   slack (MET)


Startpoint: _572_ (rising edge-triggered flip-flop clocked by wclk)
Endpoint: _572_ (rising edge-triggered flip-flop clocked by wclk)
Path Group: wclk
Path Type: min

Fanout         Cap        Slew       Delay        Time   Description
---------------------------------------------------------------------------------------------
                      0.000000    0.000000    0.000000   clock wclk (rise edge)
                                  0.000000    0.000000   clock network delay (ideal)
                      0.000000    0.000000    0.000000 ^ _572_/CLK (sky130_fd_sc_hd__dfxtp_2)
     2    0.004008    0.026248    0.181747    0.181747 ^ _572_/Q (sky130_fd_sc_hd__dfxtp_2)
                                                         bram.mem[13][4] (net)
                      0.026248    0.000000    0.181747 ^ _402_/A1 (sky130_fd_sc_hd__mux2_1)
     1    0.001748    0.023431    0.066050    0.247797 ^ _402_/X (sky130_fd_sc_hd__mux2_1)
                                                         _028_ (net)
                      0.023431    0.000000    0.247797 ^ _572_/D (sky130_fd_sc_hd__dfxtp_2)
                                              0.247797   data arrival time

                      0.000000    0.000000    0.000000   clock wclk (rise edge)
                                  0.000000    0.000000   clock network delay (ideal)
                                  0.000000    0.000000   clock reconvergence pessimism
                                              0.000000 ^ _572_/CLK (sky130_fd_sc_hd__dfxtp_2)
                                 -0.017502   -0.017502   library hold time
                                             -0.017502   data required time
---------------------------------------------------------------------------------------------
                                             -0.017502   data required time
                                             -0.247797   data arrival time
---------------------------------------------------------------------------------------------
                                              0.265299   slack (MET)


Startpoint: _573_ (rising edge-triggered flip-flop clocked by wclk)
Endpoint: _573_ (rising edge-triggered flip-flop clocked by wclk)
Path Group: wclk
Path Type: min

Fanout         Cap        Slew       Delay        Time   Description
---------------------------------------------------------------------------------------------
                      0.000000    0.000000    0.000000   clock wclk (rise edge)
                                  0.000000    0.000000   clock network delay (ideal)
                      0.000000    0.000000    0.000000 ^ _573_/CLK (sky130_fd_sc_hd__dfxtp_2)
     2    0.004008    0.026248    0.181747    0.181747 ^ _573_/Q (sky130_fd_sc_hd__dfxtp_2)
                                                         bram.mem[13][5] (net)
                      0.026248    0.000000    0.181747 ^ _403_/A1 (sky130_fd_sc_hd__mux2_1)
     1    0.001748    0.023431    0.066050    0.247797 ^ _403_/X (sky130_fd_sc_hd__mux2_1)
                                                         _029_ (net)
                      0.023431    0.000000    0.247797 ^ _573_/D (sky130_fd_sc_hd__dfxtp_2)
                                              0.247797   data arrival time

                      0.000000    0.000000    0.000000   clock wclk (rise edge)
                                  0.000000    0.000000   clock network delay (ideal)
                                  0.000000    0.000000   clock reconvergence pessimism
                                              0.000000 ^ _573_/CLK (sky130_fd_sc_hd__dfxtp_2)
                                 -0.017502   -0.017502   library hold time
                                             -0.017502   data required time
---------------------------------------------------------------------------------------------
                                             -0.017502   data required time
                                             -0.247797   data arrival time
---------------------------------------------------------------------------------------------
                                              0.265299   slack (MET)


Startpoint: _574_ (rising edge-triggered flip-flop clocked by wclk)
Endpoint: _574_ (rising edge-triggered flip-flop clocked by wclk)
Path Group: wclk
Path Type: min

Fanout         Cap        Slew       Delay        Time   Description
---------------------------------------------------------------------------------------------
                      0.000000    0.000000    0.000000   clock wclk (rise edge)
                                  0.000000    0.000000   clock network delay (ideal)
                      0.000000    0.000000    0.000000 ^ _574_/CLK (sky130_fd_sc_hd__dfxtp_2)
     2    0.004008    0.026248    0.181747    0.181747 ^ _574_/Q (sky130_fd_sc_hd__dfxtp_2)
                                                         bram.mem[13][6] (net)
                      0.026248    0.000000    0.181747 ^ _404_/A1 (sky130_fd_sc_hd__mux2_1)
     1    0.001748    0.023431    0.066050    0.247797 ^ _404_/X (sky130_fd_sc_hd__mux2_1)
                                                         _030_ (net)
                      0.023431    0.000000    0.247797 ^ _574_/D (sky130_fd_sc_hd__dfxtp_2)
                                              0.247797   data arrival time

                      0.000000    0.000000    0.000000   clock wclk (rise edge)
                                  0.000000    0.000000   clock network delay (ideal)
                                  0.000000    0.000000   clock reconvergence pessimism
                                              0.000000 ^ _574_/CLK (sky130_fd_sc_hd__dfxtp_2)
                                 -0.017502   -0.017502   library hold time
                                             -0.017502   data required time
---------------------------------------------------------------------------------------------
                                             -0.017502   data required time
                                             -0.247797   data arrival time
---------------------------------------------------------------------------------------------
                                              0.265299   slack (MET)


Startpoint: _575_ (rising edge-triggered flip-flop clocked by wclk)
Endpoint: _575_ (rising edge-triggered flip-flop clocked by wclk)
Path Group: wclk
Path Type: min

Fanout         Cap        Slew       Delay        Time   Description
---------------------------------------------------------------------------------------------
                      0.000000    0.000000    0.000000   clock wclk (rise edge)
                                  0.000000    0.000000   clock network delay (ideal)
                      0.000000    0.000000    0.000000 ^ _575_/CLK (sky130_fd_sc_hd__dfxtp_2)
     2    0.004008    0.026248    0.181747    0.181747 ^ _575_/Q (sky130_fd_sc_hd__dfxtp_2)
                                                         bram.mem[13][7] (net)
                      0.026248    0.000000    0.181747 ^ _405_/A1 (sky130_fd_sc_hd__mux2_1)
     1    0.001748    0.023431    0.066050    0.247797 ^ _405_/X (sky130_fd_sc_hd__mux2_1)
                                                         _031_ (net)
                      0.023431    0.000000    0.247797 ^ _575_/D (sky130_fd_sc_hd__dfxtp_2)
                                              0.247797   data arrival time

                      0.000000    0.000000    0.000000   clock wclk (rise edge)
                                  0.000000    0.000000   clock network delay (ideal)
                                  0.000000    0.000000   clock reconvergence pessimism
                                              0.000000 ^ _575_/CLK (sky130_fd_sc_hd__dfxtp_2)
                                 -0.017502   -0.017502   library hold time
                                             -0.017502   data required time
---------------------------------------------------------------------------------------------
                                             -0.017502   data required time
                                             -0.247797   data arrival time
---------------------------------------------------------------------------------------------
                                              0.265299   slack (MET)


Startpoint: _633_ (rising edge-triggered flip-flop clocked by wclk)
Endpoint: _633_ (rising edge-triggered flip-flop clocked by wclk)
Path Group: wclk
Path Type: min

Fanout         Cap        Slew       Delay        Time   Description
---------------------------------------------------------------------------------------------
                      0.000000    0.000000    0.000000   clock wclk (rise edge)
                                  0.000000    0.000000   clock network delay (ideal)
                      0.000000    0.000000    0.000000 ^ _633_/CLK (sky130_fd_sc_hd__dfxtp_2)
     2    0.004008    0.026248    0.181747    0.181747 ^ _633_/Q (sky130_fd_sc_hd__dfxtp_2)
                                                         bram.mem[5][0] (net)
                      0.026248    0.000000    0.181747 ^ _463_/A1 (sky130_fd_sc_hd__mux2_1)
     1    0.001748    0.023431    0.066050    0.247797 ^ _463_/X (sky130_fd_sc_hd__mux2_1)
                                                         _080_ (net)
                      0.023431    0.000000    0.247797 ^ _633_/D (sky130_fd_sc_hd__dfxtp_2)
                                              0.247797   data arrival time

                      0.000000    0.000000    0.000000   clock wclk (rise edge)
                                  0.000000    0.000000   clock network delay (ideal)
                                  0.000000    0.000000   clock reconvergence pessimism
                                              0.000000 ^ _633_/CLK (sky130_fd_sc_hd__dfxtp_2)
                                 -0.017502   -0.017502   library hold time
                                             -0.017502   data required time
---------------------------------------------------------------------------------------------
                                             -0.017502   data required time
                                             -0.247797   data arrival time
---------------------------------------------------------------------------------------------
                                              0.265299   slack (MET)


Startpoint: _634_ (rising edge-triggered flip-flop clocked by wclk)
Endpoint: _634_ (rising edge-triggered flip-flop clocked by wclk)
Path Group: wclk
Path Type: min

Fanout         Cap        Slew       Delay        Time   Description
---------------------------------------------------------------------------------------------
                      0.000000    0.000000    0.000000   clock wclk (rise edge)
                                  0.000000    0.000000   clock network delay (ideal)
                      0.000000    0.000000    0.000000 ^ _634_/CLK (sky130_fd_sc_hd__dfxtp_2)
     2    0.004008    0.026248    0.181747    0.181747 ^ _634_/Q (sky130_fd_sc_hd__dfxtp_2)
                                                         bram.mem[5][1] (net)
                      0.026248    0.000000    0.181747 ^ _464_/A1 (sky130_fd_sc_hd__mux2_1)
     1    0.001748    0.023431    0.066050    0.247797 ^ _464_/X (sky130_fd_sc_hd__mux2_1)
                                                         _081_ (net)
                      0.023431    0.000000    0.247797 ^ _634_/D (sky130_fd_sc_hd__dfxtp_2)
                                              0.247797   data arrival time

                      0.000000    0.000000    0.000000   clock wclk (rise edge)
                                  0.000000    0.000000   clock network delay (ideal)
                                  0.000000    0.000000   clock reconvergence pessimism
                                              0.000000 ^ _634_/CLK (sky130_fd_sc_hd__dfxtp_2)
                                 -0.017502   -0.017502   library hold time
                                             -0.017502   data required time
---------------------------------------------------------------------------------------------
                                             -0.017502   data required time
                                             -0.247797   data arrival time
---------------------------------------------------------------------------------------------
                                              0.265299   slack (MET)


Startpoint: _635_ (rising edge-triggered flip-flop clocked by wclk)
Endpoint: _635_ (rising edge-triggered flip-flop clocked by wclk)
Path Group: wclk
Path Type: min

Fanout         Cap        Slew       Delay        Time   Description
---------------------------------------------------------------------------------------------
                      0.000000    0.000000    0.000000   clock wclk (rise edge)
                                  0.000000    0.000000   clock network delay (ideal)
                      0.000000    0.000000    0.000000 ^ _635_/CLK (sky130_fd_sc_hd__dfxtp_2)
     2    0.004008    0.026248    0.181747    0.181747 ^ _635_/Q (sky130_fd_sc_hd__dfxtp_2)
                                                         bram.mem[5][2] (net)
                      0.026248    0.000000    0.181747 ^ _465_/A1 (sky130_fd_sc_hd__mux2_1)
     1    0.001748    0.023431    0.066050    0.247797 ^ _465_/X (sky130_fd_sc_hd__mux2_1)
                                                         _082_ (net)
                      0.023431    0.000000    0.247797 ^ _635_/D (sky130_fd_sc_hd__dfxtp_2)
                                              0.247797   data arrival time

                      0.000000    0.000000    0.000000   clock wclk (rise edge)
                                  0.000000    0.000000   clock network delay (ideal)
                                  0.000000    0.000000   clock reconvergence pessimism
                                              0.000000 ^ _635_/CLK (sky130_fd_sc_hd__dfxtp_2)
                                 -0.017502   -0.017502   library hold time
                                             -0.017502   data required time
---------------------------------------------------------------------------------------------
                                             -0.017502   data required time
                                             -0.247797   data arrival time
---------------------------------------------------------------------------------------------
                                              0.265299   slack (MET)


Startpoint: _636_ (rising edge-triggered flip-flop clocked by wclk)
Endpoint: _636_ (rising edge-triggered flip-flop clocked by wclk)
Path Group: wclk
Path Type: min

Fanout         Cap        Slew       Delay        Time   Description
---------------------------------------------------------------------------------------------
                      0.000000    0.000000    0.000000   clock wclk (rise edge)
                                  0.000000    0.000000   clock network delay (ideal)
                      0.000000    0.000000    0.000000 ^ _636_/CLK (sky130_fd_sc_hd__dfxtp_2)
     2    0.004008    0.026248    0.181747    0.181747 ^ _636_/Q (sky130_fd_sc_hd__dfxtp_2)
                                                         bram.mem[5][3] (net)
                      0.026248    0.000000    0.181747 ^ _466_/A1 (sky130_fd_sc_hd__mux2_1)
     1    0.001748    0.023431    0.066050    0.247797 ^ _466_/X (sky130_fd_sc_hd__mux2_1)
                                                         _083_ (net)
                      0.023431    0.000000    0.247797 ^ _636_/D (sky130_fd_sc_hd__dfxtp_2)
                                              0.247797   data arrival time

                      0.000000    0.000000    0.000000   clock wclk (rise edge)
                                  0.000000    0.000000   clock network delay (ideal)
                                  0.000000    0.000000   clock reconvergence pessimism
                                              0.000000 ^ _636_/CLK (sky130_fd_sc_hd__dfxtp_2)
                                 -0.017502   -0.017502   library hold time
                                             -0.017502   data required time
---------------------------------------------------------------------------------------------
                                             -0.017502   data required time
                                             -0.247797   data arrival time
---------------------------------------------------------------------------------------------
                                              0.265299   slack (MET)


Startpoint: _637_ (rising edge-triggered flip-flop clocked by wclk)
Endpoint: _637_ (rising edge-triggered flip-flop clocked by wclk)
Path Group: wclk
Path Type: min

Fanout         Cap        Slew       Delay        Time   Description
---------------------------------------------------------------------------------------------
                      0.000000    0.000000    0.000000   clock wclk (rise edge)
                                  0.000000    0.000000   clock network delay (ideal)
                      0.000000    0.000000    0.000000 ^ _637_/CLK (sky130_fd_sc_hd__dfxtp_2)
     2    0.004008    0.026248    0.181747    0.181747 ^ _637_/Q (sky130_fd_sc_hd__dfxtp_2)
                                                         bram.mem[5][4] (net)
                      0.026248    0.000000    0.181747 ^ _467_/A1 (sky130_fd_sc_hd__mux2_1)
     1    0.001748    0.023431    0.066050    0.247797 ^ _467_/X (sky130_fd_sc_hd__mux2_1)
                                                         _084_ (net)
                      0.023431    0.000000    0.247797 ^ _637_/D (sky130_fd_sc_hd__dfxtp_2)
                                              0.247797   data arrival time

                      0.000000    0.000000    0.000000   clock wclk (rise edge)
                                  0.000000    0.000000   clock network delay (ideal)
                                  0.000000    0.000000   clock reconvergence pessimism
                                              0.000000 ^ _637_/CLK (sky130_fd_sc_hd__dfxtp_2)
                                 -0.017502   -0.017502   library hold time
                                             -0.017502   data required time
---------------------------------------------------------------------------------------------
                                             -0.017502   data required time
                                             -0.247797   data arrival time
---------------------------------------------------------------------------------------------
                                              0.265299   slack (MET)


Startpoint: _638_ (rising edge-triggered flip-flop clocked by wclk)
Endpoint: _638_ (rising edge-triggered flip-flop clocked by wclk)
Path Group: wclk
Path Type: min

Fanout         Cap        Slew       Delay        Time   Description
---------------------------------------------------------------------------------------------
                      0.000000    0.000000    0.000000   clock wclk (rise edge)
                                  0.000000    0.000000   clock network delay (ideal)
                      0.000000    0.000000    0.000000 ^ _638_/CLK (sky130_fd_sc_hd__dfxtp_2)
     2    0.004008    0.026248    0.181747    0.181747 ^ _638_/Q (sky130_fd_sc_hd__dfxtp_2)
                                                         bram.mem[5][5] (net)
                      0.026248    0.000000    0.181747 ^ _468_/A1 (sky130_fd_sc_hd__mux2_1)
     1    0.001748    0.023431    0.066050    0.247797 ^ _468_/X (sky130_fd_sc_hd__mux2_1)
                                                         _085_ (net)
                      0.023431    0.000000    0.247797 ^ _638_/D (sky130_fd_sc_hd__dfxtp_2)
                                              0.247797   data arrival time

                      0.000000    0.000000    0.000000   clock wclk (rise edge)
                                  0.000000    0.000000   clock network delay (ideal)
                                  0.000000    0.000000   clock reconvergence pessimism
                                              0.000000 ^ _638_/CLK (sky130_fd_sc_hd__dfxtp_2)
                                 -0.017502   -0.017502   library hold time
                                             -0.017502   data required time
---------------------------------------------------------------------------------------------
                                             -0.017502   data required time
                                             -0.247797   data arrival time
---------------------------------------------------------------------------------------------
                                              0.265299   slack (MET)


Startpoint: _639_ (rising edge-triggered flip-flop clocked by wclk)
Endpoint: _639_ (rising edge-triggered flip-flop clocked by wclk)
Path Group: wclk
Path Type: min

Fanout         Cap        Slew       Delay        Time   Description
---------------------------------------------------------------------------------------------
                      0.000000    0.000000    0.000000   clock wclk (rise edge)
                                  0.000000    0.000000   clock network delay (ideal)
                      0.000000    0.000000    0.000000 ^ _639_/CLK (sky130_fd_sc_hd__dfxtp_2)
     2    0.004008    0.026248    0.181747    0.181747 ^ _639_/Q (sky130_fd_sc_hd__dfxtp_2)
                                                         bram.mem[5][6] (net)
                      0.026248    0.000000    0.181747 ^ _469_/A1 (sky130_fd_sc_hd__mux2_1)
     1    0.001748    0.023431    0.066050    0.247797 ^ _469_/X (sky130_fd_sc_hd__mux2_1)
                                                         _086_ (net)
                      0.023431    0.000000    0.247797 ^ _639_/D (sky130_fd_sc_hd__dfxtp_2)
                                              0.247797   data arrival time

                      0.000000    0.000000    0.000000   clock wclk (rise edge)
                                  0.000000    0.000000   clock network delay (ideal)
                                  0.000000    0.000000   clock reconvergence pessimism
                                              0.000000 ^ _639_/CLK (sky130_fd_sc_hd__dfxtp_2)
                                 -0.017502   -0.017502   library hold time
                                             -0.017502   data required time
---------------------------------------------------------------------------------------------
                                             -0.017502   data required time
                                             -0.247797   data arrival time
---------------------------------------------------------------------------------------------
                                              0.265299   slack (MET)


Startpoint: _640_ (rising edge-triggered flip-flop clocked by wclk)
Endpoint: _640_ (rising edge-triggered flip-flop clocked by wclk)
Path Group: wclk
Path Type: min

Fanout         Cap        Slew       Delay        Time   Description
---------------------------------------------------------------------------------------------
                      0.000000    0.000000    0.000000   clock wclk (rise edge)
                                  0.000000    0.000000   clock network delay (ideal)
                      0.000000    0.000000    0.000000 ^ _640_/CLK (sky130_fd_sc_hd__dfxtp_2)
     2    0.004008    0.026248    0.181747    0.181747 ^ _640_/Q (sky130_fd_sc_hd__dfxtp_2)
                                                         bram.mem[5][7] (net)
                      0.026248    0.000000    0.181747 ^ _470_/A1 (sky130_fd_sc_hd__mux2_1)
     1    0.001748    0.023431    0.066050    0.247797 ^ _470_/X (sky130_fd_sc_hd__mux2_1)
                                                         _087_ (net)
                      0.023431    0.000000    0.247797 ^ _640_/D (sky130_fd_sc_hd__dfxtp_2)
                                              0.247797   data arrival time

                      0.000000    0.000000    0.000000   clock wclk (rise edge)
                                  0.000000    0.000000   clock network delay (ideal)
                                  0.000000    0.000000   clock reconvergence pessimism
                                              0.000000 ^ _640_/CLK (sky130_fd_sc_hd__dfxtp_2)
                                 -0.017502   -0.017502   library hold time
                                             -0.017502   data required time
---------------------------------------------------------------------------------------------
                                             -0.017502   data required time
                                             -0.247797   data arrival time
---------------------------------------------------------------------------------------------
                                              0.265299   slack (MET)


Startpoint: _674_ (rising edge-triggered flip-flop clocked by wclk)
Endpoint: _674_ (rising edge-triggered flip-flop clocked by wclk)
Path Group: wclk
Path Type: min

Fanout         Cap        Slew       Delay        Time   Description
---------------------------------------------------------------------------------------------
                      0.000000    0.000000    0.000000   clock wclk (rise edge)
                                  0.000000    0.000000   clock network delay (ideal)
                      0.000000    0.000000    0.000000 ^ _674_/CLK (sky130_fd_sc_hd__dfxtp_2)
     2    0.004008    0.026248    0.181747    0.181747 ^ _674_/Q (sky130_fd_sc_hd__dfxtp_2)
                                                         bram.mem[1][0] (net)
                      0.026248    0.000000    0.181747 ^ _499_/A1 (sky130_fd_sc_hd__mux2_1)
     1    0.001748    0.023431    0.066050    0.247797 ^ _499_/X (sky130_fd_sc_hd__mux2_1)
                                                         _112_ (net)
                      0.023431    0.000000    0.247797 ^ _674_/D (sky130_fd_sc_hd__dfxtp_2)
                                              0.247797   data arrival time

                      0.000000    0.000000    0.000000   clock wclk (rise edge)
                                  0.000000    0.000000   clock network delay (ideal)
                                  0.000000    0.000000   clock reconvergence pessimism
                                              0.000000 ^ _674_/CLK (sky130_fd_sc_hd__dfxtp_2)
                                 -0.017502   -0.017502   library hold time
                                             -0.017502   data required time
---------------------------------------------------------------------------------------------
                                             -0.017502   data required time
                                             -0.247797   data arrival time
---------------------------------------------------------------------------------------------
                                              0.265299   slack (MET)


Startpoint: _675_ (rising edge-triggered flip-flop clocked by wclk)
Endpoint: _675_ (rising edge-triggered flip-flop clocked by wclk)
Path Group: wclk
Path Type: min

Fanout         Cap        Slew       Delay        Time   Description
---------------------------------------------------------------------------------------------
                      0.000000    0.000000    0.000000   clock wclk (rise edge)
                                  0.000000    0.000000   clock network delay (ideal)
                      0.000000    0.000000    0.000000 ^ _675_/CLK (sky130_fd_sc_hd__dfxtp_2)
     2    0.004008    0.026248    0.181747    0.181747 ^ _675_/Q (sky130_fd_sc_hd__dfxtp_2)
                                                         bram.mem[1][1] (net)
                      0.026248    0.000000    0.181747 ^ _500_/A1 (sky130_fd_sc_hd__mux2_1)
     1    0.001748    0.023431    0.066050    0.247797 ^ _500_/X (sky130_fd_sc_hd__mux2_1)
                                                         _113_ (net)
                      0.023431    0.000000    0.247797 ^ _675_/D (sky130_fd_sc_hd__dfxtp_2)
                                              0.247797   data arrival time

                      0.000000    0.000000    0.000000   clock wclk (rise edge)
                                  0.000000    0.000000   clock network delay (ideal)
                                  0.000000    0.000000   clock reconvergence pessimism
                                              0.000000 ^ _675_/CLK (sky130_fd_sc_hd__dfxtp_2)
                                 -0.017502   -0.017502   library hold time
                                             -0.017502   data required time
---------------------------------------------------------------------------------------------
                                             -0.017502   data required time
                                             -0.247797   data arrival time
---------------------------------------------------------------------------------------------
                                              0.265299   slack (MET)


Startpoint: _676_ (rising edge-triggered flip-flop clocked by wclk)
Endpoint: _676_ (rising edge-triggered flip-flop clocked by wclk)
Path Group: wclk
Path Type: min

Fanout         Cap        Slew       Delay        Time   Description
---------------------------------------------------------------------------------------------
                      0.000000    0.000000    0.000000   clock wclk (rise edge)
                                  0.000000    0.000000   clock network delay (ideal)
                      0.000000    0.000000    0.000000 ^ _676_/CLK (sky130_fd_sc_hd__dfxtp_2)
     2    0.004008    0.026248    0.181747    0.181747 ^ _676_/Q (sky130_fd_sc_hd__dfxtp_2)
                                                         bram.mem[1][2] (net)
                      0.026248    0.000000    0.181747 ^ _501_/A1 (sky130_fd_sc_hd__mux2_1)
     1    0.001748    0.023431    0.066050    0.247797 ^ _501_/X (sky130_fd_sc_hd__mux2_1)
                                                         _114_ (net)
                      0.023431    0.000000    0.247797 ^ _676_/D (sky130_fd_sc_hd__dfxtp_2)
                                              0.247797   data arrival time

                      0.000000    0.000000    0.000000   clock wclk (rise edge)
                                  0.000000    0.000000   clock network delay (ideal)
                                  0.000000    0.000000   clock reconvergence pessimism
                                              0.000000 ^ _676_/CLK (sky130_fd_sc_hd__dfxtp_2)
                                 -0.017502   -0.017502   library hold time
                                             -0.017502   data required time
---------------------------------------------------------------------------------------------
                                             -0.017502   data required time
                                             -0.247797   data arrival time
---------------------------------------------------------------------------------------------
                                              0.265299   slack (MET)


Startpoint: _677_ (rising edge-triggered flip-flop clocked by wclk)
Endpoint: _677_ (rising edge-triggered flip-flop clocked by wclk)
Path Group: wclk
Path Type: min

Fanout         Cap        Slew       Delay        Time   Description
---------------------------------------------------------------------------------------------
                      0.000000    0.000000    0.000000   clock wclk (rise edge)
                                  0.000000    0.000000   clock network delay (ideal)
                      0.000000    0.000000    0.000000 ^ _677_/CLK (sky130_fd_sc_hd__dfxtp_2)
     2    0.004008    0.026248    0.181747    0.181747 ^ _677_/Q (sky130_fd_sc_hd__dfxtp_2)
                                                         bram.mem[1][3] (net)
                      0.026248    0.000000    0.181747 ^ _502_/A1 (sky130_fd_sc_hd__mux2_1)
     1    0.001748    0.023431    0.066050    0.247797 ^ _502_/X (sky130_fd_sc_hd__mux2_1)
                                                         _115_ (net)
                      0.023431    0.000000    0.247797 ^ _677_/D (sky130_fd_sc_hd__dfxtp_2)
                                              0.247797   data arrival time

                      0.000000    0.000000    0.000000   clock wclk (rise edge)
                                  0.000000    0.000000   clock network delay (ideal)
                                  0.000000    0.000000   clock reconvergence pessimism
                                              0.000000 ^ _677_/CLK (sky130_fd_sc_hd__dfxtp_2)
                                 -0.017502   -0.017502   library hold time
                                             -0.017502   data required time
---------------------------------------------------------------------------------------------
                                             -0.017502   data required time
                                             -0.247797   data arrival time
---------------------------------------------------------------------------------------------
                                              0.265299   slack (MET)


Startpoint: _678_ (rising edge-triggered flip-flop clocked by wclk)
Endpoint: _678_ (rising edge-triggered flip-flop clocked by wclk)
Path Group: wclk
Path Type: min

Fanout         Cap        Slew       Delay        Time   Description
---------------------------------------------------------------------------------------------
                      0.000000    0.000000    0.000000   clock wclk (rise edge)
                                  0.000000    0.000000   clock network delay (ideal)
                      0.000000    0.000000    0.000000 ^ _678_/CLK (sky130_fd_sc_hd__dfxtp_2)
     2    0.004008    0.026248    0.181747    0.181747 ^ _678_/Q (sky130_fd_sc_hd__dfxtp_2)
                                                         bram.mem[1][4] (net)
                      0.026248    0.000000    0.181747 ^ _503_/A1 (sky130_fd_sc_hd__mux2_1)
     1    0.001748    0.023431    0.066050    0.247797 ^ _503_/X (sky130_fd_sc_hd__mux2_1)
                                                         _116_ (net)
                      0.023431    0.000000    0.247797 ^ _678_/D (sky130_fd_sc_hd__dfxtp_2)
                                              0.247797   data arrival time

                      0.000000    0.000000    0.000000   clock wclk (rise edge)
                                  0.000000    0.000000   clock network delay (ideal)
                                  0.000000    0.000000   clock reconvergence pessimism
                                              0.000000 ^ _678_/CLK (sky130_fd_sc_hd__dfxtp_2)
                                 -0.017502   -0.017502   library hold time
                                             -0.017502   data required time
---------------------------------------------------------------------------------------------
                                             -0.017502   data required time
                                             -0.247797   data arrival time
---------------------------------------------------------------------------------------------
                                              0.265299   slack (MET)


Startpoint: _679_ (rising edge-triggered flip-flop clocked by wclk)
Endpoint: _679_ (rising edge-triggered flip-flop clocked by wclk)
Path Group: wclk
Path Type: min

Fanout         Cap        Slew       Delay        Time   Description
---------------------------------------------------------------------------------------------
                      0.000000    0.000000    0.000000   clock wclk (rise edge)
                                  0.000000    0.000000   clock network delay (ideal)
                      0.000000    0.000000    0.000000 ^ _679_/CLK (sky130_fd_sc_hd__dfxtp_2)
     2    0.004008    0.026248    0.181747    0.181747 ^ _679_/Q (sky130_fd_sc_hd__dfxtp_2)
                                                         bram.mem[1][5] (net)
                      0.026248    0.000000    0.181747 ^ _504_/A1 (sky130_fd_sc_hd__mux2_1)
     1    0.001748    0.023431    0.066050    0.247797 ^ _504_/X (sky130_fd_sc_hd__mux2_1)
                                                         _117_ (net)
                      0.023431    0.000000    0.247797 ^ _679_/D (sky130_fd_sc_hd__dfxtp_2)
                                              0.247797   data arrival time

                      0.000000    0.000000    0.000000   clock wclk (rise edge)
                                  0.000000    0.000000   clock network delay (ideal)
                                  0.000000    0.000000   clock reconvergence pessimism
                                              0.000000 ^ _679_/CLK (sky130_fd_sc_hd__dfxtp_2)
                                 -0.017502   -0.017502   library hold time
                                             -0.017502   data required time
---------------------------------------------------------------------------------------------
                                             -0.017502   data required time
                                             -0.247797   data arrival time
---------------------------------------------------------------------------------------------
                                              0.265299   slack (MET)


Startpoint: _680_ (rising edge-triggered flip-flop clocked by wclk)
Endpoint: _680_ (rising edge-triggered flip-flop clocked by wclk)
Path Group: wclk
Path Type: min

Fanout         Cap        Slew       Delay        Time   Description
---------------------------------------------------------------------------------------------
                      0.000000    0.000000    0.000000   clock wclk (rise edge)
                                  0.000000    0.000000   clock network delay (ideal)
                      0.000000    0.000000    0.000000 ^ _680_/CLK (sky130_fd_sc_hd__dfxtp_2)
     2    0.004008    0.026248    0.181747    0.181747 ^ _680_/Q (sky130_fd_sc_hd__dfxtp_2)
                                                         bram.mem[1][6] (net)
                      0.026248    0.000000    0.181747 ^ _505_/A1 (sky130_fd_sc_hd__mux2_1)
     1    0.001748    0.023431    0.066050    0.247797 ^ _505_/X (sky130_fd_sc_hd__mux2_1)
                                                         _118_ (net)
                      0.023431    0.000000    0.247797 ^ _680_/D (sky130_fd_sc_hd__dfxtp_2)
                                              0.247797   data arrival time

                      0.000000    0.000000    0.000000   clock wclk (rise edge)
                                  0.000000    0.000000   clock network delay (ideal)
                                  0.000000    0.000000   clock reconvergence pessimism
                                              0.000000 ^ _680_/CLK (sky130_fd_sc_hd__dfxtp_2)
                                 -0.017502   -0.017502   library hold time
                                             -0.017502   data required time
---------------------------------------------------------------------------------------------
                                             -0.017502   data required time
                                             -0.247797   data arrival time
---------------------------------------------------------------------------------------------
                                              0.265299   slack (MET)


Startpoint: _681_ (rising edge-triggered flip-flop clocked by wclk)
Endpoint: _681_ (rising edge-triggered flip-flop clocked by wclk)
Path Group: wclk
Path Type: min

Fanout         Cap        Slew       Delay        Time   Description
---------------------------------------------------------------------------------------------
                      0.000000    0.000000    0.000000   clock wclk (rise edge)
                                  0.000000    0.000000   clock network delay (ideal)
                      0.000000    0.000000    0.000000 ^ _681_/CLK (sky130_fd_sc_hd__dfxtp_2)
     2    0.004008    0.026248    0.181747    0.181747 ^ _681_/Q (sky130_fd_sc_hd__dfxtp_2)
                                                         bram.mem[1][7] (net)
                      0.026248    0.000000    0.181747 ^ _506_/A1 (sky130_fd_sc_hd__mux2_1)
     1    0.001748    0.023431    0.066050    0.247797 ^ _506_/X (sky130_fd_sc_hd__mux2_1)
                                                         _119_ (net)
                      0.023431    0.000000    0.247797 ^ _681_/D (sky130_fd_sc_hd__dfxtp_2)
                                              0.247797   data arrival time

                      0.000000    0.000000    0.000000   clock wclk (rise edge)
                                  0.000000    0.000000   clock network delay (ideal)
                                  0.000000    0.000000   clock reconvergence pessimism
                                              0.000000 ^ _681_/CLK (sky130_fd_sc_hd__dfxtp_2)
                                 -0.017502   -0.017502   library hold time
                                             -0.017502   data required time
---------------------------------------------------------------------------------------------
                                             -0.017502   data required time
                                             -0.247797   data arrival time
---------------------------------------------------------------------------------------------
                                              0.265299   slack (MET)


Startpoint: _661_ (rising edge-triggered flip-flop clocked by rclk)
Endpoint: _661_ (rising edge-triggered flip-flop clocked by rclk)
Path Group: rclk
Path Type: min

Fanout         Cap        Slew       Delay        Time   Description
---------------------------------------------------------------------------------------------
                      0.000000    0.000000    0.000000   clock rclk (rise edge)
                                  0.000000    0.000000   clock network delay (ideal)
                      0.000000    0.000000    0.000000 ^ _661_/CLK (sky130_fd_sc_hd__dfrtp_2)
     5    0.027145    0.107157    0.264026    0.264026 ^ _661_/Q (sky130_fd_sc_hd__dfrtp_2)
                                                         r_ptr_bin[4] (net)
                      0.107157    0.000000    0.264026 ^ _327_/A (sky130_fd_sc_hd__xnor2_2)
     1    0.002059    0.019050    0.040183    0.304209 v _327_/Y (sky130_fd_sc_hd__xnor2_2)
                                                         u_rptr_handler.b_rptr_next[4] (net)
                      0.019050    0.000000    0.304209 v _661_/D (sky130_fd_sc_hd__dfrtp_2)
                                              0.304209   data arrival time

                      0.000000    0.000000    0.000000   clock rclk (rise edge)
                                  0.000000    0.000000   clock network delay (ideal)
                                  0.000000    0.000000   clock reconvergence pessimism
                                              0.000000 ^ _661_/CLK (sky130_fd_sc_hd__dfrtp_2)
                                 -0.028761   -0.028761   library hold time
                                             -0.028761   data required time
---------------------------------------------------------------------------------------------
                                             -0.028761   data required time
                                             -0.304209   data arrival time
---------------------------------------------------------------------------------------------
                                              0.332970   slack (MET)


Startpoint: _661_ (rising edge-triggered flip-flop clocked by rclk)
Endpoint: _665_ (rising edge-triggered flip-flop clocked by rclk)
Path Group: rclk
Path Type: min

Fanout         Cap        Slew       Delay        Time   Description
---------------------------------------------------------------------------------------------
                      0.000000    0.000000    0.000000   clock rclk (rise edge)
                                  0.000000    0.000000   clock network delay (ideal)
                      0.000000    0.000000    0.000000 ^ _661_/CLK (sky130_fd_sc_hd__dfrtp_2)
     5    0.027145    0.107157    0.264026    0.264026 ^ _661_/Q (sky130_fd_sc_hd__dfrtp_2)
                                                         r_ptr_bin[4] (net)
                      0.107157    0.000000    0.264026 ^ _328_/A (sky130_fd_sc_hd__xnor2_2)
     1    0.002059    0.021307    0.040183    0.304209 v _328_/Y (sky130_fd_sc_hd__xnor2_2)
                                                         u_rptr_handler.g_rptr_next[3] (net)
                      0.021307    0.000000    0.304209 v _665_/D (sky130_fd_sc_hd__dfrtp_2)
                                              0.304209   data arrival time

                      0.000000    0.000000    0.000000   clock rclk (rise edge)
                                  0.000000    0.000000   clock network delay (ideal)
                                  0.000000    0.000000   clock reconvergence pessimism
                                              0.000000 ^ _665_/CLK (sky130_fd_sc_hd__dfrtp_2)
                                 -0.029483   -0.029483   library hold time
                                             -0.029483   data required time
---------------------------------------------------------------------------------------------
                                             -0.029483   data required time
                                             -0.304209   data arrival time
---------------------------------------------------------------------------------------------
                                              0.333692   slack (MET)


Startpoint: _628_ (rising edge-triggered flip-flop clocked by wclk)
Endpoint: _628_ (rising edge-triggered flip-flop clocked by wclk)
Path Group: wclk
Path Type: min

Fanout         Cap        Slew       Delay        Time   Description
---------------------------------------------------------------------------------------------
                      0.000000    0.000000    0.000000   clock wclk (rise edge)
                                  0.000000    0.000000   clock network delay (ideal)
                      0.000000    0.000000    0.000000 ^ _628_/CLK (sky130_fd_sc_hd__dfrtp_2)
     4    0.029390    0.114713    0.269582    0.269582 ^ _628_/Q (sky130_fd_sc_hd__dfrtp_2)
                                                         sync_gwptr_to_rd.d1[4] (net)
                      0.114713    0.000000    0.269582 ^ _344_/A (sky130_fd_sc_hd__xnor2_2)
     1    0.002059    0.021348    0.040742    0.310325 v _344_/Y (sky130_fd_sc_hd__xnor2_2)
                                                         u_wrptr_handler.b_wptr_next[4] (net)
                      0.021348    0.000000    0.310325 v _628_/D (sky130_fd_sc_hd__dfrtp_2)
                                              0.310325   data arrival time

                      0.000000    0.000000    0.000000   clock wclk (rise edge)
                                  0.000000    0.000000   clock network delay (ideal)
                                  0.000000    0.000000   clock reconvergence pessimism
                                              0.000000 ^ _628_/CLK (sky130_fd_sc_hd__dfrtp_2)
                                 -0.029496   -0.029496   library hold time
                                             -0.029496   data required time
---------------------------------------------------------------------------------------------
                                             -0.029496   data required time
                                             -0.310325   data arrival time
---------------------------------------------------------------------------------------------
                                              0.339821   slack (MET)


Startpoint: _628_ (rising edge-triggered flip-flop clocked by wclk)
Endpoint: _632_ (rising edge-triggered flip-flop clocked by wclk)
Path Group: wclk
Path Type: min

Fanout         Cap        Slew       Delay        Time   Description
---------------------------------------------------------------------------------------------
                      0.000000    0.000000    0.000000   clock wclk (rise edge)
                                  0.000000    0.000000   clock network delay (ideal)
                      0.000000    0.000000    0.000000 ^ _628_/CLK (sky130_fd_sc_hd__dfrtp_2)
     4    0.029390    0.114713    0.269582    0.269582 ^ _628_/Q (sky130_fd_sc_hd__dfrtp_2)
                                                         sync_gwptr_to_rd.d1[4] (net)
                      0.114713    0.000000    0.269582 ^ _345_/A (sky130_fd_sc_hd__xor2_2)
     1    0.002059    0.020096    0.042950    0.312532 v _345_/X (sky130_fd_sc_hd__xor2_2)
                                                         u_wrptr_handler.g_wptr_next[3] (net)
                      0.020096    0.000000    0.312532 v _632_/D (sky130_fd_sc_hd__dfrtp_2)
                                              0.312532   data arrival time

                      0.000000    0.000000    0.000000   clock wclk (rise edge)
                                  0.000000    0.000000   clock network delay (ideal)
                                  0.000000    0.000000   clock reconvergence pessimism
                                              0.000000 ^ _632_/CLK (sky130_fd_sc_hd__dfrtp_2)
                                 -0.029095   -0.029095   library hold time
                                             -0.029095   data required time
---------------------------------------------------------------------------------------------
                                             -0.029095   data required time
                                             -0.312532   data arrival time
---------------------------------------------------------------------------------------------
                                              0.341627   slack (MET)


Startpoint: _626_ (rising edge-triggered flip-flop clocked by wclk)
Endpoint: _630_ (rising edge-triggered flip-flop clocked by wclk)
Path Group: wclk
Path Type: min

Fanout         Cap        Slew       Delay        Time   Description
---------------------------------------------------------------------------------------------
                      0.000000    0.000000    0.000000   clock wclk (rise edge)
                                  0.000000    0.000000   clock network delay (ideal)
                      0.000000    0.000000    0.000000 ^ _626_/CLK (sky130_fd_sc_hd__dfrtp_2)
    10    0.042377    0.158426    0.301722    0.301722 ^ _626_/Q (sky130_fd_sc_hd__dfrtp_2)
                                                         bram.waddr[2] (net)
                      0.158426    0.000000    0.301722 ^ _338_/A (sky130_fd_sc_hd__xnor2_2)
     1    0.002059    0.021550    0.040670    0.342392 v _338_/Y (sky130_fd_sc_hd__xnor2_2)
                                                         u_wrptr_handler.g_wptr_next[1] (net)
                      0.021550    0.000000    0.342392 v _630_/D (sky130_fd_sc_hd__dfrtp_2)
                                              0.342392   data arrival time

                      0.000000    0.000000    0.000000   clock wclk (rise edge)
                                  0.000000    0.000000   clock network delay (ideal)
                                  0.000000    0.000000   clock reconvergence pessimism
                                              0.000000 ^ _630_/CLK (sky130_fd_sc_hd__dfrtp_2)
                                 -0.029561   -0.029561   library hold time
                                             -0.029561   data required time
---------------------------------------------------------------------------------------------
                                             -0.029561   data required time
                                             -0.342392   data arrival time
---------------------------------------------------------------------------------------------
                                              0.371953   slack (MET)


Startpoint: _626_ (rising edge-triggered flip-flop clocked by wclk)
Endpoint: _626_ (rising edge-triggered flip-flop clocked by wclk)
Path Group: wclk
Path Type: min

Fanout         Cap        Slew       Delay        Time   Description
---------------------------------------------------------------------------------------------
                      0.000000    0.000000    0.000000   clock wclk (rise edge)
                                  0.000000    0.000000   clock network delay (ideal)
                      0.000000    0.000000    0.000000 ^ _626_/CLK (sky130_fd_sc_hd__dfrtp_2)
    10    0.042377    0.158426    0.301722    0.301722 ^ _626_/Q (sky130_fd_sc_hd__dfrtp_2)
                                                         bram.waddr[2] (net)
                      0.158426    0.000000    0.301722 ^ _337_/A (sky130_fd_sc_hd__xor2_2)
     1    0.002059    0.020128    0.043542    0.345264 v _337_/X (sky130_fd_sc_hd__xor2_2)
                                                         u_wrptr_handler.b_wptr_next[2] (net)
                      0.020128    0.000000    0.345264 v _626_/D (sky130_fd_sc_hd__dfrtp_2)
                                              0.345264   data arrival time

                      0.000000    0.000000    0.000000   clock wclk (rise edge)
                                  0.000000    0.000000   clock network delay (ideal)
                                  0.000000    0.000000   clock reconvergence pessimism
                                              0.000000 ^ _626_/CLK (sky130_fd_sc_hd__dfrtp_2)
                                 -0.029106   -0.029106   library hold time
                                             -0.029106   data required time
---------------------------------------------------------------------------------------------
                                             -0.029106   data required time
                                             -0.345264   data arrival time
---------------------------------------------------------------------------------------------
                                              0.374370   slack (MET)


Startpoint: _660_ (rising edge-triggered flip-flop clocked by rclk)
Endpoint: _664_ (rising edge-triggered flip-flop clocked by rclk)
Path Group: rclk
Path Type: min

Fanout         Cap        Slew       Delay        Time   Description
---------------------------------------------------------------------------------------------
                      0.000000    0.000000    0.000000   clock rclk (rise edge)
                                  0.000000    0.000000   clock network delay (ideal)
                      0.000000    0.000000    0.000000 ^ _660_/CLK (sky130_fd_sc_hd__dfrtp_2)
    12    0.043632    0.162650    0.304828    0.304828 ^ _660_/Q (sky130_fd_sc_hd__dfrtp_2)
                                                         bram.raddr[3] (net)
                      0.162650    0.000000    0.304828 ^ _326_/A (sky130_fd_sc_hd__xnor2_2)
     1    0.002059    0.021579    0.040593    0.345421 v _326_/Y (sky130_fd_sc_hd__xnor2_2)
                                                         u_rptr_handler.g_rptr_next[2] (net)
                      0.021579    0.000000    0.345421 v _664_/D (sky130_fd_sc_hd__dfrtp_2)
                                              0.345421   data arrival time

                      0.000000    0.000000    0.000000   clock rclk (rise edge)
                                  0.000000    0.000000   clock network delay (ideal)
                                  0.000000    0.000000   clock reconvergence pessimism
                                              0.000000 ^ _664_/CLK (sky130_fd_sc_hd__dfrtp_2)
                                 -0.029570   -0.029570   library hold time
                                             -0.029570   data required time
---------------------------------------------------------------------------------------------
                                             -0.029570   data required time
                                             -0.345421   data arrival time
---------------------------------------------------------------------------------------------
                                              0.374992   slack (MET)


Startpoint: _627_ (rising edge-triggered flip-flop clocked by wclk)
Endpoint: _631_ (rising edge-triggered flip-flop clocked by wclk)
Path Group: wclk
Path Type: min

Fanout         Cap        Slew       Delay        Time   Description
---------------------------------------------------------------------------------------------
                      0.000000    0.000000    0.000000   clock wclk (rise edge)
                                  0.000000    0.000000   clock network delay (ideal)
                      0.000000    0.000000    0.000000 ^ _627_/CLK (sky130_fd_sc_hd__dfrtp_2)
     4    0.013418    0.061138    0.229558    0.229558 ^ _627_/Q (sky130_fd_sc_hd__dfrtp_2)
                                                         bram.waddr[3] (net)
                      0.061138    0.000000    0.229558 ^ _254_/A (sky130_fd_sc_hd__inv_2)
     5    0.020612    0.039897    0.044339    0.273897 v _254_/Y (sky130_fd_sc_hd__inv_2)
                                                         _138_ (net)
                      0.039897    0.000000    0.273897 v _343_/A (sky130_fd_sc_hd__xnor2_2)
     1    0.002087    0.022704    0.091703    0.365600 ^ _343_/Y (sky130_fd_sc_hd__xnor2_2)
                                                         u_wrptr_handler.g_wptr_next[2] (net)
                      0.022704    0.000000    0.365600 ^ _631_/D (sky130_fd_sc_hd__dfrtp_2)
                                              0.365600   data arrival time

                      0.000000    0.000000    0.000000   clock wclk (rise edge)
                                  0.000000    0.000000   clock network delay (ideal)
                                  0.000000    0.000000   clock reconvergence pessimism
                                              0.000000 ^ _631_/CLK (sky130_fd_sc_hd__dfrtp_2)
                                 -0.019948   -0.019948   library hold time
                                             -0.019948   data required time
---------------------------------------------------------------------------------------------
                                             -0.019948   data required time
                                             -0.365600   data arrival time
---------------------------------------------------------------------------------------------
                                              0.385548   slack (MET)


Startpoint: _627_ (rising edge-triggered flip-flop clocked by wclk)
Endpoint: _627_ (rising edge-triggered flip-flop clocked by wclk)
Path Group: wclk
Path Type: min

Fanout         Cap        Slew       Delay        Time   Description
---------------------------------------------------------------------------------------------
                      0.000000    0.000000    0.000000   clock wclk (rise edge)
                                  0.000000    0.000000   clock network delay (ideal)
                      0.000000    0.000000    0.000000 ^ _627_/CLK (sky130_fd_sc_hd__dfrtp_2)
     4    0.013418    0.061138    0.229558    0.229558 ^ _627_/Q (sky130_fd_sc_hd__dfrtp_2)
                                                         bram.waddr[3] (net)
                      0.061138    0.000000    0.229558 ^ _341_/B1 (sky130_fd_sc_hd__a41o_2)
     2    0.010041    0.042261    0.076091    0.305648 ^ _341_/X (sky130_fd_sc_hd__a41o_2)
                                                         _205_ (net)
                      0.042261    0.000000    0.305648 ^ _342_/B (sky130_fd_sc_hd__and2_2)
     1    0.002087    0.022944    0.078742    0.384390 ^ _342_/X (sky130_fd_sc_hd__and2_2)
                                                         u_wrptr_handler.b_wptr_next[3] (net)
                      0.022944    0.000000    0.384390 ^ _627_/D (sky130_fd_sc_hd__dfrtp_2)
                                              0.384390   data arrival time

                      0.000000    0.000000    0.000000   clock wclk (rise edge)
                                  0.000000    0.000000   clock network delay (ideal)
                                  0.000000    0.000000   clock reconvergence pessimism
                                              0.000000 ^ _627_/CLK (sky130_fd_sc_hd__dfrtp_2)
                                 -0.019966   -0.019966   library hold time
                                             -0.019966   data required time
---------------------------------------------------------------------------------------------
                                             -0.019966   data required time
                                             -0.384390   data arrival time
---------------------------------------------------------------------------------------------
                                              0.404356   slack (MET)


Startpoint: _625_ (rising edge-triggered flip-flop clocked by wclk)
Endpoint: _629_ (rising edge-triggered flip-flop clocked by wclk)
Path Group: wclk
Path Type: min

Fanout         Cap        Slew       Delay        Time   Description
---------------------------------------------------------------------------------------------
                      0.000000    0.000000    0.000000   clock wclk (rise edge)
                                  0.000000    0.000000   clock network delay (ideal)
                      0.000000    0.000000    0.000000 ^ _625_/CLK (sky130_fd_sc_hd__dfrtp_2)
    23    0.064307    0.234833    0.354802    0.354802 ^ _625_/Q (sky130_fd_sc_hd__dfrtp_2)
                                                         bram.waddr[1] (net)
                      0.234833    0.000000    0.354802 ^ _335_/A (sky130_fd_sc_hd__xnor2_2)
     1    0.002059    0.021941    0.039293    0.394096 v _335_/Y (sky130_fd_sc_hd__xnor2_2)
                                                         u_wrptr_handler.g_wptr_next[0] (net)
                      0.021941    0.000000    0.394096 v _629_/D (sky130_fd_sc_hd__dfrtp_2)
                                              0.394096   data arrival time

                      0.000000    0.000000    0.000000   clock wclk (rise edge)
                                  0.000000    0.000000   clock network delay (ideal)
                                  0.000000    0.000000   clock reconvergence pessimism
                                              0.000000 ^ _629_/CLK (sky130_fd_sc_hd__dfrtp_2)
                                 -0.029686   -0.029686   library hold time
                                             -0.029686   data required time
---------------------------------------------------------------------------------------------
                                             -0.029686   data required time
                                             -0.394096   data arrival time
---------------------------------------------------------------------------------------------
                                              0.423782   slack (MET)


Startpoint: _659_ (rising edge-triggered flip-flop clocked by rclk)
Endpoint: _663_ (rising edge-triggered flip-flop clocked by rclk)
Path Group: rclk
Path Type: min

Fanout         Cap        Slew       Delay        Time   Description
---------------------------------------------------------------------------------------------
                      0.000000    0.000000    0.000000   clock rclk (rise edge)
                                  0.000000    0.000000   clock network delay (ideal)
                      0.000000    0.000000    0.000000 ^ _659_/CLK (sky130_fd_sc_hd__dfrtp_2)
    20    0.064981    0.237191    0.356429    0.356429 ^ _659_/Q (sky130_fd_sc_hd__dfrtp_2)
                                                         bram.raddr[2] (net)
                      0.237191    0.000000    0.356429 ^ _322_/A (sky130_fd_sc_hd__xnor2_2)
     1    0.002059    0.021937    0.039251    0.395680 v _322_/Y (sky130_fd_sc_hd__xnor2_2)
                                                         u_rptr_handler.g_rptr_next[1] (net)
                      0.021937    0.000000    0.395680 v _663_/D (sky130_fd_sc_hd__dfrtp_2)
                                              0.395680   data arrival time

                      0.000000    0.000000    0.000000   clock rclk (rise edge)
                                  0.000000    0.000000   clock network delay (ideal)
                                  0.000000    0.000000   clock reconvergence pessimism
                                              0.000000 ^ _663_/CLK (sky130_fd_sc_hd__dfrtp_2)
                                 -0.029685   -0.029685   library hold time
                                             -0.029685   data required time
---------------------------------------------------------------------------------------------
                                             -0.029685   data required time
                                             -0.395680   data arrival time
---------------------------------------------------------------------------------------------
                                              0.425365   slack (MET)


Startpoint: _660_ (rising edge-triggered flip-flop clocked by rclk)
Endpoint: _542_ (rising edge-triggered flip-flop clocked by rclk)
Path Group: rclk
Path Type: min

Fanout         Cap        Slew       Delay        Time   Description
---------------------------------------------------------------------------------------------
                      0.000000    0.000000    0.000000   clock rclk (rise edge)
                                  0.000000    0.000000   clock network delay (ideal)
                      0.000000    0.000000    0.000000 ^ _660_/CLK (sky130_fd_sc_hd__dfrtp_2)
    12    0.043632    0.162650    0.304828    0.304828 ^ _660_/Q (sky130_fd_sc_hd__dfrtp_2)
                                                         bram.raddr[3] (net)
                      0.162650    0.000000    0.304828 ^ _349_/B1 (sky130_fd_sc_hd__o21a_2)
     1    0.002544    0.020014    0.071475    0.376303 ^ _349_/X (sky130_fd_sc_hd__o21a_2)
                                                         _209_ (net)
                      0.020014    0.000000    0.376303 ^ _353_/A2 (sky130_fd_sc_hd__a22o_2)
     1    0.001748    0.018409    0.068934    0.445237 ^ _353_/X (sky130_fd_sc_hd__a22o_2)
                                                         _000_ (net)
                      0.018409    0.000000    0.445237 ^ _542_/D (sky130_fd_sc_hd__dfxtp_2)
                                              0.445237   data arrival time

                      0.000000    0.000000    0.000000   clock rclk (rise edge)
                                  0.000000    0.000000   clock network delay (ideal)
                                  0.000000    0.000000   clock reconvergence pessimism
                                              0.000000 ^ _542_/CLK (sky130_fd_sc_hd__dfxtp_2)
                                 -0.017145   -0.017145   library hold time
                                             -0.017145   data required time
---------------------------------------------------------------------------------------------
                                             -0.017145   data required time
                                             -0.445237   data arrival time
---------------------------------------------------------------------------------------------
                                              0.462382   slack (MET)


Startpoint: _660_ (rising edge-triggered flip-flop clocked by rclk)
Endpoint: _543_ (rising edge-triggered flip-flop clocked by rclk)
Path Group: rclk
Path Type: min

Fanout         Cap        Slew       Delay        Time   Description
---------------------------------------------------------------------------------------------
                      0.000000    0.000000    0.000000   clock rclk (rise edge)
                                  0.000000    0.000000   clock network delay (ideal)
                      0.000000    0.000000    0.000000 ^ _660_/CLK (sky130_fd_sc_hd__dfrtp_2)
    12    0.043632    0.162650    0.304828    0.304828 ^ _660_/Q (sky130_fd_sc_hd__dfrtp_2)
                                                         bram.raddr[3] (net)
                      0.162650    0.000000    0.304828 ^ _357_/B1 (sky130_fd_sc_hd__o21a_2)
     1    0.002544    0.020014    0.071475    0.376303 ^ _357_/X (sky130_fd_sc_hd__o21a_2)
                                                         _216_ (net)
                      0.020014    0.000000    0.376303 ^ _361_/A2 (sky130_fd_sc_hd__a22o_2)
     1    0.001748    0.018409    0.068934    0.445237 ^ _361_/X (sky130_fd_sc_hd__a22o_2)
                                                         _001_ (net)
                      0.018409    0.000000    0.445237 ^ _543_/D (sky130_fd_sc_hd__dfxtp_2)
                                              0.445237   data arrival time

                      0.000000    0.000000    0.000000   clock rclk (rise edge)
                                  0.000000    0.000000   clock network delay (ideal)
                                  0.000000    0.000000   clock reconvergence pessimism
                                              0.000000 ^ _543_/CLK (sky130_fd_sc_hd__dfxtp_2)
                                 -0.017145   -0.017145   library hold time
                                             -0.017145   data required time
---------------------------------------------------------------------------------------------
                                             -0.017145   data required time
                                             -0.445237   data arrival time
---------------------------------------------------------------------------------------------
                                              0.462382   slack (MET)


Startpoint: _660_ (rising edge-triggered flip-flop clocked by rclk)
Endpoint: _544_ (rising edge-triggered flip-flop clocked by rclk)
Path Group: rclk
Path Type: min

Fanout         Cap        Slew       Delay        Time   Description
---------------------------------------------------------------------------------------------
                      0.000000    0.000000    0.000000   clock rclk (rise edge)
                                  0.000000    0.000000   clock network delay (ideal)
                      0.000000    0.000000    0.000000 ^ _660_/CLK (sky130_fd_sc_hd__dfrtp_2)
    12    0.043632    0.162650    0.304828    0.304828 ^ _660_/Q (sky130_fd_sc_hd__dfrtp_2)
                                                         bram.raddr[3] (net)
                      0.162650    0.000000    0.304828 ^ _365_/B1 (sky130_fd_sc_hd__o21a_2)
     1    0.002544    0.020014    0.071475    0.376303 ^ _365_/X (sky130_fd_sc_hd__o21a_2)
                                                         _223_ (net)
                      0.020014    0.000000    0.376303 ^ _369_/A2 (sky130_fd_sc_hd__a22o_2)
     1    0.001748    0.018409    0.068934    0.445237 ^ _369_/X (sky130_fd_sc_hd__a22o_2)
                                                         _002_ (net)
                      0.018409    0.000000    0.445237 ^ _544_/D (sky130_fd_sc_hd__dfxtp_2)
                                              0.445237   data arrival time

                      0.000000    0.000000    0.000000   clock rclk (rise edge)
                                  0.000000    0.000000   clock network delay (ideal)
                                  0.000000    0.000000   clock reconvergence pessimism
                                              0.000000 ^ _544_/CLK (sky130_fd_sc_hd__dfxtp_2)
                                 -0.017145   -0.017145   library hold time
                                             -0.017145   data required time
---------------------------------------------------------------------------------------------
                                             -0.017145   data required time
                                             -0.445237   data arrival time
---------------------------------------------------------------------------------------------
                                              0.462382   slack (MET)


Startpoint: _660_ (rising edge-triggered flip-flop clocked by rclk)
Endpoint: _545_ (rising edge-triggered flip-flop clocked by rclk)
Path Group: rclk
Path Type: min

Fanout         Cap        Slew       Delay        Time   Description
---------------------------------------------------------------------------------------------
                      0.000000    0.000000    0.000000   clock rclk (rise edge)
                                  0.000000    0.000000   clock network delay (ideal)
                      0.000000    0.000000    0.000000 ^ _660_/CLK (sky130_fd_sc_hd__dfrtp_2)
    12    0.043632    0.162650    0.304828    0.304828 ^ _660_/Q (sky130_fd_sc_hd__dfrtp_2)
                                                         bram.raddr[3] (net)
                      0.162650    0.000000    0.304828 ^ _373_/B1 (sky130_fd_sc_hd__o21a_2)
     1    0.002544    0.020014    0.071475    0.376303 ^ _373_/X (sky130_fd_sc_hd__o21a_2)
                                                         _230_ (net)
                      0.020014    0.000000    0.376303 ^ _377_/A2 (sky130_fd_sc_hd__a22o_2)
     1    0.001748    0.018409    0.068934    0.445237 ^ _377_/X (sky130_fd_sc_hd__a22o_2)
                                                         _003_ (net)
                      0.018409    0.000000    0.445237 ^ _545_/D (sky130_fd_sc_hd__dfxtp_2)
                                              0.445237   data arrival time

                      0.000000    0.000000    0.000000   clock rclk (rise edge)
                                  0.000000    0.000000   clock network delay (ideal)
                                  0.000000    0.000000   clock reconvergence pessimism
                                              0.000000 ^ _545_/CLK (sky130_fd_sc_hd__dfxtp_2)
                                 -0.017145   -0.017145   library hold time
                                             -0.017145   data required time
---------------------------------------------------------------------------------------------
                                             -0.017145   data required time
                                             -0.445237   data arrival time
---------------------------------------------------------------------------------------------
                                              0.462382   slack (MET)


Startpoint: _660_ (rising edge-triggered flip-flop clocked by rclk)
Endpoint: _546_ (rising edge-triggered flip-flop clocked by rclk)
Path Group: rclk
Path Type: min

Fanout         Cap        Slew       Delay        Time   Description
---------------------------------------------------------------------------------------------
                      0.000000    0.000000    0.000000   clock rclk (rise edge)
                                  0.000000    0.000000   clock network delay (ideal)
                      0.000000    0.000000    0.000000 ^ _660_/CLK (sky130_fd_sc_hd__dfrtp_2)
    12    0.043632    0.162650    0.304828    0.304828 ^ _660_/Q (sky130_fd_sc_hd__dfrtp_2)
                                                         bram.raddr[3] (net)
                      0.162650    0.000000    0.304828 ^ _262_/B1 (sky130_fd_sc_hd__o21a_2)
     1    0.002544    0.020014    0.071475    0.376303 ^ _262_/X (sky130_fd_sc_hd__o21a_2)
                                                         _146_ (net)
                      0.020014    0.000000    0.376303 ^ _266_/A2 (sky130_fd_sc_hd__a22o_2)
     1    0.001748    0.018409    0.068934    0.445237 ^ _266_/X (sky130_fd_sc_hd__a22o_2)
                                                         _004_ (net)
                      0.018409    0.000000    0.445237 ^ _546_/D (sky130_fd_sc_hd__dfxtp_2)
                                              0.445237   data arrival time

                      0.000000    0.000000    0.000000   clock rclk (rise edge)
                                  0.000000    0.000000   clock network delay (ideal)
                                  0.000000    0.000000   clock reconvergence pessimism
                                              0.000000 ^ _546_/CLK (sky130_fd_sc_hd__dfxtp_2)
                                 -0.017145   -0.017145   library hold time
                                             -0.017145   data required time
---------------------------------------------------------------------------------------------
                                             -0.017145   data required time
                                             -0.445237   data arrival time
---------------------------------------------------------------------------------------------
                                              0.462382   slack (MET)


Startpoint: _660_ (rising edge-triggered flip-flop clocked by rclk)
Endpoint: _547_ (rising edge-triggered flip-flop clocked by rclk)
Path Group: rclk
Path Type: min

Fanout         Cap        Slew       Delay        Time   Description
---------------------------------------------------------------------------------------------
                      0.000000    0.000000    0.000000   clock rclk (rise edge)
                                  0.000000    0.000000   clock network delay (ideal)
                      0.000000    0.000000    0.000000 ^ _660_/CLK (sky130_fd_sc_hd__dfrtp_2)
    12    0.043632    0.162650    0.304828    0.304828 ^ _660_/Q (sky130_fd_sc_hd__dfrtp_2)
                                                         bram.raddr[3] (net)
                      0.162650    0.000000    0.304828 ^ _270_/B1 (sky130_fd_sc_hd__o21a_2)
     1    0.002544    0.020014    0.071475    0.376303 ^ _270_/X (sky130_fd_sc_hd__o21a_2)
                                                         _153_ (net)
                      0.020014    0.000000    0.376303 ^ _274_/A2 (sky130_fd_sc_hd__a22o_2)
     1    0.001748    0.018409    0.068934    0.445237 ^ _274_/X (sky130_fd_sc_hd__a22o_2)
                                                         _005_ (net)
                      0.018409    0.000000    0.445237 ^ _547_/D (sky130_fd_sc_hd__dfxtp_2)
                                              0.445237   data arrival time

                      0.000000    0.000000    0.000000   clock rclk (rise edge)
                                  0.000000    0.000000   clock network delay (ideal)
                                  0.000000    0.000000   clock reconvergence pessimism
                                              0.000000 ^ _547_/CLK (sky130_fd_sc_hd__dfxtp_2)
                                 -0.017145   -0.017145   library hold time
                                             -0.017145   data required time
---------------------------------------------------------------------------------------------
                                             -0.017145   data required time
                                             -0.445237   data arrival time
---------------------------------------------------------------------------------------------
                                              0.462382   slack (MET)


Startpoint: _660_ (rising edge-triggered flip-flop clocked by rclk)
Endpoint: _548_ (rising edge-triggered flip-flop clocked by rclk)
Path Group: rclk
Path Type: min

Fanout         Cap        Slew       Delay        Time   Description
---------------------------------------------------------------------------------------------
                      0.000000    0.000000    0.000000   clock rclk (rise edge)
                                  0.000000    0.000000   clock network delay (ideal)
                      0.000000    0.000000    0.000000 ^ _660_/CLK (sky130_fd_sc_hd__dfrtp_2)
    12    0.043632    0.162650    0.304828    0.304828 ^ _660_/Q (sky130_fd_sc_hd__dfrtp_2)
                                                         bram.raddr[3] (net)
                      0.162650    0.000000    0.304828 ^ _278_/B1 (sky130_fd_sc_hd__o21a_2)
     1    0.002544    0.020014    0.071475    0.376303 ^ _278_/X (sky130_fd_sc_hd__o21a_2)
                                                         _160_ (net)
                      0.020014    0.000000    0.376303 ^ _282_/A2 (sky130_fd_sc_hd__a22o_2)
     1    0.001748    0.018409    0.068934    0.445237 ^ _282_/X (sky130_fd_sc_hd__a22o_2)
                                                         _006_ (net)
                      0.018409    0.000000    0.445237 ^ _548_/D (sky130_fd_sc_hd__dfxtp_2)
                                              0.445237   data arrival time

                      0.000000    0.000000    0.000000   clock rclk (rise edge)
                                  0.000000    0.000000   clock network delay (ideal)
                                  0.000000    0.000000   clock reconvergence pessimism
                                              0.000000 ^ _548_/CLK (sky130_fd_sc_hd__dfxtp_2)
                                 -0.017145   -0.017145   library hold time
                                             -0.017145   data required time
---------------------------------------------------------------------------------------------
                                             -0.017145   data required time
                                             -0.445237   data arrival time
---------------------------------------------------------------------------------------------
                                              0.462382   slack (MET)


Startpoint: _660_ (rising edge-triggered flip-flop clocked by rclk)
Endpoint: _549_ (rising edge-triggered flip-flop clocked by rclk)
Path Group: rclk
Path Type: min

Fanout         Cap        Slew       Delay        Time   Description
---------------------------------------------------------------------------------------------
                      0.000000    0.000000    0.000000   clock rclk (rise edge)
                                  0.000000    0.000000   clock network delay (ideal)
                      0.000000    0.000000    0.000000 ^ _660_/CLK (sky130_fd_sc_hd__dfrtp_2)
    12    0.043632    0.162650    0.304828    0.304828 ^ _660_/Q (sky130_fd_sc_hd__dfrtp_2)
                                                         bram.raddr[3] (net)
                      0.162650    0.000000    0.304828 ^ _286_/B1 (sky130_fd_sc_hd__o21a_2)
     1    0.002544    0.020014    0.071475    0.376303 ^ _286_/X (sky130_fd_sc_hd__o21a_2)
                                                         _167_ (net)
                      0.020014    0.000000    0.376303 ^ _290_/A2 (sky130_fd_sc_hd__a22o_2)
     1    0.001748    0.018409    0.068934    0.445237 ^ _290_/X (sky130_fd_sc_hd__a22o_2)
                                                         _007_ (net)
                      0.018409    0.000000    0.445237 ^ _549_/D (sky130_fd_sc_hd__dfxtp_2)
                                              0.445237   data arrival time

                      0.000000    0.000000    0.000000   clock rclk (rise edge)
                                  0.000000    0.000000   clock network delay (ideal)
                                  0.000000    0.000000   clock reconvergence pessimism
                                              0.000000 ^ _549_/CLK (sky130_fd_sc_hd__dfxtp_2)
                                 -0.017145   -0.017145   library hold time
                                             -0.017145   data required time
---------------------------------------------------------------------------------------------
                                             -0.017145   data required time
                                             -0.445237   data arrival time
---------------------------------------------------------------------------------------------
                                              0.462382   slack (MET)


Startpoint: _625_ (rising edge-triggered flip-flop clocked by wclk)
Endpoint: _625_ (rising edge-triggered flip-flop clocked by wclk)
Path Group: wclk
Path Type: min

Fanout         Cap        Slew       Delay        Time   Description
---------------------------------------------------------------------------------------------
                      0.000000    0.000000    0.000000   clock wclk (rise edge)
                                  0.000000    0.000000   clock network delay (ideal)
                      0.000000    0.000000    0.000000 ^ _625_/CLK (sky130_fd_sc_hd__dfrtp_2)
    23    0.064307    0.234833    0.354802    0.354802 ^ _625_/Q (sky130_fd_sc_hd__dfrtp_2)
                                                         bram.waddr[1] (net)
                      0.234833    0.000000    0.354802 ^ _333_/B1 (sky130_fd_sc_hd__a21oi_2)
     2    0.012147    0.062196    0.036203    0.391006 v _333_/Y (sky130_fd_sc_hd__a21oi_2)
                                                         _201_ (net)
                      0.062196    0.000000    0.391006 v _334_/B (sky130_fd_sc_hd__nor2_2)
     1    0.002087    0.039405    0.054398    0.445404 ^ _334_/Y (sky130_fd_sc_hd__nor2_2)
                                                         u_wrptr_handler.b_wptr_next[1] (net)
                      0.039405    0.000000    0.445404 ^ _625_/D (sky130_fd_sc_hd__dfrtp_2)
                                              0.445404   data arrival time

                      0.000000    0.000000    0.000000   clock wclk (rise edge)
                                  0.000000    0.000000   clock network delay (ideal)
                                  0.000000    0.000000   clock reconvergence pessimism
                                              0.000000 ^ _625_/CLK (sky130_fd_sc_hd__dfrtp_2)
                                 -0.021177   -0.021177   library hold time
                                             -0.021177   data required time
---------------------------------------------------------------------------------------------
                                             -0.021177   data required time
                                             -0.445404   data arrival time
---------------------------------------------------------------------------------------------
                                              0.466581   slack (MET)


Startpoint: _659_ (rising edge-triggered flip-flop clocked by rclk)
Endpoint: _659_ (rising edge-triggered flip-flop clocked by rclk)
Path Group: rclk
Path Type: min

Fanout         Cap        Slew       Delay        Time   Description
---------------------------------------------------------------------------------------------
                      0.000000    0.000000    0.000000   clock rclk (rise edge)
                                  0.000000    0.000000   clock network delay (ideal)
                      0.000000    0.000000    0.000000 ^ _659_/CLK (sky130_fd_sc_hd__dfrtp_2)
    20    0.064981    0.237191    0.356429    0.356429 ^ _659_/Q (sky130_fd_sc_hd__dfrtp_2)
                                                         bram.raddr[2] (net)
                      0.237191    0.000000    0.356429 ^ _320_/A (sky130_fd_sc_hd__nor2_2)
     2    0.012147    0.030165    0.047924    0.404353 v _320_/Y (sky130_fd_sc_hd__nor2_2)
                                                         _195_ (net)
                      0.030165    0.000000    0.404353 v _321_/B (sky130_fd_sc_hd__nor2_2)
     1    0.002087    0.039012    0.042283    0.446636 ^ _321_/Y (sky130_fd_sc_hd__nor2_2)
                                                         u_rptr_handler.b_rptr_next[2] (net)
                      0.039012    0.000000    0.446636 ^ _659_/D (sky130_fd_sc_hd__dfrtp_2)
                                              0.446636   data arrival time

                      0.000000    0.000000    0.000000   clock rclk (rise edge)
                                  0.000000    0.000000   clock network delay (ideal)
                                  0.000000    0.000000   clock reconvergence pessimism
                                              0.000000 ^ _659_/CLK (sky130_fd_sc_hd__dfrtp_2)
                                 -0.021148   -0.021148   library hold time
                                             -0.021148   data required time
---------------------------------------------------------------------------------------------
                                             -0.021148   data required time
                                             -0.446636   data arrival time
---------------------------------------------------------------------------------------------
                                              0.467784   slack (MET)


Startpoint: _624_ (rising edge-triggered flip-flop clocked by wclk)
Endpoint: _624_ (rising edge-triggered flip-flop clocked by wclk)
Path Group: wclk
Path Type: min

Fanout         Cap        Slew       Delay        Time   Description
---------------------------------------------------------------------------------------------
                      0.000000    0.000000    0.000000   clock wclk (rise edge)
                                  0.000000    0.000000   clock network delay (ideal)
                      0.000000    0.000000    0.000000 ^ _624_/CLK (sky130_fd_sc_hd__dfrtp_2)
    23    0.083915    0.303452    0.402123    0.402123 ^ _624_/Q (sky130_fd_sc_hd__dfrtp_2)
                                                         bram.waddr[0] (net)
                      0.303452    0.000000    0.402123 ^ _331_/A (sky130_fd_sc_hd__xor2_2)
     1    0.002059    0.020592    0.041486    0.443609 v _331_/X (sky130_fd_sc_hd__xor2_2)
                                                         u_wrptr_handler.b_wptr_next[0] (net)
                      0.020592    0.000000    0.443609 v _624_/D (sky130_fd_sc_hd__dfrtp_2)
                                              0.443609   data arrival time

                      0.000000    0.000000    0.000000   clock wclk (rise edge)
                                  0.000000    0.000000   clock network delay (ideal)
                                  0.000000    0.000000   clock reconvergence pessimism
                                              0.000000 ^ _624_/CLK (sky130_fd_sc_hd__dfrtp_2)
                                 -0.029254   -0.029254   library hold time
                                             -0.029254   data required time
---------------------------------------------------------------------------------------------
                                             -0.029254   data required time
                                             -0.443609   data arrival time
---------------------------------------------------------------------------------------------
                                              0.472863   slack (MET)


Startpoint: _660_ (rising edge-triggered flip-flop clocked by rclk)
Endpoint: _660_ (rising edge-triggered flip-flop clocked by rclk)
Path Group: rclk
Path Type: min

Fanout         Cap        Slew       Delay        Time   Description
---------------------------------------------------------------------------------------------
                      0.000000    0.000000    0.000000   clock rclk (rise edge)
                                  0.000000    0.000000   clock network delay (ideal)
                      0.000000    0.000000    0.000000 ^ _660_/CLK (sky130_fd_sc_hd__dfrtp_2)
    12    0.040053    0.088098    0.298875    0.298875 v _660_/Q (sky130_fd_sc_hd__dfrtp_2)
                                                         bram.raddr[3] (net)
                      0.088098    0.000000    0.298875 v _324_/A (sky130_fd_sc_hd__nand2_2)
     2    0.010181    0.054908    0.075091    0.373966 ^ _324_/Y (sky130_fd_sc_hd__nand2_2)
                                                         _197_ (net)
                      0.054908    0.000000    0.373966 ^ _325_/B (sky130_fd_sc_hd__and2b_2)
     1    0.002087    0.021539    0.081602    0.455568 ^ _325_/X (sky130_fd_sc_hd__and2b_2)
                                                         u_rptr_handler.b_rptr_next[3] (net)
                      0.021539    0.000000    0.455568 ^ _660_/D (sky130_fd_sc_hd__dfrtp_2)
                                              0.455568   data arrival time

                      0.000000    0.000000    0.000000   clock rclk (rise edge)
                                  0.000000    0.000000   clock network delay (ideal)
                                  0.000000    0.000000   clock reconvergence pessimism
                                              0.000000 ^ _660_/CLK (sky130_fd_sc_hd__dfrtp_2)
                                 -0.019862   -0.019862   library hold time
                                             -0.019862   data required time
---------------------------------------------------------------------------------------------
                                             -0.019862   data required time
                                             -0.455568   data arrival time
---------------------------------------------------------------------------------------------
                                              0.475431   slack (MET)


Startpoint: _535_ (rising edge-triggered flip-flop clocked by rclk)
Endpoint: _657_ (rising edge-triggered flip-flop clocked by rclk)
Path Group: rclk
Path Type: min

Fanout         Cap        Slew       Delay        Time   Description
---------------------------------------------------------------------------------------------
                      0.000000    0.000000    0.000000   clock rclk (rise edge)
                                  0.000000    0.000000   clock network delay (ideal)
                      0.000000    0.000000    0.000000 ^ _535_/CLK (sky130_fd_sc_hd__dfrtp_2)
     2    0.004258    0.031641    0.202534    0.202534 ^ _535_/Q (sky130_fd_sc_hd__dfrtp_2)
                                                         sync_gwptr_to_rd.q2[3] (net)
                      0.031641    0.000000    0.202534 ^ _307_/B1 (sky130_fd_sc_hd__a221o_2)
     2    0.007138    0.035306    0.085633    0.288167 ^ _307_/X (sky130_fd_sc_hd__a221o_2)
                                                         _186_ (net)
                      0.035306    0.000000    0.288167 ^ _311_/A1 (sky130_fd_sc_hd__o31a_2)
     4    0.013160    0.060766    0.112460    0.400627 ^ _311_/X (sky130_fd_sc_hd__o31a_2)
                                                         _189_ (net)
                      0.060766    0.000000    0.400627 ^ _313_/B (sky130_fd_sc_hd__nor2_2)
     2    0.012147    0.031148    0.035355    0.435982 v _313_/Y (sky130_fd_sc_hd__nor2_2)
                                                         _191_ (net)
                      0.031148    0.000000    0.435982 v _314_/B (sky130_fd_sc_hd__nor2_2)
     1    0.002087    0.039071    0.042667    0.478650 ^ _314_/Y (sky130_fd_sc_hd__nor2_2)
                                                         u_rptr_handler.b_rptr_next[0] (net)
                      0.039071    0.000000    0.478650 ^ _657_/D (sky130_fd_sc_hd__dfrtp_2)
                                              0.478650   data arrival time

                      0.000000    0.000000    0.000000   clock rclk (rise edge)
                                  0.000000    0.000000   clock network delay (ideal)
                                  0.000000    0.000000   clock reconvergence pessimism
                                              0.000000 ^ _657_/CLK (sky130_fd_sc_hd__dfrtp_2)
                                 -0.021152   -0.021152   library hold time
                                             -0.021152   data required time
---------------------------------------------------------------------------------------------
                                             -0.021152   data required time
                                             -0.478650   data arrival time
---------------------------------------------------------------------------------------------
                                              0.499802   slack (MET)


Startpoint: _535_ (rising edge-triggered flip-flop clocked by rclk)
Endpoint: _658_ (rising edge-triggered flip-flop clocked by rclk)
Path Group: rclk
Path Type: min

Fanout         Cap        Slew       Delay        Time   Description
---------------------------------------------------------------------------------------------
                      0.000000    0.000000    0.000000   clock rclk (rise edge)
                                  0.000000    0.000000   clock network delay (ideal)
                      0.000000    0.000000    0.000000 ^ _535_/CLK (sky130_fd_sc_hd__dfrtp_2)
     2    0.004258    0.031641    0.202534    0.202534 ^ _535_/Q (sky130_fd_sc_hd__dfrtp_2)
                                                         sync_gwptr_to_rd.q2[3] (net)
                      0.031641    0.000000    0.202534 ^ _307_/B1 (sky130_fd_sc_hd__a221o_2)
     2    0.007138    0.035306    0.085633    0.288167 ^ _307_/X (sky130_fd_sc_hd__a221o_2)
                                                         _186_ (net)
                      0.035306    0.000000    0.288167 ^ _311_/A1 (sky130_fd_sc_hd__o31a_2)
     4    0.013160    0.060766    0.112460    0.400627 ^ _311_/X (sky130_fd_sc_hd__o31a_2)
                                                         _189_ (net)
                      0.060766    0.000000    0.400627 ^ _316_/A2 (sky130_fd_sc_hd__a21oi_2)
     2    0.012147    0.039648    0.050019    0.450646 v _316_/Y (sky130_fd_sc_hd__a21oi_2)
                                                         _193_ (net)
                      0.039648    0.000000    0.450646 v _317_/B (sky130_fd_sc_hd__nor2_2)
     1    0.002087    0.039385    0.045991    0.496637 ^ _317_/Y (sky130_fd_sc_hd__nor2_2)
                                                         u_rptr_handler.b_rptr_next[1] (net)
                      0.039385    0.000000    0.496637 ^ _658_/D (sky130_fd_sc_hd__dfrtp_2)
                                              0.496637   data arrival time

                      0.000000    0.000000    0.000000   clock rclk (rise edge)
                                  0.000000    0.000000   clock network delay (ideal)
                                  0.000000    0.000000   clock reconvergence pessimism
                                              0.000000 ^ _658_/CLK (sky130_fd_sc_hd__dfrtp_2)
                                 -0.021175   -0.021175   library hold time
                                             -0.021175   data required time
---------------------------------------------------------------------------------------------
                                             -0.021175   data required time
                                             -0.496637   data arrival time
---------------------------------------------------------------------------------------------
                                              0.517812   slack (MET)


Startpoint: _535_ (rising edge-triggered flip-flop clocked by rclk)
Endpoint: _662_ (rising edge-triggered flip-flop clocked by rclk)
Path Group: rclk
Path Type: min

Fanout         Cap        Slew       Delay        Time   Description
---------------------------------------------------------------------------------------------
                      0.000000    0.000000    0.000000   clock rclk (rise edge)
                                  0.000000    0.000000   clock network delay (ideal)
                      0.000000    0.000000    0.000000 ^ _535_/CLK (sky130_fd_sc_hd__dfrtp_2)
     2    0.004258    0.031641    0.202534    0.202534 ^ _535_/Q (sky130_fd_sc_hd__dfrtp_2)
                                                         sync_gwptr_to_rd.q2[3] (net)
                      0.031641    0.000000    0.202534 ^ _307_/B1 (sky130_fd_sc_hd__a221o_2)
     2    0.007138    0.035306    0.085633    0.288167 ^ _307_/X (sky130_fd_sc_hd__a221o_2)
                                                         _186_ (net)
                      0.035306    0.000000    0.288167 ^ _311_/A1 (sky130_fd_sc_hd__o31a_2)
     4    0.013160    0.060766    0.112460    0.400627 ^ _311_/X (sky130_fd_sc_hd__o31a_2)
                                                         _189_ (net)
                      0.060766    0.000000    0.400627 ^ _313_/B (sky130_fd_sc_hd__nor2_2)
     2    0.012147    0.031148    0.035355    0.435982 v _313_/Y (sky130_fd_sc_hd__nor2_2)
                                                         _191_ (net)
                      0.031148    0.000000    0.435982 v _318_/B (sky130_fd_sc_hd__xnor2_2)
     1    0.002087    0.023935    0.070124    0.506106 ^ _318_/Y (sky130_fd_sc_hd__xnor2_2)
                                                         u_rptr_handler.g_rptr_next[0] (net)
                      0.023935    0.000000    0.506106 ^ _662_/D (sky130_fd_sc_hd__dfrtp_2)
                                              0.506106   data arrival time

                      0.000000    0.000000    0.000000   clock rclk (rise edge)
                                  0.000000    0.000000   clock network delay (ideal)
                                  0.000000    0.000000   clock reconvergence pessimism
                                              0.000000 ^ _662_/CLK (sky130_fd_sc_hd__dfrtp_2)
                                 -0.020039   -0.020039   library hold time
                                             -0.020039   data required time
---------------------------------------------------------------------------------------------
                                             -0.020039   data required time
                                             -0.506106   data arrival time
---------------------------------------------------------------------------------------------
                                              0.526145   slack (MET)



%OL_END_REPORT
%OL_CREATE_REPORT max.rpt

===========================================================================
report_checks -path_delay max (Setup)
============================================================================
======================= nom_ff_n40C_1v95 Corner ===================================

Startpoint: _554_ (rising edge-triggered flip-flop clocked by wclk)
Endpoint: _682_ (rising edge-triggered flip-flop clocked by wclk)
Path Group: wclk
Path Type: max

Fanout         Cap        Slew       Delay        Time   Description
---------------------------------------------------------------------------------------------
                      0.000000    0.000000    0.000000   clock wclk (rise edge)
                                  0.000000    0.000000   clock network delay (ideal)
                      0.000000    0.000000    0.000000 ^ _554_/CLK (sky130_fd_sc_hd__dfrtp_2)
     2    0.016564    0.053994    0.260744    0.260744 v _554_/Q (sky130_fd_sc_hd__dfrtp_2)
                                                         r_ptr_gray_sync[4] (net)
                      0.053994    0.000000    0.260744 v _291_/A (sky130_fd_sc_hd__xor2_2)
     3    0.014847    0.057472    0.135771    0.396515 v _291_/X (sky130_fd_sc_hd__xor2_2)
                                                         _171_ (net)
                      0.057472    0.000000    0.396515 v _292_/B (sky130_fd_sc_hd__xnor2_2)
     3    0.014596    0.177598    0.156810    0.553325 ^ _292_/Y (sky130_fd_sc_hd__xnor2_2)
                                                         _172_ (net)
                      0.177598    0.000000    0.553325 ^ _293_/B (sky130_fd_sc_hd__xnor2_2)
     1    0.003686    0.083454    0.073513    0.626838 ^ _293_/Y (sky130_fd_sc_hd__xnor2_2)
                                                         _173_ (net)
                      0.083454    0.000000    0.626838 ^ _297_/S (sky130_fd_sc_hd__mux2_1)
     2    0.005783    0.051064    0.203150    0.829988 v _297_/X (sky130_fd_sc_hd__mux2_1)
                                                         _177_ (net)
                      0.051064    0.000000    0.829988 v _329_/A1 (sky130_fd_sc_hd__a21boi_2)
    22    0.074255    0.640166    0.502137    1.332125 ^ _329_/Y (sky130_fd_sc_hd__a21boi_2)
                                                         _198_ (net)
                      0.640166    0.000000    1.332125 ^ _340_/C (sky130_fd_sc_hd__nand4_2)
    10    0.037023    0.243090    0.212348    1.544473 v _340_/Y (sky130_fd_sc_hd__nand4_2)
                                                         _204_ (net)
                      0.243090    0.000000    1.544473 v _507_/S (sky130_fd_sc_hd__mux2_1)
     1    0.001783    0.035397    0.239991    1.784464 v _507_/X (sky130_fd_sc_hd__mux2_1)
                                                         _120_ (net)
                      0.035397    0.000000    1.784464 v _682_/D (sky130_fd_sc_hd__dfxtp_2)
                                              1.784464   data arrival time

                      0.000000   10.000000   10.000000   clock wclk (rise edge)
                                  0.000000   10.000000   clock network delay (ideal)
                                  0.000000   10.000000   clock reconvergence pessimism
                                             10.000000 ^ _682_/CLK (sky130_fd_sc_hd__dfxtp_2)
                                 -0.075518    9.924482   library setup time
                                              9.924482   data required time
---------------------------------------------------------------------------------------------
                                              9.924482   data required time
                                             -1.784464   data arrival time
---------------------------------------------------------------------------------------------
                                              8.140018   slack (MET)


Startpoint: _554_ (rising edge-triggered flip-flop clocked by wclk)
Endpoint: _683_ (rising edge-triggered flip-flop clocked by wclk)
Path Group: wclk
Path Type: max

Fanout         Cap        Slew       Delay        Time   Description
---------------------------------------------------------------------------------------------
                      0.000000    0.000000    0.000000   clock wclk (rise edge)
                                  0.000000    0.000000   clock network delay (ideal)
                      0.000000    0.000000    0.000000 ^ _554_/CLK (sky130_fd_sc_hd__dfrtp_2)
     2    0.016564    0.053994    0.260744    0.260744 v _554_/Q (sky130_fd_sc_hd__dfrtp_2)
                                                         r_ptr_gray_sync[4] (net)
                      0.053994    0.000000    0.260744 v _291_/A (sky130_fd_sc_hd__xor2_2)
     3    0.014847    0.057472    0.135771    0.396515 v _291_/X (sky130_fd_sc_hd__xor2_2)
                                                         _171_ (net)
                      0.057472    0.000000    0.396515 v _292_/B (sky130_fd_sc_hd__xnor2_2)
     3    0.014596    0.177598    0.156810    0.553325 ^ _292_/Y (sky130_fd_sc_hd__xnor2_2)
                                                         _172_ (net)
                      0.177598    0.000000    0.553325 ^ _293_/B (sky130_fd_sc_hd__xnor2_2)
     1    0.003686    0.083454    0.073513    0.626838 ^ _293_/Y (sky130_fd_sc_hd__xnor2_2)
                                                         _173_ (net)
                      0.083454    0.000000    0.626838 ^ _297_/S (sky130_fd_sc_hd__mux2_1)
     2    0.005783    0.051064    0.203150    0.829988 v _297_/X (sky130_fd_sc_hd__mux2_1)
                                                         _177_ (net)
                      0.051064    0.000000    0.829988 v _329_/A1 (sky130_fd_sc_hd__a21boi_2)
    22    0.074255    0.640166    0.502137    1.332125 ^ _329_/Y (sky130_fd_sc_hd__a21boi_2)
                                                         _198_ (net)
                      0.640166    0.000000    1.332125 ^ _340_/C (sky130_fd_sc_hd__nand4_2)
    10    0.037023    0.243090    0.212348    1.544473 v _340_/Y (sky130_fd_sc_hd__nand4_2)
                                                         _204_ (net)
                      0.243090    0.000000    1.544473 v _508_/S (sky130_fd_sc_hd__mux2_1)
     1    0.001783    0.035397    0.239991    1.784464 v _508_/X (sky130_fd_sc_hd__mux2_1)
                                                         _121_ (net)
                      0.035397    0.000000    1.784464 v _683_/D (sky130_fd_sc_hd__dfxtp_2)
                                              1.784464   data arrival time

                      0.000000   10.000000   10.000000   clock wclk (rise edge)
                                  0.000000   10.000000   clock network delay (ideal)
                                  0.000000   10.000000   clock reconvergence pessimism
                                             10.000000 ^ _683_/CLK (sky130_fd_sc_hd__dfxtp_2)
                                 -0.075518    9.924482   library setup time
                                              9.924482   data required time
---------------------------------------------------------------------------------------------
                                              9.924482   data required time
                                             -1.784464   data arrival time
---------------------------------------------------------------------------------------------
                                              8.140018   slack (MET)


Startpoint: _554_ (rising edge-triggered flip-flop clocked by wclk)
Endpoint: _684_ (rising edge-triggered flip-flop clocked by wclk)
Path Group: wclk
Path Type: max

Fanout         Cap        Slew       Delay        Time   Description
---------------------------------------------------------------------------------------------
                      0.000000    0.000000    0.000000   clock wclk (rise edge)
                                  0.000000    0.000000   clock network delay (ideal)
                      0.000000    0.000000    0.000000 ^ _554_/CLK (sky130_fd_sc_hd__dfrtp_2)
     2    0.016564    0.053994    0.260744    0.260744 v _554_/Q (sky130_fd_sc_hd__dfrtp_2)
                                                         r_ptr_gray_sync[4] (net)
                      0.053994    0.000000    0.260744 v _291_/A (sky130_fd_sc_hd__xor2_2)
     3    0.014847    0.057472    0.135771    0.396515 v _291_/X (sky130_fd_sc_hd__xor2_2)
                                                         _171_ (net)
                      0.057472    0.000000    0.396515 v _292_/B (sky130_fd_sc_hd__xnor2_2)
     3    0.014596    0.177598    0.156810    0.553325 ^ _292_/Y (sky130_fd_sc_hd__xnor2_2)
                                                         _172_ (net)
                      0.177598    0.000000    0.553325 ^ _293_/B (sky130_fd_sc_hd__xnor2_2)
     1    0.003686    0.083454    0.073513    0.626838 ^ _293_/Y (sky130_fd_sc_hd__xnor2_2)
                                                         _173_ (net)
                      0.083454    0.000000    0.626838 ^ _297_/S (sky130_fd_sc_hd__mux2_1)
     2    0.005783    0.051064    0.203150    0.829988 v _297_/X (sky130_fd_sc_hd__mux2_1)
                                                         _177_ (net)
                      0.051064    0.000000    0.829988 v _329_/A1 (sky130_fd_sc_hd__a21boi_2)
    22    0.074255    0.640166    0.502137    1.332125 ^ _329_/Y (sky130_fd_sc_hd__a21boi_2)
                                                         _198_ (net)
                      0.640166    0.000000    1.332125 ^ _340_/C (sky130_fd_sc_hd__nand4_2)
    10    0.037023    0.243090    0.212348    1.544473 v _340_/Y (sky130_fd_sc_hd__nand4_2)
                                                         _204_ (net)
                      0.243090    0.000000    1.544473 v _509_/S (sky130_fd_sc_hd__mux2_1)
     1    0.001783    0.035397    0.239991    1.784464 v _509_/X (sky130_fd_sc_hd__mux2_1)
                                                         _122_ (net)
                      0.035397    0.000000    1.784464 v _684_/D (sky130_fd_sc_hd__dfxtp_2)
                                              1.784464   data arrival time

                      0.000000   10.000000   10.000000   clock wclk (rise edge)
                                  0.000000   10.000000   clock network delay (ideal)
                                  0.000000   10.000000   clock reconvergence pessimism
                                             10.000000 ^ _684_/CLK (sky130_fd_sc_hd__dfxtp_2)
                                 -0.075518    9.924482   library setup time
                                              9.924482   data required time
---------------------------------------------------------------------------------------------
                                              9.924482   data required time
                                             -1.784464   data arrival time
---------------------------------------------------------------------------------------------
                                              8.140018   slack (MET)


Startpoint: _554_ (rising edge-triggered flip-flop clocked by wclk)
Endpoint: _685_ (rising edge-triggered flip-flop clocked by wclk)
Path Group: wclk
Path Type: max

Fanout         Cap        Slew       Delay        Time   Description
---------------------------------------------------------------------------------------------
                      0.000000    0.000000    0.000000   clock wclk (rise edge)
                                  0.000000    0.000000   clock network delay (ideal)
                      0.000000    0.000000    0.000000 ^ _554_/CLK (sky130_fd_sc_hd__dfrtp_2)
     2    0.016564    0.053994    0.260744    0.260744 v _554_/Q (sky130_fd_sc_hd__dfrtp_2)
                                                         r_ptr_gray_sync[4] (net)
                      0.053994    0.000000    0.260744 v _291_/A (sky130_fd_sc_hd__xor2_2)
     3    0.014847    0.057472    0.135771    0.396515 v _291_/X (sky130_fd_sc_hd__xor2_2)
                                                         _171_ (net)
                      0.057472    0.000000    0.396515 v _292_/B (sky130_fd_sc_hd__xnor2_2)
     3    0.014596    0.177598    0.156810    0.553325 ^ _292_/Y (sky130_fd_sc_hd__xnor2_2)
                                                         _172_ (net)
                      0.177598    0.000000    0.553325 ^ _293_/B (sky130_fd_sc_hd__xnor2_2)
     1    0.003686    0.083454    0.073513    0.626838 ^ _293_/Y (sky130_fd_sc_hd__xnor2_2)
                                                         _173_ (net)
                      0.083454    0.000000    0.626838 ^ _297_/S (sky130_fd_sc_hd__mux2_1)
     2    0.005783    0.051064    0.203150    0.829988 v _297_/X (sky130_fd_sc_hd__mux2_1)
                                                         _177_ (net)
                      0.051064    0.000000    0.829988 v _329_/A1 (sky130_fd_sc_hd__a21boi_2)
    22    0.074255    0.640166    0.502137    1.332125 ^ _329_/Y (sky130_fd_sc_hd__a21boi_2)
                                                         _198_ (net)
                      0.640166    0.000000    1.332125 ^ _340_/C (sky130_fd_sc_hd__nand4_2)
    10    0.037023    0.243090    0.212348    1.544473 v _340_/Y (sky130_fd_sc_hd__nand4_2)
                                                         _204_ (net)
                      0.243090    0.000000    1.544473 v _510_/S (sky130_fd_sc_hd__mux2_1)
     1    0.001783    0.035397    0.239991    1.784464 v _510_/X (sky130_fd_sc_hd__mux2_1)
                                                         _123_ (net)
                      0.035397    0.000000    1.784464 v _685_/D (sky130_fd_sc_hd__dfxtp_2)
                                              1.784464   data arrival time

                      0.000000   10.000000   10.000000   clock wclk (rise edge)
                                  0.000000   10.000000   clock network delay (ideal)
                                  0.000000   10.000000   clock reconvergence pessimism
                                             10.000000 ^ _685_/CLK (sky130_fd_sc_hd__dfxtp_2)
                                 -0.075518    9.924482   library setup time
                                              9.924482   data required time
---------------------------------------------------------------------------------------------
                                              9.924482   data required time
                                             -1.784464   data arrival time
---------------------------------------------------------------------------------------------
                                              8.140018   slack (MET)


Startpoint: _554_ (rising edge-triggered flip-flop clocked by wclk)
Endpoint: _686_ (rising edge-triggered flip-flop clocked by wclk)
Path Group: wclk
Path Type: max

Fanout         Cap        Slew       Delay        Time   Description
---------------------------------------------------------------------------------------------
                      0.000000    0.000000    0.000000   clock wclk (rise edge)
                                  0.000000    0.000000   clock network delay (ideal)
                      0.000000    0.000000    0.000000 ^ _554_/CLK (sky130_fd_sc_hd__dfrtp_2)
     2    0.016564    0.053994    0.260744    0.260744 v _554_/Q (sky130_fd_sc_hd__dfrtp_2)
                                                         r_ptr_gray_sync[4] (net)
                      0.053994    0.000000    0.260744 v _291_/A (sky130_fd_sc_hd__xor2_2)
     3    0.014847    0.057472    0.135771    0.396515 v _291_/X (sky130_fd_sc_hd__xor2_2)
                                                         _171_ (net)
                      0.057472    0.000000    0.396515 v _292_/B (sky130_fd_sc_hd__xnor2_2)
     3    0.014596    0.177598    0.156810    0.553325 ^ _292_/Y (sky130_fd_sc_hd__xnor2_2)
                                                         _172_ (net)
                      0.177598    0.000000    0.553325 ^ _293_/B (sky130_fd_sc_hd__xnor2_2)
     1    0.003686    0.083454    0.073513    0.626838 ^ _293_/Y (sky130_fd_sc_hd__xnor2_2)
                                                         _173_ (net)
                      0.083454    0.000000    0.626838 ^ _297_/S (sky130_fd_sc_hd__mux2_1)
     2    0.005783    0.051064    0.203150    0.829988 v _297_/X (sky130_fd_sc_hd__mux2_1)
                                                         _177_ (net)
                      0.051064    0.000000    0.829988 v _329_/A1 (sky130_fd_sc_hd__a21boi_2)
    22    0.074255    0.640166    0.502137    1.332125 ^ _329_/Y (sky130_fd_sc_hd__a21boi_2)
                                                         _198_ (net)
                      0.640166    0.000000    1.332125 ^ _340_/C (sky130_fd_sc_hd__nand4_2)
    10    0.037023    0.243090    0.212348    1.544473 v _340_/Y (sky130_fd_sc_hd__nand4_2)
                                                         _204_ (net)
                      0.243090    0.000000    1.544473 v _511_/S (sky130_fd_sc_hd__mux2_1)
     1    0.001783    0.035397    0.239991    1.784464 v _511_/X (sky130_fd_sc_hd__mux2_1)
                                                         _124_ (net)
                      0.035397    0.000000    1.784464 v _686_/D (sky130_fd_sc_hd__dfxtp_2)
                                              1.784464   data arrival time

                      0.000000   10.000000   10.000000   clock wclk (rise edge)
                                  0.000000   10.000000   clock network delay (ideal)
                                  0.000000   10.000000   clock reconvergence pessimism
                                             10.000000 ^ _686_/CLK (sky130_fd_sc_hd__dfxtp_2)
                                 -0.075518    9.924482   library setup time
                                              9.924482   data required time
---------------------------------------------------------------------------------------------
                                              9.924482   data required time
                                             -1.784464   data arrival time
---------------------------------------------------------------------------------------------
                                              8.140018   slack (MET)


Startpoint: _554_ (rising edge-triggered flip-flop clocked by wclk)
Endpoint: _687_ (rising edge-triggered flip-flop clocked by wclk)
Path Group: wclk
Path Type: max

Fanout         Cap        Slew       Delay        Time   Description
---------------------------------------------------------------------------------------------
                      0.000000    0.000000    0.000000   clock wclk (rise edge)
                                  0.000000    0.000000   clock network delay (ideal)
                      0.000000    0.000000    0.000000 ^ _554_/CLK (sky130_fd_sc_hd__dfrtp_2)
     2    0.016564    0.053994    0.260744    0.260744 v _554_/Q (sky130_fd_sc_hd__dfrtp_2)
                                                         r_ptr_gray_sync[4] (net)
                      0.053994    0.000000    0.260744 v _291_/A (sky130_fd_sc_hd__xor2_2)
     3    0.014847    0.057472    0.135771    0.396515 v _291_/X (sky130_fd_sc_hd__xor2_2)
                                                         _171_ (net)
                      0.057472    0.000000    0.396515 v _292_/B (sky130_fd_sc_hd__xnor2_2)
     3    0.014596    0.177598    0.156810    0.553325 ^ _292_/Y (sky130_fd_sc_hd__xnor2_2)
                                                         _172_ (net)
                      0.177598    0.000000    0.553325 ^ _293_/B (sky130_fd_sc_hd__xnor2_2)
     1    0.003686    0.083454    0.073513    0.626838 ^ _293_/Y (sky130_fd_sc_hd__xnor2_2)
                                                         _173_ (net)
                      0.083454    0.000000    0.626838 ^ _297_/S (sky130_fd_sc_hd__mux2_1)
     2    0.005783    0.051064    0.203150    0.829988 v _297_/X (sky130_fd_sc_hd__mux2_1)
                                                         _177_ (net)
                      0.051064    0.000000    0.829988 v _329_/A1 (sky130_fd_sc_hd__a21boi_2)
    22    0.074255    0.640166    0.502137    1.332125 ^ _329_/Y (sky130_fd_sc_hd__a21boi_2)
                                                         _198_ (net)
                      0.640166    0.000000    1.332125 ^ _340_/C (sky130_fd_sc_hd__nand4_2)
    10    0.037023    0.243090    0.212348    1.544473 v _340_/Y (sky130_fd_sc_hd__nand4_2)
                                                         _204_ (net)
                      0.243090    0.000000    1.544473 v _512_/S (sky130_fd_sc_hd__mux2_1)
     1    0.001783    0.035397    0.239991    1.784464 v _512_/X (sky130_fd_sc_hd__mux2_1)
                                                         _125_ (net)
                      0.035397    0.000000    1.784464 v _687_/D (sky130_fd_sc_hd__dfxtp_2)
                                              1.784464   data arrival time

                      0.000000   10.000000   10.000000   clock wclk (rise edge)
                                  0.000000   10.000000   clock network delay (ideal)
                                  0.000000   10.000000   clock reconvergence pessimism
                                             10.000000 ^ _687_/CLK (sky130_fd_sc_hd__dfxtp_2)
                                 -0.075518    9.924482   library setup time
                                              9.924482   data required time
---------------------------------------------------------------------------------------------
                                              9.924482   data required time
                                             -1.784464   data arrival time
---------------------------------------------------------------------------------------------
                                              8.140018   slack (MET)


Startpoint: _554_ (rising edge-triggered flip-flop clocked by wclk)
Endpoint: _688_ (rising edge-triggered flip-flop clocked by wclk)
Path Group: wclk
Path Type: max

Fanout         Cap        Slew       Delay        Time   Description
---------------------------------------------------------------------------------------------
                      0.000000    0.000000    0.000000   clock wclk (rise edge)
                                  0.000000    0.000000   clock network delay (ideal)
                      0.000000    0.000000    0.000000 ^ _554_/CLK (sky130_fd_sc_hd__dfrtp_2)
     2    0.016564    0.053994    0.260744    0.260744 v _554_/Q (sky130_fd_sc_hd__dfrtp_2)
                                                         r_ptr_gray_sync[4] (net)
                      0.053994    0.000000    0.260744 v _291_/A (sky130_fd_sc_hd__xor2_2)
     3    0.014847    0.057472    0.135771    0.396515 v _291_/X (sky130_fd_sc_hd__xor2_2)
                                                         _171_ (net)
                      0.057472    0.000000    0.396515 v _292_/B (sky130_fd_sc_hd__xnor2_2)
     3    0.014596    0.177598    0.156810    0.553325 ^ _292_/Y (sky130_fd_sc_hd__xnor2_2)
                                                         _172_ (net)
                      0.177598    0.000000    0.553325 ^ _293_/B (sky130_fd_sc_hd__xnor2_2)
     1    0.003686    0.083454    0.073513    0.626838 ^ _293_/Y (sky130_fd_sc_hd__xnor2_2)
                                                         _173_ (net)
                      0.083454    0.000000    0.626838 ^ _297_/S (sky130_fd_sc_hd__mux2_1)
     2    0.005783    0.051064    0.203150    0.829988 v _297_/X (sky130_fd_sc_hd__mux2_1)
                                                         _177_ (net)
                      0.051064    0.000000    0.829988 v _329_/A1 (sky130_fd_sc_hd__a21boi_2)
    22    0.074255    0.640166    0.502137    1.332125 ^ _329_/Y (sky130_fd_sc_hd__a21boi_2)
                                                         _198_ (net)
                      0.640166    0.000000    1.332125 ^ _340_/C (sky130_fd_sc_hd__nand4_2)
    10    0.037023    0.243090    0.212348    1.544473 v _340_/Y (sky130_fd_sc_hd__nand4_2)
                                                         _204_ (net)
                      0.243090    0.000000    1.544473 v _513_/S (sky130_fd_sc_hd__mux2_1)
     1    0.001783    0.035397    0.239991    1.784464 v _513_/X (sky130_fd_sc_hd__mux2_1)
                                                         _126_ (net)
                      0.035397    0.000000    1.784464 v _688_/D (sky130_fd_sc_hd__dfxtp_2)
                                              1.784464   data arrival time

                      0.000000   10.000000   10.000000   clock wclk (rise edge)
                                  0.000000   10.000000   clock network delay (ideal)
                                  0.000000   10.000000   clock reconvergence pessimism
                                             10.000000 ^ _688_/CLK (sky130_fd_sc_hd__dfxtp_2)
                                 -0.075518    9.924482   library setup time
                                              9.924482   data required time
---------------------------------------------------------------------------------------------
                                              9.924482   data required time
                                             -1.784464   data arrival time
---------------------------------------------------------------------------------------------
                                              8.140018   slack (MET)


Startpoint: _554_ (rising edge-triggered flip-flop clocked by wclk)
Endpoint: _689_ (rising edge-triggered flip-flop clocked by wclk)
Path Group: wclk
Path Type: max

Fanout         Cap        Slew       Delay        Time   Description
---------------------------------------------------------------------------------------------
                      0.000000    0.000000    0.000000   clock wclk (rise edge)
                                  0.000000    0.000000   clock network delay (ideal)
                      0.000000    0.000000    0.000000 ^ _554_/CLK (sky130_fd_sc_hd__dfrtp_2)
     2    0.016564    0.053994    0.260744    0.260744 v _554_/Q (sky130_fd_sc_hd__dfrtp_2)
                                                         r_ptr_gray_sync[4] (net)
                      0.053994    0.000000    0.260744 v _291_/A (sky130_fd_sc_hd__xor2_2)
     3    0.014847    0.057472    0.135771    0.396515 v _291_/X (sky130_fd_sc_hd__xor2_2)
                                                         _171_ (net)
                      0.057472    0.000000    0.396515 v _292_/B (sky130_fd_sc_hd__xnor2_2)
     3    0.014596    0.177598    0.156810    0.553325 ^ _292_/Y (sky130_fd_sc_hd__xnor2_2)
                                                         _172_ (net)
                      0.177598    0.000000    0.553325 ^ _293_/B (sky130_fd_sc_hd__xnor2_2)
     1    0.003686    0.083454    0.073513    0.626838 ^ _293_/Y (sky130_fd_sc_hd__xnor2_2)
                                                         _173_ (net)
                      0.083454    0.000000    0.626838 ^ _297_/S (sky130_fd_sc_hd__mux2_1)
     2    0.005783    0.051064    0.203150    0.829988 v _297_/X (sky130_fd_sc_hd__mux2_1)
                                                         _177_ (net)
                      0.051064    0.000000    0.829988 v _329_/A1 (sky130_fd_sc_hd__a21boi_2)
    22    0.074255    0.640166    0.502137    1.332125 ^ _329_/Y (sky130_fd_sc_hd__a21boi_2)
                                                         _198_ (net)
                      0.640166    0.000000    1.332125 ^ _340_/C (sky130_fd_sc_hd__nand4_2)
    10    0.037023    0.243090    0.212348    1.544473 v _340_/Y (sky130_fd_sc_hd__nand4_2)
                                                         _204_ (net)
                      0.243090    0.000000    1.544473 v _514_/S (sky130_fd_sc_hd__mux2_1)
     1    0.001783    0.035397    0.239991    1.784464 v _514_/X (sky130_fd_sc_hd__mux2_1)
                                                         _127_ (net)
                      0.035397    0.000000    1.784464 v _689_/D (sky130_fd_sc_hd__dfxtp_2)
                                              1.784464   data arrival time

                      0.000000   10.000000   10.000000   clock wclk (rise edge)
                                  0.000000   10.000000   clock network delay (ideal)
                                  0.000000   10.000000   clock reconvergence pessimism
                                             10.000000 ^ _689_/CLK (sky130_fd_sc_hd__dfxtp_2)
                                 -0.075518    9.924482   library setup time
                                              9.924482   data required time
---------------------------------------------------------------------------------------------
                                              9.924482   data required time
                                             -1.784464   data arrival time
---------------------------------------------------------------------------------------------
                                              8.140018   slack (MET)


Startpoint: _554_ (rising edge-triggered flip-flop clocked by wclk)
Endpoint: _576_ (rising edge-triggered flip-flop clocked by wclk)
Path Group: wclk
Path Type: max

Fanout         Cap        Slew       Delay        Time   Description
---------------------------------------------------------------------------------------------
                      0.000000    0.000000    0.000000   clock wclk (rise edge)
                                  0.000000    0.000000   clock network delay (ideal)
                      0.000000    0.000000    0.000000 ^ _554_/CLK (sky130_fd_sc_hd__dfrtp_2)
     2    0.016564    0.053994    0.260744    0.260744 v _554_/Q (sky130_fd_sc_hd__dfrtp_2)
                                                         r_ptr_gray_sync[4] (net)
                      0.053994    0.000000    0.260744 v _291_/A (sky130_fd_sc_hd__xor2_2)
     3    0.014847    0.057472    0.135771    0.396515 v _291_/X (sky130_fd_sc_hd__xor2_2)
                                                         _171_ (net)
                      0.057472    0.000000    0.396515 v _292_/B (sky130_fd_sc_hd__xnor2_2)
     3    0.014596    0.177598    0.156810    0.553325 ^ _292_/Y (sky130_fd_sc_hd__xnor2_2)
                                                         _172_ (net)
                      0.177598    0.000000    0.553325 ^ _293_/B (sky130_fd_sc_hd__xnor2_2)
     1    0.003686    0.083454    0.073513    0.626838 ^ _293_/Y (sky130_fd_sc_hd__xnor2_2)
                                                         _173_ (net)
                      0.083454    0.000000    0.626838 ^ _297_/S (sky130_fd_sc_hd__mux2_1)
     2    0.005783    0.051064    0.203150    0.829988 v _297_/X (sky130_fd_sc_hd__mux2_1)
                                                         _177_ (net)
                      0.051064    0.000000    0.829988 v _329_/A1 (sky130_fd_sc_hd__a21boi_2)
    22    0.074255    0.640166    0.502137    1.332125 ^ _329_/Y (sky130_fd_sc_hd__a21boi_2)
                                                         _198_ (net)
                      0.640166    0.000000    1.332125 ^ _406_/C (sky130_fd_sc_hd__and4bb_2)
     8    0.029488    0.146296    0.262746    1.594871 ^ _406_/X (sky130_fd_sc_hd__and4bb_2)
                                                         _238_ (net)
                      0.146296    0.000000    1.594871 ^ _407_/S (sky130_fd_sc_hd__mux2_1)
     1    0.001783    0.034746    0.185352    1.780223 v _407_/X (sky130_fd_sc_hd__mux2_1)
                                                         _032_ (net)
                      0.034746    0.000000    1.780223 v _576_/D (sky130_fd_sc_hd__dfxtp_2)
                                              1.780223   data arrival time

                      0.000000   10.000000   10.000000   clock wclk (rise edge)
                                  0.000000   10.000000   clock network delay (ideal)
                                  0.000000   10.000000   clock reconvergence pessimism
                                             10.000000 ^ _576_/CLK (sky130_fd_sc_hd__dfxtp_2)
                                 -0.075286    9.924715   library setup time
                                              9.924715   data required time
---------------------------------------------------------------------------------------------
                                              9.924715   data required time
                                             -1.780223   data arrival time
---------------------------------------------------------------------------------------------
                                              8.144491   slack (MET)


Startpoint: _554_ (rising edge-triggered flip-flop clocked by wclk)
Endpoint: _577_ (rising edge-triggered flip-flop clocked by wclk)
Path Group: wclk
Path Type: max

Fanout         Cap        Slew       Delay        Time   Description
---------------------------------------------------------------------------------------------
                      0.000000    0.000000    0.000000   clock wclk (rise edge)
                                  0.000000    0.000000   clock network delay (ideal)
                      0.000000    0.000000    0.000000 ^ _554_/CLK (sky130_fd_sc_hd__dfrtp_2)
     2    0.016564    0.053994    0.260744    0.260744 v _554_/Q (sky130_fd_sc_hd__dfrtp_2)
                                                         r_ptr_gray_sync[4] (net)
                      0.053994    0.000000    0.260744 v _291_/A (sky130_fd_sc_hd__xor2_2)
     3    0.014847    0.057472    0.135771    0.396515 v _291_/X (sky130_fd_sc_hd__xor2_2)
                                                         _171_ (net)
                      0.057472    0.000000    0.396515 v _292_/B (sky130_fd_sc_hd__xnor2_2)
     3    0.014596    0.177598    0.156810    0.553325 ^ _292_/Y (sky130_fd_sc_hd__xnor2_2)
                                                         _172_ (net)
                      0.177598    0.000000    0.553325 ^ _293_/B (sky130_fd_sc_hd__xnor2_2)
     1    0.003686    0.083454    0.073513    0.626838 ^ _293_/Y (sky130_fd_sc_hd__xnor2_2)
                                                         _173_ (net)
                      0.083454    0.000000    0.626838 ^ _297_/S (sky130_fd_sc_hd__mux2_1)
     2    0.005783    0.051064    0.203150    0.829988 v _297_/X (sky130_fd_sc_hd__mux2_1)
                                                         _177_ (net)
                      0.051064    0.000000    0.829988 v _329_/A1 (sky130_fd_sc_hd__a21boi_2)
    22    0.074255    0.640166    0.502137    1.332125 ^ _329_/Y (sky130_fd_sc_hd__a21boi_2)
                                                         _198_ (net)
                      0.640166    0.000000    1.332125 ^ _406_/C (sky130_fd_sc_hd__and4bb_2)
     8    0.029488    0.146296    0.262746    1.594871 ^ _406_/X (sky130_fd_sc_hd__and4bb_2)
                                                         _238_ (net)
                      0.146296    0.000000    1.594871 ^ _408_/S (sky130_fd_sc_hd__mux2_1)
     1    0.001783    0.034746    0.185352    1.780223 v _408_/X (sky130_fd_sc_hd__mux2_1)
                                                         _033_ (net)
                      0.034746    0.000000    1.780223 v _577_/D (sky130_fd_sc_hd__dfxtp_2)
                                              1.780223   data arrival time

                      0.000000   10.000000   10.000000   clock wclk (rise edge)
                                  0.000000   10.000000   clock network delay (ideal)
                                  0.000000   10.000000   clock reconvergence pessimism
                                             10.000000 ^ _577_/CLK (sky130_fd_sc_hd__dfxtp_2)
                                 -0.075286    9.924715   library setup time
                                              9.924715   data required time
---------------------------------------------------------------------------------------------
                                              9.924715   data required time
                                             -1.780223   data arrival time
---------------------------------------------------------------------------------------------
                                              8.144491   slack (MET)


Startpoint: _554_ (rising edge-triggered flip-flop clocked by wclk)
Endpoint: _578_ (rising edge-triggered flip-flop clocked by wclk)
Path Group: wclk
Path Type: max

Fanout         Cap        Slew       Delay        Time   Description
---------------------------------------------------------------------------------------------
                      0.000000    0.000000    0.000000   clock wclk (rise edge)
                                  0.000000    0.000000   clock network delay (ideal)
                      0.000000    0.000000    0.000000 ^ _554_/CLK (sky130_fd_sc_hd__dfrtp_2)
     2    0.016564    0.053994    0.260744    0.260744 v _554_/Q (sky130_fd_sc_hd__dfrtp_2)
                                                         r_ptr_gray_sync[4] (net)
                      0.053994    0.000000    0.260744 v _291_/A (sky130_fd_sc_hd__xor2_2)
     3    0.014847    0.057472    0.135771    0.396515 v _291_/X (sky130_fd_sc_hd__xor2_2)
                                                         _171_ (net)
                      0.057472    0.000000    0.396515 v _292_/B (sky130_fd_sc_hd__xnor2_2)
     3    0.014596    0.177598    0.156810    0.553325 ^ _292_/Y (sky130_fd_sc_hd__xnor2_2)
                                                         _172_ (net)
                      0.177598    0.000000    0.553325 ^ _293_/B (sky130_fd_sc_hd__xnor2_2)
     1    0.003686    0.083454    0.073513    0.626838 ^ _293_/Y (sky130_fd_sc_hd__xnor2_2)
                                                         _173_ (net)
                      0.083454    0.000000    0.626838 ^ _297_/S (sky130_fd_sc_hd__mux2_1)
     2    0.005783    0.051064    0.203150    0.829988 v _297_/X (sky130_fd_sc_hd__mux2_1)
                                                         _177_ (net)
                      0.051064    0.000000    0.829988 v _329_/A1 (sky130_fd_sc_hd__a21boi_2)
    22    0.074255    0.640166    0.502137    1.332125 ^ _329_/Y (sky130_fd_sc_hd__a21boi_2)
                                                         _198_ (net)
                      0.640166    0.000000    1.332125 ^ _406_/C (sky130_fd_sc_hd__and4bb_2)
     8    0.029488    0.146296    0.262746    1.594871 ^ _406_/X (sky130_fd_sc_hd__and4bb_2)
                                                         _238_ (net)
                      0.146296    0.000000    1.594871 ^ _409_/S (sky130_fd_sc_hd__mux2_1)
     1    0.001783    0.034746    0.185352    1.780223 v _409_/X (sky130_fd_sc_hd__mux2_1)
                                                         _034_ (net)
                      0.034746    0.000000    1.780223 v _578_/D (sky130_fd_sc_hd__dfxtp_2)
                                              1.780223   data arrival time

                      0.000000   10.000000   10.000000   clock wclk (rise edge)
                                  0.000000   10.000000   clock network delay (ideal)
                                  0.000000   10.000000   clock reconvergence pessimism
                                             10.000000 ^ _578_/CLK (sky130_fd_sc_hd__dfxtp_2)
                                 -0.075286    9.924715   library setup time
                                              9.924715   data required time
---------------------------------------------------------------------------------------------
                                              9.924715   data required time
                                             -1.780223   data arrival time
---------------------------------------------------------------------------------------------
                                              8.144491   slack (MET)


Startpoint: _554_ (rising edge-triggered flip-flop clocked by wclk)
Endpoint: _579_ (rising edge-triggered flip-flop clocked by wclk)
Path Group: wclk
Path Type: max

Fanout         Cap        Slew       Delay        Time   Description
---------------------------------------------------------------------------------------------
                      0.000000    0.000000    0.000000   clock wclk (rise edge)
                                  0.000000    0.000000   clock network delay (ideal)
                      0.000000    0.000000    0.000000 ^ _554_/CLK (sky130_fd_sc_hd__dfrtp_2)
     2    0.016564    0.053994    0.260744    0.260744 v _554_/Q (sky130_fd_sc_hd__dfrtp_2)
                                                         r_ptr_gray_sync[4] (net)
                      0.053994    0.000000    0.260744 v _291_/A (sky130_fd_sc_hd__xor2_2)
     3    0.014847    0.057472    0.135771    0.396515 v _291_/X (sky130_fd_sc_hd__xor2_2)
                                                         _171_ (net)
                      0.057472    0.000000    0.396515 v _292_/B (sky130_fd_sc_hd__xnor2_2)
     3    0.014596    0.177598    0.156810    0.553325 ^ _292_/Y (sky130_fd_sc_hd__xnor2_2)
                                                         _172_ (net)
                      0.177598    0.000000    0.553325 ^ _293_/B (sky130_fd_sc_hd__xnor2_2)
     1    0.003686    0.083454    0.073513    0.626838 ^ _293_/Y (sky130_fd_sc_hd__xnor2_2)
                                                         _173_ (net)
                      0.083454    0.000000    0.626838 ^ _297_/S (sky130_fd_sc_hd__mux2_1)
     2    0.005783    0.051064    0.203150    0.829988 v _297_/X (sky130_fd_sc_hd__mux2_1)
                                                         _177_ (net)
                      0.051064    0.000000    0.829988 v _329_/A1 (sky130_fd_sc_hd__a21boi_2)
    22    0.074255    0.640166    0.502137    1.332125 ^ _329_/Y (sky130_fd_sc_hd__a21boi_2)
                                                         _198_ (net)
                      0.640166    0.000000    1.332125 ^ _406_/C (sky130_fd_sc_hd__and4bb_2)
     8    0.029488    0.146296    0.262746    1.594871 ^ _406_/X (sky130_fd_sc_hd__and4bb_2)
                                                         _238_ (net)
                      0.146296    0.000000    1.594871 ^ _410_/S (sky130_fd_sc_hd__mux2_1)
     1    0.001783    0.034746    0.185352    1.780223 v _410_/X (sky130_fd_sc_hd__mux2_1)
                                                         _035_ (net)
                      0.034746    0.000000    1.780223 v _579_/D (sky130_fd_sc_hd__dfxtp_2)
                                              1.780223   data arrival time

                      0.000000   10.000000   10.000000   clock wclk (rise edge)
                                  0.000000   10.000000   clock network delay (ideal)
                                  0.000000   10.000000   clock reconvergence pessimism
                                             10.000000 ^ _579_/CLK (sky130_fd_sc_hd__dfxtp_2)
                                 -0.075286    9.924715   library setup time
                                              9.924715   data required time
---------------------------------------------------------------------------------------------
                                              9.924715   data required time
                                             -1.780223   data arrival time
---------------------------------------------------------------------------------------------
                                              8.144491   slack (MET)


Startpoint: _554_ (rising edge-triggered flip-flop clocked by wclk)
Endpoint: _580_ (rising edge-triggered flip-flop clocked by wclk)
Path Group: wclk
Path Type: max

Fanout         Cap        Slew       Delay        Time   Description
---------------------------------------------------------------------------------------------
                      0.000000    0.000000    0.000000   clock wclk (rise edge)
                                  0.000000    0.000000   clock network delay (ideal)
                      0.000000    0.000000    0.000000 ^ _554_/CLK (sky130_fd_sc_hd__dfrtp_2)
     2    0.016564    0.053994    0.260744    0.260744 v _554_/Q (sky130_fd_sc_hd__dfrtp_2)
                                                         r_ptr_gray_sync[4] (net)
                      0.053994    0.000000    0.260744 v _291_/A (sky130_fd_sc_hd__xor2_2)
     3    0.014847    0.057472    0.135771    0.396515 v _291_/X (sky130_fd_sc_hd__xor2_2)
                                                         _171_ (net)
                      0.057472    0.000000    0.396515 v _292_/B (sky130_fd_sc_hd__xnor2_2)
     3    0.014596    0.177598    0.156810    0.553325 ^ _292_/Y (sky130_fd_sc_hd__xnor2_2)
                                                         _172_ (net)
                      0.177598    0.000000    0.553325 ^ _293_/B (sky130_fd_sc_hd__xnor2_2)
     1    0.003686    0.083454    0.073513    0.626838 ^ _293_/Y (sky130_fd_sc_hd__xnor2_2)
                                                         _173_ (net)
                      0.083454    0.000000    0.626838 ^ _297_/S (sky130_fd_sc_hd__mux2_1)
     2    0.005783    0.051064    0.203150    0.829988 v _297_/X (sky130_fd_sc_hd__mux2_1)
                                                         _177_ (net)
                      0.051064    0.000000    0.829988 v _329_/A1 (sky130_fd_sc_hd__a21boi_2)
    22    0.074255    0.640166    0.502137    1.332125 ^ _329_/Y (sky130_fd_sc_hd__a21boi_2)
                                                         _198_ (net)
                      0.640166    0.000000    1.332125 ^ _406_/C (sky130_fd_sc_hd__and4bb_2)
     8    0.029488    0.146296    0.262746    1.594871 ^ _406_/X (sky130_fd_sc_hd__and4bb_2)
                                                         _238_ (net)
                      0.146296    0.000000    1.594871 ^ _411_/S (sky130_fd_sc_hd__mux2_1)
     1    0.001783    0.034746    0.185352    1.780223 v _411_/X (sky130_fd_sc_hd__mux2_1)
                                                         _036_ (net)
                      0.034746    0.000000    1.780223 v _580_/D (sky130_fd_sc_hd__dfxtp_2)
                                              1.780223   data arrival time

                      0.000000   10.000000   10.000000   clock wclk (rise edge)
                                  0.000000   10.000000   clock network delay (ideal)
                                  0.000000   10.000000   clock reconvergence pessimism
                                             10.000000 ^ _580_/CLK (sky130_fd_sc_hd__dfxtp_2)
                                 -0.075286    9.924715   library setup time
                                              9.924715   data required time
---------------------------------------------------------------------------------------------
                                              9.924715   data required time
                                             -1.780223   data arrival time
---------------------------------------------------------------------------------------------
                                              8.144491   slack (MET)


Startpoint: _554_ (rising edge-triggered flip-flop clocked by wclk)
Endpoint: _581_ (rising edge-triggered flip-flop clocked by wclk)
Path Group: wclk
Path Type: max

Fanout         Cap        Slew       Delay        Time   Description
---------------------------------------------------------------------------------------------
                      0.000000    0.000000    0.000000   clock wclk (rise edge)
                                  0.000000    0.000000   clock network delay (ideal)
                      0.000000    0.000000    0.000000 ^ _554_/CLK (sky130_fd_sc_hd__dfrtp_2)
     2    0.016564    0.053994    0.260744    0.260744 v _554_/Q (sky130_fd_sc_hd__dfrtp_2)
                                                         r_ptr_gray_sync[4] (net)
                      0.053994    0.000000    0.260744 v _291_/A (sky130_fd_sc_hd__xor2_2)
     3    0.014847    0.057472    0.135771    0.396515 v _291_/X (sky130_fd_sc_hd__xor2_2)
                                                         _171_ (net)
                      0.057472    0.000000    0.396515 v _292_/B (sky130_fd_sc_hd__xnor2_2)
     3    0.014596    0.177598    0.156810    0.553325 ^ _292_/Y (sky130_fd_sc_hd__xnor2_2)
                                                         _172_ (net)
                      0.177598    0.000000    0.553325 ^ _293_/B (sky130_fd_sc_hd__xnor2_2)
     1    0.003686    0.083454    0.073513    0.626838 ^ _293_/Y (sky130_fd_sc_hd__xnor2_2)
                                                         _173_ (net)
                      0.083454    0.000000    0.626838 ^ _297_/S (sky130_fd_sc_hd__mux2_1)
     2    0.005783    0.051064    0.203150    0.829988 v _297_/X (sky130_fd_sc_hd__mux2_1)
                                                         _177_ (net)
                      0.051064    0.000000    0.829988 v _329_/A1 (sky130_fd_sc_hd__a21boi_2)
    22    0.074255    0.640166    0.502137    1.332125 ^ _329_/Y (sky130_fd_sc_hd__a21boi_2)
                                                         _198_ (net)
                      0.640166    0.000000    1.332125 ^ _406_/C (sky130_fd_sc_hd__and4bb_2)
     8    0.029488    0.146296    0.262746    1.594871 ^ _406_/X (sky130_fd_sc_hd__and4bb_2)
                                                         _238_ (net)
                      0.146296    0.000000    1.594871 ^ _412_/S (sky130_fd_sc_hd__mux2_1)
     1    0.001783    0.034746    0.185352    1.780223 v _412_/X (sky130_fd_sc_hd__mux2_1)
                                                         _037_ (net)
                      0.034746    0.000000    1.780223 v _581_/D (sky130_fd_sc_hd__dfxtp_2)
                                              1.780223   data arrival time

                      0.000000   10.000000   10.000000   clock wclk (rise edge)
                                  0.000000   10.000000   clock network delay (ideal)
                                  0.000000   10.000000   clock reconvergence pessimism
                                             10.000000 ^ _581_/CLK (sky130_fd_sc_hd__dfxtp_2)
                                 -0.075286    9.924715   library setup time
                                              9.924715   data required time
---------------------------------------------------------------------------------------------
                                              9.924715   data required time
                                             -1.780223   data arrival time
---------------------------------------------------------------------------------------------
                                              8.144491   slack (MET)


Startpoint: _554_ (rising edge-triggered flip-flop clocked by wclk)
Endpoint: _582_ (rising edge-triggered flip-flop clocked by wclk)
Path Group: wclk
Path Type: max

Fanout         Cap        Slew       Delay        Time   Description
---------------------------------------------------------------------------------------------
                      0.000000    0.000000    0.000000   clock wclk (rise edge)
                                  0.000000    0.000000   clock network delay (ideal)
                      0.000000    0.000000    0.000000 ^ _554_/CLK (sky130_fd_sc_hd__dfrtp_2)
     2    0.016564    0.053994    0.260744    0.260744 v _554_/Q (sky130_fd_sc_hd__dfrtp_2)
                                                         r_ptr_gray_sync[4] (net)
                      0.053994    0.000000    0.260744 v _291_/A (sky130_fd_sc_hd__xor2_2)
     3    0.014847    0.057472    0.135771    0.396515 v _291_/X (sky130_fd_sc_hd__xor2_2)
                                                         _171_ (net)
                      0.057472    0.000000    0.396515 v _292_/B (sky130_fd_sc_hd__xnor2_2)
     3    0.014596    0.177598    0.156810    0.553325 ^ _292_/Y (sky130_fd_sc_hd__xnor2_2)
                                                         _172_ (net)
                      0.177598    0.000000    0.553325 ^ _293_/B (sky130_fd_sc_hd__xnor2_2)
     1    0.003686    0.083454    0.073513    0.626838 ^ _293_/Y (sky130_fd_sc_hd__xnor2_2)
                                                         _173_ (net)
                      0.083454    0.000000    0.626838 ^ _297_/S (sky130_fd_sc_hd__mux2_1)
     2    0.005783    0.051064    0.203150    0.829988 v _297_/X (sky130_fd_sc_hd__mux2_1)
                                                         _177_ (net)
                      0.051064    0.000000    0.829988 v _329_/A1 (sky130_fd_sc_hd__a21boi_2)
    22    0.074255    0.640166    0.502137    1.332125 ^ _329_/Y (sky130_fd_sc_hd__a21boi_2)
                                                         _198_ (net)
                      0.640166    0.000000    1.332125 ^ _406_/C (sky130_fd_sc_hd__and4bb_2)
     8    0.029488    0.146296    0.262746    1.594871 ^ _406_/X (sky130_fd_sc_hd__and4bb_2)
                                                         _238_ (net)
                      0.146296    0.000000    1.594871 ^ _413_/S (sky130_fd_sc_hd__mux2_1)
     1    0.001783    0.034746    0.185352    1.780223 v _413_/X (sky130_fd_sc_hd__mux2_1)
                                                         _038_ (net)
                      0.034746    0.000000    1.780223 v _582_/D (sky130_fd_sc_hd__dfxtp_2)
                                              1.780223   data arrival time

                      0.000000   10.000000   10.000000   clock wclk (rise edge)
                                  0.000000   10.000000   clock network delay (ideal)
                                  0.000000   10.000000   clock reconvergence pessimism
                                             10.000000 ^ _582_/CLK (sky130_fd_sc_hd__dfxtp_2)
                                 -0.075286    9.924715   library setup time
                                              9.924715   data required time
---------------------------------------------------------------------------------------------
                                              9.924715   data required time
                                             -1.780223   data arrival time
---------------------------------------------------------------------------------------------
                                              8.144491   slack (MET)


Startpoint: _554_ (rising edge-triggered flip-flop clocked by wclk)
Endpoint: _583_ (rising edge-triggered flip-flop clocked by wclk)
Path Group: wclk
Path Type: max

Fanout         Cap        Slew       Delay        Time   Description
---------------------------------------------------------------------------------------------
                      0.000000    0.000000    0.000000   clock wclk (rise edge)
                                  0.000000    0.000000   clock network delay (ideal)
                      0.000000    0.000000    0.000000 ^ _554_/CLK (sky130_fd_sc_hd__dfrtp_2)
     2    0.016564    0.053994    0.260744    0.260744 v _554_/Q (sky130_fd_sc_hd__dfrtp_2)
                                                         r_ptr_gray_sync[4] (net)
                      0.053994    0.000000    0.260744 v _291_/A (sky130_fd_sc_hd__xor2_2)
     3    0.014847    0.057472    0.135771    0.396515 v _291_/X (sky130_fd_sc_hd__xor2_2)
                                                         _171_ (net)
                      0.057472    0.000000    0.396515 v _292_/B (sky130_fd_sc_hd__xnor2_2)
     3    0.014596    0.177598    0.156810    0.553325 ^ _292_/Y (sky130_fd_sc_hd__xnor2_2)
                                                         _172_ (net)
                      0.177598    0.000000    0.553325 ^ _293_/B (sky130_fd_sc_hd__xnor2_2)
     1    0.003686    0.083454    0.073513    0.626838 ^ _293_/Y (sky130_fd_sc_hd__xnor2_2)
                                                         _173_ (net)
                      0.083454    0.000000    0.626838 ^ _297_/S (sky130_fd_sc_hd__mux2_1)
     2    0.005783    0.051064    0.203150    0.829988 v _297_/X (sky130_fd_sc_hd__mux2_1)
                                                         _177_ (net)
                      0.051064    0.000000    0.829988 v _329_/A1 (sky130_fd_sc_hd__a21boi_2)
    22    0.074255    0.640166    0.502137    1.332125 ^ _329_/Y (sky130_fd_sc_hd__a21boi_2)
                                                         _198_ (net)
                      0.640166    0.000000    1.332125 ^ _406_/C (sky130_fd_sc_hd__and4bb_2)
     8    0.029488    0.146296    0.262746    1.594871 ^ _406_/X (sky130_fd_sc_hd__and4bb_2)
                                                         _238_ (net)
                      0.146296    0.000000    1.594871 ^ _414_/S (sky130_fd_sc_hd__mux2_1)
     1    0.001783    0.034746    0.185352    1.780223 v _414_/X (sky130_fd_sc_hd__mux2_1)
                                                         _039_ (net)
                      0.034746    0.000000    1.780223 v _583_/D (sky130_fd_sc_hd__dfxtp_2)
                                              1.780223   data arrival time

                      0.000000   10.000000   10.000000   clock wclk (rise edge)
                                  0.000000   10.000000   clock network delay (ideal)
                                  0.000000   10.000000   clock reconvergence pessimism
                                             10.000000 ^ _583_/CLK (sky130_fd_sc_hd__dfxtp_2)
                                 -0.075286    9.924715   library setup time
                                              9.924715   data required time
---------------------------------------------------------------------------------------------
                                              9.924715   data required time
                                             -1.780223   data arrival time
---------------------------------------------------------------------------------------------
                                              8.144491   slack (MET)


Startpoint: _554_ (rising edge-triggered flip-flop clocked by wclk)
Endpoint: _608_ (rising edge-triggered flip-flop clocked by wclk)
Path Group: wclk
Path Type: max

Fanout         Cap        Slew       Delay        Time   Description
---------------------------------------------------------------------------------------------
                      0.000000    0.000000    0.000000   clock wclk (rise edge)
                                  0.000000    0.000000   clock network delay (ideal)
                      0.000000    0.000000    0.000000 ^ _554_/CLK (sky130_fd_sc_hd__dfrtp_2)
     2    0.016564    0.053994    0.260744    0.260744 v _554_/Q (sky130_fd_sc_hd__dfrtp_2)
                                                         r_ptr_gray_sync[4] (net)
                      0.053994    0.000000    0.260744 v _291_/A (sky130_fd_sc_hd__xor2_2)
     3    0.014847    0.057472    0.135771    0.396515 v _291_/X (sky130_fd_sc_hd__xor2_2)
                                                         _171_ (net)
                      0.057472    0.000000    0.396515 v _292_/B (sky130_fd_sc_hd__xnor2_2)
     3    0.014596    0.177598    0.156810    0.553325 ^ _292_/Y (sky130_fd_sc_hd__xnor2_2)
                                                         _172_ (net)
                      0.177598    0.000000    0.553325 ^ _293_/B (sky130_fd_sc_hd__xnor2_2)
     1    0.003686    0.083454    0.073513    0.626838 ^ _293_/Y (sky130_fd_sc_hd__xnor2_2)
                                                         _173_ (net)
                      0.083454    0.000000    0.626838 ^ _297_/S (sky130_fd_sc_hd__mux2_1)
     2    0.005783    0.051064    0.203150    0.829988 v _297_/X (sky130_fd_sc_hd__mux2_1)
                                                         _177_ (net)
                      0.051064    0.000000    0.829988 v _329_/A1 (sky130_fd_sc_hd__a21boi_2)
    22    0.074255    0.640166    0.502137    1.332125 ^ _329_/Y (sky130_fd_sc_hd__a21boi_2)
                                                         _198_ (net)
                      0.640166    0.000000    1.332125 ^ _443_/C (sky130_fd_sc_hd__and4bb_2)
     8    0.029488    0.146296    0.262746    1.594871 ^ _443_/X (sky130_fd_sc_hd__and4bb_2)
                                                         _243_ (net)
                      0.146296    0.000000    1.594871 ^ _444_/S (sky130_fd_sc_hd__mux2_1)
     1    0.001783    0.034746    0.185352    1.780223 v _444_/X (sky130_fd_sc_hd__mux2_1)
                                                         _064_ (net)
                      0.034746    0.000000    1.780223 v _608_/D (sky130_fd_sc_hd__dfxtp_2)
                                              1.780223   data arrival time

                      0.000000   10.000000   10.000000   clock wclk (rise edge)
                                  0.000000   10.000000   clock network delay (ideal)
                                  0.000000   10.000000   clock reconvergence pessimism
                                             10.000000 ^ _608_/CLK (sky130_fd_sc_hd__dfxtp_2)
                                 -0.075286    9.924715   library setup time
                                              9.924715   data required time
---------------------------------------------------------------------------------------------
                                              9.924715   data required time
                                             -1.780223   data arrival time
---------------------------------------------------------------------------------------------
                                              8.144491   slack (MET)


Startpoint: _554_ (rising edge-triggered flip-flop clocked by wclk)
Endpoint: _609_ (rising edge-triggered flip-flop clocked by wclk)
Path Group: wclk
Path Type: max

Fanout         Cap        Slew       Delay        Time   Description
---------------------------------------------------------------------------------------------
                      0.000000    0.000000    0.000000   clock wclk (rise edge)
                                  0.000000    0.000000   clock network delay (ideal)
                      0.000000    0.000000    0.000000 ^ _554_/CLK (sky130_fd_sc_hd__dfrtp_2)
     2    0.016564    0.053994    0.260744    0.260744 v _554_/Q (sky130_fd_sc_hd__dfrtp_2)
                                                         r_ptr_gray_sync[4] (net)
                      0.053994    0.000000    0.260744 v _291_/A (sky130_fd_sc_hd__xor2_2)
     3    0.014847    0.057472    0.135771    0.396515 v _291_/X (sky130_fd_sc_hd__xor2_2)
                                                         _171_ (net)
                      0.057472    0.000000    0.396515 v _292_/B (sky130_fd_sc_hd__xnor2_2)
     3    0.014596    0.177598    0.156810    0.553325 ^ _292_/Y (sky130_fd_sc_hd__xnor2_2)
                                                         _172_ (net)
                      0.177598    0.000000    0.553325 ^ _293_/B (sky130_fd_sc_hd__xnor2_2)
     1    0.003686    0.083454    0.073513    0.626838 ^ _293_/Y (sky130_fd_sc_hd__xnor2_2)
                                                         _173_ (net)
                      0.083454    0.000000    0.626838 ^ _297_/S (sky130_fd_sc_hd__mux2_1)
     2    0.005783    0.051064    0.203150    0.829988 v _297_/X (sky130_fd_sc_hd__mux2_1)
                                                         _177_ (net)
                      0.051064    0.000000    0.829988 v _329_/A1 (sky130_fd_sc_hd__a21boi_2)
    22    0.074255    0.640166    0.502137    1.332125 ^ _329_/Y (sky130_fd_sc_hd__a21boi_2)
                                                         _198_ (net)
                      0.640166    0.000000    1.332125 ^ _443_/C (sky130_fd_sc_hd__and4bb_2)
     8    0.029488    0.146296    0.262746    1.594871 ^ _443_/X (sky130_fd_sc_hd__and4bb_2)
                                                         _243_ (net)
                      0.146296    0.000000    1.594871 ^ _445_/S (sky130_fd_sc_hd__mux2_1)
     1    0.001783    0.034746    0.185352    1.780223 v _445_/X (sky130_fd_sc_hd__mux2_1)
                                                         _065_ (net)
                      0.034746    0.000000    1.780223 v _609_/D (sky130_fd_sc_hd__dfxtp_2)
                                              1.780223   data arrival time

                      0.000000   10.000000   10.000000   clock wclk (rise edge)
                                  0.000000   10.000000   clock network delay (ideal)
                                  0.000000   10.000000   clock reconvergence pessimism
                                             10.000000 ^ _609_/CLK (sky130_fd_sc_hd__dfxtp_2)
                                 -0.075286    9.924715   library setup time
                                              9.924715   data required time
---------------------------------------------------------------------------------------------
                                              9.924715   data required time
                                             -1.780223   data arrival time
---------------------------------------------------------------------------------------------
                                              8.144491   slack (MET)


Startpoint: _554_ (rising edge-triggered flip-flop clocked by wclk)
Endpoint: _610_ (rising edge-triggered flip-flop clocked by wclk)
Path Group: wclk
Path Type: max

Fanout         Cap        Slew       Delay        Time   Description
---------------------------------------------------------------------------------------------
                      0.000000    0.000000    0.000000   clock wclk (rise edge)
                                  0.000000    0.000000   clock network delay (ideal)
                      0.000000    0.000000    0.000000 ^ _554_/CLK (sky130_fd_sc_hd__dfrtp_2)
     2    0.016564    0.053994    0.260744    0.260744 v _554_/Q (sky130_fd_sc_hd__dfrtp_2)
                                                         r_ptr_gray_sync[4] (net)
                      0.053994    0.000000    0.260744 v _291_/A (sky130_fd_sc_hd__xor2_2)
     3    0.014847    0.057472    0.135771    0.396515 v _291_/X (sky130_fd_sc_hd__xor2_2)
                                                         _171_ (net)
                      0.057472    0.000000    0.396515 v _292_/B (sky130_fd_sc_hd__xnor2_2)
     3    0.014596    0.177598    0.156810    0.553325 ^ _292_/Y (sky130_fd_sc_hd__xnor2_2)
                                                         _172_ (net)
                      0.177598    0.000000    0.553325 ^ _293_/B (sky130_fd_sc_hd__xnor2_2)
     1    0.003686    0.083454    0.073513    0.626838 ^ _293_/Y (sky130_fd_sc_hd__xnor2_2)
                                                         _173_ (net)
                      0.083454    0.000000    0.626838 ^ _297_/S (sky130_fd_sc_hd__mux2_1)
     2    0.005783    0.051064    0.203150    0.829988 v _297_/X (sky130_fd_sc_hd__mux2_1)
                                                         _177_ (net)
                      0.051064    0.000000    0.829988 v _329_/A1 (sky130_fd_sc_hd__a21boi_2)
    22    0.074255    0.640166    0.502137    1.332125 ^ _329_/Y (sky130_fd_sc_hd__a21boi_2)
                                                         _198_ (net)
                      0.640166    0.000000    1.332125 ^ _443_/C (sky130_fd_sc_hd__and4bb_2)
     8    0.029488    0.146296    0.262746    1.594871 ^ _443_/X (sky130_fd_sc_hd__and4bb_2)
                                                         _243_ (net)
                      0.146296    0.000000    1.594871 ^ _446_/S (sky130_fd_sc_hd__mux2_1)
     1    0.001783    0.034746    0.185352    1.780223 v _446_/X (sky130_fd_sc_hd__mux2_1)
                                                         _066_ (net)
                      0.034746    0.000000    1.780223 v _610_/D (sky130_fd_sc_hd__dfxtp_2)
                                              1.780223   data arrival time

                      0.000000   10.000000   10.000000   clock wclk (rise edge)
                                  0.000000   10.000000   clock network delay (ideal)
                                  0.000000   10.000000   clock reconvergence pessimism
                                             10.000000 ^ _610_/CLK (sky130_fd_sc_hd__dfxtp_2)
                                 -0.075286    9.924715   library setup time
                                              9.924715   data required time
---------------------------------------------------------------------------------------------
                                              9.924715   data required time
                                             -1.780223   data arrival time
---------------------------------------------------------------------------------------------
                                              8.144491   slack (MET)


Startpoint: _554_ (rising edge-triggered flip-flop clocked by wclk)
Endpoint: _611_ (rising edge-triggered flip-flop clocked by wclk)
Path Group: wclk
Path Type: max

Fanout         Cap        Slew       Delay        Time   Description
---------------------------------------------------------------------------------------------
                      0.000000    0.000000    0.000000   clock wclk (rise edge)
                                  0.000000    0.000000   clock network delay (ideal)
                      0.000000    0.000000    0.000000 ^ _554_/CLK (sky130_fd_sc_hd__dfrtp_2)
     2    0.016564    0.053994    0.260744    0.260744 v _554_/Q (sky130_fd_sc_hd__dfrtp_2)
                                                         r_ptr_gray_sync[4] (net)
                      0.053994    0.000000    0.260744 v _291_/A (sky130_fd_sc_hd__xor2_2)
     3    0.014847    0.057472    0.135771    0.396515 v _291_/X (sky130_fd_sc_hd__xor2_2)
                                                         _171_ (net)
                      0.057472    0.000000    0.396515 v _292_/B (sky130_fd_sc_hd__xnor2_2)
     3    0.014596    0.177598    0.156810    0.553325 ^ _292_/Y (sky130_fd_sc_hd__xnor2_2)
                                                         _172_ (net)
                      0.177598    0.000000    0.553325 ^ _293_/B (sky130_fd_sc_hd__xnor2_2)
     1    0.003686    0.083454    0.073513    0.626838 ^ _293_/Y (sky130_fd_sc_hd__xnor2_2)
                                                         _173_ (net)
                      0.083454    0.000000    0.626838 ^ _297_/S (sky130_fd_sc_hd__mux2_1)
     2    0.005783    0.051064    0.203150    0.829988 v _297_/X (sky130_fd_sc_hd__mux2_1)
                                                         _177_ (net)
                      0.051064    0.000000    0.829988 v _329_/A1 (sky130_fd_sc_hd__a21boi_2)
    22    0.074255    0.640166    0.502137    1.332125 ^ _329_/Y (sky130_fd_sc_hd__a21boi_2)
                                                         _198_ (net)
                      0.640166    0.000000    1.332125 ^ _443_/C (sky130_fd_sc_hd__and4bb_2)
     8    0.029488    0.146296    0.262746    1.594871 ^ _443_/X (sky130_fd_sc_hd__and4bb_2)
                                                         _243_ (net)
                      0.146296    0.000000    1.594871 ^ _447_/S (sky130_fd_sc_hd__mux2_1)
     1    0.001783    0.034746    0.185352    1.780223 v _447_/X (sky130_fd_sc_hd__mux2_1)
                                                         _067_ (net)
                      0.034746    0.000000    1.780223 v _611_/D (sky130_fd_sc_hd__dfxtp_2)
                                              1.780223   data arrival time

                      0.000000   10.000000   10.000000   clock wclk (rise edge)
                                  0.000000   10.000000   clock network delay (ideal)
                                  0.000000   10.000000   clock reconvergence pessimism
                                             10.000000 ^ _611_/CLK (sky130_fd_sc_hd__dfxtp_2)
                                 -0.075286    9.924715   library setup time
                                              9.924715   data required time
---------------------------------------------------------------------------------------------
                                              9.924715   data required time
                                             -1.780223   data arrival time
---------------------------------------------------------------------------------------------
                                              8.144491   slack (MET)


Startpoint: _554_ (rising edge-triggered flip-flop clocked by wclk)
Endpoint: _612_ (rising edge-triggered flip-flop clocked by wclk)
Path Group: wclk
Path Type: max

Fanout         Cap        Slew       Delay        Time   Description
---------------------------------------------------------------------------------------------
                      0.000000    0.000000    0.000000   clock wclk (rise edge)
                                  0.000000    0.000000   clock network delay (ideal)
                      0.000000    0.000000    0.000000 ^ _554_/CLK (sky130_fd_sc_hd__dfrtp_2)
     2    0.016564    0.053994    0.260744    0.260744 v _554_/Q (sky130_fd_sc_hd__dfrtp_2)
                                                         r_ptr_gray_sync[4] (net)
                      0.053994    0.000000    0.260744 v _291_/A (sky130_fd_sc_hd__xor2_2)
     3    0.014847    0.057472    0.135771    0.396515 v _291_/X (sky130_fd_sc_hd__xor2_2)
                                                         _171_ (net)
                      0.057472    0.000000    0.396515 v _292_/B (sky130_fd_sc_hd__xnor2_2)
     3    0.014596    0.177598    0.156810    0.553325 ^ _292_/Y (sky130_fd_sc_hd__xnor2_2)
                                                         _172_ (net)
                      0.177598    0.000000    0.553325 ^ _293_/B (sky130_fd_sc_hd__xnor2_2)
     1    0.003686    0.083454    0.073513    0.626838 ^ _293_/Y (sky130_fd_sc_hd__xnor2_2)
                                                         _173_ (net)
                      0.083454    0.000000    0.626838 ^ _297_/S (sky130_fd_sc_hd__mux2_1)
     2    0.005783    0.051064    0.203150    0.829988 v _297_/X (sky130_fd_sc_hd__mux2_1)
                                                         _177_ (net)
                      0.051064    0.000000    0.829988 v _329_/A1 (sky130_fd_sc_hd__a21boi_2)
    22    0.074255    0.640166    0.502137    1.332125 ^ _329_/Y (sky130_fd_sc_hd__a21boi_2)
                                                         _198_ (net)
                      0.640166    0.000000    1.332125 ^ _443_/C (sky130_fd_sc_hd__and4bb_2)
     8    0.029488    0.146296    0.262746    1.594871 ^ _443_/X (sky130_fd_sc_hd__and4bb_2)
                                                         _243_ (net)
                      0.146296    0.000000    1.594871 ^ _448_/S (sky130_fd_sc_hd__mux2_1)
     1    0.001783    0.034746    0.185352    1.780223 v _448_/X (sky130_fd_sc_hd__mux2_1)
                                                         _068_ (net)
                      0.034746    0.000000    1.780223 v _612_/D (sky130_fd_sc_hd__dfxtp_2)
                                              1.780223   data arrival time

                      0.000000   10.000000   10.000000   clock wclk (rise edge)
                                  0.000000   10.000000   clock network delay (ideal)
                                  0.000000   10.000000   clock reconvergence pessimism
                                             10.000000 ^ _612_/CLK (sky130_fd_sc_hd__dfxtp_2)
                                 -0.075286    9.924715   library setup time
                                              9.924715   data required time
---------------------------------------------------------------------------------------------
                                              9.924715   data required time
                                             -1.780223   data arrival time
---------------------------------------------------------------------------------------------
                                              8.144491   slack (MET)


Startpoint: _554_ (rising edge-triggered flip-flop clocked by wclk)
Endpoint: _613_ (rising edge-triggered flip-flop clocked by wclk)
Path Group: wclk
Path Type: max

Fanout         Cap        Slew       Delay        Time   Description
---------------------------------------------------------------------------------------------
                      0.000000    0.000000    0.000000   clock wclk (rise edge)
                                  0.000000    0.000000   clock network delay (ideal)
                      0.000000    0.000000    0.000000 ^ _554_/CLK (sky130_fd_sc_hd__dfrtp_2)
     2    0.016564    0.053994    0.260744    0.260744 v _554_/Q (sky130_fd_sc_hd__dfrtp_2)
                                                         r_ptr_gray_sync[4] (net)
                      0.053994    0.000000    0.260744 v _291_/A (sky130_fd_sc_hd__xor2_2)
     3    0.014847    0.057472    0.135771    0.396515 v _291_/X (sky130_fd_sc_hd__xor2_2)
                                                         _171_ (net)
                      0.057472    0.000000    0.396515 v _292_/B (sky130_fd_sc_hd__xnor2_2)
     3    0.014596    0.177598    0.156810    0.553325 ^ _292_/Y (sky130_fd_sc_hd__xnor2_2)
                                                         _172_ (net)
                      0.177598    0.000000    0.553325 ^ _293_/B (sky130_fd_sc_hd__xnor2_2)
     1    0.003686    0.083454    0.073513    0.626838 ^ _293_/Y (sky130_fd_sc_hd__xnor2_2)
                                                         _173_ (net)
                      0.083454    0.000000    0.626838 ^ _297_/S (sky130_fd_sc_hd__mux2_1)
     2    0.005783    0.051064    0.203150    0.829988 v _297_/X (sky130_fd_sc_hd__mux2_1)
                                                         _177_ (net)
                      0.051064    0.000000    0.829988 v _329_/A1 (sky130_fd_sc_hd__a21boi_2)
    22    0.074255    0.640166    0.502137    1.332125 ^ _329_/Y (sky130_fd_sc_hd__a21boi_2)
                                                         _198_ (net)
                      0.640166    0.000000    1.332125 ^ _443_/C (sky130_fd_sc_hd__and4bb_2)
     8    0.029488    0.146296    0.262746    1.594871 ^ _443_/X (sky130_fd_sc_hd__and4bb_2)
                                                         _243_ (net)
                      0.146296    0.000000    1.594871 ^ _449_/S (sky130_fd_sc_hd__mux2_1)
     1    0.001783    0.034746    0.185352    1.780223 v _449_/X (sky130_fd_sc_hd__mux2_1)
                                                         _069_ (net)
                      0.034746    0.000000    1.780223 v _613_/D (sky130_fd_sc_hd__dfxtp_2)
                                              1.780223   data arrival time

                      0.000000   10.000000   10.000000   clock wclk (rise edge)
                                  0.000000   10.000000   clock network delay (ideal)
                                  0.000000   10.000000   clock reconvergence pessimism
                                             10.000000 ^ _613_/CLK (sky130_fd_sc_hd__dfxtp_2)
                                 -0.075286    9.924715   library setup time
                                              9.924715   data required time
---------------------------------------------------------------------------------------------
                                              9.924715   data required time
                                             -1.780223   data arrival time
---------------------------------------------------------------------------------------------
                                              8.144491   slack (MET)


Startpoint: _554_ (rising edge-triggered flip-flop clocked by wclk)
Endpoint: _614_ (rising edge-triggered flip-flop clocked by wclk)
Path Group: wclk
Path Type: max

Fanout         Cap        Slew       Delay        Time   Description
---------------------------------------------------------------------------------------------
                      0.000000    0.000000    0.000000   clock wclk (rise edge)
                                  0.000000    0.000000   clock network delay (ideal)
                      0.000000    0.000000    0.000000 ^ _554_/CLK (sky130_fd_sc_hd__dfrtp_2)
     2    0.016564    0.053994    0.260744    0.260744 v _554_/Q (sky130_fd_sc_hd__dfrtp_2)
                                                         r_ptr_gray_sync[4] (net)
                      0.053994    0.000000    0.260744 v _291_/A (sky130_fd_sc_hd__xor2_2)
     3    0.014847    0.057472    0.135771    0.396515 v _291_/X (sky130_fd_sc_hd__xor2_2)
                                                         _171_ (net)
                      0.057472    0.000000    0.396515 v _292_/B (sky130_fd_sc_hd__xnor2_2)
     3    0.014596    0.177598    0.156810    0.553325 ^ _292_/Y (sky130_fd_sc_hd__xnor2_2)
                                                         _172_ (net)
                      0.177598    0.000000    0.553325 ^ _293_/B (sky130_fd_sc_hd__xnor2_2)
     1    0.003686    0.083454    0.073513    0.626838 ^ _293_/Y (sky130_fd_sc_hd__xnor2_2)
                                                         _173_ (net)
                      0.083454    0.000000    0.626838 ^ _297_/S (sky130_fd_sc_hd__mux2_1)
     2    0.005783    0.051064    0.203150    0.829988 v _297_/X (sky130_fd_sc_hd__mux2_1)
                                                         _177_ (net)
                      0.051064    0.000000    0.829988 v _329_/A1 (sky130_fd_sc_hd__a21boi_2)
    22    0.074255    0.640166    0.502137    1.332125 ^ _329_/Y (sky130_fd_sc_hd__a21boi_2)
                                                         _198_ (net)
                      0.640166    0.000000    1.332125 ^ _443_/C (sky130_fd_sc_hd__and4bb_2)
     8    0.029488    0.146296    0.262746    1.594871 ^ _443_/X (sky130_fd_sc_hd__and4bb_2)
                                                         _243_ (net)
                      0.146296    0.000000    1.594871 ^ _450_/S (sky130_fd_sc_hd__mux2_1)
     1    0.001783    0.034746    0.185352    1.780223 v _450_/X (sky130_fd_sc_hd__mux2_1)
                                                         _070_ (net)
                      0.034746    0.000000    1.780223 v _614_/D (sky130_fd_sc_hd__dfxtp_2)
                                              1.780223   data arrival time

                      0.000000   10.000000   10.000000   clock wclk (rise edge)
                                  0.000000   10.000000   clock network delay (ideal)
                                  0.000000   10.000000   clock reconvergence pessimism
                                             10.000000 ^ _614_/CLK (sky130_fd_sc_hd__dfxtp_2)
                                 -0.075286    9.924715   library setup time
                                              9.924715   data required time
---------------------------------------------------------------------------------------------
                                              9.924715   data required time
                                             -1.780223   data arrival time
---------------------------------------------------------------------------------------------
                                              8.144491   slack (MET)


Startpoint: _554_ (rising edge-triggered flip-flop clocked by wclk)
Endpoint: _615_ (rising edge-triggered flip-flop clocked by wclk)
Path Group: wclk
Path Type: max

Fanout         Cap        Slew       Delay        Time   Description
---------------------------------------------------------------------------------------------
                      0.000000    0.000000    0.000000   clock wclk (rise edge)
                                  0.000000    0.000000   clock network delay (ideal)
                      0.000000    0.000000    0.000000 ^ _554_/CLK (sky130_fd_sc_hd__dfrtp_2)
     2    0.016564    0.053994    0.260744    0.260744 v _554_/Q (sky130_fd_sc_hd__dfrtp_2)
                                                         r_ptr_gray_sync[4] (net)
                      0.053994    0.000000    0.260744 v _291_/A (sky130_fd_sc_hd__xor2_2)
     3    0.014847    0.057472    0.135771    0.396515 v _291_/X (sky130_fd_sc_hd__xor2_2)
                                                         _171_ (net)
                      0.057472    0.000000    0.396515 v _292_/B (sky130_fd_sc_hd__xnor2_2)
     3    0.014596    0.177598    0.156810    0.553325 ^ _292_/Y (sky130_fd_sc_hd__xnor2_2)
                                                         _172_ (net)
                      0.177598    0.000000    0.553325 ^ _293_/B (sky130_fd_sc_hd__xnor2_2)
     1    0.003686    0.083454    0.073513    0.626838 ^ _293_/Y (sky130_fd_sc_hd__xnor2_2)
                                                         _173_ (net)
                      0.083454    0.000000    0.626838 ^ _297_/S (sky130_fd_sc_hd__mux2_1)
     2    0.005783    0.051064    0.203150    0.829988 v _297_/X (sky130_fd_sc_hd__mux2_1)
                                                         _177_ (net)
                      0.051064    0.000000    0.829988 v _329_/A1 (sky130_fd_sc_hd__a21boi_2)
    22    0.074255    0.640166    0.502137    1.332125 ^ _329_/Y (sky130_fd_sc_hd__a21boi_2)
                                                         _198_ (net)
                      0.640166    0.000000    1.332125 ^ _443_/C (sky130_fd_sc_hd__and4bb_2)
     8    0.029488    0.146296    0.262746    1.594871 ^ _443_/X (sky130_fd_sc_hd__and4bb_2)
                                                         _243_ (net)
                      0.146296    0.000000    1.594871 ^ _451_/S (sky130_fd_sc_hd__mux2_1)
     1    0.001783    0.034746    0.185352    1.780223 v _451_/X (sky130_fd_sc_hd__mux2_1)
                                                         _071_ (net)
                      0.034746    0.000000    1.780223 v _615_/D (sky130_fd_sc_hd__dfxtp_2)
                                              1.780223   data arrival time

                      0.000000   10.000000   10.000000   clock wclk (rise edge)
                                  0.000000   10.000000   clock network delay (ideal)
                                  0.000000   10.000000   clock reconvergence pessimism
                                             10.000000 ^ _615_/CLK (sky130_fd_sc_hd__dfxtp_2)
                                 -0.075286    9.924715   library setup time
                                              9.924715   data required time
---------------------------------------------------------------------------------------------
                                              9.924715   data required time
                                             -1.780223   data arrival time
---------------------------------------------------------------------------------------------
                                              8.144491   slack (MET)


Startpoint: _554_ (rising edge-triggered flip-flop clocked by wclk)
Endpoint: _616_ (rising edge-triggered flip-flop clocked by wclk)
Path Group: wclk
Path Type: max

Fanout         Cap        Slew       Delay        Time   Description
---------------------------------------------------------------------------------------------
                      0.000000    0.000000    0.000000   clock wclk (rise edge)
                                  0.000000    0.000000   clock network delay (ideal)
                      0.000000    0.000000    0.000000 ^ _554_/CLK (sky130_fd_sc_hd__dfrtp_2)
     2    0.016564    0.053994    0.260744    0.260744 v _554_/Q (sky130_fd_sc_hd__dfrtp_2)
                                                         r_ptr_gray_sync[4] (net)
                      0.053994    0.000000    0.260744 v _291_/A (sky130_fd_sc_hd__xor2_2)
     3    0.014847    0.057472    0.135771    0.396515 v _291_/X (sky130_fd_sc_hd__xor2_2)
                                                         _171_ (net)
                      0.057472    0.000000    0.396515 v _292_/B (sky130_fd_sc_hd__xnor2_2)
     3    0.014596    0.177598    0.156810    0.553325 ^ _292_/Y (sky130_fd_sc_hd__xnor2_2)
                                                         _172_ (net)
                      0.177598    0.000000    0.553325 ^ _293_/B (sky130_fd_sc_hd__xnor2_2)
     1    0.003686    0.083454    0.073513    0.626838 ^ _293_/Y (sky130_fd_sc_hd__xnor2_2)
                                                         _173_ (net)
                      0.083454    0.000000    0.626838 ^ _297_/S (sky130_fd_sc_hd__mux2_1)
     2    0.005783    0.051064    0.203150    0.829988 v _297_/X (sky130_fd_sc_hd__mux2_1)
                                                         _177_ (net)
                      0.051064    0.000000    0.829988 v _329_/A1 (sky130_fd_sc_hd__a21boi_2)
    22    0.074255    0.640166    0.502137    1.332125 ^ _329_/Y (sky130_fd_sc_hd__a21boi_2)
                                                         _198_ (net)
                      0.640166    0.000000    1.332125 ^ _453_/C (sky130_fd_sc_hd__and4bb_2)
     8    0.029488    0.146296    0.262746    1.594871 ^ _453_/X (sky130_fd_sc_hd__and4bb_2)
                                                         _245_ (net)
                      0.146296    0.000000    1.594871 ^ _454_/S (sky130_fd_sc_hd__mux2_1)
     1    0.001783    0.034746    0.185352    1.780223 v _454_/X (sky130_fd_sc_hd__mux2_1)
                                                         _072_ (net)
                      0.034746    0.000000    1.780223 v _616_/D (sky130_fd_sc_hd__dfxtp_2)
                                              1.780223   data arrival time

                      0.000000   10.000000   10.000000   clock wclk (rise edge)
                                  0.000000   10.000000   clock network delay (ideal)
                                  0.000000   10.000000   clock reconvergence pessimism
                                             10.000000 ^ _616_/CLK (sky130_fd_sc_hd__dfxtp_2)
                                 -0.075286    9.924715   library setup time
                                              9.924715   data required time
---------------------------------------------------------------------------------------------
                                              9.924715   data required time
                                             -1.780223   data arrival time
---------------------------------------------------------------------------------------------
                                              8.144491   slack (MET)


Startpoint: _554_ (rising edge-triggered flip-flop clocked by wclk)
Endpoint: _617_ (rising edge-triggered flip-flop clocked by wclk)
Path Group: wclk
Path Type: max

Fanout         Cap        Slew       Delay        Time   Description
---------------------------------------------------------------------------------------------
                      0.000000    0.000000    0.000000   clock wclk (rise edge)
                                  0.000000    0.000000   clock network delay (ideal)
                      0.000000    0.000000    0.000000 ^ _554_/CLK (sky130_fd_sc_hd__dfrtp_2)
     2    0.016564    0.053994    0.260744    0.260744 v _554_/Q (sky130_fd_sc_hd__dfrtp_2)
                                                         r_ptr_gray_sync[4] (net)
                      0.053994    0.000000    0.260744 v _291_/A (sky130_fd_sc_hd__xor2_2)
     3    0.014847    0.057472    0.135771    0.396515 v _291_/X (sky130_fd_sc_hd__xor2_2)
                                                         _171_ (net)
                      0.057472    0.000000    0.396515 v _292_/B (sky130_fd_sc_hd__xnor2_2)
     3    0.014596    0.177598    0.156810    0.553325 ^ _292_/Y (sky130_fd_sc_hd__xnor2_2)
                                                         _172_ (net)
                      0.177598    0.000000    0.553325 ^ _293_/B (sky130_fd_sc_hd__xnor2_2)
     1    0.003686    0.083454    0.073513    0.626838 ^ _293_/Y (sky130_fd_sc_hd__xnor2_2)
                                                         _173_ (net)
                      0.083454    0.000000    0.626838 ^ _297_/S (sky130_fd_sc_hd__mux2_1)
     2    0.005783    0.051064    0.203150    0.829988 v _297_/X (sky130_fd_sc_hd__mux2_1)
                                                         _177_ (net)
                      0.051064    0.000000    0.829988 v _329_/A1 (sky130_fd_sc_hd__a21boi_2)
    22    0.074255    0.640166    0.502137    1.332125 ^ _329_/Y (sky130_fd_sc_hd__a21boi_2)
                                                         _198_ (net)
                      0.640166    0.000000    1.332125 ^ _453_/C (sky130_fd_sc_hd__and4bb_2)
     8    0.029488    0.146296    0.262746    1.594871 ^ _453_/X (sky130_fd_sc_hd__and4bb_2)
                                                         _245_ (net)
                      0.146296    0.000000    1.594871 ^ _455_/S (sky130_fd_sc_hd__mux2_1)
     1    0.001783    0.034746    0.185352    1.780223 v _455_/X (sky130_fd_sc_hd__mux2_1)
                                                         _073_ (net)
                      0.034746    0.000000    1.780223 v _617_/D (sky130_fd_sc_hd__dfxtp_2)
                                              1.780223   data arrival time

                      0.000000   10.000000   10.000000   clock wclk (rise edge)
                                  0.000000   10.000000   clock network delay (ideal)
                                  0.000000   10.000000   clock reconvergence pessimism
                                             10.000000 ^ _617_/CLK (sky130_fd_sc_hd__dfxtp_2)
                                 -0.075286    9.924715   library setup time
                                              9.924715   data required time
---------------------------------------------------------------------------------------------
                                              9.924715   data required time
                                             -1.780223   data arrival time
---------------------------------------------------------------------------------------------
                                              8.144491   slack (MET)


Startpoint: _554_ (rising edge-triggered flip-flop clocked by wclk)
Endpoint: _618_ (rising edge-triggered flip-flop clocked by wclk)
Path Group: wclk
Path Type: max

Fanout         Cap        Slew       Delay        Time   Description
---------------------------------------------------------------------------------------------
                      0.000000    0.000000    0.000000   clock wclk (rise edge)
                                  0.000000    0.000000   clock network delay (ideal)
                      0.000000    0.000000    0.000000 ^ _554_/CLK (sky130_fd_sc_hd__dfrtp_2)
     2    0.016564    0.053994    0.260744    0.260744 v _554_/Q (sky130_fd_sc_hd__dfrtp_2)
                                                         r_ptr_gray_sync[4] (net)
                      0.053994    0.000000    0.260744 v _291_/A (sky130_fd_sc_hd__xor2_2)
     3    0.014847    0.057472    0.135771    0.396515 v _291_/X (sky130_fd_sc_hd__xor2_2)
                                                         _171_ (net)
                      0.057472    0.000000    0.396515 v _292_/B (sky130_fd_sc_hd__xnor2_2)
     3    0.014596    0.177598    0.156810    0.553325 ^ _292_/Y (sky130_fd_sc_hd__xnor2_2)
                                                         _172_ (net)
                      0.177598    0.000000    0.553325 ^ _293_/B (sky130_fd_sc_hd__xnor2_2)
     1    0.003686    0.083454    0.073513    0.626838 ^ _293_/Y (sky130_fd_sc_hd__xnor2_2)
                                                         _173_ (net)
                      0.083454    0.000000    0.626838 ^ _297_/S (sky130_fd_sc_hd__mux2_1)
     2    0.005783    0.051064    0.203150    0.829988 v _297_/X (sky130_fd_sc_hd__mux2_1)
                                                         _177_ (net)
                      0.051064    0.000000    0.829988 v _329_/A1 (sky130_fd_sc_hd__a21boi_2)
    22    0.074255    0.640166    0.502137    1.332125 ^ _329_/Y (sky130_fd_sc_hd__a21boi_2)
                                                         _198_ (net)
                      0.640166    0.000000    1.332125 ^ _453_/C (sky130_fd_sc_hd__and4bb_2)
     8    0.029488    0.146296    0.262746    1.594871 ^ _453_/X (sky130_fd_sc_hd__and4bb_2)
                                                         _245_ (net)
                      0.146296    0.000000    1.594871 ^ _456_/S (sky130_fd_sc_hd__mux2_1)
     1    0.001783    0.034746    0.185352    1.780223 v _456_/X (sky130_fd_sc_hd__mux2_1)
                                                         _074_ (net)
                      0.034746    0.000000    1.780223 v _618_/D (sky130_fd_sc_hd__dfxtp_2)
                                              1.780223   data arrival time

                      0.000000   10.000000   10.000000   clock wclk (rise edge)
                                  0.000000   10.000000   clock network delay (ideal)
                                  0.000000   10.000000   clock reconvergence pessimism
                                             10.000000 ^ _618_/CLK (sky130_fd_sc_hd__dfxtp_2)
                                 -0.075286    9.924715   library setup time
                                              9.924715   data required time
---------------------------------------------------------------------------------------------
                                              9.924715   data required time
                                             -1.780223   data arrival time
---------------------------------------------------------------------------------------------
                                              8.144491   slack (MET)


Startpoint: _554_ (rising edge-triggered flip-flop clocked by wclk)
Endpoint: _619_ (rising edge-triggered flip-flop clocked by wclk)
Path Group: wclk
Path Type: max

Fanout         Cap        Slew       Delay        Time   Description
---------------------------------------------------------------------------------------------
                      0.000000    0.000000    0.000000   clock wclk (rise edge)
                                  0.000000    0.000000   clock network delay (ideal)
                      0.000000    0.000000    0.000000 ^ _554_/CLK (sky130_fd_sc_hd__dfrtp_2)
     2    0.016564    0.053994    0.260744    0.260744 v _554_/Q (sky130_fd_sc_hd__dfrtp_2)
                                                         r_ptr_gray_sync[4] (net)
                      0.053994    0.000000    0.260744 v _291_/A (sky130_fd_sc_hd__xor2_2)
     3    0.014847    0.057472    0.135771    0.396515 v _291_/X (sky130_fd_sc_hd__xor2_2)
                                                         _171_ (net)
                      0.057472    0.000000    0.396515 v _292_/B (sky130_fd_sc_hd__xnor2_2)
     3    0.014596    0.177598    0.156810    0.553325 ^ _292_/Y (sky130_fd_sc_hd__xnor2_2)
                                                         _172_ (net)
                      0.177598    0.000000    0.553325 ^ _293_/B (sky130_fd_sc_hd__xnor2_2)
     1    0.003686    0.083454    0.073513    0.626838 ^ _293_/Y (sky130_fd_sc_hd__xnor2_2)
                                                         _173_ (net)
                      0.083454    0.000000    0.626838 ^ _297_/S (sky130_fd_sc_hd__mux2_1)
     2    0.005783    0.051064    0.203150    0.829988 v _297_/X (sky130_fd_sc_hd__mux2_1)
                                                         _177_ (net)
                      0.051064    0.000000    0.829988 v _329_/A1 (sky130_fd_sc_hd__a21boi_2)
    22    0.074255    0.640166    0.502137    1.332125 ^ _329_/Y (sky130_fd_sc_hd__a21boi_2)
                                                         _198_ (net)
                      0.640166    0.000000    1.332125 ^ _453_/C (sky130_fd_sc_hd__and4bb_2)
     8    0.029488    0.146296    0.262746    1.594871 ^ _453_/X (sky130_fd_sc_hd__and4bb_2)
                                                         _245_ (net)
                      0.146296    0.000000    1.594871 ^ _457_/S (sky130_fd_sc_hd__mux2_1)
     1    0.001783    0.034746    0.185352    1.780223 v _457_/X (sky130_fd_sc_hd__mux2_1)
                                                         _075_ (net)
                      0.034746    0.000000    1.780223 v _619_/D (sky130_fd_sc_hd__dfxtp_2)
                                              1.780223   data arrival time

                      0.000000   10.000000   10.000000   clock wclk (rise edge)
                                  0.000000   10.000000   clock network delay (ideal)
                                  0.000000   10.000000   clock reconvergence pessimism
                                             10.000000 ^ _619_/CLK (sky130_fd_sc_hd__dfxtp_2)
                                 -0.075286    9.924715   library setup time
                                              9.924715   data required time
---------------------------------------------------------------------------------------------
                                              9.924715   data required time
                                             -1.780223   data arrival time
---------------------------------------------------------------------------------------------
                                              8.144491   slack (MET)


Startpoint: _554_ (rising edge-triggered flip-flop clocked by wclk)
Endpoint: _620_ (rising edge-triggered flip-flop clocked by wclk)
Path Group: wclk
Path Type: max

Fanout         Cap        Slew       Delay        Time   Description
---------------------------------------------------------------------------------------------
                      0.000000    0.000000    0.000000   clock wclk (rise edge)
                                  0.000000    0.000000   clock network delay (ideal)
                      0.000000    0.000000    0.000000 ^ _554_/CLK (sky130_fd_sc_hd__dfrtp_2)
     2    0.016564    0.053994    0.260744    0.260744 v _554_/Q (sky130_fd_sc_hd__dfrtp_2)
                                                         r_ptr_gray_sync[4] (net)
                      0.053994    0.000000    0.260744 v _291_/A (sky130_fd_sc_hd__xor2_2)
     3    0.014847    0.057472    0.135771    0.396515 v _291_/X (sky130_fd_sc_hd__xor2_2)
                                                         _171_ (net)
                      0.057472    0.000000    0.396515 v _292_/B (sky130_fd_sc_hd__xnor2_2)
     3    0.014596    0.177598    0.156810    0.553325 ^ _292_/Y (sky130_fd_sc_hd__xnor2_2)
                                                         _172_ (net)
                      0.177598    0.000000    0.553325 ^ _293_/B (sky130_fd_sc_hd__xnor2_2)
     1    0.003686    0.083454    0.073513    0.626838 ^ _293_/Y (sky130_fd_sc_hd__xnor2_2)
                                                         _173_ (net)
                      0.083454    0.000000    0.626838 ^ _297_/S (sky130_fd_sc_hd__mux2_1)
     2    0.005783    0.051064    0.203150    0.829988 v _297_/X (sky130_fd_sc_hd__mux2_1)
                                                         _177_ (net)
                      0.051064    0.000000    0.829988 v _329_/A1 (sky130_fd_sc_hd__a21boi_2)
    22    0.074255    0.640166    0.502137    1.332125 ^ _329_/Y (sky130_fd_sc_hd__a21boi_2)
                                                         _198_ (net)
                      0.640166    0.000000    1.332125 ^ _453_/C (sky130_fd_sc_hd__and4bb_2)
     8    0.029488    0.146296    0.262746    1.594871 ^ _453_/X (sky130_fd_sc_hd__and4bb_2)
                                                         _245_ (net)
                      0.146296    0.000000    1.594871 ^ _458_/S (sky130_fd_sc_hd__mux2_1)
     1    0.001783    0.034746    0.185352    1.780223 v _458_/X (sky130_fd_sc_hd__mux2_1)
                                                         _076_ (net)
                      0.034746    0.000000    1.780223 v _620_/D (sky130_fd_sc_hd__dfxtp_2)
                                              1.780223   data arrival time

                      0.000000   10.000000   10.000000   clock wclk (rise edge)
                                  0.000000   10.000000   clock network delay (ideal)
                                  0.000000   10.000000   clock reconvergence pessimism
                                             10.000000 ^ _620_/CLK (sky130_fd_sc_hd__dfxtp_2)
                                 -0.075286    9.924715   library setup time
                                              9.924715   data required time
---------------------------------------------------------------------------------------------
                                              9.924715   data required time
                                             -1.780223   data arrival time
---------------------------------------------------------------------------------------------
                                              8.144491   slack (MET)


Startpoint: _554_ (rising edge-triggered flip-flop clocked by wclk)
Endpoint: _621_ (rising edge-triggered flip-flop clocked by wclk)
Path Group: wclk
Path Type: max

Fanout         Cap        Slew       Delay        Time   Description
---------------------------------------------------------------------------------------------
                      0.000000    0.000000    0.000000   clock wclk (rise edge)
                                  0.000000    0.000000   clock network delay (ideal)
                      0.000000    0.000000    0.000000 ^ _554_/CLK (sky130_fd_sc_hd__dfrtp_2)
     2    0.016564    0.053994    0.260744    0.260744 v _554_/Q (sky130_fd_sc_hd__dfrtp_2)
                                                         r_ptr_gray_sync[4] (net)
                      0.053994    0.000000    0.260744 v _291_/A (sky130_fd_sc_hd__xor2_2)
     3    0.014847    0.057472    0.135771    0.396515 v _291_/X (sky130_fd_sc_hd__xor2_2)
                                                         _171_ (net)
                      0.057472    0.000000    0.396515 v _292_/B (sky130_fd_sc_hd__xnor2_2)
     3    0.014596    0.177598    0.156810    0.553325 ^ _292_/Y (sky130_fd_sc_hd__xnor2_2)
                                                         _172_ (net)
                      0.177598    0.000000    0.553325 ^ _293_/B (sky130_fd_sc_hd__xnor2_2)
     1    0.003686    0.083454    0.073513    0.626838 ^ _293_/Y (sky130_fd_sc_hd__xnor2_2)
                                                         _173_ (net)
                      0.083454    0.000000    0.626838 ^ _297_/S (sky130_fd_sc_hd__mux2_1)
     2    0.005783    0.051064    0.203150    0.829988 v _297_/X (sky130_fd_sc_hd__mux2_1)
                                                         _177_ (net)
                      0.051064    0.000000    0.829988 v _329_/A1 (sky130_fd_sc_hd__a21boi_2)
    22    0.074255    0.640166    0.502137    1.332125 ^ _329_/Y (sky130_fd_sc_hd__a21boi_2)
                                                         _198_ (net)
                      0.640166    0.000000    1.332125 ^ _453_/C (sky130_fd_sc_hd__and4bb_2)
     8    0.029488    0.146296    0.262746    1.594871 ^ _453_/X (sky130_fd_sc_hd__and4bb_2)
                                                         _245_ (net)
                      0.146296    0.000000    1.594871 ^ _459_/S (sky130_fd_sc_hd__mux2_1)
     1    0.001783    0.034746    0.185352    1.780223 v _459_/X (sky130_fd_sc_hd__mux2_1)
                                                         _077_ (net)
                      0.034746    0.000000    1.780223 v _621_/D (sky130_fd_sc_hd__dfxtp_2)
                                              1.780223   data arrival time

                      0.000000   10.000000   10.000000   clock wclk (rise edge)
                                  0.000000   10.000000   clock network delay (ideal)
                                  0.000000   10.000000   clock reconvergence pessimism
                                             10.000000 ^ _621_/CLK (sky130_fd_sc_hd__dfxtp_2)
                                 -0.075286    9.924715   library setup time
                                              9.924715   data required time
---------------------------------------------------------------------------------------------
                                              9.924715   data required time
                                             -1.780223   data arrival time
---------------------------------------------------------------------------------------------
                                              8.144491   slack (MET)


Startpoint: _554_ (rising edge-triggered flip-flop clocked by wclk)
Endpoint: _622_ (rising edge-triggered flip-flop clocked by wclk)
Path Group: wclk
Path Type: max

Fanout         Cap        Slew       Delay        Time   Description
---------------------------------------------------------------------------------------------
                      0.000000    0.000000    0.000000   clock wclk (rise edge)
                                  0.000000    0.000000   clock network delay (ideal)
                      0.000000    0.000000    0.000000 ^ _554_/CLK (sky130_fd_sc_hd__dfrtp_2)
     2    0.016564    0.053994    0.260744    0.260744 v _554_/Q (sky130_fd_sc_hd__dfrtp_2)
                                                         r_ptr_gray_sync[4] (net)
                      0.053994    0.000000    0.260744 v _291_/A (sky130_fd_sc_hd__xor2_2)
     3    0.014847    0.057472    0.135771    0.396515 v _291_/X (sky130_fd_sc_hd__xor2_2)
                                                         _171_ (net)
                      0.057472    0.000000    0.396515 v _292_/B (sky130_fd_sc_hd__xnor2_2)
     3    0.014596    0.177598    0.156810    0.553325 ^ _292_/Y (sky130_fd_sc_hd__xnor2_2)
                                                         _172_ (net)
                      0.177598    0.000000    0.553325 ^ _293_/B (sky130_fd_sc_hd__xnor2_2)
     1    0.003686    0.083454    0.073513    0.626838 ^ _293_/Y (sky130_fd_sc_hd__xnor2_2)
                                                         _173_ (net)
                      0.083454    0.000000    0.626838 ^ _297_/S (sky130_fd_sc_hd__mux2_1)
     2    0.005783    0.051064    0.203150    0.829988 v _297_/X (sky130_fd_sc_hd__mux2_1)
                                                         _177_ (net)
                      0.051064    0.000000    0.829988 v _329_/A1 (sky130_fd_sc_hd__a21boi_2)
    22    0.074255    0.640166    0.502137    1.332125 ^ _329_/Y (sky130_fd_sc_hd__a21boi_2)
                                                         _198_ (net)
                      0.640166    0.000000    1.332125 ^ _453_/C (sky130_fd_sc_hd__and4bb_2)
     8    0.029488    0.146296    0.262746    1.594871 ^ _453_/X (sky130_fd_sc_hd__and4bb_2)
                                                         _245_ (net)
                      0.146296    0.000000    1.594871 ^ _460_/S (sky130_fd_sc_hd__mux2_1)
     1    0.001783    0.034746    0.185352    1.780223 v _460_/X (sky130_fd_sc_hd__mux2_1)
                                                         _078_ (net)
                      0.034746    0.000000    1.780223 v _622_/D (sky130_fd_sc_hd__dfxtp_2)
                                              1.780223   data arrival time

                      0.000000   10.000000   10.000000   clock wclk (rise edge)
                                  0.000000   10.000000   clock network delay (ideal)
                                  0.000000   10.000000   clock reconvergence pessimism
                                             10.000000 ^ _622_/CLK (sky130_fd_sc_hd__dfxtp_2)
                                 -0.075286    9.924715   library setup time
                                              9.924715   data required time
---------------------------------------------------------------------------------------------
                                              9.924715   data required time
                                             -1.780223   data arrival time
---------------------------------------------------------------------------------------------
                                              8.144491   slack (MET)


Startpoint: _554_ (rising edge-triggered flip-flop clocked by wclk)
Endpoint: _623_ (rising edge-triggered flip-flop clocked by wclk)
Path Group: wclk
Path Type: max

Fanout         Cap        Slew       Delay        Time   Description
---------------------------------------------------------------------------------------------
                      0.000000    0.000000    0.000000   clock wclk (rise edge)
                                  0.000000    0.000000   clock network delay (ideal)
                      0.000000    0.000000    0.000000 ^ _554_/CLK (sky130_fd_sc_hd__dfrtp_2)
     2    0.016564    0.053994    0.260744    0.260744 v _554_/Q (sky130_fd_sc_hd__dfrtp_2)
                                                         r_ptr_gray_sync[4] (net)
                      0.053994    0.000000    0.260744 v _291_/A (sky130_fd_sc_hd__xor2_2)
     3    0.014847    0.057472    0.135771    0.396515 v _291_/X (sky130_fd_sc_hd__xor2_2)
                                                         _171_ (net)
                      0.057472    0.000000    0.396515 v _292_/B (sky130_fd_sc_hd__xnor2_2)
     3    0.014596    0.177598    0.156810    0.553325 ^ _292_/Y (sky130_fd_sc_hd__xnor2_2)
                                                         _172_ (net)
                      0.177598    0.000000    0.553325 ^ _293_/B (sky130_fd_sc_hd__xnor2_2)
     1    0.003686    0.083454    0.073513    0.626838 ^ _293_/Y (sky130_fd_sc_hd__xnor2_2)
                                                         _173_ (net)
                      0.083454    0.000000    0.626838 ^ _297_/S (sky130_fd_sc_hd__mux2_1)
     2    0.005783    0.051064    0.203150    0.829988 v _297_/X (sky130_fd_sc_hd__mux2_1)
                                                         _177_ (net)
                      0.051064    0.000000    0.829988 v _329_/A1 (sky130_fd_sc_hd__a21boi_2)
    22    0.074255    0.640166    0.502137    1.332125 ^ _329_/Y (sky130_fd_sc_hd__a21boi_2)
                                                         _198_ (net)
                      0.640166    0.000000    1.332125 ^ _453_/C (sky130_fd_sc_hd__and4bb_2)
     8    0.029488    0.146296    0.262746    1.594871 ^ _453_/X (sky130_fd_sc_hd__and4bb_2)
                                                         _245_ (net)
                      0.146296    0.000000    1.594871 ^ _461_/S (sky130_fd_sc_hd__mux2_1)
     1    0.001783    0.034746    0.185352    1.780223 v _461_/X (sky130_fd_sc_hd__mux2_1)
                                                         _079_ (net)
                      0.034746    0.000000    1.780223 v _623_/D (sky130_fd_sc_hd__dfxtp_2)
                                              1.780223   data arrival time

                      0.000000   10.000000   10.000000   clock wclk (rise edge)
                                  0.000000   10.000000   clock network delay (ideal)
                                  0.000000   10.000000   clock reconvergence pessimism
                                             10.000000 ^ _623_/CLK (sky130_fd_sc_hd__dfxtp_2)
                                 -0.075286    9.924715   library setup time
                                              9.924715   data required time
---------------------------------------------------------------------------------------------
                                              9.924715   data required time
                                             -1.780223   data arrival time
---------------------------------------------------------------------------------------------
                                              8.144491   slack (MET)


Startpoint: _554_ (rising edge-triggered flip-flop clocked by wclk)
Endpoint: _666_ (rising edge-triggered flip-flop clocked by wclk)
Path Group: wclk
Path Type: max

Fanout         Cap        Slew       Delay        Time   Description
---------------------------------------------------------------------------------------------
                      0.000000    0.000000    0.000000   clock wclk (rise edge)
                                  0.000000    0.000000   clock network delay (ideal)
                      0.000000    0.000000    0.000000 ^ _554_/CLK (sky130_fd_sc_hd__dfrtp_2)
     2    0.016564    0.053994    0.260744    0.260744 v _554_/Q (sky130_fd_sc_hd__dfrtp_2)
                                                         r_ptr_gray_sync[4] (net)
                      0.053994    0.000000    0.260744 v _291_/A (sky130_fd_sc_hd__xor2_2)
     3    0.014847    0.057472    0.135771    0.396515 v _291_/X (sky130_fd_sc_hd__xor2_2)
                                                         _171_ (net)
                      0.057472    0.000000    0.396515 v _292_/B (sky130_fd_sc_hd__xnor2_2)
     3    0.014596    0.177598    0.156810    0.553325 ^ _292_/Y (sky130_fd_sc_hd__xnor2_2)
                                                         _172_ (net)
                      0.177598    0.000000    0.553325 ^ _293_/B (sky130_fd_sc_hd__xnor2_2)
     1    0.003686    0.083454    0.073513    0.626838 ^ _293_/Y (sky130_fd_sc_hd__xnor2_2)
                                                         _173_ (net)
                      0.083454    0.000000    0.626838 ^ _297_/S (sky130_fd_sc_hd__mux2_1)
     2    0.005783    0.051064    0.203150    0.829988 v _297_/X (sky130_fd_sc_hd__mux2_1)
                                                         _177_ (net)
                      0.051064    0.000000    0.829988 v _329_/A1 (sky130_fd_sc_hd__a21boi_2)
    22    0.074255    0.640166    0.502137    1.332125 ^ _329_/Y (sky130_fd_sc_hd__a21boi_2)
                                                         _198_ (net)
                      0.640166    0.000000    1.332125 ^ _489_/C (sky130_fd_sc_hd__and4bb_2)
     8    0.029488    0.146296    0.262746    1.594871 ^ _489_/X (sky130_fd_sc_hd__and4bb_2)
                                                         _249_ (net)
                      0.146296    0.000000    1.594871 ^ _490_/S (sky130_fd_sc_hd__mux2_1)
     1    0.001783    0.034746    0.185352    1.780223 v _490_/X (sky130_fd_sc_hd__mux2_1)
                                                         _104_ (net)
                      0.034746    0.000000    1.780223 v _666_/D (sky130_fd_sc_hd__dfxtp_2)
                                              1.780223   data arrival time

                      0.000000   10.000000   10.000000   clock wclk (rise edge)
                                  0.000000   10.000000   clock network delay (ideal)
                                  0.000000   10.000000   clock reconvergence pessimism
                                             10.000000 ^ _666_/CLK (sky130_fd_sc_hd__dfxtp_2)
                                 -0.075286    9.924715   library setup time
                                              9.924715   data required time
---------------------------------------------------------------------------------------------
                                              9.924715   data required time
                                             -1.780223   data arrival time
---------------------------------------------------------------------------------------------
                                              8.144491   slack (MET)


Startpoint: _554_ (rising edge-triggered flip-flop clocked by wclk)
Endpoint: _667_ (rising edge-triggered flip-flop clocked by wclk)
Path Group: wclk
Path Type: max

Fanout         Cap        Slew       Delay        Time   Description
---------------------------------------------------------------------------------------------
                      0.000000    0.000000    0.000000   clock wclk (rise edge)
                                  0.000000    0.000000   clock network delay (ideal)
                      0.000000    0.000000    0.000000 ^ _554_/CLK (sky130_fd_sc_hd__dfrtp_2)
     2    0.016564    0.053994    0.260744    0.260744 v _554_/Q (sky130_fd_sc_hd__dfrtp_2)
                                                         r_ptr_gray_sync[4] (net)
                      0.053994    0.000000    0.260744 v _291_/A (sky130_fd_sc_hd__xor2_2)
     3    0.014847    0.057472    0.135771    0.396515 v _291_/X (sky130_fd_sc_hd__xor2_2)
                                                         _171_ (net)
                      0.057472    0.000000    0.396515 v _292_/B (sky130_fd_sc_hd__xnor2_2)
     3    0.014596    0.177598    0.156810    0.553325 ^ _292_/Y (sky130_fd_sc_hd__xnor2_2)
                                                         _172_ (net)
                      0.177598    0.000000    0.553325 ^ _293_/B (sky130_fd_sc_hd__xnor2_2)
     1    0.003686    0.083454    0.073513    0.626838 ^ _293_/Y (sky130_fd_sc_hd__xnor2_2)
                                                         _173_ (net)
                      0.083454    0.000000    0.626838 ^ _297_/S (sky130_fd_sc_hd__mux2_1)
     2    0.005783    0.051064    0.203150    0.829988 v _297_/X (sky130_fd_sc_hd__mux2_1)
                                                         _177_ (net)
                      0.051064    0.000000    0.829988 v _329_/A1 (sky130_fd_sc_hd__a21boi_2)
    22    0.074255    0.640166    0.502137    1.332125 ^ _329_/Y (sky130_fd_sc_hd__a21boi_2)
                                                         _198_ (net)
                      0.640166    0.000000    1.332125 ^ _489_/C (sky130_fd_sc_hd__and4bb_2)
     8    0.029488    0.146296    0.262746    1.594871 ^ _489_/X (sky130_fd_sc_hd__and4bb_2)
                                                         _249_ (net)
                      0.146296    0.000000    1.594871 ^ _491_/S (sky130_fd_sc_hd__mux2_1)
     1    0.001783    0.034746    0.185352    1.780223 v _491_/X (sky130_fd_sc_hd__mux2_1)
                                                         _105_ (net)
                      0.034746    0.000000    1.780223 v _667_/D (sky130_fd_sc_hd__dfxtp_2)
                                              1.780223   data arrival time

                      0.000000   10.000000   10.000000   clock wclk (rise edge)
                                  0.000000   10.000000   clock network delay (ideal)
                                  0.000000   10.000000   clock reconvergence pessimism
                                             10.000000 ^ _667_/CLK (sky130_fd_sc_hd__dfxtp_2)
                                 -0.075286    9.924715   library setup time
                                              9.924715   data required time
---------------------------------------------------------------------------------------------
                                              9.924715   data required time
                                             -1.780223   data arrival time
---------------------------------------------------------------------------------------------
                                              8.144491   slack (MET)


Startpoint: _554_ (rising edge-triggered flip-flop clocked by wclk)
Endpoint: _668_ (rising edge-triggered flip-flop clocked by wclk)
Path Group: wclk
Path Type: max

Fanout         Cap        Slew       Delay        Time   Description
---------------------------------------------------------------------------------------------
                      0.000000    0.000000    0.000000   clock wclk (rise edge)
                                  0.000000    0.000000   clock network delay (ideal)
                      0.000000    0.000000    0.000000 ^ _554_/CLK (sky130_fd_sc_hd__dfrtp_2)
     2    0.016564    0.053994    0.260744    0.260744 v _554_/Q (sky130_fd_sc_hd__dfrtp_2)
                                                         r_ptr_gray_sync[4] (net)
                      0.053994    0.000000    0.260744 v _291_/A (sky130_fd_sc_hd__xor2_2)
     3    0.014847    0.057472    0.135771    0.396515 v _291_/X (sky130_fd_sc_hd__xor2_2)
                                                         _171_ (net)
                      0.057472    0.000000    0.396515 v _292_/B (sky130_fd_sc_hd__xnor2_2)
     3    0.014596    0.177598    0.156810    0.553325 ^ _292_/Y (sky130_fd_sc_hd__xnor2_2)
                                                         _172_ (net)
                      0.177598    0.000000    0.553325 ^ _293_/B (sky130_fd_sc_hd__xnor2_2)
     1    0.003686    0.083454    0.073513    0.626838 ^ _293_/Y (sky130_fd_sc_hd__xnor2_2)
                                                         _173_ (net)
                      0.083454    0.000000    0.626838 ^ _297_/S (sky130_fd_sc_hd__mux2_1)
     2    0.005783    0.051064    0.203150    0.829988 v _297_/X (sky130_fd_sc_hd__mux2_1)
                                                         _177_ (net)
                      0.051064    0.000000    0.829988 v _329_/A1 (sky130_fd_sc_hd__a21boi_2)
    22    0.074255    0.640166    0.502137    1.332125 ^ _329_/Y (sky130_fd_sc_hd__a21boi_2)
                                                         _198_ (net)
                      0.640166    0.000000    1.332125 ^ _489_/C (sky130_fd_sc_hd__and4bb_2)
     8    0.029488    0.146296    0.262746    1.594871 ^ _489_/X (sky130_fd_sc_hd__and4bb_2)
                                                         _249_ (net)
                      0.146296    0.000000    1.594871 ^ _492_/S (sky130_fd_sc_hd__mux2_1)
     1    0.001783    0.034746    0.185352    1.780223 v _492_/X (sky130_fd_sc_hd__mux2_1)
                                                         _106_ (net)
                      0.034746    0.000000    1.780223 v _668_/D (sky130_fd_sc_hd__dfxtp_2)
                                              1.780223   data arrival time

                      0.000000   10.000000   10.000000   clock wclk (rise edge)
                                  0.000000   10.000000   clock network delay (ideal)
                                  0.000000   10.000000   clock reconvergence pessimism
                                             10.000000 ^ _668_/CLK (sky130_fd_sc_hd__dfxtp_2)
                                 -0.075286    9.924715   library setup time
                                              9.924715   data required time
---------------------------------------------------------------------------------------------
                                              9.924715   data required time
                                             -1.780223   data arrival time
---------------------------------------------------------------------------------------------
                                              8.144491   slack (MET)


Startpoint: _554_ (rising edge-triggered flip-flop clocked by wclk)
Endpoint: _669_ (rising edge-triggered flip-flop clocked by wclk)
Path Group: wclk
Path Type: max

Fanout         Cap        Slew       Delay        Time   Description
---------------------------------------------------------------------------------------------
                      0.000000    0.000000    0.000000   clock wclk (rise edge)
                                  0.000000    0.000000   clock network delay (ideal)
                      0.000000    0.000000    0.000000 ^ _554_/CLK (sky130_fd_sc_hd__dfrtp_2)
     2    0.016564    0.053994    0.260744    0.260744 v _554_/Q (sky130_fd_sc_hd__dfrtp_2)
                                                         r_ptr_gray_sync[4] (net)
                      0.053994    0.000000    0.260744 v _291_/A (sky130_fd_sc_hd__xor2_2)
     3    0.014847    0.057472    0.135771    0.396515 v _291_/X (sky130_fd_sc_hd__xor2_2)
                                                         _171_ (net)
                      0.057472    0.000000    0.396515 v _292_/B (sky130_fd_sc_hd__xnor2_2)
     3    0.014596    0.177598    0.156810    0.553325 ^ _292_/Y (sky130_fd_sc_hd__xnor2_2)
                                                         _172_ (net)
                      0.177598    0.000000    0.553325 ^ _293_/B (sky130_fd_sc_hd__xnor2_2)
     1    0.003686    0.083454    0.073513    0.626838 ^ _293_/Y (sky130_fd_sc_hd__xnor2_2)
                                                         _173_ (net)
                      0.083454    0.000000    0.626838 ^ _297_/S (sky130_fd_sc_hd__mux2_1)
     2    0.005783    0.051064    0.203150    0.829988 v _297_/X (sky130_fd_sc_hd__mux2_1)
                                                         _177_ (net)
                      0.051064    0.000000    0.829988 v _329_/A1 (sky130_fd_sc_hd__a21boi_2)
    22    0.074255    0.640166    0.502137    1.332125 ^ _329_/Y (sky130_fd_sc_hd__a21boi_2)
                                                         _198_ (net)
                      0.640166    0.000000    1.332125 ^ _489_/C (sky130_fd_sc_hd__and4bb_2)
     8    0.029488    0.146296    0.262746    1.594871 ^ _489_/X (sky130_fd_sc_hd__and4bb_2)
                                                         _249_ (net)
                      0.146296    0.000000    1.594871 ^ _493_/S (sky130_fd_sc_hd__mux2_1)
     1    0.001783    0.034746    0.185352    1.780223 v _493_/X (sky130_fd_sc_hd__mux2_1)
                                                         _107_ (net)
                      0.034746    0.000000    1.780223 v _669_/D (sky130_fd_sc_hd__dfxtp_2)
                                              1.780223   data arrival time

                      0.000000   10.000000   10.000000   clock wclk (rise edge)
                                  0.000000   10.000000   clock network delay (ideal)
                                  0.000000   10.000000   clock reconvergence pessimism
                                             10.000000 ^ _669_/CLK (sky130_fd_sc_hd__dfxtp_2)
                                 -0.075286    9.924715   library setup time
                                              9.924715   data required time
---------------------------------------------------------------------------------------------
                                              9.924715   data required time
                                             -1.780223   data arrival time
---------------------------------------------------------------------------------------------
                                              8.144491   slack (MET)


Startpoint: _554_ (rising edge-triggered flip-flop clocked by wclk)
Endpoint: _670_ (rising edge-triggered flip-flop clocked by wclk)
Path Group: wclk
Path Type: max

Fanout         Cap        Slew       Delay        Time   Description
---------------------------------------------------------------------------------------------
                      0.000000    0.000000    0.000000   clock wclk (rise edge)
                                  0.000000    0.000000   clock network delay (ideal)
                      0.000000    0.000000    0.000000 ^ _554_/CLK (sky130_fd_sc_hd__dfrtp_2)
     2    0.016564    0.053994    0.260744    0.260744 v _554_/Q (sky130_fd_sc_hd__dfrtp_2)
                                                         r_ptr_gray_sync[4] (net)
                      0.053994    0.000000    0.260744 v _291_/A (sky130_fd_sc_hd__xor2_2)
     3    0.014847    0.057472    0.135771    0.396515 v _291_/X (sky130_fd_sc_hd__xor2_2)
                                                         _171_ (net)
                      0.057472    0.000000    0.396515 v _292_/B (sky130_fd_sc_hd__xnor2_2)
     3    0.014596    0.177598    0.156810    0.553325 ^ _292_/Y (sky130_fd_sc_hd__xnor2_2)
                                                         _172_ (net)
                      0.177598    0.000000    0.553325 ^ _293_/B (sky130_fd_sc_hd__xnor2_2)
     1    0.003686    0.083454    0.073513    0.626838 ^ _293_/Y (sky130_fd_sc_hd__xnor2_2)
                                                         _173_ (net)
                      0.083454    0.000000    0.626838 ^ _297_/S (sky130_fd_sc_hd__mux2_1)
     2    0.005783    0.051064    0.203150    0.829988 v _297_/X (sky130_fd_sc_hd__mux2_1)
                                                         _177_ (net)
                      0.051064    0.000000    0.829988 v _329_/A1 (sky130_fd_sc_hd__a21boi_2)
    22    0.074255    0.640166    0.502137    1.332125 ^ _329_/Y (sky130_fd_sc_hd__a21boi_2)
                                                         _198_ (net)
                      0.640166    0.000000    1.332125 ^ _489_/C (sky130_fd_sc_hd__and4bb_2)
     8    0.029488    0.146296    0.262746    1.594871 ^ _489_/X (sky130_fd_sc_hd__and4bb_2)
                                                         _249_ (net)
                      0.146296    0.000000    1.594871 ^ _494_/S (sky130_fd_sc_hd__mux2_1)
     1    0.001783    0.034746    0.185352    1.780223 v _494_/X (sky130_fd_sc_hd__mux2_1)
                                                         _108_ (net)
                      0.034746    0.000000    1.780223 v _670_/D (sky130_fd_sc_hd__dfxtp_2)
                                              1.780223   data arrival time

                      0.000000   10.000000   10.000000   clock wclk (rise edge)
                                  0.000000   10.000000   clock network delay (ideal)
                                  0.000000   10.000000   clock reconvergence pessimism
                                             10.000000 ^ _670_/CLK (sky130_fd_sc_hd__dfxtp_2)
                                 -0.075286    9.924715   library setup time
                                              9.924715   data required time
---------------------------------------------------------------------------------------------
                                              9.924715   data required time
                                             -1.780223   data arrival time
---------------------------------------------------------------------------------------------
                                              8.144491   slack (MET)


Startpoint: _554_ (rising edge-triggered flip-flop clocked by wclk)
Endpoint: _671_ (rising edge-triggered flip-flop clocked by wclk)
Path Group: wclk
Path Type: max

Fanout         Cap        Slew       Delay        Time   Description
---------------------------------------------------------------------------------------------
                      0.000000    0.000000    0.000000   clock wclk (rise edge)
                                  0.000000    0.000000   clock network delay (ideal)
                      0.000000    0.000000    0.000000 ^ _554_/CLK (sky130_fd_sc_hd__dfrtp_2)
     2    0.016564    0.053994    0.260744    0.260744 v _554_/Q (sky130_fd_sc_hd__dfrtp_2)
                                                         r_ptr_gray_sync[4] (net)
                      0.053994    0.000000    0.260744 v _291_/A (sky130_fd_sc_hd__xor2_2)
     3    0.014847    0.057472    0.135771    0.396515 v _291_/X (sky130_fd_sc_hd__xor2_2)
                                                         _171_ (net)
                      0.057472    0.000000    0.396515 v _292_/B (sky130_fd_sc_hd__xnor2_2)
     3    0.014596    0.177598    0.156810    0.553325 ^ _292_/Y (sky130_fd_sc_hd__xnor2_2)
                                                         _172_ (net)
                      0.177598    0.000000    0.553325 ^ _293_/B (sky130_fd_sc_hd__xnor2_2)
     1    0.003686    0.083454    0.073513    0.626838 ^ _293_/Y (sky130_fd_sc_hd__xnor2_2)
                                                         _173_ (net)
                      0.083454    0.000000    0.626838 ^ _297_/S (sky130_fd_sc_hd__mux2_1)
     2    0.005783    0.051064    0.203150    0.829988 v _297_/X (sky130_fd_sc_hd__mux2_1)
                                                         _177_ (net)
                      0.051064    0.000000    0.829988 v _329_/A1 (sky130_fd_sc_hd__a21boi_2)
    22    0.074255    0.640166    0.502137    1.332125 ^ _329_/Y (sky130_fd_sc_hd__a21boi_2)
                                                         _198_ (net)
                      0.640166    0.000000    1.332125 ^ _489_/C (sky130_fd_sc_hd__and4bb_2)
     8    0.029488    0.146296    0.262746    1.594871 ^ _489_/X (sky130_fd_sc_hd__and4bb_2)
                                                         _249_ (net)
                      0.146296    0.000000    1.594871 ^ _495_/S (sky130_fd_sc_hd__mux2_1)
     1    0.001783    0.034746    0.185352    1.780223 v _495_/X (sky130_fd_sc_hd__mux2_1)
                                                         _109_ (net)
                      0.034746    0.000000    1.780223 v _671_/D (sky130_fd_sc_hd__dfxtp_2)
                                              1.780223   data arrival time

                      0.000000   10.000000   10.000000   clock wclk (rise edge)
                                  0.000000   10.000000   clock network delay (ideal)
                                  0.000000   10.000000   clock reconvergence pessimism
                                             10.000000 ^ _671_/CLK (sky130_fd_sc_hd__dfxtp_2)
                                 -0.075286    9.924715   library setup time
                                              9.924715   data required time
---------------------------------------------------------------------------------------------
                                              9.924715   data required time
                                             -1.780223   data arrival time
---------------------------------------------------------------------------------------------
                                              8.144491   slack (MET)


Startpoint: _554_ (rising edge-triggered flip-flop clocked by wclk)
Endpoint: _672_ (rising edge-triggered flip-flop clocked by wclk)
Path Group: wclk
Path Type: max

Fanout         Cap        Slew       Delay        Time   Description
---------------------------------------------------------------------------------------------
                      0.000000    0.000000    0.000000   clock wclk (rise edge)
                                  0.000000    0.000000   clock network delay (ideal)
                      0.000000    0.000000    0.000000 ^ _554_/CLK (sky130_fd_sc_hd__dfrtp_2)
     2    0.016564    0.053994    0.260744    0.260744 v _554_/Q (sky130_fd_sc_hd__dfrtp_2)
                                                         r_ptr_gray_sync[4] (net)
                      0.053994    0.000000    0.260744 v _291_/A (sky130_fd_sc_hd__xor2_2)
     3    0.014847    0.057472    0.135771    0.396515 v _291_/X (sky130_fd_sc_hd__xor2_2)
                                                         _171_ (net)
                      0.057472    0.000000    0.396515 v _292_/B (sky130_fd_sc_hd__xnor2_2)
     3    0.014596    0.177598    0.156810    0.553325 ^ _292_/Y (sky130_fd_sc_hd__xnor2_2)
                                                         _172_ (net)
                      0.177598    0.000000    0.553325 ^ _293_/B (sky130_fd_sc_hd__xnor2_2)
     1    0.003686    0.083454    0.073513    0.626838 ^ _293_/Y (sky130_fd_sc_hd__xnor2_2)
                                                         _173_ (net)
                      0.083454    0.000000    0.626838 ^ _297_/S (sky130_fd_sc_hd__mux2_1)
     2    0.005783    0.051064    0.203150    0.829988 v _297_/X (sky130_fd_sc_hd__mux2_1)
                                                         _177_ (net)
                      0.051064    0.000000    0.829988 v _329_/A1 (sky130_fd_sc_hd__a21boi_2)
    22    0.074255    0.640166    0.502137    1.332125 ^ _329_/Y (sky130_fd_sc_hd__a21boi_2)
                                                         _198_ (net)
                      0.640166    0.000000    1.332125 ^ _489_/C (sky130_fd_sc_hd__and4bb_2)
     8    0.029488    0.146296    0.262746    1.594871 ^ _489_/X (sky130_fd_sc_hd__and4bb_2)
                                                         _249_ (net)
                      0.146296    0.000000    1.594871 ^ _496_/S (sky130_fd_sc_hd__mux2_1)
     1    0.001783    0.034746    0.185352    1.780223 v _496_/X (sky130_fd_sc_hd__mux2_1)
                                                         _110_ (net)
                      0.034746    0.000000    1.780223 v _672_/D (sky130_fd_sc_hd__dfxtp_2)
                                              1.780223   data arrival time

                      0.000000   10.000000   10.000000   clock wclk (rise edge)
                                  0.000000   10.000000   clock network delay (ideal)
                                  0.000000   10.000000   clock reconvergence pessimism
                                             10.000000 ^ _672_/CLK (sky130_fd_sc_hd__dfxtp_2)
                                 -0.075286    9.924715   library setup time
                                              9.924715   data required time
---------------------------------------------------------------------------------------------
                                              9.924715   data required time
                                             -1.780223   data arrival time
---------------------------------------------------------------------------------------------
                                              8.144491   slack (MET)


Startpoint: _554_ (rising edge-triggered flip-flop clocked by wclk)
Endpoint: _673_ (rising edge-triggered flip-flop clocked by wclk)
Path Group: wclk
Path Type: max

Fanout         Cap        Slew       Delay        Time   Description
---------------------------------------------------------------------------------------------
                      0.000000    0.000000    0.000000   clock wclk (rise edge)
                                  0.000000    0.000000   clock network delay (ideal)
                      0.000000    0.000000    0.000000 ^ _554_/CLK (sky130_fd_sc_hd__dfrtp_2)
     2    0.016564    0.053994    0.260744    0.260744 v _554_/Q (sky130_fd_sc_hd__dfrtp_2)
                                                         r_ptr_gray_sync[4] (net)
                      0.053994    0.000000    0.260744 v _291_/A (sky130_fd_sc_hd__xor2_2)
     3    0.014847    0.057472    0.135771    0.396515 v _291_/X (sky130_fd_sc_hd__xor2_2)
                                                         _171_ (net)
                      0.057472    0.000000    0.396515 v _292_/B (sky130_fd_sc_hd__xnor2_2)
     3    0.014596    0.177598    0.156810    0.553325 ^ _292_/Y (sky130_fd_sc_hd__xnor2_2)
                                                         _172_ (net)
                      0.177598    0.000000    0.553325 ^ _293_/B (sky130_fd_sc_hd__xnor2_2)
     1    0.003686    0.083454    0.073513    0.626838 ^ _293_/Y (sky130_fd_sc_hd__xnor2_2)
                                                         _173_ (net)
                      0.083454    0.000000    0.626838 ^ _297_/S (sky130_fd_sc_hd__mux2_1)
     2    0.005783    0.051064    0.203150    0.829988 v _297_/X (sky130_fd_sc_hd__mux2_1)
                                                         _177_ (net)
                      0.051064    0.000000    0.829988 v _329_/A1 (sky130_fd_sc_hd__a21boi_2)
    22    0.074255    0.640166    0.502137    1.332125 ^ _329_/Y (sky130_fd_sc_hd__a21boi_2)
                                                         _198_ (net)
                      0.640166    0.000000    1.332125 ^ _489_/C (sky130_fd_sc_hd__and4bb_2)
     8    0.029488    0.146296    0.262746    1.594871 ^ _489_/X (sky130_fd_sc_hd__and4bb_2)
                                                         _249_ (net)
                      0.146296    0.000000    1.594871 ^ _497_/S (sky130_fd_sc_hd__mux2_1)
     1    0.001783    0.034746    0.185352    1.780223 v _497_/X (sky130_fd_sc_hd__mux2_1)
                                                         _111_ (net)
                      0.034746    0.000000    1.780223 v _673_/D (sky130_fd_sc_hd__dfxtp_2)
                                              1.780223   data arrival time

                      0.000000   10.000000   10.000000   clock wclk (rise edge)
                                  0.000000   10.000000   clock network delay (ideal)
                                  0.000000   10.000000   clock reconvergence pessimism
                                             10.000000 ^ _673_/CLK (sky130_fd_sc_hd__dfxtp_2)
                                 -0.075286    9.924715   library setup time
                                              9.924715   data required time
---------------------------------------------------------------------------------------------
                                              9.924715   data required time
                                             -1.780223   data arrival time
---------------------------------------------------------------------------------------------
                                              8.144491   slack (MET)


Startpoint: _554_ (rising edge-triggered flip-flop clocked by wclk)
Endpoint: _560_ (rising edge-triggered flip-flop clocked by wclk)
Path Group: wclk
Path Type: max

Fanout         Cap        Slew       Delay        Time   Description
---------------------------------------------------------------------------------------------
                      0.000000    0.000000    0.000000   clock wclk (rise edge)
                                  0.000000    0.000000   clock network delay (ideal)
                      0.000000    0.000000    0.000000 ^ _554_/CLK (sky130_fd_sc_hd__dfrtp_2)
     2    0.016564    0.053994    0.260744    0.260744 v _554_/Q (sky130_fd_sc_hd__dfrtp_2)
                                                         r_ptr_gray_sync[4] (net)
                      0.053994    0.000000    0.260744 v _291_/A (sky130_fd_sc_hd__xor2_2)
     3    0.014847    0.057472    0.135771    0.396515 v _291_/X (sky130_fd_sc_hd__xor2_2)
                                                         _171_ (net)
                      0.057472    0.000000    0.396515 v _292_/B (sky130_fd_sc_hd__xnor2_2)
     3    0.014596    0.177598    0.156810    0.553325 ^ _292_/Y (sky130_fd_sc_hd__xnor2_2)
                                                         _172_ (net)
                      0.177598    0.000000    0.553325 ^ _293_/B (sky130_fd_sc_hd__xnor2_2)
     1    0.003686    0.083454    0.073513    0.626838 ^ _293_/Y (sky130_fd_sc_hd__xnor2_2)
                                                         _173_ (net)
                      0.083454    0.000000    0.626838 ^ _297_/S (sky130_fd_sc_hd__mux2_1)
     2    0.005783    0.051064    0.203150    0.829988 v _297_/X (sky130_fd_sc_hd__mux2_1)
                                                         _177_ (net)
                      0.051064    0.000000    0.829988 v _329_/A1 (sky130_fd_sc_hd__a21boi_2)
    22    0.074255    0.640166    0.502137    1.332125 ^ _329_/Y (sky130_fd_sc_hd__a21boi_2)
                                                         _198_ (net)
                      0.640166    0.000000    1.332125 ^ _388_/C (sky130_fd_sc_hd__and4b_2)
     8    0.029488    0.135511    0.255629    1.587753 ^ _388_/X (sky130_fd_sc_hd__and4b_2)
                                                         _236_ (net)
                      0.135511    0.000000    1.587753 ^ _389_/S (sky130_fd_sc_hd__mux2_1)
     1    0.001783    0.034768    0.185222    1.772975 v _389_/X (sky130_fd_sc_hd__mux2_1)
                                                         _016_ (net)
                      0.034768    0.000000    1.772975 v _560_/D (sky130_fd_sc_hd__dfxtp_2)
                                              1.772975   data arrival time

                      0.000000   10.000000   10.000000   clock wclk (rise edge)
                                  0.000000   10.000000   clock network delay (ideal)
                                  0.000000   10.000000   clock reconvergence pessimism
                                             10.000000 ^ _560_/CLK (sky130_fd_sc_hd__dfxtp_2)
                                 -0.075293    9.924706   library setup time
                                              9.924706   data required time
---------------------------------------------------------------------------------------------
                                              9.924706   data required time
                                             -1.772975   data arrival time
---------------------------------------------------------------------------------------------
                                              8.151731   slack (MET)


Startpoint: _554_ (rising edge-triggered flip-flop clocked by wclk)
Endpoint: _561_ (rising edge-triggered flip-flop clocked by wclk)
Path Group: wclk
Path Type: max

Fanout         Cap        Slew       Delay        Time   Description
---------------------------------------------------------------------------------------------
                      0.000000    0.000000    0.000000   clock wclk (rise edge)
                                  0.000000    0.000000   clock network delay (ideal)
                      0.000000    0.000000    0.000000 ^ _554_/CLK (sky130_fd_sc_hd__dfrtp_2)
     2    0.016564    0.053994    0.260744    0.260744 v _554_/Q (sky130_fd_sc_hd__dfrtp_2)
                                                         r_ptr_gray_sync[4] (net)
                      0.053994    0.000000    0.260744 v _291_/A (sky130_fd_sc_hd__xor2_2)
     3    0.014847    0.057472    0.135771    0.396515 v _291_/X (sky130_fd_sc_hd__xor2_2)
                                                         _171_ (net)
                      0.057472    0.000000    0.396515 v _292_/B (sky130_fd_sc_hd__xnor2_2)
     3    0.014596    0.177598    0.156810    0.553325 ^ _292_/Y (sky130_fd_sc_hd__xnor2_2)
                                                         _172_ (net)
                      0.177598    0.000000    0.553325 ^ _293_/B (sky130_fd_sc_hd__xnor2_2)
     1    0.003686    0.083454    0.073513    0.626838 ^ _293_/Y (sky130_fd_sc_hd__xnor2_2)
                                                         _173_ (net)
                      0.083454    0.000000    0.626838 ^ _297_/S (sky130_fd_sc_hd__mux2_1)
     2    0.005783    0.051064    0.203150    0.829988 v _297_/X (sky130_fd_sc_hd__mux2_1)
                                                         _177_ (net)
                      0.051064    0.000000    0.829988 v _329_/A1 (sky130_fd_sc_hd__a21boi_2)
    22    0.074255    0.640166    0.502137    1.332125 ^ _329_/Y (sky130_fd_sc_hd__a21boi_2)
                                                         _198_ (net)
                      0.640166    0.000000    1.332125 ^ _388_/C (sky130_fd_sc_hd__and4b_2)
     8    0.029488    0.135511    0.255629    1.587753 ^ _388_/X (sky130_fd_sc_hd__and4b_2)
                                                         _236_ (net)
                      0.135511    0.000000    1.587753 ^ _390_/S (sky130_fd_sc_hd__mux2_1)
     1    0.001783    0.034768    0.185222    1.772975 v _390_/X (sky130_fd_sc_hd__mux2_1)
                                                         _017_ (net)
                      0.034768    0.000000    1.772975 v _561_/D (sky130_fd_sc_hd__dfxtp_2)
                                              1.772975   data arrival time

                      0.000000   10.000000   10.000000   clock wclk (rise edge)
                                  0.000000   10.000000   clock network delay (ideal)
                                  0.000000   10.000000   clock reconvergence pessimism
                                             10.000000 ^ _561_/CLK (sky130_fd_sc_hd__dfxtp_2)
                                 -0.075293    9.924706   library setup time
                                              9.924706   data required time
---------------------------------------------------------------------------------------------
                                              9.924706   data required time
                                             -1.772975   data arrival time
---------------------------------------------------------------------------------------------
                                              8.151731   slack (MET)


Startpoint: _554_ (rising edge-triggered flip-flop clocked by wclk)
Endpoint: _562_ (rising edge-triggered flip-flop clocked by wclk)
Path Group: wclk
Path Type: max

Fanout         Cap        Slew       Delay        Time   Description
---------------------------------------------------------------------------------------------
                      0.000000    0.000000    0.000000   clock wclk (rise edge)
                                  0.000000    0.000000   clock network delay (ideal)
                      0.000000    0.000000    0.000000 ^ _554_/CLK (sky130_fd_sc_hd__dfrtp_2)
     2    0.016564    0.053994    0.260744    0.260744 v _554_/Q (sky130_fd_sc_hd__dfrtp_2)
                                                         r_ptr_gray_sync[4] (net)
                      0.053994    0.000000    0.260744 v _291_/A (sky130_fd_sc_hd__xor2_2)
     3    0.014847    0.057472    0.135771    0.396515 v _291_/X (sky130_fd_sc_hd__xor2_2)
                                                         _171_ (net)
                      0.057472    0.000000    0.396515 v _292_/B (sky130_fd_sc_hd__xnor2_2)
     3    0.014596    0.177598    0.156810    0.553325 ^ _292_/Y (sky130_fd_sc_hd__xnor2_2)
                                                         _172_ (net)
                      0.177598    0.000000    0.553325 ^ _293_/B (sky130_fd_sc_hd__xnor2_2)
     1    0.003686    0.083454    0.073513    0.626838 ^ _293_/Y (sky130_fd_sc_hd__xnor2_2)
                                                         _173_ (net)
                      0.083454    0.000000    0.626838 ^ _297_/S (sky130_fd_sc_hd__mux2_1)
     2    0.005783    0.051064    0.203150    0.829988 v _297_/X (sky130_fd_sc_hd__mux2_1)
                                                         _177_ (net)
                      0.051064    0.000000    0.829988 v _329_/A1 (sky130_fd_sc_hd__a21boi_2)
    22    0.074255    0.640166    0.502137    1.332125 ^ _329_/Y (sky130_fd_sc_hd__a21boi_2)
                                                         _198_ (net)
                      0.640166    0.000000    1.332125 ^ _388_/C (sky130_fd_sc_hd__and4b_2)
     8    0.029488    0.135511    0.255629    1.587753 ^ _388_/X (sky130_fd_sc_hd__and4b_2)
                                                         _236_ (net)
                      0.135511    0.000000    1.587753 ^ _391_/S (sky130_fd_sc_hd__mux2_1)
     1    0.001783    0.034768    0.185222    1.772975 v _391_/X (sky130_fd_sc_hd__mux2_1)
                                                         _018_ (net)
                      0.034768    0.000000    1.772975 v _562_/D (sky130_fd_sc_hd__dfxtp_2)
                                              1.772975   data arrival time

                      0.000000   10.000000   10.000000   clock wclk (rise edge)
                                  0.000000   10.000000   clock network delay (ideal)
                                  0.000000   10.000000   clock reconvergence pessimism
                                             10.000000 ^ _562_/CLK (sky130_fd_sc_hd__dfxtp_2)
                                 -0.075293    9.924706   library setup time
                                              9.924706   data required time
---------------------------------------------------------------------------------------------
                                              9.924706   data required time
                                             -1.772975   data arrival time
---------------------------------------------------------------------------------------------
                                              8.151731   slack (MET)


Startpoint: _554_ (rising edge-triggered flip-flop clocked by wclk)
Endpoint: _563_ (rising edge-triggered flip-flop clocked by wclk)
Path Group: wclk
Path Type: max

Fanout         Cap        Slew       Delay        Time   Description
---------------------------------------------------------------------------------------------
                      0.000000    0.000000    0.000000   clock wclk (rise edge)
                                  0.000000    0.000000   clock network delay (ideal)
                      0.000000    0.000000    0.000000 ^ _554_/CLK (sky130_fd_sc_hd__dfrtp_2)
     2    0.016564    0.053994    0.260744    0.260744 v _554_/Q (sky130_fd_sc_hd__dfrtp_2)
                                                         r_ptr_gray_sync[4] (net)
                      0.053994    0.000000    0.260744 v _291_/A (sky130_fd_sc_hd__xor2_2)
     3    0.014847    0.057472    0.135771    0.396515 v _291_/X (sky130_fd_sc_hd__xor2_2)
                                                         _171_ (net)
                      0.057472    0.000000    0.396515 v _292_/B (sky130_fd_sc_hd__xnor2_2)
     3    0.014596    0.177598    0.156810    0.553325 ^ _292_/Y (sky130_fd_sc_hd__xnor2_2)
                                                         _172_ (net)
                      0.177598    0.000000    0.553325 ^ _293_/B (sky130_fd_sc_hd__xnor2_2)
     1    0.003686    0.083454    0.073513    0.626838 ^ _293_/Y (sky130_fd_sc_hd__xnor2_2)
                                                         _173_ (net)
                      0.083454    0.000000    0.626838 ^ _297_/S (sky130_fd_sc_hd__mux2_1)
     2    0.005783    0.051064    0.203150    0.829988 v _297_/X (sky130_fd_sc_hd__mux2_1)
                                                         _177_ (net)
                      0.051064    0.000000    0.829988 v _329_/A1 (sky130_fd_sc_hd__a21boi_2)
    22    0.074255    0.640166    0.502137    1.332125 ^ _329_/Y (sky130_fd_sc_hd__a21boi_2)
                                                         _198_ (net)
                      0.640166    0.000000    1.332125 ^ _388_/C (sky130_fd_sc_hd__and4b_2)
     8    0.029488    0.135511    0.255629    1.587753 ^ _388_/X (sky130_fd_sc_hd__and4b_2)
                                                         _236_ (net)
                      0.135511    0.000000    1.587753 ^ _392_/S (sky130_fd_sc_hd__mux2_1)
     1    0.001783    0.034768    0.185222    1.772975 v _392_/X (sky130_fd_sc_hd__mux2_1)
                                                         _019_ (net)
                      0.034768    0.000000    1.772975 v _563_/D (sky130_fd_sc_hd__dfxtp_2)
                                              1.772975   data arrival time

                      0.000000   10.000000   10.000000   clock wclk (rise edge)
                                  0.000000   10.000000   clock network delay (ideal)
                                  0.000000   10.000000   clock reconvergence pessimism
                                             10.000000 ^ _563_/CLK (sky130_fd_sc_hd__dfxtp_2)
                                 -0.075293    9.924706   library setup time
                                              9.924706   data required time
---------------------------------------------------------------------------------------------
                                              9.924706   data required time
                                             -1.772975   data arrival time
---------------------------------------------------------------------------------------------
                                              8.151731   slack (MET)


Startpoint: _554_ (rising edge-triggered flip-flop clocked by wclk)
Endpoint: _564_ (rising edge-triggered flip-flop clocked by wclk)
Path Group: wclk
Path Type: max

Fanout         Cap        Slew       Delay        Time   Description
---------------------------------------------------------------------------------------------
                      0.000000    0.000000    0.000000   clock wclk (rise edge)
                                  0.000000    0.000000   clock network delay (ideal)
                      0.000000    0.000000    0.000000 ^ _554_/CLK (sky130_fd_sc_hd__dfrtp_2)
     2    0.016564    0.053994    0.260744    0.260744 v _554_/Q (sky130_fd_sc_hd__dfrtp_2)
                                                         r_ptr_gray_sync[4] (net)
                      0.053994    0.000000    0.260744 v _291_/A (sky130_fd_sc_hd__xor2_2)
     3    0.014847    0.057472    0.135771    0.396515 v _291_/X (sky130_fd_sc_hd__xor2_2)
                                                         _171_ (net)
                      0.057472    0.000000    0.396515 v _292_/B (sky130_fd_sc_hd__xnor2_2)
     3    0.014596    0.177598    0.156810    0.553325 ^ _292_/Y (sky130_fd_sc_hd__xnor2_2)
                                                         _172_ (net)
                      0.177598    0.000000    0.553325 ^ _293_/B (sky130_fd_sc_hd__xnor2_2)
     1    0.003686    0.083454    0.073513    0.626838 ^ _293_/Y (sky130_fd_sc_hd__xnor2_2)
                                                         _173_ (net)
                      0.083454    0.000000    0.626838 ^ _297_/S (sky130_fd_sc_hd__mux2_1)
     2    0.005783    0.051064    0.203150    0.829988 v _297_/X (sky130_fd_sc_hd__mux2_1)
                                                         _177_ (net)
                      0.051064    0.000000    0.829988 v _329_/A1 (sky130_fd_sc_hd__a21boi_2)
    22    0.074255    0.640166    0.502137    1.332125 ^ _329_/Y (sky130_fd_sc_hd__a21boi_2)
                                                         _198_ (net)
                      0.640166    0.000000    1.332125 ^ _388_/C (sky130_fd_sc_hd__and4b_2)
     8    0.029488    0.135511    0.255629    1.587753 ^ _388_/X (sky130_fd_sc_hd__and4b_2)
                                                         _236_ (net)
                      0.135511    0.000000    1.587753 ^ _393_/S (sky130_fd_sc_hd__mux2_1)
     1    0.001783    0.034768    0.185222    1.772975 v _393_/X (sky130_fd_sc_hd__mux2_1)
                                                         _020_ (net)
                      0.034768    0.000000    1.772975 v _564_/D (sky130_fd_sc_hd__dfxtp_2)
                                              1.772975   data arrival time

                      0.000000   10.000000   10.000000   clock wclk (rise edge)
                                  0.000000   10.000000   clock network delay (ideal)
                                  0.000000   10.000000   clock reconvergence pessimism
                                             10.000000 ^ _564_/CLK (sky130_fd_sc_hd__dfxtp_2)
                                 -0.075293    9.924706   library setup time
                                              9.924706   data required time
---------------------------------------------------------------------------------------------
                                              9.924706   data required time
                                             -1.772975   data arrival time
---------------------------------------------------------------------------------------------
                                              8.151731   slack (MET)


Startpoint: _554_ (rising edge-triggered flip-flop clocked by wclk)
Endpoint: _565_ (rising edge-triggered flip-flop clocked by wclk)
Path Group: wclk
Path Type: max

Fanout         Cap        Slew       Delay        Time   Description
---------------------------------------------------------------------------------------------
                      0.000000    0.000000    0.000000   clock wclk (rise edge)
                                  0.000000    0.000000   clock network delay (ideal)
                      0.000000    0.000000    0.000000 ^ _554_/CLK (sky130_fd_sc_hd__dfrtp_2)
     2    0.016564    0.053994    0.260744    0.260744 v _554_/Q (sky130_fd_sc_hd__dfrtp_2)
                                                         r_ptr_gray_sync[4] (net)
                      0.053994    0.000000    0.260744 v _291_/A (sky130_fd_sc_hd__xor2_2)
     3    0.014847    0.057472    0.135771    0.396515 v _291_/X (sky130_fd_sc_hd__xor2_2)
                                                         _171_ (net)
                      0.057472    0.000000    0.396515 v _292_/B (sky130_fd_sc_hd__xnor2_2)
     3    0.014596    0.177598    0.156810    0.553325 ^ _292_/Y (sky130_fd_sc_hd__xnor2_2)
                                                         _172_ (net)
                      0.177598    0.000000    0.553325 ^ _293_/B (sky130_fd_sc_hd__xnor2_2)
     1    0.003686    0.083454    0.073513    0.626838 ^ _293_/Y (sky130_fd_sc_hd__xnor2_2)
                                                         _173_ (net)
                      0.083454    0.000000    0.626838 ^ _297_/S (sky130_fd_sc_hd__mux2_1)
     2    0.005783    0.051064    0.203150    0.829988 v _297_/X (sky130_fd_sc_hd__mux2_1)
                                                         _177_ (net)
                      0.051064    0.000000    0.829988 v _329_/A1 (sky130_fd_sc_hd__a21boi_2)
    22    0.074255    0.640166    0.502137    1.332125 ^ _329_/Y (sky130_fd_sc_hd__a21boi_2)
                                                         _198_ (net)
                      0.640166    0.000000    1.332125 ^ _388_/C (sky130_fd_sc_hd__and4b_2)
     8    0.029488    0.135511    0.255629    1.587753 ^ _388_/X (sky130_fd_sc_hd__and4b_2)
                                                         _236_ (net)
                      0.135511    0.000000    1.587753 ^ _394_/S (sky130_fd_sc_hd__mux2_1)
     1    0.001783    0.034768    0.185222    1.772975 v _394_/X (sky130_fd_sc_hd__mux2_1)
                                                         _021_ (net)
                      0.034768    0.000000    1.772975 v _565_/D (sky130_fd_sc_hd__dfxtp_2)
                                              1.772975   data arrival time

                      0.000000   10.000000   10.000000   clock wclk (rise edge)
                                  0.000000   10.000000   clock network delay (ideal)
                                  0.000000   10.000000   clock reconvergence pessimism
                                             10.000000 ^ _565_/CLK (sky130_fd_sc_hd__dfxtp_2)
                                 -0.075293    9.924706   library setup time
                                              9.924706   data required time
---------------------------------------------------------------------------------------------
                                              9.924706   data required time
                                             -1.772975   data arrival time
---------------------------------------------------------------------------------------------
                                              8.151731   slack (MET)


Startpoint: _554_ (rising edge-triggered flip-flop clocked by wclk)
Endpoint: _566_ (rising edge-triggered flip-flop clocked by wclk)
Path Group: wclk
Path Type: max

Fanout         Cap        Slew       Delay        Time   Description
---------------------------------------------------------------------------------------------
                      0.000000    0.000000    0.000000   clock wclk (rise edge)
                                  0.000000    0.000000   clock network delay (ideal)
                      0.000000    0.000000    0.000000 ^ _554_/CLK (sky130_fd_sc_hd__dfrtp_2)
     2    0.016564    0.053994    0.260744    0.260744 v _554_/Q (sky130_fd_sc_hd__dfrtp_2)
                                                         r_ptr_gray_sync[4] (net)
                      0.053994    0.000000    0.260744 v _291_/A (sky130_fd_sc_hd__xor2_2)
     3    0.014847    0.057472    0.135771    0.396515 v _291_/X (sky130_fd_sc_hd__xor2_2)
                                                         _171_ (net)
                      0.057472    0.000000    0.396515 v _292_/B (sky130_fd_sc_hd__xnor2_2)
     3    0.014596    0.177598    0.156810    0.553325 ^ _292_/Y (sky130_fd_sc_hd__xnor2_2)
                                                         _172_ (net)
                      0.177598    0.000000    0.553325 ^ _293_/B (sky130_fd_sc_hd__xnor2_2)
     1    0.003686    0.083454    0.073513    0.626838 ^ _293_/Y (sky130_fd_sc_hd__xnor2_2)
                                                         _173_ (net)
                      0.083454    0.000000    0.626838 ^ _297_/S (sky130_fd_sc_hd__mux2_1)
     2    0.005783    0.051064    0.203150    0.829988 v _297_/X (sky130_fd_sc_hd__mux2_1)
                                                         _177_ (net)
                      0.051064    0.000000    0.829988 v _329_/A1 (sky130_fd_sc_hd__a21boi_2)
    22    0.074255    0.640166    0.502137    1.332125 ^ _329_/Y (sky130_fd_sc_hd__a21boi_2)
                                                         _198_ (net)
                      0.640166    0.000000    1.332125 ^ _388_/C (sky130_fd_sc_hd__and4b_2)
     8    0.029488    0.135511    0.255629    1.587753 ^ _388_/X (sky130_fd_sc_hd__and4b_2)
                                                         _236_ (net)
                      0.135511    0.000000    1.587753 ^ _395_/S (sky130_fd_sc_hd__mux2_1)
     1    0.001783    0.034768    0.185222    1.772975 v _395_/X (sky130_fd_sc_hd__mux2_1)
                                                         _022_ (net)
                      0.034768    0.000000    1.772975 v _566_/D (sky130_fd_sc_hd__dfxtp_2)
                                              1.772975   data arrival time

                      0.000000   10.000000   10.000000   clock wclk (rise edge)
                                  0.000000   10.000000   clock network delay (ideal)
                                  0.000000   10.000000   clock reconvergence pessimism
                                             10.000000 ^ _566_/CLK (sky130_fd_sc_hd__dfxtp_2)
                                 -0.075293    9.924706   library setup time
                                              9.924706   data required time
---------------------------------------------------------------------------------------------
                                              9.924706   data required time
                                             -1.772975   data arrival time
---------------------------------------------------------------------------------------------
                                              8.151731   slack (MET)


Startpoint: _554_ (rising edge-triggered flip-flop clocked by wclk)
Endpoint: _567_ (rising edge-triggered flip-flop clocked by wclk)
Path Group: wclk
Path Type: max

Fanout         Cap        Slew       Delay        Time   Description
---------------------------------------------------------------------------------------------
                      0.000000    0.000000    0.000000   clock wclk (rise edge)
                                  0.000000    0.000000   clock network delay (ideal)
                      0.000000    0.000000    0.000000 ^ _554_/CLK (sky130_fd_sc_hd__dfrtp_2)
     2    0.016564    0.053994    0.260744    0.260744 v _554_/Q (sky130_fd_sc_hd__dfrtp_2)
                                                         r_ptr_gray_sync[4] (net)
                      0.053994    0.000000    0.260744 v _291_/A (sky130_fd_sc_hd__xor2_2)
     3    0.014847    0.057472    0.135771    0.396515 v _291_/X (sky130_fd_sc_hd__xor2_2)
                                                         _171_ (net)
                      0.057472    0.000000    0.396515 v _292_/B (sky130_fd_sc_hd__xnor2_2)
     3    0.014596    0.177598    0.156810    0.553325 ^ _292_/Y (sky130_fd_sc_hd__xnor2_2)
                                                         _172_ (net)
                      0.177598    0.000000    0.553325 ^ _293_/B (sky130_fd_sc_hd__xnor2_2)
     1    0.003686    0.083454    0.073513    0.626838 ^ _293_/Y (sky130_fd_sc_hd__xnor2_2)
                                                         _173_ (net)
                      0.083454    0.000000    0.626838 ^ _297_/S (sky130_fd_sc_hd__mux2_1)
     2    0.005783    0.051064    0.203150    0.829988 v _297_/X (sky130_fd_sc_hd__mux2_1)
                                                         _177_ (net)
                      0.051064    0.000000    0.829988 v _329_/A1 (sky130_fd_sc_hd__a21boi_2)
    22    0.074255    0.640166    0.502137    1.332125 ^ _329_/Y (sky130_fd_sc_hd__a21boi_2)
                                                         _198_ (net)
                      0.640166    0.000000    1.332125 ^ _388_/C (sky130_fd_sc_hd__and4b_2)
     8    0.029488    0.135511    0.255629    1.587753 ^ _388_/X (sky130_fd_sc_hd__and4b_2)
                                                         _236_ (net)
                      0.135511    0.000000    1.587753 ^ _396_/S (sky130_fd_sc_hd__mux2_1)
     1    0.001783    0.034768    0.185222    1.772975 v _396_/X (sky130_fd_sc_hd__mux2_1)
                                                         _023_ (net)
                      0.034768    0.000000    1.772975 v _567_/D (sky130_fd_sc_hd__dfxtp_2)
                                              1.772975   data arrival time

                      0.000000   10.000000   10.000000   clock wclk (rise edge)
                                  0.000000   10.000000   clock network delay (ideal)
                                  0.000000   10.000000   clock reconvergence pessimism
                                             10.000000 ^ _567_/CLK (sky130_fd_sc_hd__dfxtp_2)
                                 -0.075293    9.924706   library setup time
                                              9.924706   data required time
---------------------------------------------------------------------------------------------
                                              9.924706   data required time
                                             -1.772975   data arrival time
---------------------------------------------------------------------------------------------
                                              8.151731   slack (MET)


Startpoint: _554_ (rising edge-triggered flip-flop clocked by wclk)
Endpoint: _592_ (rising edge-triggered flip-flop clocked by wclk)
Path Group: wclk
Path Type: max

Fanout         Cap        Slew       Delay        Time   Description
---------------------------------------------------------------------------------------------
                      0.000000    0.000000    0.000000   clock wclk (rise edge)
                                  0.000000    0.000000   clock network delay (ideal)
                      0.000000    0.000000    0.000000 ^ _554_/CLK (sky130_fd_sc_hd__dfrtp_2)
     2    0.016564    0.053994    0.260744    0.260744 v _554_/Q (sky130_fd_sc_hd__dfrtp_2)
                                                         r_ptr_gray_sync[4] (net)
                      0.053994    0.000000    0.260744 v _291_/A (sky130_fd_sc_hd__xor2_2)
     3    0.014847    0.057472    0.135771    0.396515 v _291_/X (sky130_fd_sc_hd__xor2_2)
                                                         _171_ (net)
                      0.057472    0.000000    0.396515 v _292_/B (sky130_fd_sc_hd__xnor2_2)
     3    0.014596    0.177598    0.156810    0.553325 ^ _292_/Y (sky130_fd_sc_hd__xnor2_2)
                                                         _172_ (net)
                      0.177598    0.000000    0.553325 ^ _293_/B (sky130_fd_sc_hd__xnor2_2)
     1    0.003686    0.083454    0.073513    0.626838 ^ _293_/Y (sky130_fd_sc_hd__xnor2_2)
                                                         _173_ (net)
                      0.083454    0.000000    0.626838 ^ _297_/S (sky130_fd_sc_hd__mux2_1)
     2    0.005783    0.051064    0.203150    0.829988 v _297_/X (sky130_fd_sc_hd__mux2_1)
                                                         _177_ (net)
                      0.051064    0.000000    0.829988 v _329_/A1 (sky130_fd_sc_hd__a21boi_2)
    22    0.074255    0.640166    0.502137    1.332125 ^ _329_/Y (sky130_fd_sc_hd__a21boi_2)
                                                         _198_ (net)
                      0.640166    0.000000    1.332125 ^ _424_/C (sky130_fd_sc_hd__and4b_2)
     8    0.029488    0.135511    0.255629    1.587753 ^ _424_/X (sky130_fd_sc_hd__and4b_2)
                                                         _240_ (net)
                      0.135511    0.000000    1.587753 ^ _425_/S (sky130_fd_sc_hd__mux2_1)
     1    0.001783    0.034768    0.185222    1.772975 v _425_/X (sky130_fd_sc_hd__mux2_1)
                                                         _048_ (net)
                      0.034768    0.000000    1.772975 v _592_/D (sky130_fd_sc_hd__dfxtp_2)
                                              1.772975   data arrival time

                      0.000000   10.000000   10.000000   clock wclk (rise edge)
                                  0.000000   10.000000   clock network delay (ideal)
                                  0.000000   10.000000   clock reconvergence pessimism
                                             10.000000 ^ _592_/CLK (sky130_fd_sc_hd__dfxtp_2)
                                 -0.075293    9.924706   library setup time
                                              9.924706   data required time
---------------------------------------------------------------------------------------------
                                              9.924706   data required time
                                             -1.772975   data arrival time
---------------------------------------------------------------------------------------------
                                              8.151731   slack (MET)


Startpoint: _554_ (rising edge-triggered flip-flop clocked by wclk)
Endpoint: _593_ (rising edge-triggered flip-flop clocked by wclk)
Path Group: wclk
Path Type: max

Fanout         Cap        Slew       Delay        Time   Description
---------------------------------------------------------------------------------------------
                      0.000000    0.000000    0.000000   clock wclk (rise edge)
                                  0.000000    0.000000   clock network delay (ideal)
                      0.000000    0.000000    0.000000 ^ _554_/CLK (sky130_fd_sc_hd__dfrtp_2)
     2    0.016564    0.053994    0.260744    0.260744 v _554_/Q (sky130_fd_sc_hd__dfrtp_2)
                                                         r_ptr_gray_sync[4] (net)
                      0.053994    0.000000    0.260744 v _291_/A (sky130_fd_sc_hd__xor2_2)
     3    0.014847    0.057472    0.135771    0.396515 v _291_/X (sky130_fd_sc_hd__xor2_2)
                                                         _171_ (net)
                      0.057472    0.000000    0.396515 v _292_/B (sky130_fd_sc_hd__xnor2_2)
     3    0.014596    0.177598    0.156810    0.553325 ^ _292_/Y (sky130_fd_sc_hd__xnor2_2)
                                                         _172_ (net)
                      0.177598    0.000000    0.553325 ^ _293_/B (sky130_fd_sc_hd__xnor2_2)
     1    0.003686    0.083454    0.073513    0.626838 ^ _293_/Y (sky130_fd_sc_hd__xnor2_2)
                                                         _173_ (net)
                      0.083454    0.000000    0.626838 ^ _297_/S (sky130_fd_sc_hd__mux2_1)
     2    0.005783    0.051064    0.203150    0.829988 v _297_/X (sky130_fd_sc_hd__mux2_1)
                                                         _177_ (net)
                      0.051064    0.000000    0.829988 v _329_/A1 (sky130_fd_sc_hd__a21boi_2)
    22    0.074255    0.640166    0.502137    1.332125 ^ _329_/Y (sky130_fd_sc_hd__a21boi_2)
                                                         _198_ (net)
                      0.640166    0.000000    1.332125 ^ _424_/C (sky130_fd_sc_hd__and4b_2)
     8    0.029488    0.135511    0.255629    1.587753 ^ _424_/X (sky130_fd_sc_hd__and4b_2)
                                                         _240_ (net)
                      0.135511    0.000000    1.587753 ^ _426_/S (sky130_fd_sc_hd__mux2_1)
     1    0.001783    0.034768    0.185222    1.772975 v _426_/X (sky130_fd_sc_hd__mux2_1)
                                                         _049_ (net)
                      0.034768    0.000000    1.772975 v _593_/D (sky130_fd_sc_hd__dfxtp_2)
                                              1.772975   data arrival time

                      0.000000   10.000000   10.000000   clock wclk (rise edge)
                                  0.000000   10.000000   clock network delay (ideal)
                                  0.000000   10.000000   clock reconvergence pessimism
                                             10.000000 ^ _593_/CLK (sky130_fd_sc_hd__dfxtp_2)
                                 -0.075293    9.924706   library setup time
                                              9.924706   data required time
---------------------------------------------------------------------------------------------
                                              9.924706   data required time
                                             -1.772975   data arrival time
---------------------------------------------------------------------------------------------
                                              8.151731   slack (MET)


Startpoint: _554_ (rising edge-triggered flip-flop clocked by wclk)
Endpoint: _594_ (rising edge-triggered flip-flop clocked by wclk)
Path Group: wclk
Path Type: max

Fanout         Cap        Slew       Delay        Time   Description
---------------------------------------------------------------------------------------------
                      0.000000    0.000000    0.000000   clock wclk (rise edge)
                                  0.000000    0.000000   clock network delay (ideal)
                      0.000000    0.000000    0.000000 ^ _554_/CLK (sky130_fd_sc_hd__dfrtp_2)
     2    0.016564    0.053994    0.260744    0.260744 v _554_/Q (sky130_fd_sc_hd__dfrtp_2)
                                                         r_ptr_gray_sync[4] (net)
                      0.053994    0.000000    0.260744 v _291_/A (sky130_fd_sc_hd__xor2_2)
     3    0.014847    0.057472    0.135771    0.396515 v _291_/X (sky130_fd_sc_hd__xor2_2)
                                                         _171_ (net)
                      0.057472    0.000000    0.396515 v _292_/B (sky130_fd_sc_hd__xnor2_2)
     3    0.014596    0.177598    0.156810    0.553325 ^ _292_/Y (sky130_fd_sc_hd__xnor2_2)
                                                         _172_ (net)
                      0.177598    0.000000    0.553325 ^ _293_/B (sky130_fd_sc_hd__xnor2_2)
     1    0.003686    0.083454    0.073513    0.626838 ^ _293_/Y (sky130_fd_sc_hd__xnor2_2)
                                                         _173_ (net)
                      0.083454    0.000000    0.626838 ^ _297_/S (sky130_fd_sc_hd__mux2_1)
     2    0.005783    0.051064    0.203150    0.829988 v _297_/X (sky130_fd_sc_hd__mux2_1)
                                                         _177_ (net)
                      0.051064    0.000000    0.829988 v _329_/A1 (sky130_fd_sc_hd__a21boi_2)
    22    0.074255    0.640166    0.502137    1.332125 ^ _329_/Y (sky130_fd_sc_hd__a21boi_2)
                                                         _198_ (net)
                      0.640166    0.000000    1.332125 ^ _424_/C (sky130_fd_sc_hd__and4b_2)
     8    0.029488    0.135511    0.255629    1.587753 ^ _424_/X (sky130_fd_sc_hd__and4b_2)
                                                         _240_ (net)
                      0.135511    0.000000    1.587753 ^ _427_/S (sky130_fd_sc_hd__mux2_1)
     1    0.001783    0.034768    0.185222    1.772975 v _427_/X (sky130_fd_sc_hd__mux2_1)
                                                         _050_ (net)
                      0.034768    0.000000    1.772975 v _594_/D (sky130_fd_sc_hd__dfxtp_2)
                                              1.772975   data arrival time

                      0.000000   10.000000   10.000000   clock wclk (rise edge)
                                  0.000000   10.000000   clock network delay (ideal)
                                  0.000000   10.000000   clock reconvergence pessimism
                                             10.000000 ^ _594_/CLK (sky130_fd_sc_hd__dfxtp_2)
                                 -0.075293    9.924706   library setup time
                                              9.924706   data required time
---------------------------------------------------------------------------------------------
                                              9.924706   data required time
                                             -1.772975   data arrival time
---------------------------------------------------------------------------------------------
                                              8.151731   slack (MET)


Startpoint: _554_ (rising edge-triggered flip-flop clocked by wclk)
Endpoint: _595_ (rising edge-triggered flip-flop clocked by wclk)
Path Group: wclk
Path Type: max

Fanout         Cap        Slew       Delay        Time   Description
---------------------------------------------------------------------------------------------
                      0.000000    0.000000    0.000000   clock wclk (rise edge)
                                  0.000000    0.000000   clock network delay (ideal)
                      0.000000    0.000000    0.000000 ^ _554_/CLK (sky130_fd_sc_hd__dfrtp_2)
     2    0.016564    0.053994    0.260744    0.260744 v _554_/Q (sky130_fd_sc_hd__dfrtp_2)
                                                         r_ptr_gray_sync[4] (net)
                      0.053994    0.000000    0.260744 v _291_/A (sky130_fd_sc_hd__xor2_2)
     3    0.014847    0.057472    0.135771    0.396515 v _291_/X (sky130_fd_sc_hd__xor2_2)
                                                         _171_ (net)
                      0.057472    0.000000    0.396515 v _292_/B (sky130_fd_sc_hd__xnor2_2)
     3    0.014596    0.177598    0.156810    0.553325 ^ _292_/Y (sky130_fd_sc_hd__xnor2_2)
                                                         _172_ (net)
                      0.177598    0.000000    0.553325 ^ _293_/B (sky130_fd_sc_hd__xnor2_2)
     1    0.003686    0.083454    0.073513    0.626838 ^ _293_/Y (sky130_fd_sc_hd__xnor2_2)
                                                         _173_ (net)
                      0.083454    0.000000    0.626838 ^ _297_/S (sky130_fd_sc_hd__mux2_1)
     2    0.005783    0.051064    0.203150    0.829988 v _297_/X (sky130_fd_sc_hd__mux2_1)
                                                         _177_ (net)
                      0.051064    0.000000    0.829988 v _329_/A1 (sky130_fd_sc_hd__a21boi_2)
    22    0.074255    0.640166    0.502137    1.332125 ^ _329_/Y (sky130_fd_sc_hd__a21boi_2)
                                                         _198_ (net)
                      0.640166    0.000000    1.332125 ^ _424_/C (sky130_fd_sc_hd__and4b_2)
     8    0.029488    0.135511    0.255629    1.587753 ^ _424_/X (sky130_fd_sc_hd__and4b_2)
                                                         _240_ (net)
                      0.135511    0.000000    1.587753 ^ _428_/S (sky130_fd_sc_hd__mux2_1)
     1    0.001783    0.034768    0.185222    1.772975 v _428_/X (sky130_fd_sc_hd__mux2_1)
                                                         _051_ (net)
                      0.034768    0.000000    1.772975 v _595_/D (sky130_fd_sc_hd__dfxtp_2)
                                              1.772975   data arrival time

                      0.000000   10.000000   10.000000   clock wclk (rise edge)
                                  0.000000   10.000000   clock network delay (ideal)
                                  0.000000   10.000000   clock reconvergence pessimism
                                             10.000000 ^ _595_/CLK (sky130_fd_sc_hd__dfxtp_2)
                                 -0.075293    9.924706   library setup time
                                              9.924706   data required time
---------------------------------------------------------------------------------------------
                                              9.924706   data required time
                                             -1.772975   data arrival time
---------------------------------------------------------------------------------------------
                                              8.151731   slack (MET)


Startpoint: _554_ (rising edge-triggered flip-flop clocked by wclk)
Endpoint: _596_ (rising edge-triggered flip-flop clocked by wclk)
Path Group: wclk
Path Type: max

Fanout         Cap        Slew       Delay        Time   Description
---------------------------------------------------------------------------------------------
                      0.000000    0.000000    0.000000   clock wclk (rise edge)
                                  0.000000    0.000000   clock network delay (ideal)
                      0.000000    0.000000    0.000000 ^ _554_/CLK (sky130_fd_sc_hd__dfrtp_2)
     2    0.016564    0.053994    0.260744    0.260744 v _554_/Q (sky130_fd_sc_hd__dfrtp_2)
                                                         r_ptr_gray_sync[4] (net)
                      0.053994    0.000000    0.260744 v _291_/A (sky130_fd_sc_hd__xor2_2)
     3    0.014847    0.057472    0.135771    0.396515 v _291_/X (sky130_fd_sc_hd__xor2_2)
                                                         _171_ (net)
                      0.057472    0.000000    0.396515 v _292_/B (sky130_fd_sc_hd__xnor2_2)
     3    0.014596    0.177598    0.156810    0.553325 ^ _292_/Y (sky130_fd_sc_hd__xnor2_2)
                                                         _172_ (net)
                      0.177598    0.000000    0.553325 ^ _293_/B (sky130_fd_sc_hd__xnor2_2)
     1    0.003686    0.083454    0.073513    0.626838 ^ _293_/Y (sky130_fd_sc_hd__xnor2_2)
                                                         _173_ (net)
                      0.083454    0.000000    0.626838 ^ _297_/S (sky130_fd_sc_hd__mux2_1)
     2    0.005783    0.051064    0.203150    0.829988 v _297_/X (sky130_fd_sc_hd__mux2_1)
                                                         _177_ (net)
                      0.051064    0.000000    0.829988 v _329_/A1 (sky130_fd_sc_hd__a21boi_2)
    22    0.074255    0.640166    0.502137    1.332125 ^ _329_/Y (sky130_fd_sc_hd__a21boi_2)
                                                         _198_ (net)
                      0.640166    0.000000    1.332125 ^ _424_/C (sky130_fd_sc_hd__and4b_2)
     8    0.029488    0.135511    0.255629    1.587753 ^ _424_/X (sky130_fd_sc_hd__and4b_2)
                                                         _240_ (net)
                      0.135511    0.000000    1.587753 ^ _429_/S (sky130_fd_sc_hd__mux2_1)
     1    0.001783    0.034768    0.185222    1.772975 v _429_/X (sky130_fd_sc_hd__mux2_1)
                                                         _052_ (net)
                      0.034768    0.000000    1.772975 v _596_/D (sky130_fd_sc_hd__dfxtp_2)
                                              1.772975   data arrival time

                      0.000000   10.000000   10.000000   clock wclk (rise edge)
                                  0.000000   10.000000   clock network delay (ideal)
                                  0.000000   10.000000   clock reconvergence pessimism
                                             10.000000 ^ _596_/CLK (sky130_fd_sc_hd__dfxtp_2)
                                 -0.075293    9.924706   library setup time
                                              9.924706   data required time
---------------------------------------------------------------------------------------------
                                              9.924706   data required time
                                             -1.772975   data arrival time
---------------------------------------------------------------------------------------------
                                              8.151731   slack (MET)


Startpoint: _554_ (rising edge-triggered flip-flop clocked by wclk)
Endpoint: _597_ (rising edge-triggered flip-flop clocked by wclk)
Path Group: wclk
Path Type: max

Fanout         Cap        Slew       Delay        Time   Description
---------------------------------------------------------------------------------------------
                      0.000000    0.000000    0.000000   clock wclk (rise edge)
                                  0.000000    0.000000   clock network delay (ideal)
                      0.000000    0.000000    0.000000 ^ _554_/CLK (sky130_fd_sc_hd__dfrtp_2)
     2    0.016564    0.053994    0.260744    0.260744 v _554_/Q (sky130_fd_sc_hd__dfrtp_2)
                                                         r_ptr_gray_sync[4] (net)
                      0.053994    0.000000    0.260744 v _291_/A (sky130_fd_sc_hd__xor2_2)
     3    0.014847    0.057472    0.135771    0.396515 v _291_/X (sky130_fd_sc_hd__xor2_2)
                                                         _171_ (net)
                      0.057472    0.000000    0.396515 v _292_/B (sky130_fd_sc_hd__xnor2_2)
     3    0.014596    0.177598    0.156810    0.553325 ^ _292_/Y (sky130_fd_sc_hd__xnor2_2)
                                                         _172_ (net)
                      0.177598    0.000000    0.553325 ^ _293_/B (sky130_fd_sc_hd__xnor2_2)
     1    0.003686    0.083454    0.073513    0.626838 ^ _293_/Y (sky130_fd_sc_hd__xnor2_2)
                                                         _173_ (net)
                      0.083454    0.000000    0.626838 ^ _297_/S (sky130_fd_sc_hd__mux2_1)
     2    0.005783    0.051064    0.203150    0.829988 v _297_/X (sky130_fd_sc_hd__mux2_1)
                                                         _177_ (net)
                      0.051064    0.000000    0.829988 v _329_/A1 (sky130_fd_sc_hd__a21boi_2)
    22    0.074255    0.640166    0.502137    1.332125 ^ _329_/Y (sky130_fd_sc_hd__a21boi_2)
                                                         _198_ (net)
                      0.640166    0.000000    1.332125 ^ _424_/C (sky130_fd_sc_hd__and4b_2)
     8    0.029488    0.135511    0.255629    1.587753 ^ _424_/X (sky130_fd_sc_hd__and4b_2)
                                                         _240_ (net)
                      0.135511    0.000000    1.587753 ^ _430_/S (sky130_fd_sc_hd__mux2_1)
     1    0.001783    0.034768    0.185222    1.772975 v _430_/X (sky130_fd_sc_hd__mux2_1)
                                                         _053_ (net)
                      0.034768    0.000000    1.772975 v _597_/D (sky130_fd_sc_hd__dfxtp_2)
                                              1.772975   data arrival time

                      0.000000   10.000000   10.000000   clock wclk (rise edge)
                                  0.000000   10.000000   clock network delay (ideal)
                                  0.000000   10.000000   clock reconvergence pessimism
                                             10.000000 ^ _597_/CLK (sky130_fd_sc_hd__dfxtp_2)
                                 -0.075293    9.924706   library setup time
                                              9.924706   data required time
---------------------------------------------------------------------------------------------
                                              9.924706   data required time
                                             -1.772975   data arrival time
---------------------------------------------------------------------------------------------
                                              8.151731   slack (MET)


Startpoint: _554_ (rising edge-triggered flip-flop clocked by wclk)
Endpoint: _598_ (rising edge-triggered flip-flop clocked by wclk)
Path Group: wclk
Path Type: max

Fanout         Cap        Slew       Delay        Time   Description
---------------------------------------------------------------------------------------------
                      0.000000    0.000000    0.000000   clock wclk (rise edge)
                                  0.000000    0.000000   clock network delay (ideal)
                      0.000000    0.000000    0.000000 ^ _554_/CLK (sky130_fd_sc_hd__dfrtp_2)
     2    0.016564    0.053994    0.260744    0.260744 v _554_/Q (sky130_fd_sc_hd__dfrtp_2)
                                                         r_ptr_gray_sync[4] (net)
                      0.053994    0.000000    0.260744 v _291_/A (sky130_fd_sc_hd__xor2_2)
     3    0.014847    0.057472    0.135771    0.396515 v _291_/X (sky130_fd_sc_hd__xor2_2)
                                                         _171_ (net)
                      0.057472    0.000000    0.396515 v _292_/B (sky130_fd_sc_hd__xnor2_2)
     3    0.014596    0.177598    0.156810    0.553325 ^ _292_/Y (sky130_fd_sc_hd__xnor2_2)
                                                         _172_ (net)
                      0.177598    0.000000    0.553325 ^ _293_/B (sky130_fd_sc_hd__xnor2_2)
     1    0.003686    0.083454    0.073513    0.626838 ^ _293_/Y (sky130_fd_sc_hd__xnor2_2)
                                                         _173_ (net)
                      0.083454    0.000000    0.626838 ^ _297_/S (sky130_fd_sc_hd__mux2_1)
     2    0.005783    0.051064    0.203150    0.829988 v _297_/X (sky130_fd_sc_hd__mux2_1)
                                                         _177_ (net)
                      0.051064    0.000000    0.829988 v _329_/A1 (sky130_fd_sc_hd__a21boi_2)
    22    0.074255    0.640166    0.502137    1.332125 ^ _329_/Y (sky130_fd_sc_hd__a21boi_2)
                                                         _198_ (net)
                      0.640166    0.000000    1.332125 ^ _424_/C (sky130_fd_sc_hd__and4b_2)
     8    0.029488    0.135511    0.255629    1.587753 ^ _424_/X (sky130_fd_sc_hd__and4b_2)
                                                         _240_ (net)
                      0.135511    0.000000    1.587753 ^ _431_/S (sky130_fd_sc_hd__mux2_1)
     1    0.001783    0.034768    0.185222    1.772975 v _431_/X (sky130_fd_sc_hd__mux2_1)
                                                         _054_ (net)
                      0.034768    0.000000    1.772975 v _598_/D (sky130_fd_sc_hd__dfxtp_2)
                                              1.772975   data arrival time

                      0.000000   10.000000   10.000000   clock wclk (rise edge)
                                  0.000000   10.000000   clock network delay (ideal)
                                  0.000000   10.000000   clock reconvergence pessimism
                                             10.000000 ^ _598_/CLK (sky130_fd_sc_hd__dfxtp_2)
                                 -0.075293    9.924706   library setup time
                                              9.924706   data required time
---------------------------------------------------------------------------------------------
                                              9.924706   data required time
                                             -1.772975   data arrival time
---------------------------------------------------------------------------------------------
                                              8.151731   slack (MET)


Startpoint: _554_ (rising edge-triggered flip-flop clocked by wclk)
Endpoint: _599_ (rising edge-triggered flip-flop clocked by wclk)
Path Group: wclk
Path Type: max

Fanout         Cap        Slew       Delay        Time   Description
---------------------------------------------------------------------------------------------
                      0.000000    0.000000    0.000000   clock wclk (rise edge)
                                  0.000000    0.000000   clock network delay (ideal)
                      0.000000    0.000000    0.000000 ^ _554_/CLK (sky130_fd_sc_hd__dfrtp_2)
     2    0.016564    0.053994    0.260744    0.260744 v _554_/Q (sky130_fd_sc_hd__dfrtp_2)
                                                         r_ptr_gray_sync[4] (net)
                      0.053994    0.000000    0.260744 v _291_/A (sky130_fd_sc_hd__xor2_2)
     3    0.014847    0.057472    0.135771    0.396515 v _291_/X (sky130_fd_sc_hd__xor2_2)
                                                         _171_ (net)
                      0.057472    0.000000    0.396515 v _292_/B (sky130_fd_sc_hd__xnor2_2)
     3    0.014596    0.177598    0.156810    0.553325 ^ _292_/Y (sky130_fd_sc_hd__xnor2_2)
                                                         _172_ (net)
                      0.177598    0.000000    0.553325 ^ _293_/B (sky130_fd_sc_hd__xnor2_2)
     1    0.003686    0.083454    0.073513    0.626838 ^ _293_/Y (sky130_fd_sc_hd__xnor2_2)
                                                         _173_ (net)
                      0.083454    0.000000    0.626838 ^ _297_/S (sky130_fd_sc_hd__mux2_1)
     2    0.005783    0.051064    0.203150    0.829988 v _297_/X (sky130_fd_sc_hd__mux2_1)
                                                         _177_ (net)
                      0.051064    0.000000    0.829988 v _329_/A1 (sky130_fd_sc_hd__a21boi_2)
    22    0.074255    0.640166    0.502137    1.332125 ^ _329_/Y (sky130_fd_sc_hd__a21boi_2)
                                                         _198_ (net)
                      0.640166    0.000000    1.332125 ^ _424_/C (sky130_fd_sc_hd__and4b_2)
     8    0.029488    0.135511    0.255629    1.587753 ^ _424_/X (sky130_fd_sc_hd__and4b_2)
                                                         _240_ (net)
                      0.135511    0.000000    1.587753 ^ _432_/S (sky130_fd_sc_hd__mux2_1)
     1    0.001783    0.034768    0.185222    1.772975 v _432_/X (sky130_fd_sc_hd__mux2_1)
                                                         _055_ (net)
                      0.034768    0.000000    1.772975 v _599_/D (sky130_fd_sc_hd__dfxtp_2)
                                              1.772975   data arrival time

                      0.000000   10.000000   10.000000   clock wclk (rise edge)
                                  0.000000   10.000000   clock network delay (ideal)
                                  0.000000   10.000000   clock reconvergence pessimism
                                             10.000000 ^ _599_/CLK (sky130_fd_sc_hd__dfxtp_2)
                                 -0.075293    9.924706   library setup time
                                              9.924706   data required time
---------------------------------------------------------------------------------------------
                                              9.924706   data required time
                                             -1.772975   data arrival time
---------------------------------------------------------------------------------------------
                                              8.151731   slack (MET)


Startpoint: _554_ (rising edge-triggered flip-flop clocked by wclk)
Endpoint: _641_ (rising edge-triggered flip-flop clocked by wclk)
Path Group: wclk
Path Type: max

Fanout         Cap        Slew       Delay        Time   Description
---------------------------------------------------------------------------------------------
                      0.000000    0.000000    0.000000   clock wclk (rise edge)
                                  0.000000    0.000000   clock network delay (ideal)
                      0.000000    0.000000    0.000000 ^ _554_/CLK (sky130_fd_sc_hd__dfrtp_2)
     2    0.016564    0.053994    0.260744    0.260744 v _554_/Q (sky130_fd_sc_hd__dfrtp_2)
                                                         r_ptr_gray_sync[4] (net)
                      0.053994    0.000000    0.260744 v _291_/A (sky130_fd_sc_hd__xor2_2)
     3    0.014847    0.057472    0.135771    0.396515 v _291_/X (sky130_fd_sc_hd__xor2_2)
                                                         _171_ (net)
                      0.057472    0.000000    0.396515 v _292_/B (sky130_fd_sc_hd__xnor2_2)
     3    0.014596    0.177598    0.156810    0.553325 ^ _292_/Y (sky130_fd_sc_hd__xnor2_2)
                                                         _172_ (net)
                      0.177598    0.000000    0.553325 ^ _293_/B (sky130_fd_sc_hd__xnor2_2)
     1    0.003686    0.083454    0.073513    0.626838 ^ _293_/Y (sky130_fd_sc_hd__xnor2_2)
                                                         _173_ (net)
                      0.083454    0.000000    0.626838 ^ _297_/S (sky130_fd_sc_hd__mux2_1)
     2    0.005783    0.051064    0.203150    0.829988 v _297_/X (sky130_fd_sc_hd__mux2_1)
                                                         _177_ (net)
                      0.051064    0.000000    0.829988 v _329_/A1 (sky130_fd_sc_hd__a21boi_2)
    22    0.074255    0.640166    0.502137    1.332125 ^ _329_/Y (sky130_fd_sc_hd__a21boi_2)
                                                         _198_ (net)
                      0.640166    0.000000    1.332125 ^ _471_/C (sky130_fd_sc_hd__and4b_2)
     8    0.029488    0.135511    0.255629    1.587753 ^ _471_/X (sky130_fd_sc_hd__and4b_2)
                                                         _247_ (net)
                      0.135511    0.000000    1.587753 ^ _472_/S (sky130_fd_sc_hd__mux2_1)
     1    0.001783    0.034768    0.185222    1.772975 v _472_/X (sky130_fd_sc_hd__mux2_1)
                                                         _088_ (net)
                      0.034768    0.000000    1.772975 v _641_/D (sky130_fd_sc_hd__dfxtp_2)
                                              1.772975   data arrival time

                      0.000000   10.000000   10.000000   clock wclk (rise edge)
                                  0.000000   10.000000   clock network delay (ideal)
                                  0.000000   10.000000   clock reconvergence pessimism
                                             10.000000 ^ _641_/CLK (sky130_fd_sc_hd__dfxtp_2)
                                 -0.075293    9.924706   library setup time
                                              9.924706   data required time
---------------------------------------------------------------------------------------------
                                              9.924706   data required time
                                             -1.772975   data arrival time
---------------------------------------------------------------------------------------------
                                              8.151731   slack (MET)


Startpoint: _554_ (rising edge-triggered flip-flop clocked by wclk)
Endpoint: _642_ (rising edge-triggered flip-flop clocked by wclk)
Path Group: wclk
Path Type: max

Fanout         Cap        Slew       Delay        Time   Description
---------------------------------------------------------------------------------------------
                      0.000000    0.000000    0.000000   clock wclk (rise edge)
                                  0.000000    0.000000   clock network delay (ideal)
                      0.000000    0.000000    0.000000 ^ _554_/CLK (sky130_fd_sc_hd__dfrtp_2)
     2    0.016564    0.053994    0.260744    0.260744 v _554_/Q (sky130_fd_sc_hd__dfrtp_2)
                                                         r_ptr_gray_sync[4] (net)
                      0.053994    0.000000    0.260744 v _291_/A (sky130_fd_sc_hd__xor2_2)
     3    0.014847    0.057472    0.135771    0.396515 v _291_/X (sky130_fd_sc_hd__xor2_2)
                                                         _171_ (net)
                      0.057472    0.000000    0.396515 v _292_/B (sky130_fd_sc_hd__xnor2_2)
     3    0.014596    0.177598    0.156810    0.553325 ^ _292_/Y (sky130_fd_sc_hd__xnor2_2)
                                                         _172_ (net)
                      0.177598    0.000000    0.553325 ^ _293_/B (sky130_fd_sc_hd__xnor2_2)
     1    0.003686    0.083454    0.073513    0.626838 ^ _293_/Y (sky130_fd_sc_hd__xnor2_2)
                                                         _173_ (net)
                      0.083454    0.000000    0.626838 ^ _297_/S (sky130_fd_sc_hd__mux2_1)
     2    0.005783    0.051064    0.203150    0.829988 v _297_/X (sky130_fd_sc_hd__mux2_1)
                                                         _177_ (net)
                      0.051064    0.000000    0.829988 v _329_/A1 (sky130_fd_sc_hd__a21boi_2)
    22    0.074255    0.640166    0.502137    1.332125 ^ _329_/Y (sky130_fd_sc_hd__a21boi_2)
                                                         _198_ (net)
                      0.640166    0.000000    1.332125 ^ _471_/C (sky130_fd_sc_hd__and4b_2)
     8    0.029488    0.135511    0.255629    1.587753 ^ _471_/X (sky130_fd_sc_hd__and4b_2)
                                                         _247_ (net)
                      0.135511    0.000000    1.587753 ^ _473_/S (sky130_fd_sc_hd__mux2_1)
     1    0.001783    0.034768    0.185222    1.772975 v _473_/X (sky130_fd_sc_hd__mux2_1)
                                                         _089_ (net)
                      0.034768    0.000000    1.772975 v _642_/D (sky130_fd_sc_hd__dfxtp_2)
                                              1.772975   data arrival time

                      0.000000   10.000000   10.000000   clock wclk (rise edge)
                                  0.000000   10.000000   clock network delay (ideal)
                                  0.000000   10.000000   clock reconvergence pessimism
                                             10.000000 ^ _642_/CLK (sky130_fd_sc_hd__dfxtp_2)
                                 -0.075293    9.924706   library setup time
                                              9.924706   data required time
---------------------------------------------------------------------------------------------
                                              9.924706   data required time
                                             -1.772975   data arrival time
---------------------------------------------------------------------------------------------
                                              8.151731   slack (MET)


Startpoint: _554_ (rising edge-triggered flip-flop clocked by wclk)
Endpoint: _643_ (rising edge-triggered flip-flop clocked by wclk)
Path Group: wclk
Path Type: max

Fanout         Cap        Slew       Delay        Time   Description
---------------------------------------------------------------------------------------------
                      0.000000    0.000000    0.000000   clock wclk (rise edge)
                                  0.000000    0.000000   clock network delay (ideal)
                      0.000000    0.000000    0.000000 ^ _554_/CLK (sky130_fd_sc_hd__dfrtp_2)
     2    0.016564    0.053994    0.260744    0.260744 v _554_/Q (sky130_fd_sc_hd__dfrtp_2)
                                                         r_ptr_gray_sync[4] (net)
                      0.053994    0.000000    0.260744 v _291_/A (sky130_fd_sc_hd__xor2_2)
     3    0.014847    0.057472    0.135771    0.396515 v _291_/X (sky130_fd_sc_hd__xor2_2)
                                                         _171_ (net)
                      0.057472    0.000000    0.396515 v _292_/B (sky130_fd_sc_hd__xnor2_2)
     3    0.014596    0.177598    0.156810    0.553325 ^ _292_/Y (sky130_fd_sc_hd__xnor2_2)
                                                         _172_ (net)
                      0.177598    0.000000    0.553325 ^ _293_/B (sky130_fd_sc_hd__xnor2_2)
     1    0.003686    0.083454    0.073513    0.626838 ^ _293_/Y (sky130_fd_sc_hd__xnor2_2)
                                                         _173_ (net)
                      0.083454    0.000000    0.626838 ^ _297_/S (sky130_fd_sc_hd__mux2_1)
     2    0.005783    0.051064    0.203150    0.829988 v _297_/X (sky130_fd_sc_hd__mux2_1)
                                                         _177_ (net)
                      0.051064    0.000000    0.829988 v _329_/A1 (sky130_fd_sc_hd__a21boi_2)
    22    0.074255    0.640166    0.502137    1.332125 ^ _329_/Y (sky130_fd_sc_hd__a21boi_2)
                                                         _198_ (net)
                      0.640166    0.000000    1.332125 ^ _471_/C (sky130_fd_sc_hd__and4b_2)
     8    0.029488    0.135511    0.255629    1.587753 ^ _471_/X (sky130_fd_sc_hd__and4b_2)
                                                         _247_ (net)
                      0.135511    0.000000    1.587753 ^ _474_/S (sky130_fd_sc_hd__mux2_1)
     1    0.001783    0.034768    0.185222    1.772975 v _474_/X (sky130_fd_sc_hd__mux2_1)
                                                         _090_ (net)
                      0.034768    0.000000    1.772975 v _643_/D (sky130_fd_sc_hd__dfxtp_2)
                                              1.772975   data arrival time

                      0.000000   10.000000   10.000000   clock wclk (rise edge)
                                  0.000000   10.000000   clock network delay (ideal)
                                  0.000000   10.000000   clock reconvergence pessimism
                                             10.000000 ^ _643_/CLK (sky130_fd_sc_hd__dfxtp_2)
                                 -0.075293    9.924706   library setup time
                                              9.924706   data required time
---------------------------------------------------------------------------------------------
                                              9.924706   data required time
                                             -1.772975   data arrival time
---------------------------------------------------------------------------------------------
                                              8.151731   slack (MET)


Startpoint: _554_ (rising edge-triggered flip-flop clocked by wclk)
Endpoint: _644_ (rising edge-triggered flip-flop clocked by wclk)
Path Group: wclk
Path Type: max

Fanout         Cap        Slew       Delay        Time   Description
---------------------------------------------------------------------------------------------
                      0.000000    0.000000    0.000000   clock wclk (rise edge)
                                  0.000000    0.000000   clock network delay (ideal)
                      0.000000    0.000000    0.000000 ^ _554_/CLK (sky130_fd_sc_hd__dfrtp_2)
     2    0.016564    0.053994    0.260744    0.260744 v _554_/Q (sky130_fd_sc_hd__dfrtp_2)
                                                         r_ptr_gray_sync[4] (net)
                      0.053994    0.000000    0.260744 v _291_/A (sky130_fd_sc_hd__xor2_2)
     3    0.014847    0.057472    0.135771    0.396515 v _291_/X (sky130_fd_sc_hd__xor2_2)
                                                         _171_ (net)
                      0.057472    0.000000    0.396515 v _292_/B (sky130_fd_sc_hd__xnor2_2)
     3    0.014596    0.177598    0.156810    0.553325 ^ _292_/Y (sky130_fd_sc_hd__xnor2_2)
                                                         _172_ (net)
                      0.177598    0.000000    0.553325 ^ _293_/B (sky130_fd_sc_hd__xnor2_2)
     1    0.003686    0.083454    0.073513    0.626838 ^ _293_/Y (sky130_fd_sc_hd__xnor2_2)
                                                         _173_ (net)
                      0.083454    0.000000    0.626838 ^ _297_/S (sky130_fd_sc_hd__mux2_1)
     2    0.005783    0.051064    0.203150    0.829988 v _297_/X (sky130_fd_sc_hd__mux2_1)
                                                         _177_ (net)
                      0.051064    0.000000    0.829988 v _329_/A1 (sky130_fd_sc_hd__a21boi_2)
    22    0.074255    0.640166    0.502137    1.332125 ^ _329_/Y (sky130_fd_sc_hd__a21boi_2)
                                                         _198_ (net)
                      0.640166    0.000000    1.332125 ^ _471_/C (sky130_fd_sc_hd__and4b_2)
     8    0.029488    0.135511    0.255629    1.587753 ^ _471_/X (sky130_fd_sc_hd__and4b_2)
                                                         _247_ (net)
                      0.135511    0.000000    1.587753 ^ _475_/S (sky130_fd_sc_hd__mux2_1)
     1    0.001783    0.034768    0.185222    1.772975 v _475_/X (sky130_fd_sc_hd__mux2_1)
                                                         _091_ (net)
                      0.034768    0.000000    1.772975 v _644_/D (sky130_fd_sc_hd__dfxtp_2)
                                              1.772975   data arrival time

                      0.000000   10.000000   10.000000   clock wclk (rise edge)
                                  0.000000   10.000000   clock network delay (ideal)
                                  0.000000   10.000000   clock reconvergence pessimism
                                             10.000000 ^ _644_/CLK (sky130_fd_sc_hd__dfxtp_2)
                                 -0.075293    9.924706   library setup time
                                              9.924706   data required time
---------------------------------------------------------------------------------------------
                                              9.924706   data required time
                                             -1.772975   data arrival time
---------------------------------------------------------------------------------------------
                                              8.151731   slack (MET)


Startpoint: _554_ (rising edge-triggered flip-flop clocked by wclk)
Endpoint: _645_ (rising edge-triggered flip-flop clocked by wclk)
Path Group: wclk
Path Type: max

Fanout         Cap        Slew       Delay        Time   Description
---------------------------------------------------------------------------------------------
                      0.000000    0.000000    0.000000   clock wclk (rise edge)
                                  0.000000    0.000000   clock network delay (ideal)
                      0.000000    0.000000    0.000000 ^ _554_/CLK (sky130_fd_sc_hd__dfrtp_2)
     2    0.016564    0.053994    0.260744    0.260744 v _554_/Q (sky130_fd_sc_hd__dfrtp_2)
                                                         r_ptr_gray_sync[4] (net)
                      0.053994    0.000000    0.260744 v _291_/A (sky130_fd_sc_hd__xor2_2)
     3    0.014847    0.057472    0.135771    0.396515 v _291_/X (sky130_fd_sc_hd__xor2_2)
                                                         _171_ (net)
                      0.057472    0.000000    0.396515 v _292_/B (sky130_fd_sc_hd__xnor2_2)
     3    0.014596    0.177598    0.156810    0.553325 ^ _292_/Y (sky130_fd_sc_hd__xnor2_2)
                                                         _172_ (net)
                      0.177598    0.000000    0.553325 ^ _293_/B (sky130_fd_sc_hd__xnor2_2)
     1    0.003686    0.083454    0.073513    0.626838 ^ _293_/Y (sky130_fd_sc_hd__xnor2_2)
                                                         _173_ (net)
                      0.083454    0.000000    0.626838 ^ _297_/S (sky130_fd_sc_hd__mux2_1)
     2    0.005783    0.051064    0.203150    0.829988 v _297_/X (sky130_fd_sc_hd__mux2_1)
                                                         _177_ (net)
                      0.051064    0.000000    0.829988 v _329_/A1 (sky130_fd_sc_hd__a21boi_2)
    22    0.074255    0.640166    0.502137    1.332125 ^ _329_/Y (sky130_fd_sc_hd__a21boi_2)
                                                         _198_ (net)
                      0.640166    0.000000    1.332125 ^ _471_/C (sky130_fd_sc_hd__and4b_2)
     8    0.029488    0.135511    0.255629    1.587753 ^ _471_/X (sky130_fd_sc_hd__and4b_2)
                                                         _247_ (net)
                      0.135511    0.000000    1.587753 ^ _476_/S (sky130_fd_sc_hd__mux2_1)
     1    0.001783    0.034768    0.185222    1.772975 v _476_/X (sky130_fd_sc_hd__mux2_1)
                                                         _092_ (net)
                      0.034768    0.000000    1.772975 v _645_/D (sky130_fd_sc_hd__dfxtp_2)
                                              1.772975   data arrival time

                      0.000000   10.000000   10.000000   clock wclk (rise edge)
                                  0.000000   10.000000   clock network delay (ideal)
                                  0.000000   10.000000   clock reconvergence pessimism
                                             10.000000 ^ _645_/CLK (sky130_fd_sc_hd__dfxtp_2)
                                 -0.075293    9.924706   library setup time
                                              9.924706   data required time
---------------------------------------------------------------------------------------------
                                              9.924706   data required time
                                             -1.772975   data arrival time
---------------------------------------------------------------------------------------------
                                              8.151731   slack (MET)


Startpoint: _554_ (rising edge-triggered flip-flop clocked by wclk)
Endpoint: _646_ (rising edge-triggered flip-flop clocked by wclk)
Path Group: wclk
Path Type: max

Fanout         Cap        Slew       Delay        Time   Description
---------------------------------------------------------------------------------------------
                      0.000000    0.000000    0.000000   clock wclk (rise edge)
                                  0.000000    0.000000   clock network delay (ideal)
                      0.000000    0.000000    0.000000 ^ _554_/CLK (sky130_fd_sc_hd__dfrtp_2)
     2    0.016564    0.053994    0.260744    0.260744 v _554_/Q (sky130_fd_sc_hd__dfrtp_2)
                                                         r_ptr_gray_sync[4] (net)
                      0.053994    0.000000    0.260744 v _291_/A (sky130_fd_sc_hd__xor2_2)
     3    0.014847    0.057472    0.135771    0.396515 v _291_/X (sky130_fd_sc_hd__xor2_2)
                                                         _171_ (net)
                      0.057472    0.000000    0.396515 v _292_/B (sky130_fd_sc_hd__xnor2_2)
     3    0.014596    0.177598    0.156810    0.553325 ^ _292_/Y (sky130_fd_sc_hd__xnor2_2)
                                                         _172_ (net)
                      0.177598    0.000000    0.553325 ^ _293_/B (sky130_fd_sc_hd__xnor2_2)
     1    0.003686    0.083454    0.073513    0.626838 ^ _293_/Y (sky130_fd_sc_hd__xnor2_2)
                                                         _173_ (net)
                      0.083454    0.000000    0.626838 ^ _297_/S (sky130_fd_sc_hd__mux2_1)
     2    0.005783    0.051064    0.203150    0.829988 v _297_/X (sky130_fd_sc_hd__mux2_1)
                                                         _177_ (net)
                      0.051064    0.000000    0.829988 v _329_/A1 (sky130_fd_sc_hd__a21boi_2)
    22    0.074255    0.640166    0.502137    1.332125 ^ _329_/Y (sky130_fd_sc_hd__a21boi_2)
                                                         _198_ (net)
                      0.640166    0.000000    1.332125 ^ _471_/C (sky130_fd_sc_hd__and4b_2)
     8    0.029488    0.135511    0.255629    1.587753 ^ _471_/X (sky130_fd_sc_hd__and4b_2)
                                                         _247_ (net)
                      0.135511    0.000000    1.587753 ^ _477_/S (sky130_fd_sc_hd__mux2_1)
     1    0.001783    0.034768    0.185222    1.772975 v _477_/X (sky130_fd_sc_hd__mux2_1)
                                                         _093_ (net)
                      0.034768    0.000000    1.772975 v _646_/D (sky130_fd_sc_hd__dfxtp_2)
                                              1.772975   data arrival time

                      0.000000   10.000000   10.000000   clock wclk (rise edge)
                                  0.000000   10.000000   clock network delay (ideal)
                                  0.000000   10.000000   clock reconvergence pessimism
                                             10.000000 ^ _646_/CLK (sky130_fd_sc_hd__dfxtp_2)
                                 -0.075293    9.924706   library setup time
                                              9.924706   data required time
---------------------------------------------------------------------------------------------
                                              9.924706   data required time
                                             -1.772975   data arrival time
---------------------------------------------------------------------------------------------
                                              8.151731   slack (MET)


Startpoint: _554_ (rising edge-triggered flip-flop clocked by wclk)
Endpoint: _647_ (rising edge-triggered flip-flop clocked by wclk)
Path Group: wclk
Path Type: max

Fanout         Cap        Slew       Delay        Time   Description
---------------------------------------------------------------------------------------------
                      0.000000    0.000000    0.000000   clock wclk (rise edge)
                                  0.000000    0.000000   clock network delay (ideal)
                      0.000000    0.000000    0.000000 ^ _554_/CLK (sky130_fd_sc_hd__dfrtp_2)
     2    0.016564    0.053994    0.260744    0.260744 v _554_/Q (sky130_fd_sc_hd__dfrtp_2)
                                                         r_ptr_gray_sync[4] (net)
                      0.053994    0.000000    0.260744 v _291_/A (sky130_fd_sc_hd__xor2_2)
     3    0.014847    0.057472    0.135771    0.396515 v _291_/X (sky130_fd_sc_hd__xor2_2)
                                                         _171_ (net)
                      0.057472    0.000000    0.396515 v _292_/B (sky130_fd_sc_hd__xnor2_2)
     3    0.014596    0.177598    0.156810    0.553325 ^ _292_/Y (sky130_fd_sc_hd__xnor2_2)
                                                         _172_ (net)
                      0.177598    0.000000    0.553325 ^ _293_/B (sky130_fd_sc_hd__xnor2_2)
     1    0.003686    0.083454    0.073513    0.626838 ^ _293_/Y (sky130_fd_sc_hd__xnor2_2)
                                                         _173_ (net)
                      0.083454    0.000000    0.626838 ^ _297_/S (sky130_fd_sc_hd__mux2_1)
     2    0.005783    0.051064    0.203150    0.829988 v _297_/X (sky130_fd_sc_hd__mux2_1)
                                                         _177_ (net)
                      0.051064    0.000000    0.829988 v _329_/A1 (sky130_fd_sc_hd__a21boi_2)
    22    0.074255    0.640166    0.502137    1.332125 ^ _329_/Y (sky130_fd_sc_hd__a21boi_2)
                                                         _198_ (net)
                      0.640166    0.000000    1.332125 ^ _471_/C (sky130_fd_sc_hd__and4b_2)
     8    0.029488    0.135511    0.255629    1.587753 ^ _471_/X (sky130_fd_sc_hd__and4b_2)
                                                         _247_ (net)
                      0.135511    0.000000    1.587753 ^ _478_/S (sky130_fd_sc_hd__mux2_1)
     1    0.001783    0.034768    0.185222    1.772975 v _478_/X (sky130_fd_sc_hd__mux2_1)
                                                         _094_ (net)
                      0.034768    0.000000    1.772975 v _647_/D (sky130_fd_sc_hd__dfxtp_2)
                                              1.772975   data arrival time

                      0.000000   10.000000   10.000000   clock wclk (rise edge)
                                  0.000000   10.000000   clock network delay (ideal)
                                  0.000000   10.000000   clock reconvergence pessimism
                                             10.000000 ^ _647_/CLK (sky130_fd_sc_hd__dfxtp_2)
                                 -0.075293    9.924706   library setup time
                                              9.924706   data required time
---------------------------------------------------------------------------------------------
                                              9.924706   data required time
                                             -1.772975   data arrival time
---------------------------------------------------------------------------------------------
                                              8.151731   slack (MET)


Startpoint: _554_ (rising edge-triggered flip-flop clocked by wclk)
Endpoint: _648_ (rising edge-triggered flip-flop clocked by wclk)
Path Group: wclk
Path Type: max

Fanout         Cap        Slew       Delay        Time   Description
---------------------------------------------------------------------------------------------
                      0.000000    0.000000    0.000000   clock wclk (rise edge)
                                  0.000000    0.000000   clock network delay (ideal)
                      0.000000    0.000000    0.000000 ^ _554_/CLK (sky130_fd_sc_hd__dfrtp_2)
     2    0.016564    0.053994    0.260744    0.260744 v _554_/Q (sky130_fd_sc_hd__dfrtp_2)
                                                         r_ptr_gray_sync[4] (net)
                      0.053994    0.000000    0.260744 v _291_/A (sky130_fd_sc_hd__xor2_2)
     3    0.014847    0.057472    0.135771    0.396515 v _291_/X (sky130_fd_sc_hd__xor2_2)
                                                         _171_ (net)
                      0.057472    0.000000    0.396515 v _292_/B (sky130_fd_sc_hd__xnor2_2)
     3    0.014596    0.177598    0.156810    0.553325 ^ _292_/Y (sky130_fd_sc_hd__xnor2_2)
                                                         _172_ (net)
                      0.177598    0.000000    0.553325 ^ _293_/B (sky130_fd_sc_hd__xnor2_2)
     1    0.003686    0.083454    0.073513    0.626838 ^ _293_/Y (sky130_fd_sc_hd__xnor2_2)
                                                         _173_ (net)
                      0.083454    0.000000    0.626838 ^ _297_/S (sky130_fd_sc_hd__mux2_1)
     2    0.005783    0.051064    0.203150    0.829988 v _297_/X (sky130_fd_sc_hd__mux2_1)
                                                         _177_ (net)
                      0.051064    0.000000    0.829988 v _329_/A1 (sky130_fd_sc_hd__a21boi_2)
    22    0.074255    0.640166    0.502137    1.332125 ^ _329_/Y (sky130_fd_sc_hd__a21boi_2)
                                                         _198_ (net)
                      0.640166    0.000000    1.332125 ^ _471_/C (sky130_fd_sc_hd__and4b_2)
     8    0.029488    0.135511    0.255629    1.587753 ^ _471_/X (sky130_fd_sc_hd__and4b_2)
                                                         _247_ (net)
                      0.135511    0.000000    1.587753 ^ _479_/S (sky130_fd_sc_hd__mux2_1)
     1    0.001783    0.034768    0.185222    1.772975 v _479_/X (sky130_fd_sc_hd__mux2_1)
                                                         _095_ (net)
                      0.034768    0.000000    1.772975 v _648_/D (sky130_fd_sc_hd__dfxtp_2)
                                              1.772975   data arrival time

                      0.000000   10.000000   10.000000   clock wclk (rise edge)
                                  0.000000   10.000000   clock network delay (ideal)
                                  0.000000   10.000000   clock reconvergence pessimism
                                             10.000000 ^ _648_/CLK (sky130_fd_sc_hd__dfxtp_2)
                                 -0.075293    9.924706   library setup time
                                              9.924706   data required time
---------------------------------------------------------------------------------------------
                                              9.924706   data required time
                                             -1.772975   data arrival time
---------------------------------------------------------------------------------------------
                                              8.151731   slack (MET)


Startpoint: _554_ (rising edge-triggered flip-flop clocked by wclk)
Endpoint: _690_ (rising edge-triggered flip-flop clocked by wclk)
Path Group: wclk
Path Type: max

Fanout         Cap        Slew       Delay        Time   Description
---------------------------------------------------------------------------------------------
                      0.000000    0.000000    0.000000   clock wclk (rise edge)
                                  0.000000    0.000000   clock network delay (ideal)
                      0.000000    0.000000    0.000000 ^ _554_/CLK (sky130_fd_sc_hd__dfrtp_2)
     2    0.016564    0.053994    0.260744    0.260744 v _554_/Q (sky130_fd_sc_hd__dfrtp_2)
                                                         r_ptr_gray_sync[4] (net)
                      0.053994    0.000000    0.260744 v _291_/A (sky130_fd_sc_hd__xor2_2)
     3    0.014847    0.057472    0.135771    0.396515 v _291_/X (sky130_fd_sc_hd__xor2_2)
                                                         _171_ (net)
                      0.057472    0.000000    0.396515 v _292_/B (sky130_fd_sc_hd__xnor2_2)
     3    0.014596    0.177598    0.156810    0.553325 ^ _292_/Y (sky130_fd_sc_hd__xnor2_2)
                                                         _172_ (net)
                      0.177598    0.000000    0.553325 ^ _293_/B (sky130_fd_sc_hd__xnor2_2)
     1    0.003686    0.083454    0.073513    0.626838 ^ _293_/Y (sky130_fd_sc_hd__xnor2_2)
                                                         _173_ (net)
                      0.083454    0.000000    0.626838 ^ _297_/S (sky130_fd_sc_hd__mux2_1)
     2    0.005783    0.051064    0.203150    0.829988 v _297_/X (sky130_fd_sc_hd__mux2_1)
                                                         _177_ (net)
                      0.051064    0.000000    0.829988 v _329_/A1 (sky130_fd_sc_hd__a21boi_2)
    22    0.074255    0.640166    0.502137    1.332125 ^ _329_/Y (sky130_fd_sc_hd__a21boi_2)
                                                         _198_ (net)
                      0.640166    0.000000    1.332125 ^ _515_/C (sky130_fd_sc_hd__and4b_2)
     8    0.029488    0.135511    0.255629    1.587753 ^ _515_/X (sky130_fd_sc_hd__and4b_2)
                                                         _251_ (net)
                      0.135511    0.000000    1.587753 ^ _516_/S (sky130_fd_sc_hd__mux2_1)
     1    0.001783    0.034768    0.185222    1.772975 v _516_/X (sky130_fd_sc_hd__mux2_1)
                                                         _128_ (net)
                      0.034768    0.000000    1.772975 v _690_/D (sky130_fd_sc_hd__dfxtp_2)
                                              1.772975   data arrival time

                      0.000000   10.000000   10.000000   clock wclk (rise edge)
                                  0.000000   10.000000   clock network delay (ideal)
                                  0.000000   10.000000   clock reconvergence pessimism
                                             10.000000 ^ _690_/CLK (sky130_fd_sc_hd__dfxtp_2)
                                 -0.075293    9.924706   library setup time
                                              9.924706   data required time
---------------------------------------------------------------------------------------------
                                              9.924706   data required time
                                             -1.772975   data arrival time
---------------------------------------------------------------------------------------------
                                              8.151731   slack (MET)


Startpoint: _554_ (rising edge-triggered flip-flop clocked by wclk)
Endpoint: _691_ (rising edge-triggered flip-flop clocked by wclk)
Path Group: wclk
Path Type: max

Fanout         Cap        Slew       Delay        Time   Description
---------------------------------------------------------------------------------------------
                      0.000000    0.000000    0.000000   clock wclk (rise edge)
                                  0.000000    0.000000   clock network delay (ideal)
                      0.000000    0.000000    0.000000 ^ _554_/CLK (sky130_fd_sc_hd__dfrtp_2)
     2    0.016564    0.053994    0.260744    0.260744 v _554_/Q (sky130_fd_sc_hd__dfrtp_2)
                                                         r_ptr_gray_sync[4] (net)
                      0.053994    0.000000    0.260744 v _291_/A (sky130_fd_sc_hd__xor2_2)
     3    0.014847    0.057472    0.135771    0.396515 v _291_/X (sky130_fd_sc_hd__xor2_2)
                                                         _171_ (net)
                      0.057472    0.000000    0.396515 v _292_/B (sky130_fd_sc_hd__xnor2_2)
     3    0.014596    0.177598    0.156810    0.553325 ^ _292_/Y (sky130_fd_sc_hd__xnor2_2)
                                                         _172_ (net)
                      0.177598    0.000000    0.553325 ^ _293_/B (sky130_fd_sc_hd__xnor2_2)
     1    0.003686    0.083454    0.073513    0.626838 ^ _293_/Y (sky130_fd_sc_hd__xnor2_2)
                                                         _173_ (net)
                      0.083454    0.000000    0.626838 ^ _297_/S (sky130_fd_sc_hd__mux2_1)
     2    0.005783    0.051064    0.203150    0.829988 v _297_/X (sky130_fd_sc_hd__mux2_1)
                                                         _177_ (net)
                      0.051064    0.000000    0.829988 v _329_/A1 (sky130_fd_sc_hd__a21boi_2)
    22    0.074255    0.640166    0.502137    1.332125 ^ _329_/Y (sky130_fd_sc_hd__a21boi_2)
                                                         _198_ (net)
                      0.640166    0.000000    1.332125 ^ _515_/C (sky130_fd_sc_hd__and4b_2)
     8    0.029488    0.135511    0.255629    1.587753 ^ _515_/X (sky130_fd_sc_hd__and4b_2)
                                                         _251_ (net)
                      0.135511    0.000000    1.587753 ^ _517_/S (sky130_fd_sc_hd__mux2_1)
     1    0.001783    0.034768    0.185222    1.772975 v _517_/X (sky130_fd_sc_hd__mux2_1)
                                                         _129_ (net)
                      0.034768    0.000000    1.772975 v _691_/D (sky130_fd_sc_hd__dfxtp_2)
                                              1.772975   data arrival time

                      0.000000   10.000000   10.000000   clock wclk (rise edge)
                                  0.000000   10.000000   clock network delay (ideal)
                                  0.000000   10.000000   clock reconvergence pessimism
                                             10.000000 ^ _691_/CLK (sky130_fd_sc_hd__dfxtp_2)
                                 -0.075293    9.924706   library setup time
                                              9.924706   data required time
---------------------------------------------------------------------------------------------
                                              9.924706   data required time
                                             -1.772975   data arrival time
---------------------------------------------------------------------------------------------
                                              8.151731   slack (MET)


Startpoint: _554_ (rising edge-triggered flip-flop clocked by wclk)
Endpoint: _692_ (rising edge-triggered flip-flop clocked by wclk)
Path Group: wclk
Path Type: max

Fanout         Cap        Slew       Delay        Time   Description
---------------------------------------------------------------------------------------------
                      0.000000    0.000000    0.000000   clock wclk (rise edge)
                                  0.000000    0.000000   clock network delay (ideal)
                      0.000000    0.000000    0.000000 ^ _554_/CLK (sky130_fd_sc_hd__dfrtp_2)
     2    0.016564    0.053994    0.260744    0.260744 v _554_/Q (sky130_fd_sc_hd__dfrtp_2)
                                                         r_ptr_gray_sync[4] (net)
                      0.053994    0.000000    0.260744 v _291_/A (sky130_fd_sc_hd__xor2_2)
     3    0.014847    0.057472    0.135771    0.396515 v _291_/X (sky130_fd_sc_hd__xor2_2)
                                                         _171_ (net)
                      0.057472    0.000000    0.396515 v _292_/B (sky130_fd_sc_hd__xnor2_2)
     3    0.014596    0.177598    0.156810    0.553325 ^ _292_/Y (sky130_fd_sc_hd__xnor2_2)
                                                         _172_ (net)
                      0.177598    0.000000    0.553325 ^ _293_/B (sky130_fd_sc_hd__xnor2_2)
     1    0.003686    0.083454    0.073513    0.626838 ^ _293_/Y (sky130_fd_sc_hd__xnor2_2)
                                                         _173_ (net)
                      0.083454    0.000000    0.626838 ^ _297_/S (sky130_fd_sc_hd__mux2_1)
     2    0.005783    0.051064    0.203150    0.829988 v _297_/X (sky130_fd_sc_hd__mux2_1)
                                                         _177_ (net)
                      0.051064    0.000000    0.829988 v _329_/A1 (sky130_fd_sc_hd__a21boi_2)
    22    0.074255    0.640166    0.502137    1.332125 ^ _329_/Y (sky130_fd_sc_hd__a21boi_2)
                                                         _198_ (net)
                      0.640166    0.000000    1.332125 ^ _515_/C (sky130_fd_sc_hd__and4b_2)
     8    0.029488    0.135511    0.255629    1.587753 ^ _515_/X (sky130_fd_sc_hd__and4b_2)
                                                         _251_ (net)
                      0.135511    0.000000    1.587753 ^ _518_/S (sky130_fd_sc_hd__mux2_1)
     1    0.001783    0.034768    0.185222    1.772975 v _518_/X (sky130_fd_sc_hd__mux2_1)
                                                         _130_ (net)
                      0.034768    0.000000    1.772975 v _692_/D (sky130_fd_sc_hd__dfxtp_2)
                                              1.772975   data arrival time

                      0.000000   10.000000   10.000000   clock wclk (rise edge)
                                  0.000000   10.000000   clock network delay (ideal)
                                  0.000000   10.000000   clock reconvergence pessimism
                                             10.000000 ^ _692_/CLK (sky130_fd_sc_hd__dfxtp_2)
                                 -0.075293    9.924706   library setup time
                                              9.924706   data required time
---------------------------------------------------------------------------------------------
                                              9.924706   data required time
                                             -1.772975   data arrival time
---------------------------------------------------------------------------------------------
                                              8.151731   slack (MET)


Startpoint: _554_ (rising edge-triggered flip-flop clocked by wclk)
Endpoint: _693_ (rising edge-triggered flip-flop clocked by wclk)
Path Group: wclk
Path Type: max

Fanout         Cap        Slew       Delay        Time   Description
---------------------------------------------------------------------------------------------
                      0.000000    0.000000    0.000000   clock wclk (rise edge)
                                  0.000000    0.000000   clock network delay (ideal)
                      0.000000    0.000000    0.000000 ^ _554_/CLK (sky130_fd_sc_hd__dfrtp_2)
     2    0.016564    0.053994    0.260744    0.260744 v _554_/Q (sky130_fd_sc_hd__dfrtp_2)
                                                         r_ptr_gray_sync[4] (net)
                      0.053994    0.000000    0.260744 v _291_/A (sky130_fd_sc_hd__xor2_2)
     3    0.014847    0.057472    0.135771    0.396515 v _291_/X (sky130_fd_sc_hd__xor2_2)
                                                         _171_ (net)
                      0.057472    0.000000    0.396515 v _292_/B (sky130_fd_sc_hd__xnor2_2)
     3    0.014596    0.177598    0.156810    0.553325 ^ _292_/Y (sky130_fd_sc_hd__xnor2_2)
                                                         _172_ (net)
                      0.177598    0.000000    0.553325 ^ _293_/B (sky130_fd_sc_hd__xnor2_2)
     1    0.003686    0.083454    0.073513    0.626838 ^ _293_/Y (sky130_fd_sc_hd__xnor2_2)
                                                         _173_ (net)
                      0.083454    0.000000    0.626838 ^ _297_/S (sky130_fd_sc_hd__mux2_1)
     2    0.005783    0.051064    0.203150    0.829988 v _297_/X (sky130_fd_sc_hd__mux2_1)
                                                         _177_ (net)
                      0.051064    0.000000    0.829988 v _329_/A1 (sky130_fd_sc_hd__a21boi_2)
    22    0.074255    0.640166    0.502137    1.332125 ^ _329_/Y (sky130_fd_sc_hd__a21boi_2)
                                                         _198_ (net)
                      0.640166    0.000000    1.332125 ^ _515_/C (sky130_fd_sc_hd__and4b_2)
     8    0.029488    0.135511    0.255629    1.587753 ^ _515_/X (sky130_fd_sc_hd__and4b_2)
                                                         _251_ (net)
                      0.135511    0.000000    1.587753 ^ _519_/S (sky130_fd_sc_hd__mux2_1)
     1    0.001783    0.034768    0.185222    1.772975 v _519_/X (sky130_fd_sc_hd__mux2_1)
                                                         _131_ (net)
                      0.034768    0.000000    1.772975 v _693_/D (sky130_fd_sc_hd__dfxtp_2)
                                              1.772975   data arrival time

                      0.000000   10.000000   10.000000   clock wclk (rise edge)
                                  0.000000   10.000000   clock network delay (ideal)
                                  0.000000   10.000000   clock reconvergence pessimism
                                             10.000000 ^ _693_/CLK (sky130_fd_sc_hd__dfxtp_2)
                                 -0.075293    9.924706   library setup time
                                              9.924706   data required time
---------------------------------------------------------------------------------------------
                                              9.924706   data required time
                                             -1.772975   data arrival time
---------------------------------------------------------------------------------------------
                                              8.151731   slack (MET)


Startpoint: _554_ (rising edge-triggered flip-flop clocked by wclk)
Endpoint: _694_ (rising edge-triggered flip-flop clocked by wclk)
Path Group: wclk
Path Type: max

Fanout         Cap        Slew       Delay        Time   Description
---------------------------------------------------------------------------------------------
                      0.000000    0.000000    0.000000   clock wclk (rise edge)
                                  0.000000    0.000000   clock network delay (ideal)
                      0.000000    0.000000    0.000000 ^ _554_/CLK (sky130_fd_sc_hd__dfrtp_2)
     2    0.016564    0.053994    0.260744    0.260744 v _554_/Q (sky130_fd_sc_hd__dfrtp_2)
                                                         r_ptr_gray_sync[4] (net)
                      0.053994    0.000000    0.260744 v _291_/A (sky130_fd_sc_hd__xor2_2)
     3    0.014847    0.057472    0.135771    0.396515 v _291_/X (sky130_fd_sc_hd__xor2_2)
                                                         _171_ (net)
                      0.057472    0.000000    0.396515 v _292_/B (sky130_fd_sc_hd__xnor2_2)
     3    0.014596    0.177598    0.156810    0.553325 ^ _292_/Y (sky130_fd_sc_hd__xnor2_2)
                                                         _172_ (net)
                      0.177598    0.000000    0.553325 ^ _293_/B (sky130_fd_sc_hd__xnor2_2)
     1    0.003686    0.083454    0.073513    0.626838 ^ _293_/Y (sky130_fd_sc_hd__xnor2_2)
                                                         _173_ (net)
                      0.083454    0.000000    0.626838 ^ _297_/S (sky130_fd_sc_hd__mux2_1)
     2    0.005783    0.051064    0.203150    0.829988 v _297_/X (sky130_fd_sc_hd__mux2_1)
                                                         _177_ (net)
                      0.051064    0.000000    0.829988 v _329_/A1 (sky130_fd_sc_hd__a21boi_2)
    22    0.074255    0.640166    0.502137    1.332125 ^ _329_/Y (sky130_fd_sc_hd__a21boi_2)
                                                         _198_ (net)
                      0.640166    0.000000    1.332125 ^ _515_/C (sky130_fd_sc_hd__and4b_2)
     8    0.029488    0.135511    0.255629    1.587753 ^ _515_/X (sky130_fd_sc_hd__and4b_2)
                                                         _251_ (net)
                      0.135511    0.000000    1.587753 ^ _520_/S (sky130_fd_sc_hd__mux2_1)
     1    0.001783    0.034768    0.185222    1.772975 v _520_/X (sky130_fd_sc_hd__mux2_1)
                                                         _132_ (net)
                      0.034768    0.000000    1.772975 v _694_/D (sky130_fd_sc_hd__dfxtp_2)
                                              1.772975   data arrival time

                      0.000000   10.000000   10.000000   clock wclk (rise edge)
                                  0.000000   10.000000   clock network delay (ideal)
                                  0.000000   10.000000   clock reconvergence pessimism
                                             10.000000 ^ _694_/CLK (sky130_fd_sc_hd__dfxtp_2)
                                 -0.075293    9.924706   library setup time
                                              9.924706   data required time
---------------------------------------------------------------------------------------------
                                              9.924706   data required time
                                             -1.772975   data arrival time
---------------------------------------------------------------------------------------------
                                              8.151731   slack (MET)


Startpoint: _554_ (rising edge-triggered flip-flop clocked by wclk)
Endpoint: _695_ (rising edge-triggered flip-flop clocked by wclk)
Path Group: wclk
Path Type: max

Fanout         Cap        Slew       Delay        Time   Description
---------------------------------------------------------------------------------------------
                      0.000000    0.000000    0.000000   clock wclk (rise edge)
                                  0.000000    0.000000   clock network delay (ideal)
                      0.000000    0.000000    0.000000 ^ _554_/CLK (sky130_fd_sc_hd__dfrtp_2)
     2    0.016564    0.053994    0.260744    0.260744 v _554_/Q (sky130_fd_sc_hd__dfrtp_2)
                                                         r_ptr_gray_sync[4] (net)
                      0.053994    0.000000    0.260744 v _291_/A (sky130_fd_sc_hd__xor2_2)
     3    0.014847    0.057472    0.135771    0.396515 v _291_/X (sky130_fd_sc_hd__xor2_2)
                                                         _171_ (net)
                      0.057472    0.000000    0.396515 v _292_/B (sky130_fd_sc_hd__xnor2_2)
     3    0.014596    0.177598    0.156810    0.553325 ^ _292_/Y (sky130_fd_sc_hd__xnor2_2)
                                                         _172_ (net)
                      0.177598    0.000000    0.553325 ^ _293_/B (sky130_fd_sc_hd__xnor2_2)
     1    0.003686    0.083454    0.073513    0.626838 ^ _293_/Y (sky130_fd_sc_hd__xnor2_2)
                                                         _173_ (net)
                      0.083454    0.000000    0.626838 ^ _297_/S (sky130_fd_sc_hd__mux2_1)
     2    0.005783    0.051064    0.203150    0.829988 v _297_/X (sky130_fd_sc_hd__mux2_1)
                                                         _177_ (net)
                      0.051064    0.000000    0.829988 v _329_/A1 (sky130_fd_sc_hd__a21boi_2)
    22    0.074255    0.640166    0.502137    1.332125 ^ _329_/Y (sky130_fd_sc_hd__a21boi_2)
                                                         _198_ (net)
                      0.640166    0.000000    1.332125 ^ _515_/C (sky130_fd_sc_hd__and4b_2)
     8    0.029488    0.135511    0.255629    1.587753 ^ _515_/X (sky130_fd_sc_hd__and4b_2)
                                                         _251_ (net)
                      0.135511    0.000000    1.587753 ^ _521_/S (sky130_fd_sc_hd__mux2_1)
     1    0.001783    0.034768    0.185222    1.772975 v _521_/X (sky130_fd_sc_hd__mux2_1)
                                                         _133_ (net)
                      0.034768    0.000000    1.772975 v _695_/D (sky130_fd_sc_hd__dfxtp_2)
                                              1.772975   data arrival time

                      0.000000   10.000000   10.000000   clock wclk (rise edge)
                                  0.000000   10.000000   clock network delay (ideal)
                                  0.000000   10.000000   clock reconvergence pessimism
                                             10.000000 ^ _695_/CLK (sky130_fd_sc_hd__dfxtp_2)
                                 -0.075293    9.924706   library setup time
                                              9.924706   data required time
---------------------------------------------------------------------------------------------
                                              9.924706   data required time
                                             -1.772975   data arrival time
---------------------------------------------------------------------------------------------
                                              8.151731   slack (MET)


Startpoint: _554_ (rising edge-triggered flip-flop clocked by wclk)
Endpoint: _696_ (rising edge-triggered flip-flop clocked by wclk)
Path Group: wclk
Path Type: max

Fanout         Cap        Slew       Delay        Time   Description
---------------------------------------------------------------------------------------------
                      0.000000    0.000000    0.000000   clock wclk (rise edge)
                                  0.000000    0.000000   clock network delay (ideal)
                      0.000000    0.000000    0.000000 ^ _554_/CLK (sky130_fd_sc_hd__dfrtp_2)
     2    0.016564    0.053994    0.260744    0.260744 v _554_/Q (sky130_fd_sc_hd__dfrtp_2)
                                                         r_ptr_gray_sync[4] (net)
                      0.053994    0.000000    0.260744 v _291_/A (sky130_fd_sc_hd__xor2_2)
     3    0.014847    0.057472    0.135771    0.396515 v _291_/X (sky130_fd_sc_hd__xor2_2)
                                                         _171_ (net)
                      0.057472    0.000000    0.396515 v _292_/B (sky130_fd_sc_hd__xnor2_2)
     3    0.014596    0.177598    0.156810    0.553325 ^ _292_/Y (sky130_fd_sc_hd__xnor2_2)
                                                         _172_ (net)
                      0.177598    0.000000    0.553325 ^ _293_/B (sky130_fd_sc_hd__xnor2_2)
     1    0.003686    0.083454    0.073513    0.626838 ^ _293_/Y (sky130_fd_sc_hd__xnor2_2)
                                                         _173_ (net)
                      0.083454    0.000000    0.626838 ^ _297_/S (sky130_fd_sc_hd__mux2_1)
     2    0.005783    0.051064    0.203150    0.829988 v _297_/X (sky130_fd_sc_hd__mux2_1)
                                                         _177_ (net)
                      0.051064    0.000000    0.829988 v _329_/A1 (sky130_fd_sc_hd__a21boi_2)
    22    0.074255    0.640166    0.502137    1.332125 ^ _329_/Y (sky130_fd_sc_hd__a21boi_2)
                                                         _198_ (net)
                      0.640166    0.000000    1.332125 ^ _515_/C (sky130_fd_sc_hd__and4b_2)
     8    0.029488    0.135511    0.255629    1.587753 ^ _515_/X (sky130_fd_sc_hd__and4b_2)
                                                         _251_ (net)
                      0.135511    0.000000    1.587753 ^ _522_/S (sky130_fd_sc_hd__mux2_1)
     1    0.001783    0.034768    0.185222    1.772975 v _522_/X (sky130_fd_sc_hd__mux2_1)
                                                         _134_ (net)
                      0.034768    0.000000    1.772975 v _696_/D (sky130_fd_sc_hd__dfxtp_2)
                                              1.772975   data arrival time

                      0.000000   10.000000   10.000000   clock wclk (rise edge)
                                  0.000000   10.000000   clock network delay (ideal)
                                  0.000000   10.000000   clock reconvergence pessimism
                                             10.000000 ^ _696_/CLK (sky130_fd_sc_hd__dfxtp_2)
                                 -0.075293    9.924706   library setup time
                                              9.924706   data required time
---------------------------------------------------------------------------------------------
                                              9.924706   data required time
                                             -1.772975   data arrival time
---------------------------------------------------------------------------------------------
                                              8.151731   slack (MET)


Startpoint: _554_ (rising edge-triggered flip-flop clocked by wclk)
Endpoint: _697_ (rising edge-triggered flip-flop clocked by wclk)
Path Group: wclk
Path Type: max

Fanout         Cap        Slew       Delay        Time   Description
---------------------------------------------------------------------------------------------
                      0.000000    0.000000    0.000000   clock wclk (rise edge)
                                  0.000000    0.000000   clock network delay (ideal)
                      0.000000    0.000000    0.000000 ^ _554_/CLK (sky130_fd_sc_hd__dfrtp_2)
     2    0.016564    0.053994    0.260744    0.260744 v _554_/Q (sky130_fd_sc_hd__dfrtp_2)
                                                         r_ptr_gray_sync[4] (net)
                      0.053994    0.000000    0.260744 v _291_/A (sky130_fd_sc_hd__xor2_2)
     3    0.014847    0.057472    0.135771    0.396515 v _291_/X (sky130_fd_sc_hd__xor2_2)
                                                         _171_ (net)
                      0.057472    0.000000    0.396515 v _292_/B (sky130_fd_sc_hd__xnor2_2)
     3    0.014596    0.177598    0.156810    0.553325 ^ _292_/Y (sky130_fd_sc_hd__xnor2_2)
                                                         _172_ (net)
                      0.177598    0.000000    0.553325 ^ _293_/B (sky130_fd_sc_hd__xnor2_2)
     1    0.003686    0.083454    0.073513    0.626838 ^ _293_/Y (sky130_fd_sc_hd__xnor2_2)
                                                         _173_ (net)
                      0.083454    0.000000    0.626838 ^ _297_/S (sky130_fd_sc_hd__mux2_1)
     2    0.005783    0.051064    0.203150    0.829988 v _297_/X (sky130_fd_sc_hd__mux2_1)
                                                         _177_ (net)
                      0.051064    0.000000    0.829988 v _329_/A1 (sky130_fd_sc_hd__a21boi_2)
    22    0.074255    0.640166    0.502137    1.332125 ^ _329_/Y (sky130_fd_sc_hd__a21boi_2)
                                                         _198_ (net)
                      0.640166    0.000000    1.332125 ^ _515_/C (sky130_fd_sc_hd__and4b_2)
     8    0.029488    0.135511    0.255629    1.587753 ^ _515_/X (sky130_fd_sc_hd__and4b_2)
                                                         _251_ (net)
                      0.135511    0.000000    1.587753 ^ _523_/S (sky130_fd_sc_hd__mux2_1)
     1    0.001783    0.034768    0.185222    1.772975 v _523_/X (sky130_fd_sc_hd__mux2_1)
                                                         _135_ (net)
                      0.034768    0.000000    1.772975 v _697_/D (sky130_fd_sc_hd__dfxtp_2)
                                              1.772975   data arrival time

                      0.000000   10.000000   10.000000   clock wclk (rise edge)
                                  0.000000   10.000000   clock network delay (ideal)
                                  0.000000   10.000000   clock reconvergence pessimism
                                             10.000000 ^ _697_/CLK (sky130_fd_sc_hd__dfxtp_2)
                                 -0.075293    9.924706   library setup time
                                              9.924706   data required time
---------------------------------------------------------------------------------------------
                                              9.924706   data required time
                                             -1.772975   data arrival time
---------------------------------------------------------------------------------------------
                                              8.151731   slack (MET)


Startpoint: _554_ (rising edge-triggered flip-flop clocked by wclk)
Endpoint: _524_ (rising edge-triggered flip-flop clocked by wclk)
Path Group: wclk
Path Type: max

Fanout         Cap        Slew       Delay        Time   Description
---------------------------------------------------------------------------------------------
                      0.000000    0.000000    0.000000   clock wclk (rise edge)
                                  0.000000    0.000000   clock network delay (ideal)
                      0.000000    0.000000    0.000000 ^ _554_/CLK (sky130_fd_sc_hd__dfrtp_2)
     2    0.016564    0.053994    0.260744    0.260744 v _554_/Q (sky130_fd_sc_hd__dfrtp_2)
                                                         r_ptr_gray_sync[4] (net)
                      0.053994    0.000000    0.260744 v _291_/A (sky130_fd_sc_hd__xor2_2)
     3    0.014847    0.057472    0.135771    0.396515 v _291_/X (sky130_fd_sc_hd__xor2_2)
                                                         _171_ (net)
                      0.057472    0.000000    0.396515 v _292_/B (sky130_fd_sc_hd__xnor2_2)
     3    0.014596    0.177598    0.156810    0.553325 ^ _292_/Y (sky130_fd_sc_hd__xnor2_2)
                                                         _172_ (net)
                      0.177598    0.000000    0.553325 ^ _293_/B (sky130_fd_sc_hd__xnor2_2)
     1    0.003686    0.083454    0.073513    0.626838 ^ _293_/Y (sky130_fd_sc_hd__xnor2_2)
                                                         _173_ (net)
                      0.083454    0.000000    0.626838 ^ _297_/S (sky130_fd_sc_hd__mux2_1)
     2    0.005783    0.051064    0.203150    0.829988 v _297_/X (sky130_fd_sc_hd__mux2_1)
                                                         _177_ (net)
                      0.051064    0.000000    0.829988 v _329_/A1 (sky130_fd_sc_hd__a21boi_2)
    22    0.074255    0.640166    0.502137    1.332125 ^ _329_/Y (sky130_fd_sc_hd__a21boi_2)
                                                         _198_ (net)
                      0.640166    0.000000    1.332125 ^ _379_/B (sky130_fd_sc_hd__nand4b_2)
     8    0.027520    0.228365    0.199185    1.531310 v _379_/Y (sky130_fd_sc_hd__nand4b_2)
                                                         _235_ (net)
                      0.228365    0.000000    1.531310 v _380_/S (sky130_fd_sc_hd__mux2_1)
     1    0.001783    0.035275    0.235200    1.766510 v _380_/X (sky130_fd_sc_hd__mux2_1)
                                                         _008_ (net)
                      0.035275    0.000000    1.766510 v _524_/D (sky130_fd_sc_hd__dfxtp_2)
                                              1.766510   data arrival time

                      0.000000   10.000000   10.000000   clock wclk (rise edge)
                                  0.000000   10.000000   clock network delay (ideal)
                                  0.000000   10.000000   clock reconvergence pessimism
                                             10.000000 ^ _524_/CLK (sky130_fd_sc_hd__dfxtp_2)
                                 -0.075475    9.924525   library setup time
                                              9.924525   data required time
---------------------------------------------------------------------------------------------
                                              9.924525   data required time
                                             -1.766510   data arrival time
---------------------------------------------------------------------------------------------
                                              8.158016   slack (MET)


Startpoint: _554_ (rising edge-triggered flip-flop clocked by wclk)
Endpoint: _525_ (rising edge-triggered flip-flop clocked by wclk)
Path Group: wclk
Path Type: max

Fanout         Cap        Slew       Delay        Time   Description
---------------------------------------------------------------------------------------------
                      0.000000    0.000000    0.000000   clock wclk (rise edge)
                                  0.000000    0.000000   clock network delay (ideal)
                      0.000000    0.000000    0.000000 ^ _554_/CLK (sky130_fd_sc_hd__dfrtp_2)
     2    0.016564    0.053994    0.260744    0.260744 v _554_/Q (sky130_fd_sc_hd__dfrtp_2)
                                                         r_ptr_gray_sync[4] (net)
                      0.053994    0.000000    0.260744 v _291_/A (sky130_fd_sc_hd__xor2_2)
     3    0.014847    0.057472    0.135771    0.396515 v _291_/X (sky130_fd_sc_hd__xor2_2)
                                                         _171_ (net)
                      0.057472    0.000000    0.396515 v _292_/B (sky130_fd_sc_hd__xnor2_2)
     3    0.014596    0.177598    0.156810    0.553325 ^ _292_/Y (sky130_fd_sc_hd__xnor2_2)
                                                         _172_ (net)
                      0.177598    0.000000    0.553325 ^ _293_/B (sky130_fd_sc_hd__xnor2_2)
     1    0.003686    0.083454    0.073513    0.626838 ^ _293_/Y (sky130_fd_sc_hd__xnor2_2)
                                                         _173_ (net)
                      0.083454    0.000000    0.626838 ^ _297_/S (sky130_fd_sc_hd__mux2_1)
     2    0.005783    0.051064    0.203150    0.829988 v _297_/X (sky130_fd_sc_hd__mux2_1)
                                                         _177_ (net)
                      0.051064    0.000000    0.829988 v _329_/A1 (sky130_fd_sc_hd__a21boi_2)
    22    0.074255    0.640166    0.502137    1.332125 ^ _329_/Y (sky130_fd_sc_hd__a21boi_2)
                                                         _198_ (net)
                      0.640166    0.000000    1.332125 ^ _379_/B (sky130_fd_sc_hd__nand4b_2)
     8    0.027520    0.228365    0.199185    1.531310 v _379_/Y (sky130_fd_sc_hd__nand4b_2)
                                                         _235_ (net)
                      0.228365    0.000000    1.531310 v _381_/S (sky130_fd_sc_hd__mux2_1)
     1    0.001783    0.035275    0.235200    1.766510 v _381_/X (sky130_fd_sc_hd__mux2_1)
                                                         _009_ (net)
                      0.035275    0.000000    1.766510 v _525_/D (sky130_fd_sc_hd__dfxtp_2)
                                              1.766510   data arrival time

                      0.000000   10.000000   10.000000   clock wclk (rise edge)
                                  0.000000   10.000000   clock network delay (ideal)
                                  0.000000   10.000000   clock reconvergence pessimism
                                             10.000000 ^ _525_/CLK (sky130_fd_sc_hd__dfxtp_2)
                                 -0.075475    9.924525   library setup time
                                              9.924525   data required time
---------------------------------------------------------------------------------------------
                                              9.924525   data required time
                                             -1.766510   data arrival time
---------------------------------------------------------------------------------------------
                                              8.158016   slack (MET)


Startpoint: _554_ (rising edge-triggered flip-flop clocked by wclk)
Endpoint: _526_ (rising edge-triggered flip-flop clocked by wclk)
Path Group: wclk
Path Type: max

Fanout         Cap        Slew       Delay        Time   Description
---------------------------------------------------------------------------------------------
                      0.000000    0.000000    0.000000   clock wclk (rise edge)
                                  0.000000    0.000000   clock network delay (ideal)
                      0.000000    0.000000    0.000000 ^ _554_/CLK (sky130_fd_sc_hd__dfrtp_2)
     2    0.016564    0.053994    0.260744    0.260744 v _554_/Q (sky130_fd_sc_hd__dfrtp_2)
                                                         r_ptr_gray_sync[4] (net)
                      0.053994    0.000000    0.260744 v _291_/A (sky130_fd_sc_hd__xor2_2)
     3    0.014847    0.057472    0.135771    0.396515 v _291_/X (sky130_fd_sc_hd__xor2_2)
                                                         _171_ (net)
                      0.057472    0.000000    0.396515 v _292_/B (sky130_fd_sc_hd__xnor2_2)
     3    0.014596    0.177598    0.156810    0.553325 ^ _292_/Y (sky130_fd_sc_hd__xnor2_2)
                                                         _172_ (net)
                      0.177598    0.000000    0.553325 ^ _293_/B (sky130_fd_sc_hd__xnor2_2)
     1    0.003686    0.083454    0.073513    0.626838 ^ _293_/Y (sky130_fd_sc_hd__xnor2_2)
                                                         _173_ (net)
                      0.083454    0.000000    0.626838 ^ _297_/S (sky130_fd_sc_hd__mux2_1)
     2    0.005783    0.051064    0.203150    0.829988 v _297_/X (sky130_fd_sc_hd__mux2_1)
                                                         _177_ (net)
                      0.051064    0.000000    0.829988 v _329_/A1 (sky130_fd_sc_hd__a21boi_2)
    22    0.074255    0.640166    0.502137    1.332125 ^ _329_/Y (sky130_fd_sc_hd__a21boi_2)
                                                         _198_ (net)
                      0.640166    0.000000    1.332125 ^ _379_/B (sky130_fd_sc_hd__nand4b_2)
     8    0.027520    0.228365    0.199185    1.531310 v _379_/Y (sky130_fd_sc_hd__nand4b_2)
                                                         _235_ (net)
                      0.228365    0.000000    1.531310 v _382_/S (sky130_fd_sc_hd__mux2_1)
     1    0.001783    0.035275    0.235200    1.766510 v _382_/X (sky130_fd_sc_hd__mux2_1)
                                                         _010_ (net)
                      0.035275    0.000000    1.766510 v _526_/D (sky130_fd_sc_hd__dfxtp_2)
                                              1.766510   data arrival time

                      0.000000   10.000000   10.000000   clock wclk (rise edge)
                                  0.000000   10.000000   clock network delay (ideal)
                                  0.000000   10.000000   clock reconvergence pessimism
                                             10.000000 ^ _526_/CLK (sky130_fd_sc_hd__dfxtp_2)
                                 -0.075475    9.924525   library setup time
                                              9.924525   data required time
---------------------------------------------------------------------------------------------
                                              9.924525   data required time
                                             -1.766510   data arrival time
---------------------------------------------------------------------------------------------
                                              8.158016   slack (MET)


Startpoint: _554_ (rising edge-triggered flip-flop clocked by wclk)
Endpoint: _527_ (rising edge-triggered flip-flop clocked by wclk)
Path Group: wclk
Path Type: max

Fanout         Cap        Slew       Delay        Time   Description
---------------------------------------------------------------------------------------------
                      0.000000    0.000000    0.000000   clock wclk (rise edge)
                                  0.000000    0.000000   clock network delay (ideal)
                      0.000000    0.000000    0.000000 ^ _554_/CLK (sky130_fd_sc_hd__dfrtp_2)
     2    0.016564    0.053994    0.260744    0.260744 v _554_/Q (sky130_fd_sc_hd__dfrtp_2)
                                                         r_ptr_gray_sync[4] (net)
                      0.053994    0.000000    0.260744 v _291_/A (sky130_fd_sc_hd__xor2_2)
     3    0.014847    0.057472    0.135771    0.396515 v _291_/X (sky130_fd_sc_hd__xor2_2)
                                                         _171_ (net)
                      0.057472    0.000000    0.396515 v _292_/B (sky130_fd_sc_hd__xnor2_2)
     3    0.014596    0.177598    0.156810    0.553325 ^ _292_/Y (sky130_fd_sc_hd__xnor2_2)
                                                         _172_ (net)
                      0.177598    0.000000    0.553325 ^ _293_/B (sky130_fd_sc_hd__xnor2_2)
     1    0.003686    0.083454    0.073513    0.626838 ^ _293_/Y (sky130_fd_sc_hd__xnor2_2)
                                                         _173_ (net)
                      0.083454    0.000000    0.626838 ^ _297_/S (sky130_fd_sc_hd__mux2_1)
     2    0.005783    0.051064    0.203150    0.829988 v _297_/X (sky130_fd_sc_hd__mux2_1)
                                                         _177_ (net)
                      0.051064    0.000000    0.829988 v _329_/A1 (sky130_fd_sc_hd__a21boi_2)
    22    0.074255    0.640166    0.502137    1.332125 ^ _329_/Y (sky130_fd_sc_hd__a21boi_2)
                                                         _198_ (net)
                      0.640166    0.000000    1.332125 ^ _379_/B (sky130_fd_sc_hd__nand4b_2)
     8    0.027520    0.228365    0.199185    1.531310 v _379_/Y (sky130_fd_sc_hd__nand4b_2)
                                                         _235_ (net)
                      0.228365    0.000000    1.531310 v _383_/S (sky130_fd_sc_hd__mux2_1)
     1    0.001783    0.035275    0.235200    1.766510 v _383_/X (sky130_fd_sc_hd__mux2_1)
                                                         _011_ (net)
                      0.035275    0.000000    1.766510 v _527_/D (sky130_fd_sc_hd__dfxtp_2)
                                              1.766510   data arrival time

                      0.000000   10.000000   10.000000   clock wclk (rise edge)
                                  0.000000   10.000000   clock network delay (ideal)
                                  0.000000   10.000000   clock reconvergence pessimism
                                             10.000000 ^ _527_/CLK (sky130_fd_sc_hd__dfxtp_2)
                                 -0.075475    9.924525   library setup time
                                              9.924525   data required time
---------------------------------------------------------------------------------------------
                                              9.924525   data required time
                                             -1.766510   data arrival time
---------------------------------------------------------------------------------------------
                                              8.158016   slack (MET)


Startpoint: _554_ (rising edge-triggered flip-flop clocked by wclk)
Endpoint: _528_ (rising edge-triggered flip-flop clocked by wclk)
Path Group: wclk
Path Type: max

Fanout         Cap        Slew       Delay        Time   Description
---------------------------------------------------------------------------------------------
                      0.000000    0.000000    0.000000   clock wclk (rise edge)
                                  0.000000    0.000000   clock network delay (ideal)
                      0.000000    0.000000    0.000000 ^ _554_/CLK (sky130_fd_sc_hd__dfrtp_2)
     2    0.016564    0.053994    0.260744    0.260744 v _554_/Q (sky130_fd_sc_hd__dfrtp_2)
                                                         r_ptr_gray_sync[4] (net)
                      0.053994    0.000000    0.260744 v _291_/A (sky130_fd_sc_hd__xor2_2)
     3    0.014847    0.057472    0.135771    0.396515 v _291_/X (sky130_fd_sc_hd__xor2_2)
                                                         _171_ (net)
                      0.057472    0.000000    0.396515 v _292_/B (sky130_fd_sc_hd__xnor2_2)
     3    0.014596    0.177598    0.156810    0.553325 ^ _292_/Y (sky130_fd_sc_hd__xnor2_2)
                                                         _172_ (net)
                      0.177598    0.000000    0.553325 ^ _293_/B (sky130_fd_sc_hd__xnor2_2)
     1    0.003686    0.083454    0.073513    0.626838 ^ _293_/Y (sky130_fd_sc_hd__xnor2_2)
                                                         _173_ (net)
                      0.083454    0.000000    0.626838 ^ _297_/S (sky130_fd_sc_hd__mux2_1)
     2    0.005783    0.051064    0.203150    0.829988 v _297_/X (sky130_fd_sc_hd__mux2_1)
                                                         _177_ (net)
                      0.051064    0.000000    0.829988 v _329_/A1 (sky130_fd_sc_hd__a21boi_2)
    22    0.074255    0.640166    0.502137    1.332125 ^ _329_/Y (sky130_fd_sc_hd__a21boi_2)
                                                         _198_ (net)
                      0.640166    0.000000    1.332125 ^ _379_/B (sky130_fd_sc_hd__nand4b_2)
     8    0.027520    0.228365    0.199185    1.531310 v _379_/Y (sky130_fd_sc_hd__nand4b_2)
                                                         _235_ (net)
                      0.228365    0.000000    1.531310 v _384_/S (sky130_fd_sc_hd__mux2_1)
     1    0.001783    0.035275    0.235200    1.766510 v _384_/X (sky130_fd_sc_hd__mux2_1)
                                                         _012_ (net)
                      0.035275    0.000000    1.766510 v _528_/D (sky130_fd_sc_hd__dfxtp_2)
                                              1.766510   data arrival time

                      0.000000   10.000000   10.000000   clock wclk (rise edge)
                                  0.000000   10.000000   clock network delay (ideal)
                                  0.000000   10.000000   clock reconvergence pessimism
                                             10.000000 ^ _528_/CLK (sky130_fd_sc_hd__dfxtp_2)
                                 -0.075475    9.924525   library setup time
                                              9.924525   data required time
---------------------------------------------------------------------------------------------
                                              9.924525   data required time
                                             -1.766510   data arrival time
---------------------------------------------------------------------------------------------
                                              8.158016   slack (MET)


Startpoint: _554_ (rising edge-triggered flip-flop clocked by wclk)
Endpoint: _529_ (rising edge-triggered flip-flop clocked by wclk)
Path Group: wclk
Path Type: max

Fanout         Cap        Slew       Delay        Time   Description
---------------------------------------------------------------------------------------------
                      0.000000    0.000000    0.000000   clock wclk (rise edge)
                                  0.000000    0.000000   clock network delay (ideal)
                      0.000000    0.000000    0.000000 ^ _554_/CLK (sky130_fd_sc_hd__dfrtp_2)
     2    0.016564    0.053994    0.260744    0.260744 v _554_/Q (sky130_fd_sc_hd__dfrtp_2)
                                                         r_ptr_gray_sync[4] (net)
                      0.053994    0.000000    0.260744 v _291_/A (sky130_fd_sc_hd__xor2_2)
     3    0.014847    0.057472    0.135771    0.396515 v _291_/X (sky130_fd_sc_hd__xor2_2)
                                                         _171_ (net)
                      0.057472    0.000000    0.396515 v _292_/B (sky130_fd_sc_hd__xnor2_2)
     3    0.014596    0.177598    0.156810    0.553325 ^ _292_/Y (sky130_fd_sc_hd__xnor2_2)
                                                         _172_ (net)
                      0.177598    0.000000    0.553325 ^ _293_/B (sky130_fd_sc_hd__xnor2_2)
     1    0.003686    0.083454    0.073513    0.626838 ^ _293_/Y (sky130_fd_sc_hd__xnor2_2)
                                                         _173_ (net)
                      0.083454    0.000000    0.626838 ^ _297_/S (sky130_fd_sc_hd__mux2_1)
     2    0.005783    0.051064    0.203150    0.829988 v _297_/X (sky130_fd_sc_hd__mux2_1)
                                                         _177_ (net)
                      0.051064    0.000000    0.829988 v _329_/A1 (sky130_fd_sc_hd__a21boi_2)
    22    0.074255    0.640166    0.502137    1.332125 ^ _329_/Y (sky130_fd_sc_hd__a21boi_2)
                                                         _198_ (net)
                      0.640166    0.000000    1.332125 ^ _379_/B (sky130_fd_sc_hd__nand4b_2)
     8    0.027520    0.228365    0.199185    1.531310 v _379_/Y (sky130_fd_sc_hd__nand4b_2)
                                                         _235_ (net)
                      0.228365    0.000000    1.531310 v _385_/S (sky130_fd_sc_hd__mux2_1)
     1    0.001783    0.035275    0.235200    1.766510 v _385_/X (sky130_fd_sc_hd__mux2_1)
                                                         _013_ (net)
                      0.035275    0.000000    1.766510 v _529_/D (sky130_fd_sc_hd__dfxtp_2)
                                              1.766510   data arrival time

                      0.000000   10.000000   10.000000   clock wclk (rise edge)
                                  0.000000   10.000000   clock network delay (ideal)
                                  0.000000   10.000000   clock reconvergence pessimism
                                             10.000000 ^ _529_/CLK (sky130_fd_sc_hd__dfxtp_2)
                                 -0.075475    9.924525   library setup time
                                              9.924525   data required time
---------------------------------------------------------------------------------------------
                                              9.924525   data required time
                                             -1.766510   data arrival time
---------------------------------------------------------------------------------------------
                                              8.158016   slack (MET)


Startpoint: _554_ (rising edge-triggered flip-flop clocked by wclk)
Endpoint: _530_ (rising edge-triggered flip-flop clocked by wclk)
Path Group: wclk
Path Type: max

Fanout         Cap        Slew       Delay        Time   Description
---------------------------------------------------------------------------------------------
                      0.000000    0.000000    0.000000   clock wclk (rise edge)
                                  0.000000    0.000000   clock network delay (ideal)
                      0.000000    0.000000    0.000000 ^ _554_/CLK (sky130_fd_sc_hd__dfrtp_2)
     2    0.016564    0.053994    0.260744    0.260744 v _554_/Q (sky130_fd_sc_hd__dfrtp_2)
                                                         r_ptr_gray_sync[4] (net)
                      0.053994    0.000000    0.260744 v _291_/A (sky130_fd_sc_hd__xor2_2)
     3    0.014847    0.057472    0.135771    0.396515 v _291_/X (sky130_fd_sc_hd__xor2_2)
                                                         _171_ (net)
                      0.057472    0.000000    0.396515 v _292_/B (sky130_fd_sc_hd__xnor2_2)
     3    0.014596    0.177598    0.156810    0.553325 ^ _292_/Y (sky130_fd_sc_hd__xnor2_2)
                                                         _172_ (net)
                      0.177598    0.000000    0.553325 ^ _293_/B (sky130_fd_sc_hd__xnor2_2)
     1    0.003686    0.083454    0.073513    0.626838 ^ _293_/Y (sky130_fd_sc_hd__xnor2_2)
                                                         _173_ (net)
                      0.083454    0.000000    0.626838 ^ _297_/S (sky130_fd_sc_hd__mux2_1)
     2    0.005783    0.051064    0.203150    0.829988 v _297_/X (sky130_fd_sc_hd__mux2_1)
                                                         _177_ (net)
                      0.051064    0.000000    0.829988 v _329_/A1 (sky130_fd_sc_hd__a21boi_2)
    22    0.074255    0.640166    0.502137    1.332125 ^ _329_/Y (sky130_fd_sc_hd__a21boi_2)
                                                         _198_ (net)
                      0.640166    0.000000    1.332125 ^ _379_/B (sky130_fd_sc_hd__nand4b_2)
     8    0.027520    0.228365    0.199185    1.531310 v _379_/Y (sky130_fd_sc_hd__nand4b_2)
                                                         _235_ (net)
                      0.228365    0.000000    1.531310 v _386_/S (sky130_fd_sc_hd__mux2_1)
     1    0.001783    0.035275    0.235200    1.766510 v _386_/X (sky130_fd_sc_hd__mux2_1)
                                                         _014_ (net)
                      0.035275    0.000000    1.766510 v _530_/D (sky130_fd_sc_hd__dfxtp_2)
                                              1.766510   data arrival time

                      0.000000   10.000000   10.000000   clock wclk (rise edge)
                                  0.000000   10.000000   clock network delay (ideal)
                                  0.000000   10.000000   clock reconvergence pessimism
                                             10.000000 ^ _530_/CLK (sky130_fd_sc_hd__dfxtp_2)
                                 -0.075475    9.924525   library setup time
                                              9.924525   data required time
---------------------------------------------------------------------------------------------
                                              9.924525   data required time
                                             -1.766510   data arrival time
---------------------------------------------------------------------------------------------
                                              8.158016   slack (MET)


Startpoint: _554_ (rising edge-triggered flip-flop clocked by wclk)
Endpoint: _531_ (rising edge-triggered flip-flop clocked by wclk)
Path Group: wclk
Path Type: max

Fanout         Cap        Slew       Delay        Time   Description
---------------------------------------------------------------------------------------------
                      0.000000    0.000000    0.000000   clock wclk (rise edge)
                                  0.000000    0.000000   clock network delay (ideal)
                      0.000000    0.000000    0.000000 ^ _554_/CLK (sky130_fd_sc_hd__dfrtp_2)
     2    0.016564    0.053994    0.260744    0.260744 v _554_/Q (sky130_fd_sc_hd__dfrtp_2)
                                                         r_ptr_gray_sync[4] (net)
                      0.053994    0.000000    0.260744 v _291_/A (sky130_fd_sc_hd__xor2_2)
     3    0.014847    0.057472    0.135771    0.396515 v _291_/X (sky130_fd_sc_hd__xor2_2)
                                                         _171_ (net)
                      0.057472    0.000000    0.396515 v _292_/B (sky130_fd_sc_hd__xnor2_2)
     3    0.014596    0.177598    0.156810    0.553325 ^ _292_/Y (sky130_fd_sc_hd__xnor2_2)
                                                         _172_ (net)
                      0.177598    0.000000    0.553325 ^ _293_/B (sky130_fd_sc_hd__xnor2_2)
     1    0.003686    0.083454    0.073513    0.626838 ^ _293_/Y (sky130_fd_sc_hd__xnor2_2)
                                                         _173_ (net)
                      0.083454    0.000000    0.626838 ^ _297_/S (sky130_fd_sc_hd__mux2_1)
     2    0.005783    0.051064    0.203150    0.829988 v _297_/X (sky130_fd_sc_hd__mux2_1)
                                                         _177_ (net)
                      0.051064    0.000000    0.829988 v _329_/A1 (sky130_fd_sc_hd__a21boi_2)
    22    0.074255    0.640166    0.502137    1.332125 ^ _329_/Y (sky130_fd_sc_hd__a21boi_2)
                                                         _198_ (net)
                      0.640166    0.000000    1.332125 ^ _379_/B (sky130_fd_sc_hd__nand4b_2)
     8    0.027520    0.228365    0.199185    1.531310 v _379_/Y (sky130_fd_sc_hd__nand4b_2)
                                                         _235_ (net)
                      0.228365    0.000000    1.531310 v _387_/S (sky130_fd_sc_hd__mux2_1)
     1    0.001783    0.035275    0.235200    1.766510 v _387_/X (sky130_fd_sc_hd__mux2_1)
                                                         _015_ (net)
                      0.035275    0.000000    1.766510 v _531_/D (sky130_fd_sc_hd__dfxtp_2)
                                              1.766510   data arrival time

                      0.000000   10.000000   10.000000   clock wclk (rise edge)
                                  0.000000   10.000000   clock network delay (ideal)
                                  0.000000   10.000000   clock reconvergence pessimism
                                             10.000000 ^ _531_/CLK (sky130_fd_sc_hd__dfxtp_2)
                                 -0.075475    9.924525   library setup time
                                              9.924525   data required time
---------------------------------------------------------------------------------------------
                                              9.924525   data required time
                                             -1.766510   data arrival time
---------------------------------------------------------------------------------------------
                                              8.158016   slack (MET)


Startpoint: _554_ (rising edge-triggered flip-flop clocked by wclk)
Endpoint: _568_ (rising edge-triggered flip-flop clocked by wclk)
Path Group: wclk
Path Type: max

Fanout         Cap        Slew       Delay        Time   Description
---------------------------------------------------------------------------------------------
                      0.000000    0.000000    0.000000   clock wclk (rise edge)
                                  0.000000    0.000000   clock network delay (ideal)
                      0.000000    0.000000    0.000000 ^ _554_/CLK (sky130_fd_sc_hd__dfrtp_2)
     2    0.016564    0.053994    0.260744    0.260744 v _554_/Q (sky130_fd_sc_hd__dfrtp_2)
                                                         r_ptr_gray_sync[4] (net)
                      0.053994    0.000000    0.260744 v _291_/A (sky130_fd_sc_hd__xor2_2)
     3    0.014847    0.057472    0.135771    0.396515 v _291_/X (sky130_fd_sc_hd__xor2_2)
                                                         _171_ (net)
                      0.057472    0.000000    0.396515 v _292_/B (sky130_fd_sc_hd__xnor2_2)
     3    0.014596    0.177598    0.156810    0.553325 ^ _292_/Y (sky130_fd_sc_hd__xnor2_2)
                                                         _172_ (net)
                      0.177598    0.000000    0.553325 ^ _293_/B (sky130_fd_sc_hd__xnor2_2)
     1    0.003686    0.083454    0.073513    0.626838 ^ _293_/Y (sky130_fd_sc_hd__xnor2_2)
                                                         _173_ (net)
                      0.083454    0.000000    0.626838 ^ _297_/S (sky130_fd_sc_hd__mux2_1)
     2    0.005783    0.051064    0.203150    0.829988 v _297_/X (sky130_fd_sc_hd__mux2_1)
                                                         _177_ (net)
                      0.051064    0.000000    0.829988 v _329_/A1 (sky130_fd_sc_hd__a21boi_2)
    22    0.074255    0.640166    0.502137    1.332125 ^ _329_/Y (sky130_fd_sc_hd__a21boi_2)
                                                         _198_ (net)
                      0.640166    0.000000    1.332125 ^ _397_/B (sky130_fd_sc_hd__nand4b_2)
     8    0.027520    0.228365    0.199185    1.531310 v _397_/Y (sky130_fd_sc_hd__nand4b_2)
                                                         _237_ (net)
                      0.228365    0.000000    1.531310 v _398_/S (sky130_fd_sc_hd__mux2_1)
     1    0.001783    0.035275    0.235200    1.766510 v _398_/X (sky130_fd_sc_hd__mux2_1)
                                                         _024_ (net)
                      0.035275    0.000000    1.766510 v _568_/D (sky130_fd_sc_hd__dfxtp_2)
                                              1.766510   data arrival time

                      0.000000   10.000000   10.000000   clock wclk (rise edge)
                                  0.000000   10.000000   clock network delay (ideal)
                                  0.000000   10.000000   clock reconvergence pessimism
                                             10.000000 ^ _568_/CLK (sky130_fd_sc_hd__dfxtp_2)
                                 -0.075475    9.924525   library setup time
                                              9.924525   data required time
---------------------------------------------------------------------------------------------
                                              9.924525   data required time
                                             -1.766510   data arrival time
---------------------------------------------------------------------------------------------
                                              8.158016   slack (MET)


Startpoint: _554_ (rising edge-triggered flip-flop clocked by wclk)
Endpoint: _569_ (rising edge-triggered flip-flop clocked by wclk)
Path Group: wclk
Path Type: max

Fanout         Cap        Slew       Delay        Time   Description
---------------------------------------------------------------------------------------------
                      0.000000    0.000000    0.000000   clock wclk (rise edge)
                                  0.000000    0.000000   clock network delay (ideal)
                      0.000000    0.000000    0.000000 ^ _554_/CLK (sky130_fd_sc_hd__dfrtp_2)
     2    0.016564    0.053994    0.260744    0.260744 v _554_/Q (sky130_fd_sc_hd__dfrtp_2)
                                                         r_ptr_gray_sync[4] (net)
                      0.053994    0.000000    0.260744 v _291_/A (sky130_fd_sc_hd__xor2_2)
     3    0.014847    0.057472    0.135771    0.396515 v _291_/X (sky130_fd_sc_hd__xor2_2)
                                                         _171_ (net)
                      0.057472    0.000000    0.396515 v _292_/B (sky130_fd_sc_hd__xnor2_2)
     3    0.014596    0.177598    0.156810    0.553325 ^ _292_/Y (sky130_fd_sc_hd__xnor2_2)
                                                         _172_ (net)
                      0.177598    0.000000    0.553325 ^ _293_/B (sky130_fd_sc_hd__xnor2_2)
     1    0.003686    0.083454    0.073513    0.626838 ^ _293_/Y (sky130_fd_sc_hd__xnor2_2)
                                                         _173_ (net)
                      0.083454    0.000000    0.626838 ^ _297_/S (sky130_fd_sc_hd__mux2_1)
     2    0.005783    0.051064    0.203150    0.829988 v _297_/X (sky130_fd_sc_hd__mux2_1)
                                                         _177_ (net)
                      0.051064    0.000000    0.829988 v _329_/A1 (sky130_fd_sc_hd__a21boi_2)
    22    0.074255    0.640166    0.502137    1.332125 ^ _329_/Y (sky130_fd_sc_hd__a21boi_2)
                                                         _198_ (net)
                      0.640166    0.000000    1.332125 ^ _397_/B (sky130_fd_sc_hd__nand4b_2)
     8    0.027520    0.228365    0.199185    1.531310 v _397_/Y (sky130_fd_sc_hd__nand4b_2)
                                                         _237_ (net)
                      0.228365    0.000000    1.531310 v _399_/S (sky130_fd_sc_hd__mux2_1)
     1    0.001783    0.035275    0.235200    1.766510 v _399_/X (sky130_fd_sc_hd__mux2_1)
                                                         _025_ (net)
                      0.035275    0.000000    1.766510 v _569_/D (sky130_fd_sc_hd__dfxtp_2)
                                              1.766510   data arrival time

                      0.000000   10.000000   10.000000   clock wclk (rise edge)
                                  0.000000   10.000000   clock network delay (ideal)
                                  0.000000   10.000000   clock reconvergence pessimism
                                             10.000000 ^ _569_/CLK (sky130_fd_sc_hd__dfxtp_2)
                                 -0.075475    9.924525   library setup time
                                              9.924525   data required time
---------------------------------------------------------------------------------------------
                                              9.924525   data required time
                                             -1.766510   data arrival time
---------------------------------------------------------------------------------------------
                                              8.158016   slack (MET)


Startpoint: _554_ (rising edge-triggered flip-flop clocked by wclk)
Endpoint: _570_ (rising edge-triggered flip-flop clocked by wclk)
Path Group: wclk
Path Type: max

Fanout         Cap        Slew       Delay        Time   Description
---------------------------------------------------------------------------------------------
                      0.000000    0.000000    0.000000   clock wclk (rise edge)
                                  0.000000    0.000000   clock network delay (ideal)
                      0.000000    0.000000    0.000000 ^ _554_/CLK (sky130_fd_sc_hd__dfrtp_2)
     2    0.016564    0.053994    0.260744    0.260744 v _554_/Q (sky130_fd_sc_hd__dfrtp_2)
                                                         r_ptr_gray_sync[4] (net)
                      0.053994    0.000000    0.260744 v _291_/A (sky130_fd_sc_hd__xor2_2)
     3    0.014847    0.057472    0.135771    0.396515 v _291_/X (sky130_fd_sc_hd__xor2_2)
                                                         _171_ (net)
                      0.057472    0.000000    0.396515 v _292_/B (sky130_fd_sc_hd__xnor2_2)
     3    0.014596    0.177598    0.156810    0.553325 ^ _292_/Y (sky130_fd_sc_hd__xnor2_2)
                                                         _172_ (net)
                      0.177598    0.000000    0.553325 ^ _293_/B (sky130_fd_sc_hd__xnor2_2)
     1    0.003686    0.083454    0.073513    0.626838 ^ _293_/Y (sky130_fd_sc_hd__xnor2_2)
                                                         _173_ (net)
                      0.083454    0.000000    0.626838 ^ _297_/S (sky130_fd_sc_hd__mux2_1)
     2    0.005783    0.051064    0.203150    0.829988 v _297_/X (sky130_fd_sc_hd__mux2_1)
                                                         _177_ (net)
                      0.051064    0.000000    0.829988 v _329_/A1 (sky130_fd_sc_hd__a21boi_2)
    22    0.074255    0.640166    0.502137    1.332125 ^ _329_/Y (sky130_fd_sc_hd__a21boi_2)
                                                         _198_ (net)
                      0.640166    0.000000    1.332125 ^ _397_/B (sky130_fd_sc_hd__nand4b_2)
     8    0.027520    0.228365    0.199185    1.531310 v _397_/Y (sky130_fd_sc_hd__nand4b_2)
                                                         _237_ (net)
                      0.228365    0.000000    1.531310 v _400_/S (sky130_fd_sc_hd__mux2_1)
     1    0.001783    0.035275    0.235200    1.766510 v _400_/X (sky130_fd_sc_hd__mux2_1)
                                                         _026_ (net)
                      0.035275    0.000000    1.766510 v _570_/D (sky130_fd_sc_hd__dfxtp_2)
                                              1.766510   data arrival time

                      0.000000   10.000000   10.000000   clock wclk (rise edge)
                                  0.000000   10.000000   clock network delay (ideal)
                                  0.000000   10.000000   clock reconvergence pessimism
                                             10.000000 ^ _570_/CLK (sky130_fd_sc_hd__dfxtp_2)
                                 -0.075475    9.924525   library setup time
                                              9.924525   data required time
---------------------------------------------------------------------------------------------
                                              9.924525   data required time
                                             -1.766510   data arrival time
---------------------------------------------------------------------------------------------
                                              8.158016   slack (MET)


Startpoint: _554_ (rising edge-triggered flip-flop clocked by wclk)
Endpoint: _571_ (rising edge-triggered flip-flop clocked by wclk)
Path Group: wclk
Path Type: max

Fanout         Cap        Slew       Delay        Time   Description
---------------------------------------------------------------------------------------------
                      0.000000    0.000000    0.000000   clock wclk (rise edge)
                                  0.000000    0.000000   clock network delay (ideal)
                      0.000000    0.000000    0.000000 ^ _554_/CLK (sky130_fd_sc_hd__dfrtp_2)
     2    0.016564    0.053994    0.260744    0.260744 v _554_/Q (sky130_fd_sc_hd__dfrtp_2)
                                                         r_ptr_gray_sync[4] (net)
                      0.053994    0.000000    0.260744 v _291_/A (sky130_fd_sc_hd__xor2_2)
     3    0.014847    0.057472    0.135771    0.396515 v _291_/X (sky130_fd_sc_hd__xor2_2)
                                                         _171_ (net)
                      0.057472    0.000000    0.396515 v _292_/B (sky130_fd_sc_hd__xnor2_2)
     3    0.014596    0.177598    0.156810    0.553325 ^ _292_/Y (sky130_fd_sc_hd__xnor2_2)
                                                         _172_ (net)
                      0.177598    0.000000    0.553325 ^ _293_/B (sky130_fd_sc_hd__xnor2_2)
     1    0.003686    0.083454    0.073513    0.626838 ^ _293_/Y (sky130_fd_sc_hd__xnor2_2)
                                                         _173_ (net)
                      0.083454    0.000000    0.626838 ^ _297_/S (sky130_fd_sc_hd__mux2_1)
     2    0.005783    0.051064    0.203150    0.829988 v _297_/X (sky130_fd_sc_hd__mux2_1)
                                                         _177_ (net)
                      0.051064    0.000000    0.829988 v _329_/A1 (sky130_fd_sc_hd__a21boi_2)
    22    0.074255    0.640166    0.502137    1.332125 ^ _329_/Y (sky130_fd_sc_hd__a21boi_2)
                                                         _198_ (net)
                      0.640166    0.000000    1.332125 ^ _397_/B (sky130_fd_sc_hd__nand4b_2)
     8    0.027520    0.228365    0.199185    1.531310 v _397_/Y (sky130_fd_sc_hd__nand4b_2)
                                                         _237_ (net)
                      0.228365    0.000000    1.531310 v _401_/S (sky130_fd_sc_hd__mux2_1)
     1    0.001783    0.035275    0.235200    1.766510 v _401_/X (sky130_fd_sc_hd__mux2_1)
                                                         _027_ (net)
                      0.035275    0.000000    1.766510 v _571_/D (sky130_fd_sc_hd__dfxtp_2)
                                              1.766510   data arrival time

                      0.000000   10.000000   10.000000   clock wclk (rise edge)
                                  0.000000   10.000000   clock network delay (ideal)
                                  0.000000   10.000000   clock reconvergence pessimism
                                             10.000000 ^ _571_/CLK (sky130_fd_sc_hd__dfxtp_2)
                                 -0.075475    9.924525   library setup time
                                              9.924525   data required time
---------------------------------------------------------------------------------------------
                                              9.924525   data required time
                                             -1.766510   data arrival time
---------------------------------------------------------------------------------------------
                                              8.158016   slack (MET)


Startpoint: _554_ (rising edge-triggered flip-flop clocked by wclk)
Endpoint: _572_ (rising edge-triggered flip-flop clocked by wclk)
Path Group: wclk
Path Type: max

Fanout         Cap        Slew       Delay        Time   Description
---------------------------------------------------------------------------------------------
                      0.000000    0.000000    0.000000   clock wclk (rise edge)
                                  0.000000    0.000000   clock network delay (ideal)
                      0.000000    0.000000    0.000000 ^ _554_/CLK (sky130_fd_sc_hd__dfrtp_2)
     2    0.016564    0.053994    0.260744    0.260744 v _554_/Q (sky130_fd_sc_hd__dfrtp_2)
                                                         r_ptr_gray_sync[4] (net)
                      0.053994    0.000000    0.260744 v _291_/A (sky130_fd_sc_hd__xor2_2)
     3    0.014847    0.057472    0.135771    0.396515 v _291_/X (sky130_fd_sc_hd__xor2_2)
                                                         _171_ (net)
                      0.057472    0.000000    0.396515 v _292_/B (sky130_fd_sc_hd__xnor2_2)
     3    0.014596    0.177598    0.156810    0.553325 ^ _292_/Y (sky130_fd_sc_hd__xnor2_2)
                                                         _172_ (net)
                      0.177598    0.000000    0.553325 ^ _293_/B (sky130_fd_sc_hd__xnor2_2)
     1    0.003686    0.083454    0.073513    0.626838 ^ _293_/Y (sky130_fd_sc_hd__xnor2_2)
                                                         _173_ (net)
                      0.083454    0.000000    0.626838 ^ _297_/S (sky130_fd_sc_hd__mux2_1)
     2    0.005783    0.051064    0.203150    0.829988 v _297_/X (sky130_fd_sc_hd__mux2_1)
                                                         _177_ (net)
                      0.051064    0.000000    0.829988 v _329_/A1 (sky130_fd_sc_hd__a21boi_2)
    22    0.074255    0.640166    0.502137    1.332125 ^ _329_/Y (sky130_fd_sc_hd__a21boi_2)
                                                         _198_ (net)
                      0.640166    0.000000    1.332125 ^ _397_/B (sky130_fd_sc_hd__nand4b_2)
     8    0.027520    0.228365    0.199185    1.531310 v _397_/Y (sky130_fd_sc_hd__nand4b_2)
                                                         _237_ (net)
                      0.228365    0.000000    1.531310 v _402_/S (sky130_fd_sc_hd__mux2_1)
     1    0.001783    0.035275    0.235200    1.766510 v _402_/X (sky130_fd_sc_hd__mux2_1)
                                                         _028_ (net)
                      0.035275    0.000000    1.766510 v _572_/D (sky130_fd_sc_hd__dfxtp_2)
                                              1.766510   data arrival time

                      0.000000   10.000000   10.000000   clock wclk (rise edge)
                                  0.000000   10.000000   clock network delay (ideal)
                                  0.000000   10.000000   clock reconvergence pessimism
                                             10.000000 ^ _572_/CLK (sky130_fd_sc_hd__dfxtp_2)
                                 -0.075475    9.924525   library setup time
                                              9.924525   data required time
---------------------------------------------------------------------------------------------
                                              9.924525   data required time
                                             -1.766510   data arrival time
---------------------------------------------------------------------------------------------
                                              8.158016   slack (MET)


Startpoint: _554_ (rising edge-triggered flip-flop clocked by wclk)
Endpoint: _573_ (rising edge-triggered flip-flop clocked by wclk)
Path Group: wclk
Path Type: max

Fanout         Cap        Slew       Delay        Time   Description
---------------------------------------------------------------------------------------------
                      0.000000    0.000000    0.000000   clock wclk (rise edge)
                                  0.000000    0.000000   clock network delay (ideal)
                      0.000000    0.000000    0.000000 ^ _554_/CLK (sky130_fd_sc_hd__dfrtp_2)
     2    0.016564    0.053994    0.260744    0.260744 v _554_/Q (sky130_fd_sc_hd__dfrtp_2)
                                                         r_ptr_gray_sync[4] (net)
                      0.053994    0.000000    0.260744 v _291_/A (sky130_fd_sc_hd__xor2_2)
     3    0.014847    0.057472    0.135771    0.396515 v _291_/X (sky130_fd_sc_hd__xor2_2)
                                                         _171_ (net)
                      0.057472    0.000000    0.396515 v _292_/B (sky130_fd_sc_hd__xnor2_2)
     3    0.014596    0.177598    0.156810    0.553325 ^ _292_/Y (sky130_fd_sc_hd__xnor2_2)
                                                         _172_ (net)
                      0.177598    0.000000    0.553325 ^ _293_/B (sky130_fd_sc_hd__xnor2_2)
     1    0.003686    0.083454    0.073513    0.626838 ^ _293_/Y (sky130_fd_sc_hd__xnor2_2)
                                                         _173_ (net)
                      0.083454    0.000000    0.626838 ^ _297_/S (sky130_fd_sc_hd__mux2_1)
     2    0.005783    0.051064    0.203150    0.829988 v _297_/X (sky130_fd_sc_hd__mux2_1)
                                                         _177_ (net)
                      0.051064    0.000000    0.829988 v _329_/A1 (sky130_fd_sc_hd__a21boi_2)
    22    0.074255    0.640166    0.502137    1.332125 ^ _329_/Y (sky130_fd_sc_hd__a21boi_2)
                                                         _198_ (net)
                      0.640166    0.000000    1.332125 ^ _397_/B (sky130_fd_sc_hd__nand4b_2)
     8    0.027520    0.228365    0.199185    1.531310 v _397_/Y (sky130_fd_sc_hd__nand4b_2)
                                                         _237_ (net)
                      0.228365    0.000000    1.531310 v _403_/S (sky130_fd_sc_hd__mux2_1)
     1    0.001783    0.035275    0.235200    1.766510 v _403_/X (sky130_fd_sc_hd__mux2_1)
                                                         _029_ (net)
                      0.035275    0.000000    1.766510 v _573_/D (sky130_fd_sc_hd__dfxtp_2)
                                              1.766510   data arrival time

                      0.000000   10.000000   10.000000   clock wclk (rise edge)
                                  0.000000   10.000000   clock network delay (ideal)
                                  0.000000   10.000000   clock reconvergence pessimism
                                             10.000000 ^ _573_/CLK (sky130_fd_sc_hd__dfxtp_2)
                                 -0.075475    9.924525   library setup time
                                              9.924525   data required time
---------------------------------------------------------------------------------------------
                                              9.924525   data required time
                                             -1.766510   data arrival time
---------------------------------------------------------------------------------------------
                                              8.158016   slack (MET)


Startpoint: _554_ (rising edge-triggered flip-flop clocked by wclk)
Endpoint: _574_ (rising edge-triggered flip-flop clocked by wclk)
Path Group: wclk
Path Type: max

Fanout         Cap        Slew       Delay        Time   Description
---------------------------------------------------------------------------------------------
                      0.000000    0.000000    0.000000   clock wclk (rise edge)
                                  0.000000    0.000000   clock network delay (ideal)
                      0.000000    0.000000    0.000000 ^ _554_/CLK (sky130_fd_sc_hd__dfrtp_2)
     2    0.016564    0.053994    0.260744    0.260744 v _554_/Q (sky130_fd_sc_hd__dfrtp_2)
                                                         r_ptr_gray_sync[4] (net)
                      0.053994    0.000000    0.260744 v _291_/A (sky130_fd_sc_hd__xor2_2)
     3    0.014847    0.057472    0.135771    0.396515 v _291_/X (sky130_fd_sc_hd__xor2_2)
                                                         _171_ (net)
                      0.057472    0.000000    0.396515 v _292_/B (sky130_fd_sc_hd__xnor2_2)
     3    0.014596    0.177598    0.156810    0.553325 ^ _292_/Y (sky130_fd_sc_hd__xnor2_2)
                                                         _172_ (net)
                      0.177598    0.000000    0.553325 ^ _293_/B (sky130_fd_sc_hd__xnor2_2)
     1    0.003686    0.083454    0.073513    0.626838 ^ _293_/Y (sky130_fd_sc_hd__xnor2_2)
                                                         _173_ (net)
                      0.083454    0.000000    0.626838 ^ _297_/S (sky130_fd_sc_hd__mux2_1)
     2    0.005783    0.051064    0.203150    0.829988 v _297_/X (sky130_fd_sc_hd__mux2_1)
                                                         _177_ (net)
                      0.051064    0.000000    0.829988 v _329_/A1 (sky130_fd_sc_hd__a21boi_2)
    22    0.074255    0.640166    0.502137    1.332125 ^ _329_/Y (sky130_fd_sc_hd__a21boi_2)
                                                         _198_ (net)
                      0.640166    0.000000    1.332125 ^ _397_/B (sky130_fd_sc_hd__nand4b_2)
     8    0.027520    0.228365    0.199185    1.531310 v _397_/Y (sky130_fd_sc_hd__nand4b_2)
                                                         _237_ (net)
                      0.228365    0.000000    1.531310 v _404_/S (sky130_fd_sc_hd__mux2_1)
     1    0.001783    0.035275    0.235200    1.766510 v _404_/X (sky130_fd_sc_hd__mux2_1)
                                                         _030_ (net)
                      0.035275    0.000000    1.766510 v _574_/D (sky130_fd_sc_hd__dfxtp_2)
                                              1.766510   data arrival time

                      0.000000   10.000000   10.000000   clock wclk (rise edge)
                                  0.000000   10.000000   clock network delay (ideal)
                                  0.000000   10.000000   clock reconvergence pessimism
                                             10.000000 ^ _574_/CLK (sky130_fd_sc_hd__dfxtp_2)
                                 -0.075475    9.924525   library setup time
                                              9.924525   data required time
---------------------------------------------------------------------------------------------
                                              9.924525   data required time
                                             -1.766510   data arrival time
---------------------------------------------------------------------------------------------
                                              8.158016   slack (MET)


Startpoint: _554_ (rising edge-triggered flip-flop clocked by wclk)
Endpoint: _575_ (rising edge-triggered flip-flop clocked by wclk)
Path Group: wclk
Path Type: max

Fanout         Cap        Slew       Delay        Time   Description
---------------------------------------------------------------------------------------------
                      0.000000    0.000000    0.000000   clock wclk (rise edge)
                                  0.000000    0.000000   clock network delay (ideal)
                      0.000000    0.000000    0.000000 ^ _554_/CLK (sky130_fd_sc_hd__dfrtp_2)
     2    0.016564    0.053994    0.260744    0.260744 v _554_/Q (sky130_fd_sc_hd__dfrtp_2)
                                                         r_ptr_gray_sync[4] (net)
                      0.053994    0.000000    0.260744 v _291_/A (sky130_fd_sc_hd__xor2_2)
     3    0.014847    0.057472    0.135771    0.396515 v _291_/X (sky130_fd_sc_hd__xor2_2)
                                                         _171_ (net)
                      0.057472    0.000000    0.396515 v _292_/B (sky130_fd_sc_hd__xnor2_2)
     3    0.014596    0.177598    0.156810    0.553325 ^ _292_/Y (sky130_fd_sc_hd__xnor2_2)
                                                         _172_ (net)
                      0.177598    0.000000    0.553325 ^ _293_/B (sky130_fd_sc_hd__xnor2_2)
     1    0.003686    0.083454    0.073513    0.626838 ^ _293_/Y (sky130_fd_sc_hd__xnor2_2)
                                                         _173_ (net)
                      0.083454    0.000000    0.626838 ^ _297_/S (sky130_fd_sc_hd__mux2_1)
     2    0.005783    0.051064    0.203150    0.829988 v _297_/X (sky130_fd_sc_hd__mux2_1)
                                                         _177_ (net)
                      0.051064    0.000000    0.829988 v _329_/A1 (sky130_fd_sc_hd__a21boi_2)
    22    0.074255    0.640166    0.502137    1.332125 ^ _329_/Y (sky130_fd_sc_hd__a21boi_2)
                                                         _198_ (net)
                      0.640166    0.000000    1.332125 ^ _397_/B (sky130_fd_sc_hd__nand4b_2)
     8    0.027520    0.228365    0.199185    1.531310 v _397_/Y (sky130_fd_sc_hd__nand4b_2)
                                                         _237_ (net)
                      0.228365    0.000000    1.531310 v _405_/S (sky130_fd_sc_hd__mux2_1)
     1    0.001783    0.035275    0.235200    1.766510 v _405_/X (sky130_fd_sc_hd__mux2_1)
                                                         _031_ (net)
                      0.035275    0.000000    1.766510 v _575_/D (sky130_fd_sc_hd__dfxtp_2)
                                              1.766510   data arrival time

                      0.000000   10.000000   10.000000   clock wclk (rise edge)
                                  0.000000   10.000000   clock network delay (ideal)
                                  0.000000   10.000000   clock reconvergence pessimism
                                             10.000000 ^ _575_/CLK (sky130_fd_sc_hd__dfxtp_2)
                                 -0.075475    9.924525   library setup time
                                              9.924525   data required time
---------------------------------------------------------------------------------------------
                                              9.924525   data required time
                                             -1.766510   data arrival time
---------------------------------------------------------------------------------------------
                                              8.158016   slack (MET)


Startpoint: _554_ (rising edge-triggered flip-flop clocked by wclk)
Endpoint: _633_ (rising edge-triggered flip-flop clocked by wclk)
Path Group: wclk
Path Type: max

Fanout         Cap        Slew       Delay        Time   Description
---------------------------------------------------------------------------------------------
                      0.000000    0.000000    0.000000   clock wclk (rise edge)
                                  0.000000    0.000000   clock network delay (ideal)
                      0.000000    0.000000    0.000000 ^ _554_/CLK (sky130_fd_sc_hd__dfrtp_2)
     2    0.016564    0.053994    0.260744    0.260744 v _554_/Q (sky130_fd_sc_hd__dfrtp_2)
                                                         r_ptr_gray_sync[4] (net)
                      0.053994    0.000000    0.260744 v _291_/A (sky130_fd_sc_hd__xor2_2)
     3    0.014847    0.057472    0.135771    0.396515 v _291_/X (sky130_fd_sc_hd__xor2_2)
                                                         _171_ (net)
                      0.057472    0.000000    0.396515 v _292_/B (sky130_fd_sc_hd__xnor2_2)
     3    0.014596    0.177598    0.156810    0.553325 ^ _292_/Y (sky130_fd_sc_hd__xnor2_2)
                                                         _172_ (net)
                      0.177598    0.000000    0.553325 ^ _293_/B (sky130_fd_sc_hd__xnor2_2)
     1    0.003686    0.083454    0.073513    0.626838 ^ _293_/Y (sky130_fd_sc_hd__xnor2_2)
                                                         _173_ (net)
                      0.083454    0.000000    0.626838 ^ _297_/S (sky130_fd_sc_hd__mux2_1)
     2    0.005783    0.051064    0.203150    0.829988 v _297_/X (sky130_fd_sc_hd__mux2_1)
                                                         _177_ (net)
                      0.051064    0.000000    0.829988 v _329_/A1 (sky130_fd_sc_hd__a21boi_2)
    22    0.074255    0.640166    0.502137    1.332125 ^ _329_/Y (sky130_fd_sc_hd__a21boi_2)
                                                         _198_ (net)
                      0.640166    0.000000    1.332125 ^ _462_/B (sky130_fd_sc_hd__nand4b_2)
     8    0.027520    0.228365    0.199185    1.531310 v _462_/Y (sky130_fd_sc_hd__nand4b_2)
                                                         _246_ (net)
                      0.228365    0.000000    1.531310 v _463_/S (sky130_fd_sc_hd__mux2_1)
     1    0.001783    0.035275    0.235200    1.766510 v _463_/X (sky130_fd_sc_hd__mux2_1)
                                                         _080_ (net)
                      0.035275    0.000000    1.766510 v _633_/D (sky130_fd_sc_hd__dfxtp_2)
                                              1.766510   data arrival time

                      0.000000   10.000000   10.000000   clock wclk (rise edge)
                                  0.000000   10.000000   clock network delay (ideal)
                                  0.000000   10.000000   clock reconvergence pessimism
                                             10.000000 ^ _633_/CLK (sky130_fd_sc_hd__dfxtp_2)
                                 -0.075475    9.924525   library setup time
                                              9.924525   data required time
---------------------------------------------------------------------------------------------
                                              9.924525   data required time
                                             -1.766510   data arrival time
---------------------------------------------------------------------------------------------
                                              8.158016   slack (MET)


Startpoint: _554_ (rising edge-triggered flip-flop clocked by wclk)
Endpoint: _634_ (rising edge-triggered flip-flop clocked by wclk)
Path Group: wclk
Path Type: max

Fanout         Cap        Slew       Delay        Time   Description
---------------------------------------------------------------------------------------------
                      0.000000    0.000000    0.000000   clock wclk (rise edge)
                                  0.000000    0.000000   clock network delay (ideal)
                      0.000000    0.000000    0.000000 ^ _554_/CLK (sky130_fd_sc_hd__dfrtp_2)
     2    0.016564    0.053994    0.260744    0.260744 v _554_/Q (sky130_fd_sc_hd__dfrtp_2)
                                                         r_ptr_gray_sync[4] (net)
                      0.053994    0.000000    0.260744 v _291_/A (sky130_fd_sc_hd__xor2_2)
     3    0.014847    0.057472    0.135771    0.396515 v _291_/X (sky130_fd_sc_hd__xor2_2)
                                                         _171_ (net)
                      0.057472    0.000000    0.396515 v _292_/B (sky130_fd_sc_hd__xnor2_2)
     3    0.014596    0.177598    0.156810    0.553325 ^ _292_/Y (sky130_fd_sc_hd__xnor2_2)
                                                         _172_ (net)
                      0.177598    0.000000    0.553325 ^ _293_/B (sky130_fd_sc_hd__xnor2_2)
     1    0.003686    0.083454    0.073513    0.626838 ^ _293_/Y (sky130_fd_sc_hd__xnor2_2)
                                                         _173_ (net)
                      0.083454    0.000000    0.626838 ^ _297_/S (sky130_fd_sc_hd__mux2_1)
     2    0.005783    0.051064    0.203150    0.829988 v _297_/X (sky130_fd_sc_hd__mux2_1)
                                                         _177_ (net)
                      0.051064    0.000000    0.829988 v _329_/A1 (sky130_fd_sc_hd__a21boi_2)
    22    0.074255    0.640166    0.502137    1.332125 ^ _329_/Y (sky130_fd_sc_hd__a21boi_2)
                                                         _198_ (net)
                      0.640166    0.000000    1.332125 ^ _462_/B (sky130_fd_sc_hd__nand4b_2)
     8    0.027520    0.228365    0.199185    1.531310 v _462_/Y (sky130_fd_sc_hd__nand4b_2)
                                                         _246_ (net)
                      0.228365    0.000000    1.531310 v _464_/S (sky130_fd_sc_hd__mux2_1)
     1    0.001783    0.035275    0.235200    1.766510 v _464_/X (sky130_fd_sc_hd__mux2_1)
                                                         _081_ (net)
                      0.035275    0.000000    1.766510 v _634_/D (sky130_fd_sc_hd__dfxtp_2)
                                              1.766510   data arrival time

                      0.000000   10.000000   10.000000   clock wclk (rise edge)
                                  0.000000   10.000000   clock network delay (ideal)
                                  0.000000   10.000000   clock reconvergence pessimism
                                             10.000000 ^ _634_/CLK (sky130_fd_sc_hd__dfxtp_2)
                                 -0.075475    9.924525   library setup time
                                              9.924525   data required time
---------------------------------------------------------------------------------------------
                                              9.924525   data required time
                                             -1.766510   data arrival time
---------------------------------------------------------------------------------------------
                                              8.158016   slack (MET)


Startpoint: _554_ (rising edge-triggered flip-flop clocked by wclk)
Endpoint: _635_ (rising edge-triggered flip-flop clocked by wclk)
Path Group: wclk
Path Type: max

Fanout         Cap        Slew       Delay        Time   Description
---------------------------------------------------------------------------------------------
                      0.000000    0.000000    0.000000   clock wclk (rise edge)
                                  0.000000    0.000000   clock network delay (ideal)
                      0.000000    0.000000    0.000000 ^ _554_/CLK (sky130_fd_sc_hd__dfrtp_2)
     2    0.016564    0.053994    0.260744    0.260744 v _554_/Q (sky130_fd_sc_hd__dfrtp_2)
                                                         r_ptr_gray_sync[4] (net)
                      0.053994    0.000000    0.260744 v _291_/A (sky130_fd_sc_hd__xor2_2)
     3    0.014847    0.057472    0.135771    0.396515 v _291_/X (sky130_fd_sc_hd__xor2_2)
                                                         _171_ (net)
                      0.057472    0.000000    0.396515 v _292_/B (sky130_fd_sc_hd__xnor2_2)
     3    0.014596    0.177598    0.156810    0.553325 ^ _292_/Y (sky130_fd_sc_hd__xnor2_2)
                                                         _172_ (net)
                      0.177598    0.000000    0.553325 ^ _293_/B (sky130_fd_sc_hd__xnor2_2)
     1    0.003686    0.083454    0.073513    0.626838 ^ _293_/Y (sky130_fd_sc_hd__xnor2_2)
                                                         _173_ (net)
                      0.083454    0.000000    0.626838 ^ _297_/S (sky130_fd_sc_hd__mux2_1)
     2    0.005783    0.051064    0.203150    0.829988 v _297_/X (sky130_fd_sc_hd__mux2_1)
                                                         _177_ (net)
                      0.051064    0.000000    0.829988 v _329_/A1 (sky130_fd_sc_hd__a21boi_2)
    22    0.074255    0.640166    0.502137    1.332125 ^ _329_/Y (sky130_fd_sc_hd__a21boi_2)
                                                         _198_ (net)
                      0.640166    0.000000    1.332125 ^ _462_/B (sky130_fd_sc_hd__nand4b_2)
     8    0.027520    0.228365    0.199185    1.531310 v _462_/Y (sky130_fd_sc_hd__nand4b_2)
                                                         _246_ (net)
                      0.228365    0.000000    1.531310 v _465_/S (sky130_fd_sc_hd__mux2_1)
     1    0.001783    0.035275    0.235200    1.766510 v _465_/X (sky130_fd_sc_hd__mux2_1)
                                                         _082_ (net)
                      0.035275    0.000000    1.766510 v _635_/D (sky130_fd_sc_hd__dfxtp_2)
                                              1.766510   data arrival time

                      0.000000   10.000000   10.000000   clock wclk (rise edge)
                                  0.000000   10.000000   clock network delay (ideal)
                                  0.000000   10.000000   clock reconvergence pessimism
                                             10.000000 ^ _635_/CLK (sky130_fd_sc_hd__dfxtp_2)
                                 -0.075475    9.924525   library setup time
                                              9.924525   data required time
---------------------------------------------------------------------------------------------
                                              9.924525   data required time
                                             -1.766510   data arrival time
---------------------------------------------------------------------------------------------
                                              8.158016   slack (MET)


Startpoint: _554_ (rising edge-triggered flip-flop clocked by wclk)
Endpoint: _636_ (rising edge-triggered flip-flop clocked by wclk)
Path Group: wclk
Path Type: max

Fanout         Cap        Slew       Delay        Time   Description
---------------------------------------------------------------------------------------------
                      0.000000    0.000000    0.000000   clock wclk (rise edge)
                                  0.000000    0.000000   clock network delay (ideal)
                      0.000000    0.000000    0.000000 ^ _554_/CLK (sky130_fd_sc_hd__dfrtp_2)
     2    0.016564    0.053994    0.260744    0.260744 v _554_/Q (sky130_fd_sc_hd__dfrtp_2)
                                                         r_ptr_gray_sync[4] (net)
                      0.053994    0.000000    0.260744 v _291_/A (sky130_fd_sc_hd__xor2_2)
     3    0.014847    0.057472    0.135771    0.396515 v _291_/X (sky130_fd_sc_hd__xor2_2)
                                                         _171_ (net)
                      0.057472    0.000000    0.396515 v _292_/B (sky130_fd_sc_hd__xnor2_2)
     3    0.014596    0.177598    0.156810    0.553325 ^ _292_/Y (sky130_fd_sc_hd__xnor2_2)
                                                         _172_ (net)
                      0.177598    0.000000    0.553325 ^ _293_/B (sky130_fd_sc_hd__xnor2_2)
     1    0.003686    0.083454    0.073513    0.626838 ^ _293_/Y (sky130_fd_sc_hd__xnor2_2)
                                                         _173_ (net)
                      0.083454    0.000000    0.626838 ^ _297_/S (sky130_fd_sc_hd__mux2_1)
     2    0.005783    0.051064    0.203150    0.829988 v _297_/X (sky130_fd_sc_hd__mux2_1)
                                                         _177_ (net)
                      0.051064    0.000000    0.829988 v _329_/A1 (sky130_fd_sc_hd__a21boi_2)
    22    0.074255    0.640166    0.502137    1.332125 ^ _329_/Y (sky130_fd_sc_hd__a21boi_2)
                                                         _198_ (net)
                      0.640166    0.000000    1.332125 ^ _462_/B (sky130_fd_sc_hd__nand4b_2)
     8    0.027520    0.228365    0.199185    1.531310 v _462_/Y (sky130_fd_sc_hd__nand4b_2)
                                                         _246_ (net)
                      0.228365    0.000000    1.531310 v _466_/S (sky130_fd_sc_hd__mux2_1)
     1    0.001783    0.035275    0.235200    1.766510 v _466_/X (sky130_fd_sc_hd__mux2_1)
                                                         _083_ (net)
                      0.035275    0.000000    1.766510 v _636_/D (sky130_fd_sc_hd__dfxtp_2)
                                              1.766510   data arrival time

                      0.000000   10.000000   10.000000   clock wclk (rise edge)
                                  0.000000   10.000000   clock network delay (ideal)
                                  0.000000   10.000000   clock reconvergence pessimism
                                             10.000000 ^ _636_/CLK (sky130_fd_sc_hd__dfxtp_2)
                                 -0.075475    9.924525   library setup time
                                              9.924525   data required time
---------------------------------------------------------------------------------------------
                                              9.924525   data required time
                                             -1.766510   data arrival time
---------------------------------------------------------------------------------------------
                                              8.158016   slack (MET)


Startpoint: _554_ (rising edge-triggered flip-flop clocked by wclk)
Endpoint: _637_ (rising edge-triggered flip-flop clocked by wclk)
Path Group: wclk
Path Type: max

Fanout         Cap        Slew       Delay        Time   Description
---------------------------------------------------------------------------------------------
                      0.000000    0.000000    0.000000   clock wclk (rise edge)
                                  0.000000    0.000000   clock network delay (ideal)
                      0.000000    0.000000    0.000000 ^ _554_/CLK (sky130_fd_sc_hd__dfrtp_2)
     2    0.016564    0.053994    0.260744    0.260744 v _554_/Q (sky130_fd_sc_hd__dfrtp_2)
                                                         r_ptr_gray_sync[4] (net)
                      0.053994    0.000000    0.260744 v _291_/A (sky130_fd_sc_hd__xor2_2)
     3    0.014847    0.057472    0.135771    0.396515 v _291_/X (sky130_fd_sc_hd__xor2_2)
                                                         _171_ (net)
                      0.057472    0.000000    0.396515 v _292_/B (sky130_fd_sc_hd__xnor2_2)
     3    0.014596    0.177598    0.156810    0.553325 ^ _292_/Y (sky130_fd_sc_hd__xnor2_2)
                                                         _172_ (net)
                      0.177598    0.000000    0.553325 ^ _293_/B (sky130_fd_sc_hd__xnor2_2)
     1    0.003686    0.083454    0.073513    0.626838 ^ _293_/Y (sky130_fd_sc_hd__xnor2_2)
                                                         _173_ (net)
                      0.083454    0.000000    0.626838 ^ _297_/S (sky130_fd_sc_hd__mux2_1)
     2    0.005783    0.051064    0.203150    0.829988 v _297_/X (sky130_fd_sc_hd__mux2_1)
                                                         _177_ (net)
                      0.051064    0.000000    0.829988 v _329_/A1 (sky130_fd_sc_hd__a21boi_2)
    22    0.074255    0.640166    0.502137    1.332125 ^ _329_/Y (sky130_fd_sc_hd__a21boi_2)
                                                         _198_ (net)
                      0.640166    0.000000    1.332125 ^ _462_/B (sky130_fd_sc_hd__nand4b_2)
     8    0.027520    0.228365    0.199185    1.531310 v _462_/Y (sky130_fd_sc_hd__nand4b_2)
                                                         _246_ (net)
                      0.228365    0.000000    1.531310 v _467_/S (sky130_fd_sc_hd__mux2_1)
     1    0.001783    0.035275    0.235200    1.766510 v _467_/X (sky130_fd_sc_hd__mux2_1)
                                                         _084_ (net)
                      0.035275    0.000000    1.766510 v _637_/D (sky130_fd_sc_hd__dfxtp_2)
                                              1.766510   data arrival time

                      0.000000   10.000000   10.000000   clock wclk (rise edge)
                                  0.000000   10.000000   clock network delay (ideal)
                                  0.000000   10.000000   clock reconvergence pessimism
                                             10.000000 ^ _637_/CLK (sky130_fd_sc_hd__dfxtp_2)
                                 -0.075475    9.924525   library setup time
                                              9.924525   data required time
---------------------------------------------------------------------------------------------
                                              9.924525   data required time
                                             -1.766510   data arrival time
---------------------------------------------------------------------------------------------
                                              8.158016   slack (MET)


Startpoint: _554_ (rising edge-triggered flip-flop clocked by wclk)
Endpoint: _638_ (rising edge-triggered flip-flop clocked by wclk)
Path Group: wclk
Path Type: max

Fanout         Cap        Slew       Delay        Time   Description
---------------------------------------------------------------------------------------------
                      0.000000    0.000000    0.000000   clock wclk (rise edge)
                                  0.000000    0.000000   clock network delay (ideal)
                      0.000000    0.000000    0.000000 ^ _554_/CLK (sky130_fd_sc_hd__dfrtp_2)
     2    0.016564    0.053994    0.260744    0.260744 v _554_/Q (sky130_fd_sc_hd__dfrtp_2)
                                                         r_ptr_gray_sync[4] (net)
                      0.053994    0.000000    0.260744 v _291_/A (sky130_fd_sc_hd__xor2_2)
     3    0.014847    0.057472    0.135771    0.396515 v _291_/X (sky130_fd_sc_hd__xor2_2)
                                                         _171_ (net)
                      0.057472    0.000000    0.396515 v _292_/B (sky130_fd_sc_hd__xnor2_2)
     3    0.014596    0.177598    0.156810    0.553325 ^ _292_/Y (sky130_fd_sc_hd__xnor2_2)
                                                         _172_ (net)
                      0.177598    0.000000    0.553325 ^ _293_/B (sky130_fd_sc_hd__xnor2_2)
     1    0.003686    0.083454    0.073513    0.626838 ^ _293_/Y (sky130_fd_sc_hd__xnor2_2)
                                                         _173_ (net)
                      0.083454    0.000000    0.626838 ^ _297_/S (sky130_fd_sc_hd__mux2_1)
     2    0.005783    0.051064    0.203150    0.829988 v _297_/X (sky130_fd_sc_hd__mux2_1)
                                                         _177_ (net)
                      0.051064    0.000000    0.829988 v _329_/A1 (sky130_fd_sc_hd__a21boi_2)
    22    0.074255    0.640166    0.502137    1.332125 ^ _329_/Y (sky130_fd_sc_hd__a21boi_2)
                                                         _198_ (net)
                      0.640166    0.000000    1.332125 ^ _462_/B (sky130_fd_sc_hd__nand4b_2)
     8    0.027520    0.228365    0.199185    1.531310 v _462_/Y (sky130_fd_sc_hd__nand4b_2)
                                                         _246_ (net)
                      0.228365    0.000000    1.531310 v _468_/S (sky130_fd_sc_hd__mux2_1)
     1    0.001783    0.035275    0.235200    1.766510 v _468_/X (sky130_fd_sc_hd__mux2_1)
                                                         _085_ (net)
                      0.035275    0.000000    1.766510 v _638_/D (sky130_fd_sc_hd__dfxtp_2)
                                              1.766510   data arrival time

                      0.000000   10.000000   10.000000   clock wclk (rise edge)
                                  0.000000   10.000000   clock network delay (ideal)
                                  0.000000   10.000000   clock reconvergence pessimism
                                             10.000000 ^ _638_/CLK (sky130_fd_sc_hd__dfxtp_2)
                                 -0.075475    9.924525   library setup time
                                              9.924525   data required time
---------------------------------------------------------------------------------------------
                                              9.924525   data required time
                                             -1.766510   data arrival time
---------------------------------------------------------------------------------------------
                                              8.158016   slack (MET)


Startpoint: _554_ (rising edge-triggered flip-flop clocked by wclk)
Endpoint: _639_ (rising edge-triggered flip-flop clocked by wclk)
Path Group: wclk
Path Type: max

Fanout         Cap        Slew       Delay        Time   Description
---------------------------------------------------------------------------------------------
                      0.000000    0.000000    0.000000   clock wclk (rise edge)
                                  0.000000    0.000000   clock network delay (ideal)
                      0.000000    0.000000    0.000000 ^ _554_/CLK (sky130_fd_sc_hd__dfrtp_2)
     2    0.016564    0.053994    0.260744    0.260744 v _554_/Q (sky130_fd_sc_hd__dfrtp_2)
                                                         r_ptr_gray_sync[4] (net)
                      0.053994    0.000000    0.260744 v _291_/A (sky130_fd_sc_hd__xor2_2)
     3    0.014847    0.057472    0.135771    0.396515 v _291_/X (sky130_fd_sc_hd__xor2_2)
                                                         _171_ (net)
                      0.057472    0.000000    0.396515 v _292_/B (sky130_fd_sc_hd__xnor2_2)
     3    0.014596    0.177598    0.156810    0.553325 ^ _292_/Y (sky130_fd_sc_hd__xnor2_2)
                                                         _172_ (net)
                      0.177598    0.000000    0.553325 ^ _293_/B (sky130_fd_sc_hd__xnor2_2)
     1    0.003686    0.083454    0.073513    0.626838 ^ _293_/Y (sky130_fd_sc_hd__xnor2_2)
                                                         _173_ (net)
                      0.083454    0.000000    0.626838 ^ _297_/S (sky130_fd_sc_hd__mux2_1)
     2    0.005783    0.051064    0.203150    0.829988 v _297_/X (sky130_fd_sc_hd__mux2_1)
                                                         _177_ (net)
                      0.051064    0.000000    0.829988 v _329_/A1 (sky130_fd_sc_hd__a21boi_2)
    22    0.074255    0.640166    0.502137    1.332125 ^ _329_/Y (sky130_fd_sc_hd__a21boi_2)
                                                         _198_ (net)
                      0.640166    0.000000    1.332125 ^ _462_/B (sky130_fd_sc_hd__nand4b_2)
     8    0.027520    0.228365    0.199185    1.531310 v _462_/Y (sky130_fd_sc_hd__nand4b_2)
                                                         _246_ (net)
                      0.228365    0.000000    1.531310 v _469_/S (sky130_fd_sc_hd__mux2_1)
     1    0.001783    0.035275    0.235200    1.766510 v _469_/X (sky130_fd_sc_hd__mux2_1)
                                                         _086_ (net)
                      0.035275    0.000000    1.766510 v _639_/D (sky130_fd_sc_hd__dfxtp_2)
                                              1.766510   data arrival time

                      0.000000   10.000000   10.000000   clock wclk (rise edge)
                                  0.000000   10.000000   clock network delay (ideal)
                                  0.000000   10.000000   clock reconvergence pessimism
                                             10.000000 ^ _639_/CLK (sky130_fd_sc_hd__dfxtp_2)
                                 -0.075475    9.924525   library setup time
                                              9.924525   data required time
---------------------------------------------------------------------------------------------
                                              9.924525   data required time
                                             -1.766510   data arrival time
---------------------------------------------------------------------------------------------
                                              8.158016   slack (MET)


Startpoint: _554_ (rising edge-triggered flip-flop clocked by wclk)
Endpoint: _640_ (rising edge-triggered flip-flop clocked by wclk)
Path Group: wclk
Path Type: max

Fanout         Cap        Slew       Delay        Time   Description
---------------------------------------------------------------------------------------------
                      0.000000    0.000000    0.000000   clock wclk (rise edge)
                                  0.000000    0.000000   clock network delay (ideal)
                      0.000000    0.000000    0.000000 ^ _554_/CLK (sky130_fd_sc_hd__dfrtp_2)
     2    0.016564    0.053994    0.260744    0.260744 v _554_/Q (sky130_fd_sc_hd__dfrtp_2)
                                                         r_ptr_gray_sync[4] (net)
                      0.053994    0.000000    0.260744 v _291_/A (sky130_fd_sc_hd__xor2_2)
     3    0.014847    0.057472    0.135771    0.396515 v _291_/X (sky130_fd_sc_hd__xor2_2)
                                                         _171_ (net)
                      0.057472    0.000000    0.396515 v _292_/B (sky130_fd_sc_hd__xnor2_2)
     3    0.014596    0.177598    0.156810    0.553325 ^ _292_/Y (sky130_fd_sc_hd__xnor2_2)
                                                         _172_ (net)
                      0.177598    0.000000    0.553325 ^ _293_/B (sky130_fd_sc_hd__xnor2_2)
     1    0.003686    0.083454    0.073513    0.626838 ^ _293_/Y (sky130_fd_sc_hd__xnor2_2)
                                                         _173_ (net)
                      0.083454    0.000000    0.626838 ^ _297_/S (sky130_fd_sc_hd__mux2_1)
     2    0.005783    0.051064    0.203150    0.829988 v _297_/X (sky130_fd_sc_hd__mux2_1)
                                                         _177_ (net)
                      0.051064    0.000000    0.829988 v _329_/A1 (sky130_fd_sc_hd__a21boi_2)
    22    0.074255    0.640166    0.502137    1.332125 ^ _329_/Y (sky130_fd_sc_hd__a21boi_2)
                                                         _198_ (net)
                      0.640166    0.000000    1.332125 ^ _462_/B (sky130_fd_sc_hd__nand4b_2)
     8    0.027520    0.228365    0.199185    1.531310 v _462_/Y (sky130_fd_sc_hd__nand4b_2)
                                                         _246_ (net)
                      0.228365    0.000000    1.531310 v _470_/S (sky130_fd_sc_hd__mux2_1)
     1    0.001783    0.035275    0.235200    1.766510 v _470_/X (sky130_fd_sc_hd__mux2_1)
                                                         _087_ (net)
                      0.035275    0.000000    1.766510 v _640_/D (sky130_fd_sc_hd__dfxtp_2)
                                              1.766510   data arrival time

                      0.000000   10.000000   10.000000   clock wclk (rise edge)
                                  0.000000   10.000000   clock network delay (ideal)
                                  0.000000   10.000000   clock reconvergence pessimism
                                             10.000000 ^ _640_/CLK (sky130_fd_sc_hd__dfxtp_2)
                                 -0.075475    9.924525   library setup time
                                              9.924525   data required time
---------------------------------------------------------------------------------------------
                                              9.924525   data required time
                                             -1.766510   data arrival time
---------------------------------------------------------------------------------------------
                                              8.158016   slack (MET)


Startpoint: _554_ (rising edge-triggered flip-flop clocked by wclk)
Endpoint: _674_ (rising edge-triggered flip-flop clocked by wclk)
Path Group: wclk
Path Type: max

Fanout         Cap        Slew       Delay        Time   Description
---------------------------------------------------------------------------------------------
                      0.000000    0.000000    0.000000   clock wclk (rise edge)
                                  0.000000    0.000000   clock network delay (ideal)
                      0.000000    0.000000    0.000000 ^ _554_/CLK (sky130_fd_sc_hd__dfrtp_2)
     2    0.016564    0.053994    0.260744    0.260744 v _554_/Q (sky130_fd_sc_hd__dfrtp_2)
                                                         r_ptr_gray_sync[4] (net)
                      0.053994    0.000000    0.260744 v _291_/A (sky130_fd_sc_hd__xor2_2)
     3    0.014847    0.057472    0.135771    0.396515 v _291_/X (sky130_fd_sc_hd__xor2_2)
                                                         _171_ (net)
                      0.057472    0.000000    0.396515 v _292_/B (sky130_fd_sc_hd__xnor2_2)
     3    0.014596    0.177598    0.156810    0.553325 ^ _292_/Y (sky130_fd_sc_hd__xnor2_2)
                                                         _172_ (net)
                      0.177598    0.000000    0.553325 ^ _293_/B (sky130_fd_sc_hd__xnor2_2)
     1    0.003686    0.083454    0.073513    0.626838 ^ _293_/Y (sky130_fd_sc_hd__xnor2_2)
                                                         _173_ (net)
                      0.083454    0.000000    0.626838 ^ _297_/S (sky130_fd_sc_hd__mux2_1)
     2    0.005783    0.051064    0.203150    0.829988 v _297_/X (sky130_fd_sc_hd__mux2_1)
                                                         _177_ (net)
                      0.051064    0.000000    0.829988 v _329_/A1 (sky130_fd_sc_hd__a21boi_2)
    22    0.074255    0.640166    0.502137    1.332125 ^ _329_/Y (sky130_fd_sc_hd__a21boi_2)
                                                         _198_ (net)
                      0.640166    0.000000    1.332125 ^ _498_/B (sky130_fd_sc_hd__nand4b_2)
     8    0.027520    0.228365    0.199185    1.531310 v _498_/Y (sky130_fd_sc_hd__nand4b_2)
                                                         _250_ (net)
                      0.228365    0.000000    1.531310 v _499_/S (sky130_fd_sc_hd__mux2_1)
     1    0.001783    0.035275    0.235200    1.766510 v _499_/X (sky130_fd_sc_hd__mux2_1)
                                                         _112_ (net)
                      0.035275    0.000000    1.766510 v _674_/D (sky130_fd_sc_hd__dfxtp_2)
                                              1.766510   data arrival time

                      0.000000   10.000000   10.000000   clock wclk (rise edge)
                                  0.000000   10.000000   clock network delay (ideal)
                                  0.000000   10.000000   clock reconvergence pessimism
                                             10.000000 ^ _674_/CLK (sky130_fd_sc_hd__dfxtp_2)
                                 -0.075475    9.924525   library setup time
                                              9.924525   data required time
---------------------------------------------------------------------------------------------
                                              9.924525   data required time
                                             -1.766510   data arrival time
---------------------------------------------------------------------------------------------
                                              8.158016   slack (MET)


Startpoint: _554_ (rising edge-triggered flip-flop clocked by wclk)
Endpoint: _675_ (rising edge-triggered flip-flop clocked by wclk)
Path Group: wclk
Path Type: max

Fanout         Cap        Slew       Delay        Time   Description
---------------------------------------------------------------------------------------------
                      0.000000    0.000000    0.000000   clock wclk (rise edge)
                                  0.000000    0.000000   clock network delay (ideal)
                      0.000000    0.000000    0.000000 ^ _554_/CLK (sky130_fd_sc_hd__dfrtp_2)
     2    0.016564    0.053994    0.260744    0.260744 v _554_/Q (sky130_fd_sc_hd__dfrtp_2)
                                                         r_ptr_gray_sync[4] (net)
                      0.053994    0.000000    0.260744 v _291_/A (sky130_fd_sc_hd__xor2_2)
     3    0.014847    0.057472    0.135771    0.396515 v _291_/X (sky130_fd_sc_hd__xor2_2)
                                                         _171_ (net)
                      0.057472    0.000000    0.396515 v _292_/B (sky130_fd_sc_hd__xnor2_2)
     3    0.014596    0.177598    0.156810    0.553325 ^ _292_/Y (sky130_fd_sc_hd__xnor2_2)
                                                         _172_ (net)
                      0.177598    0.000000    0.553325 ^ _293_/B (sky130_fd_sc_hd__xnor2_2)
     1    0.003686    0.083454    0.073513    0.626838 ^ _293_/Y (sky130_fd_sc_hd__xnor2_2)
                                                         _173_ (net)
                      0.083454    0.000000    0.626838 ^ _297_/S (sky130_fd_sc_hd__mux2_1)
     2    0.005783    0.051064    0.203150    0.829988 v _297_/X (sky130_fd_sc_hd__mux2_1)
                                                         _177_ (net)
                      0.051064    0.000000    0.829988 v _329_/A1 (sky130_fd_sc_hd__a21boi_2)
    22    0.074255    0.640166    0.502137    1.332125 ^ _329_/Y (sky130_fd_sc_hd__a21boi_2)
                                                         _198_ (net)
                      0.640166    0.000000    1.332125 ^ _498_/B (sky130_fd_sc_hd__nand4b_2)
     8    0.027520    0.228365    0.199185    1.531310 v _498_/Y (sky130_fd_sc_hd__nand4b_2)
                                                         _250_ (net)
                      0.228365    0.000000    1.531310 v _500_/S (sky130_fd_sc_hd__mux2_1)
     1    0.001783    0.035275    0.235200    1.766510 v _500_/X (sky130_fd_sc_hd__mux2_1)
                                                         _113_ (net)
                      0.035275    0.000000    1.766510 v _675_/D (sky130_fd_sc_hd__dfxtp_2)
                                              1.766510   data arrival time

                      0.000000   10.000000   10.000000   clock wclk (rise edge)
                                  0.000000   10.000000   clock network delay (ideal)
                                  0.000000   10.000000   clock reconvergence pessimism
                                             10.000000 ^ _675_/CLK (sky130_fd_sc_hd__dfxtp_2)
                                 -0.075475    9.924525   library setup time
                                              9.924525   data required time
---------------------------------------------------------------------------------------------
                                              9.924525   data required time
                                             -1.766510   data arrival time
---------------------------------------------------------------------------------------------
                                              8.158016   slack (MET)


Startpoint: _554_ (rising edge-triggered flip-flop clocked by wclk)
Endpoint: _676_ (rising edge-triggered flip-flop clocked by wclk)
Path Group: wclk
Path Type: max

Fanout         Cap        Slew       Delay        Time   Description
---------------------------------------------------------------------------------------------
                      0.000000    0.000000    0.000000   clock wclk (rise edge)
                                  0.000000    0.000000   clock network delay (ideal)
                      0.000000    0.000000    0.000000 ^ _554_/CLK (sky130_fd_sc_hd__dfrtp_2)
     2    0.016564    0.053994    0.260744    0.260744 v _554_/Q (sky130_fd_sc_hd__dfrtp_2)
                                                         r_ptr_gray_sync[4] (net)
                      0.053994    0.000000    0.260744 v _291_/A (sky130_fd_sc_hd__xor2_2)
     3    0.014847    0.057472    0.135771    0.396515 v _291_/X (sky130_fd_sc_hd__xor2_2)
                                                         _171_ (net)
                      0.057472    0.000000    0.396515 v _292_/B (sky130_fd_sc_hd__xnor2_2)
     3    0.014596    0.177598    0.156810    0.553325 ^ _292_/Y (sky130_fd_sc_hd__xnor2_2)
                                                         _172_ (net)
                      0.177598    0.000000    0.553325 ^ _293_/B (sky130_fd_sc_hd__xnor2_2)
     1    0.003686    0.083454    0.073513    0.626838 ^ _293_/Y (sky130_fd_sc_hd__xnor2_2)
                                                         _173_ (net)
                      0.083454    0.000000    0.626838 ^ _297_/S (sky130_fd_sc_hd__mux2_1)
     2    0.005783    0.051064    0.203150    0.829988 v _297_/X (sky130_fd_sc_hd__mux2_1)
                                                         _177_ (net)
                      0.051064    0.000000    0.829988 v _329_/A1 (sky130_fd_sc_hd__a21boi_2)
    22    0.074255    0.640166    0.502137    1.332125 ^ _329_/Y (sky130_fd_sc_hd__a21boi_2)
                                                         _198_ (net)
                      0.640166    0.000000    1.332125 ^ _498_/B (sky130_fd_sc_hd__nand4b_2)
     8    0.027520    0.228365    0.199185    1.531310 v _498_/Y (sky130_fd_sc_hd__nand4b_2)
                                                         _250_ (net)
                      0.228365    0.000000    1.531310 v _501_/S (sky130_fd_sc_hd__mux2_1)
     1    0.001783    0.035275    0.235200    1.766510 v _501_/X (sky130_fd_sc_hd__mux2_1)
                                                         _114_ (net)
                      0.035275    0.000000    1.766510 v _676_/D (sky130_fd_sc_hd__dfxtp_2)
                                              1.766510   data arrival time

                      0.000000   10.000000   10.000000   clock wclk (rise edge)
                                  0.000000   10.000000   clock network delay (ideal)
                                  0.000000   10.000000   clock reconvergence pessimism
                                             10.000000 ^ _676_/CLK (sky130_fd_sc_hd__dfxtp_2)
                                 -0.075475    9.924525   library setup time
                                              9.924525   data required time
---------------------------------------------------------------------------------------------
                                              9.924525   data required time
                                             -1.766510   data arrival time
---------------------------------------------------------------------------------------------
                                              8.158016   slack (MET)


Startpoint: _554_ (rising edge-triggered flip-flop clocked by wclk)
Endpoint: _677_ (rising edge-triggered flip-flop clocked by wclk)
Path Group: wclk
Path Type: max

Fanout         Cap        Slew       Delay        Time   Description
---------------------------------------------------------------------------------------------
                      0.000000    0.000000    0.000000   clock wclk (rise edge)
                                  0.000000    0.000000   clock network delay (ideal)
                      0.000000    0.000000    0.000000 ^ _554_/CLK (sky130_fd_sc_hd__dfrtp_2)
     2    0.016564    0.053994    0.260744    0.260744 v _554_/Q (sky130_fd_sc_hd__dfrtp_2)
                                                         r_ptr_gray_sync[4] (net)
                      0.053994    0.000000    0.260744 v _291_/A (sky130_fd_sc_hd__xor2_2)
     3    0.014847    0.057472    0.135771    0.396515 v _291_/X (sky130_fd_sc_hd__xor2_2)
                                                         _171_ (net)
                      0.057472    0.000000    0.396515 v _292_/B (sky130_fd_sc_hd__xnor2_2)
     3    0.014596    0.177598    0.156810    0.553325 ^ _292_/Y (sky130_fd_sc_hd__xnor2_2)
                                                         _172_ (net)
                      0.177598    0.000000    0.553325 ^ _293_/B (sky130_fd_sc_hd__xnor2_2)
     1    0.003686    0.083454    0.073513    0.626838 ^ _293_/Y (sky130_fd_sc_hd__xnor2_2)
                                                         _173_ (net)
                      0.083454    0.000000    0.626838 ^ _297_/S (sky130_fd_sc_hd__mux2_1)
     2    0.005783    0.051064    0.203150    0.829988 v _297_/X (sky130_fd_sc_hd__mux2_1)
                                                         _177_ (net)
                      0.051064    0.000000    0.829988 v _329_/A1 (sky130_fd_sc_hd__a21boi_2)
    22    0.074255    0.640166    0.502137    1.332125 ^ _329_/Y (sky130_fd_sc_hd__a21boi_2)
                                                         _198_ (net)
                      0.640166    0.000000    1.332125 ^ _498_/B (sky130_fd_sc_hd__nand4b_2)
     8    0.027520    0.228365    0.199185    1.531310 v _498_/Y (sky130_fd_sc_hd__nand4b_2)
                                                         _250_ (net)
                      0.228365    0.000000    1.531310 v _502_/S (sky130_fd_sc_hd__mux2_1)
     1    0.001783    0.035275    0.235200    1.766510 v _502_/X (sky130_fd_sc_hd__mux2_1)
                                                         _115_ (net)
                      0.035275    0.000000    1.766510 v _677_/D (sky130_fd_sc_hd__dfxtp_2)
                                              1.766510   data arrival time

                      0.000000   10.000000   10.000000   clock wclk (rise edge)
                                  0.000000   10.000000   clock network delay (ideal)
                                  0.000000   10.000000   clock reconvergence pessimism
                                             10.000000 ^ _677_/CLK (sky130_fd_sc_hd__dfxtp_2)
                                 -0.075475    9.924525   library setup time
                                              9.924525   data required time
---------------------------------------------------------------------------------------------
                                              9.924525   data required time
                                             -1.766510   data arrival time
---------------------------------------------------------------------------------------------
                                              8.158016   slack (MET)


Startpoint: _554_ (rising edge-triggered flip-flop clocked by wclk)
Endpoint: _678_ (rising edge-triggered flip-flop clocked by wclk)
Path Group: wclk
Path Type: max

Fanout         Cap        Slew       Delay        Time   Description
---------------------------------------------------------------------------------------------
                      0.000000    0.000000    0.000000   clock wclk (rise edge)
                                  0.000000    0.000000   clock network delay (ideal)
                      0.000000    0.000000    0.000000 ^ _554_/CLK (sky130_fd_sc_hd__dfrtp_2)
     2    0.016564    0.053994    0.260744    0.260744 v _554_/Q (sky130_fd_sc_hd__dfrtp_2)
                                                         r_ptr_gray_sync[4] (net)
                      0.053994    0.000000    0.260744 v _291_/A (sky130_fd_sc_hd__xor2_2)
     3    0.014847    0.057472    0.135771    0.396515 v _291_/X (sky130_fd_sc_hd__xor2_2)
                                                         _171_ (net)
                      0.057472    0.000000    0.396515 v _292_/B (sky130_fd_sc_hd__xnor2_2)
     3    0.014596    0.177598    0.156810    0.553325 ^ _292_/Y (sky130_fd_sc_hd__xnor2_2)
                                                         _172_ (net)
                      0.177598    0.000000    0.553325 ^ _293_/B (sky130_fd_sc_hd__xnor2_2)
     1    0.003686    0.083454    0.073513    0.626838 ^ _293_/Y (sky130_fd_sc_hd__xnor2_2)
                                                         _173_ (net)
                      0.083454    0.000000    0.626838 ^ _297_/S (sky130_fd_sc_hd__mux2_1)
     2    0.005783    0.051064    0.203150    0.829988 v _297_/X (sky130_fd_sc_hd__mux2_1)
                                                         _177_ (net)
                      0.051064    0.000000    0.829988 v _329_/A1 (sky130_fd_sc_hd__a21boi_2)
    22    0.074255    0.640166    0.502137    1.332125 ^ _329_/Y (sky130_fd_sc_hd__a21boi_2)
                                                         _198_ (net)
                      0.640166    0.000000    1.332125 ^ _498_/B (sky130_fd_sc_hd__nand4b_2)
     8    0.027520    0.228365    0.199185    1.531310 v _498_/Y (sky130_fd_sc_hd__nand4b_2)
                                                         _250_ (net)
                      0.228365    0.000000    1.531310 v _503_/S (sky130_fd_sc_hd__mux2_1)
     1    0.001783    0.035275    0.235200    1.766510 v _503_/X (sky130_fd_sc_hd__mux2_1)
                                                         _116_ (net)
                      0.035275    0.000000    1.766510 v _678_/D (sky130_fd_sc_hd__dfxtp_2)
                                              1.766510   data arrival time

                      0.000000   10.000000   10.000000   clock wclk (rise edge)
                                  0.000000   10.000000   clock network delay (ideal)
                                  0.000000   10.000000   clock reconvergence pessimism
                                             10.000000 ^ _678_/CLK (sky130_fd_sc_hd__dfxtp_2)
                                 -0.075475    9.924525   library setup time
                                              9.924525   data required time
---------------------------------------------------------------------------------------------
                                              9.924525   data required time
                                             -1.766510   data arrival time
---------------------------------------------------------------------------------------------
                                              8.158016   slack (MET)


Startpoint: _554_ (rising edge-triggered flip-flop clocked by wclk)
Endpoint: _679_ (rising edge-triggered flip-flop clocked by wclk)
Path Group: wclk
Path Type: max

Fanout         Cap        Slew       Delay        Time   Description
---------------------------------------------------------------------------------------------
                      0.000000    0.000000    0.000000   clock wclk (rise edge)
                                  0.000000    0.000000   clock network delay (ideal)
                      0.000000    0.000000    0.000000 ^ _554_/CLK (sky130_fd_sc_hd__dfrtp_2)
     2    0.016564    0.053994    0.260744    0.260744 v _554_/Q (sky130_fd_sc_hd__dfrtp_2)
                                                         r_ptr_gray_sync[4] (net)
                      0.053994    0.000000    0.260744 v _291_/A (sky130_fd_sc_hd__xor2_2)
     3    0.014847    0.057472    0.135771    0.396515 v _291_/X (sky130_fd_sc_hd__xor2_2)
                                                         _171_ (net)
                      0.057472    0.000000    0.396515 v _292_/B (sky130_fd_sc_hd__xnor2_2)
     3    0.014596    0.177598    0.156810    0.553325 ^ _292_/Y (sky130_fd_sc_hd__xnor2_2)
                                                         _172_ (net)
                      0.177598    0.000000    0.553325 ^ _293_/B (sky130_fd_sc_hd__xnor2_2)
     1    0.003686    0.083454    0.073513    0.626838 ^ _293_/Y (sky130_fd_sc_hd__xnor2_2)
                                                         _173_ (net)
                      0.083454    0.000000    0.626838 ^ _297_/S (sky130_fd_sc_hd__mux2_1)
     2    0.005783    0.051064    0.203150    0.829988 v _297_/X (sky130_fd_sc_hd__mux2_1)
                                                         _177_ (net)
                      0.051064    0.000000    0.829988 v _329_/A1 (sky130_fd_sc_hd__a21boi_2)
    22    0.074255    0.640166    0.502137    1.332125 ^ _329_/Y (sky130_fd_sc_hd__a21boi_2)
                                                         _198_ (net)
                      0.640166    0.000000    1.332125 ^ _498_/B (sky130_fd_sc_hd__nand4b_2)
     8    0.027520    0.228365    0.199185    1.531310 v _498_/Y (sky130_fd_sc_hd__nand4b_2)
                                                         _250_ (net)
                      0.228365    0.000000    1.531310 v _504_/S (sky130_fd_sc_hd__mux2_1)
     1    0.001783    0.035275    0.235200    1.766510 v _504_/X (sky130_fd_sc_hd__mux2_1)
                                                         _117_ (net)
                      0.035275    0.000000    1.766510 v _679_/D (sky130_fd_sc_hd__dfxtp_2)
                                              1.766510   data arrival time

                      0.000000   10.000000   10.000000   clock wclk (rise edge)
                                  0.000000   10.000000   clock network delay (ideal)
                                  0.000000   10.000000   clock reconvergence pessimism
                                             10.000000 ^ _679_/CLK (sky130_fd_sc_hd__dfxtp_2)
                                 -0.075475    9.924525   library setup time
                                              9.924525   data required time
---------------------------------------------------------------------------------------------
                                              9.924525   data required time
                                             -1.766510   data arrival time
---------------------------------------------------------------------------------------------
                                              8.158016   slack (MET)


Startpoint: _554_ (rising edge-triggered flip-flop clocked by wclk)
Endpoint: _680_ (rising edge-triggered flip-flop clocked by wclk)
Path Group: wclk
Path Type: max

Fanout         Cap        Slew       Delay        Time   Description
---------------------------------------------------------------------------------------------
                      0.000000    0.000000    0.000000   clock wclk (rise edge)
                                  0.000000    0.000000   clock network delay (ideal)
                      0.000000    0.000000    0.000000 ^ _554_/CLK (sky130_fd_sc_hd__dfrtp_2)
     2    0.016564    0.053994    0.260744    0.260744 v _554_/Q (sky130_fd_sc_hd__dfrtp_2)
                                                         r_ptr_gray_sync[4] (net)
                      0.053994    0.000000    0.260744 v _291_/A (sky130_fd_sc_hd__xor2_2)
     3    0.014847    0.057472    0.135771    0.396515 v _291_/X (sky130_fd_sc_hd__xor2_2)
                                                         _171_ (net)
                      0.057472    0.000000    0.396515 v _292_/B (sky130_fd_sc_hd__xnor2_2)
     3    0.014596    0.177598    0.156810    0.553325 ^ _292_/Y (sky130_fd_sc_hd__xnor2_2)
                                                         _172_ (net)
                      0.177598    0.000000    0.553325 ^ _293_/B (sky130_fd_sc_hd__xnor2_2)
     1    0.003686    0.083454    0.073513    0.626838 ^ _293_/Y (sky130_fd_sc_hd__xnor2_2)
                                                         _173_ (net)
                      0.083454    0.000000    0.626838 ^ _297_/S (sky130_fd_sc_hd__mux2_1)
     2    0.005783    0.051064    0.203150    0.829988 v _297_/X (sky130_fd_sc_hd__mux2_1)
                                                         _177_ (net)
                      0.051064    0.000000    0.829988 v _329_/A1 (sky130_fd_sc_hd__a21boi_2)
    22    0.074255    0.640166    0.502137    1.332125 ^ _329_/Y (sky130_fd_sc_hd__a21boi_2)
                                                         _198_ (net)
                      0.640166    0.000000    1.332125 ^ _498_/B (sky130_fd_sc_hd__nand4b_2)
     8    0.027520    0.228365    0.199185    1.531310 v _498_/Y (sky130_fd_sc_hd__nand4b_2)
                                                         _250_ (net)
                      0.228365    0.000000    1.531310 v _505_/S (sky130_fd_sc_hd__mux2_1)
     1    0.001783    0.035275    0.235200    1.766510 v _505_/X (sky130_fd_sc_hd__mux2_1)
                                                         _118_ (net)
                      0.035275    0.000000    1.766510 v _680_/D (sky130_fd_sc_hd__dfxtp_2)
                                              1.766510   data arrival time

                      0.000000   10.000000   10.000000   clock wclk (rise edge)
                                  0.000000   10.000000   clock network delay (ideal)
                                  0.000000   10.000000   clock reconvergence pessimism
                                             10.000000 ^ _680_/CLK (sky130_fd_sc_hd__dfxtp_2)
                                 -0.075475    9.924525   library setup time
                                              9.924525   data required time
---------------------------------------------------------------------------------------------
                                              9.924525   data required time
                                             -1.766510   data arrival time
---------------------------------------------------------------------------------------------
                                              8.158016   slack (MET)


Startpoint: _554_ (rising edge-triggered flip-flop clocked by wclk)
Endpoint: _681_ (rising edge-triggered flip-flop clocked by wclk)
Path Group: wclk
Path Type: max

Fanout         Cap        Slew       Delay        Time   Description
---------------------------------------------------------------------------------------------
                      0.000000    0.000000    0.000000   clock wclk (rise edge)
                                  0.000000    0.000000   clock network delay (ideal)
                      0.000000    0.000000    0.000000 ^ _554_/CLK (sky130_fd_sc_hd__dfrtp_2)
     2    0.016564    0.053994    0.260744    0.260744 v _554_/Q (sky130_fd_sc_hd__dfrtp_2)
                                                         r_ptr_gray_sync[4] (net)
                      0.053994    0.000000    0.260744 v _291_/A (sky130_fd_sc_hd__xor2_2)
     3    0.014847    0.057472    0.135771    0.396515 v _291_/X (sky130_fd_sc_hd__xor2_2)
                                                         _171_ (net)
                      0.057472    0.000000    0.396515 v _292_/B (sky130_fd_sc_hd__xnor2_2)
     3    0.014596    0.177598    0.156810    0.553325 ^ _292_/Y (sky130_fd_sc_hd__xnor2_2)
                                                         _172_ (net)
                      0.177598    0.000000    0.553325 ^ _293_/B (sky130_fd_sc_hd__xnor2_2)
     1    0.003686    0.083454    0.073513    0.626838 ^ _293_/Y (sky130_fd_sc_hd__xnor2_2)
                                                         _173_ (net)
                      0.083454    0.000000    0.626838 ^ _297_/S (sky130_fd_sc_hd__mux2_1)
     2    0.005783    0.051064    0.203150    0.829988 v _297_/X (sky130_fd_sc_hd__mux2_1)
                                                         _177_ (net)
                      0.051064    0.000000    0.829988 v _329_/A1 (sky130_fd_sc_hd__a21boi_2)
    22    0.074255    0.640166    0.502137    1.332125 ^ _329_/Y (sky130_fd_sc_hd__a21boi_2)
                                                         _198_ (net)
                      0.640166    0.000000    1.332125 ^ _498_/B (sky130_fd_sc_hd__nand4b_2)
     8    0.027520    0.228365    0.199185    1.531310 v _498_/Y (sky130_fd_sc_hd__nand4b_2)
                                                         _250_ (net)
                      0.228365    0.000000    1.531310 v _506_/S (sky130_fd_sc_hd__mux2_1)
     1    0.001783    0.035275    0.235200    1.766510 v _506_/X (sky130_fd_sc_hd__mux2_1)
                                                         _119_ (net)
                      0.035275    0.000000    1.766510 v _681_/D (sky130_fd_sc_hd__dfxtp_2)
                                              1.766510   data arrival time

                      0.000000   10.000000   10.000000   clock wclk (rise edge)
                                  0.000000   10.000000   clock network delay (ideal)
                                  0.000000   10.000000   clock reconvergence pessimism
                                             10.000000 ^ _681_/CLK (sky130_fd_sc_hd__dfxtp_2)
                                 -0.075475    9.924525   library setup time
                                              9.924525   data required time
---------------------------------------------------------------------------------------------
                                              9.924525   data required time
                                             -1.766510   data arrival time
---------------------------------------------------------------------------------------------
                                              8.158016   slack (MET)


Startpoint: _554_ (rising edge-triggered flip-flop clocked by wclk)
Endpoint: _584_ (rising edge-triggered flip-flop clocked by wclk)
Path Group: wclk
Path Type: max

Fanout         Cap        Slew       Delay        Time   Description
---------------------------------------------------------------------------------------------
                      0.000000    0.000000    0.000000   clock wclk (rise edge)
                                  0.000000    0.000000   clock network delay (ideal)
                      0.000000    0.000000    0.000000 ^ _554_/CLK (sky130_fd_sc_hd__dfrtp_2)
     2    0.016564    0.053994    0.260744    0.260744 v _554_/Q (sky130_fd_sc_hd__dfrtp_2)
                                                         r_ptr_gray_sync[4] (net)
                      0.053994    0.000000    0.260744 v _291_/A (sky130_fd_sc_hd__xor2_2)
     3    0.014847    0.057472    0.135771    0.396515 v _291_/X (sky130_fd_sc_hd__xor2_2)
                                                         _171_ (net)
                      0.057472    0.000000    0.396515 v _292_/B (sky130_fd_sc_hd__xnor2_2)
     3    0.014596    0.177598    0.156810    0.553325 ^ _292_/Y (sky130_fd_sc_hd__xnor2_2)
                                                         _172_ (net)
                      0.177598    0.000000    0.553325 ^ _293_/B (sky130_fd_sc_hd__xnor2_2)
     1    0.003686    0.083454    0.073513    0.626838 ^ _293_/Y (sky130_fd_sc_hd__xnor2_2)
                                                         _173_ (net)
                      0.083454    0.000000    0.626838 ^ _297_/S (sky130_fd_sc_hd__mux2_1)
     2    0.005783    0.051064    0.203150    0.829988 v _297_/X (sky130_fd_sc_hd__mux2_1)
                                                         _177_ (net)
                      0.051064    0.000000    0.829988 v _329_/A1 (sky130_fd_sc_hd__a21boi_2)
    22    0.074255    0.640166    0.502137    1.332125 ^ _329_/Y (sky130_fd_sc_hd__a21boi_2)
                                                         _198_ (net)
                      0.640166    0.000000    1.332125 ^ _415_/C (sky130_fd_sc_hd__nand4_2)
     8    0.027520    0.206982    0.167331    1.499456 v _415_/Y (sky130_fd_sc_hd__nand4_2)
                                                         _239_ (net)
                      0.206982    0.000000    1.499456 v _416_/S (sky130_fd_sc_hd__mux2_1)
     1    0.001783    0.035098    0.228243    1.727700 v _416_/X (sky130_fd_sc_hd__mux2_1)
                                                         _040_ (net)
                      0.035098    0.000000    1.727700 v _584_/D (sky130_fd_sc_hd__dfxtp_2)
                                              1.727700   data arrival time

                      0.000000   10.000000   10.000000   clock wclk (rise edge)
                                  0.000000   10.000000   clock network delay (ideal)
                                  0.000000   10.000000   clock reconvergence pessimism
                                             10.000000 ^ _584_/CLK (sky130_fd_sc_hd__dfxtp_2)
                                 -0.075411    9.924588   library setup time
                                              9.924588   data required time
---------------------------------------------------------------------------------------------
                                              9.924588   data required time
                                             -1.727700   data arrival time
---------------------------------------------------------------------------------------------
                                              8.196889   slack (MET)


Startpoint: _554_ (rising edge-triggered flip-flop clocked by wclk)
Endpoint: _585_ (rising edge-triggered flip-flop clocked by wclk)
Path Group: wclk
Path Type: max

Fanout         Cap        Slew       Delay        Time   Description
---------------------------------------------------------------------------------------------
                      0.000000    0.000000    0.000000   clock wclk (rise edge)
                                  0.000000    0.000000   clock network delay (ideal)
                      0.000000    0.000000    0.000000 ^ _554_/CLK (sky130_fd_sc_hd__dfrtp_2)
     2    0.016564    0.053994    0.260744    0.260744 v _554_/Q (sky130_fd_sc_hd__dfrtp_2)
                                                         r_ptr_gray_sync[4] (net)
                      0.053994    0.000000    0.260744 v _291_/A (sky130_fd_sc_hd__xor2_2)
     3    0.014847    0.057472    0.135771    0.396515 v _291_/X (sky130_fd_sc_hd__xor2_2)
                                                         _171_ (net)
                      0.057472    0.000000    0.396515 v _292_/B (sky130_fd_sc_hd__xnor2_2)
     3    0.014596    0.177598    0.156810    0.553325 ^ _292_/Y (sky130_fd_sc_hd__xnor2_2)
                                                         _172_ (net)
                      0.177598    0.000000    0.553325 ^ _293_/B (sky130_fd_sc_hd__xnor2_2)
     1    0.003686    0.083454    0.073513    0.626838 ^ _293_/Y (sky130_fd_sc_hd__xnor2_2)
                                                         _173_ (net)
                      0.083454    0.000000    0.626838 ^ _297_/S (sky130_fd_sc_hd__mux2_1)
     2    0.005783    0.051064    0.203150    0.829988 v _297_/X (sky130_fd_sc_hd__mux2_1)
                                                         _177_ (net)
                      0.051064    0.000000    0.829988 v _329_/A1 (sky130_fd_sc_hd__a21boi_2)
    22    0.074255    0.640166    0.502137    1.332125 ^ _329_/Y (sky130_fd_sc_hd__a21boi_2)
                                                         _198_ (net)
                      0.640166    0.000000    1.332125 ^ _415_/C (sky130_fd_sc_hd__nand4_2)
     8    0.027520    0.206982    0.167331    1.499456 v _415_/Y (sky130_fd_sc_hd__nand4_2)
                                                         _239_ (net)
                      0.206982    0.000000    1.499456 v _417_/S (sky130_fd_sc_hd__mux2_1)
     1    0.001783    0.035098    0.228243    1.727700 v _417_/X (sky130_fd_sc_hd__mux2_1)
                                                         _041_ (net)
                      0.035098    0.000000    1.727700 v _585_/D (sky130_fd_sc_hd__dfxtp_2)
                                              1.727700   data arrival time

                      0.000000   10.000000   10.000000   clock wclk (rise edge)
                                  0.000000   10.000000   clock network delay (ideal)
                                  0.000000   10.000000   clock reconvergence pessimism
                                             10.000000 ^ _585_/CLK (sky130_fd_sc_hd__dfxtp_2)
                                 -0.075411    9.924588   library setup time
                                              9.924588   data required time
---------------------------------------------------------------------------------------------
                                              9.924588   data required time
                                             -1.727700   data arrival time
---------------------------------------------------------------------------------------------
                                              8.196889   slack (MET)


Startpoint: _554_ (rising edge-triggered flip-flop clocked by wclk)
Endpoint: _586_ (rising edge-triggered flip-flop clocked by wclk)
Path Group: wclk
Path Type: max

Fanout         Cap        Slew       Delay        Time   Description
---------------------------------------------------------------------------------------------
                      0.000000    0.000000    0.000000   clock wclk (rise edge)
                                  0.000000    0.000000   clock network delay (ideal)
                      0.000000    0.000000    0.000000 ^ _554_/CLK (sky130_fd_sc_hd__dfrtp_2)
     2    0.016564    0.053994    0.260744    0.260744 v _554_/Q (sky130_fd_sc_hd__dfrtp_2)
                                                         r_ptr_gray_sync[4] (net)
                      0.053994    0.000000    0.260744 v _291_/A (sky130_fd_sc_hd__xor2_2)
     3    0.014847    0.057472    0.135771    0.396515 v _291_/X (sky130_fd_sc_hd__xor2_2)
                                                         _171_ (net)
                      0.057472    0.000000    0.396515 v _292_/B (sky130_fd_sc_hd__xnor2_2)
     3    0.014596    0.177598    0.156810    0.553325 ^ _292_/Y (sky130_fd_sc_hd__xnor2_2)
                                                         _172_ (net)
                      0.177598    0.000000    0.553325 ^ _293_/B (sky130_fd_sc_hd__xnor2_2)
     1    0.003686    0.083454    0.073513    0.626838 ^ _293_/Y (sky130_fd_sc_hd__xnor2_2)
                                                         _173_ (net)
                      0.083454    0.000000    0.626838 ^ _297_/S (sky130_fd_sc_hd__mux2_1)
     2    0.005783    0.051064    0.203150    0.829988 v _297_/X (sky130_fd_sc_hd__mux2_1)
                                                         _177_ (net)
                      0.051064    0.000000    0.829988 v _329_/A1 (sky130_fd_sc_hd__a21boi_2)
    22    0.074255    0.640166    0.502137    1.332125 ^ _329_/Y (sky130_fd_sc_hd__a21boi_2)
                                                         _198_ (net)
                      0.640166    0.000000    1.332125 ^ _415_/C (sky130_fd_sc_hd__nand4_2)
     8    0.027520    0.206982    0.167331    1.499456 v _415_/Y (sky130_fd_sc_hd__nand4_2)
                                                         _239_ (net)
                      0.206982    0.000000    1.499456 v _418_/S (sky130_fd_sc_hd__mux2_1)
     1    0.001783    0.035098    0.228243    1.727700 v _418_/X (sky130_fd_sc_hd__mux2_1)
                                                         _042_ (net)
                      0.035098    0.000000    1.727700 v _586_/D (sky130_fd_sc_hd__dfxtp_2)
                                              1.727700   data arrival time

                      0.000000   10.000000   10.000000   clock wclk (rise edge)
                                  0.000000   10.000000   clock network delay (ideal)
                                  0.000000   10.000000   clock reconvergence pessimism
                                             10.000000 ^ _586_/CLK (sky130_fd_sc_hd__dfxtp_2)
                                 -0.075411    9.924588   library setup time
                                              9.924588   data required time
---------------------------------------------------------------------------------------------
                                              9.924588   data required time
                                             -1.727700   data arrival time
---------------------------------------------------------------------------------------------
                                              8.196889   slack (MET)


Startpoint: _554_ (rising edge-triggered flip-flop clocked by wclk)
Endpoint: _587_ (rising edge-triggered flip-flop clocked by wclk)
Path Group: wclk
Path Type: max

Fanout         Cap        Slew       Delay        Time   Description
---------------------------------------------------------------------------------------------
                      0.000000    0.000000    0.000000   clock wclk (rise edge)
                                  0.000000    0.000000   clock network delay (ideal)
                      0.000000    0.000000    0.000000 ^ _554_/CLK (sky130_fd_sc_hd__dfrtp_2)
     2    0.016564    0.053994    0.260744    0.260744 v _554_/Q (sky130_fd_sc_hd__dfrtp_2)
                                                         r_ptr_gray_sync[4] (net)
                      0.053994    0.000000    0.260744 v _291_/A (sky130_fd_sc_hd__xor2_2)
     3    0.014847    0.057472    0.135771    0.396515 v _291_/X (sky130_fd_sc_hd__xor2_2)
                                                         _171_ (net)
                      0.057472    0.000000    0.396515 v _292_/B (sky130_fd_sc_hd__xnor2_2)
     3    0.014596    0.177598    0.156810    0.553325 ^ _292_/Y (sky130_fd_sc_hd__xnor2_2)
                                                         _172_ (net)
                      0.177598    0.000000    0.553325 ^ _293_/B (sky130_fd_sc_hd__xnor2_2)
     1    0.003686    0.083454    0.073513    0.626838 ^ _293_/Y (sky130_fd_sc_hd__xnor2_2)
                                                         _173_ (net)
                      0.083454    0.000000    0.626838 ^ _297_/S (sky130_fd_sc_hd__mux2_1)
     2    0.005783    0.051064    0.203150    0.829988 v _297_/X (sky130_fd_sc_hd__mux2_1)
                                                         _177_ (net)
                      0.051064    0.000000    0.829988 v _329_/A1 (sky130_fd_sc_hd__a21boi_2)
    22    0.074255    0.640166    0.502137    1.332125 ^ _329_/Y (sky130_fd_sc_hd__a21boi_2)
                                                         _198_ (net)
                      0.640166    0.000000    1.332125 ^ _415_/C (sky130_fd_sc_hd__nand4_2)
     8    0.027520    0.206982    0.167331    1.499456 v _415_/Y (sky130_fd_sc_hd__nand4_2)
                                                         _239_ (net)
                      0.206982    0.000000    1.499456 v _419_/S (sky130_fd_sc_hd__mux2_1)
     1    0.001783    0.035098    0.228243    1.727700 v _419_/X (sky130_fd_sc_hd__mux2_1)
                                                         _043_ (net)
                      0.035098    0.000000    1.727700 v _587_/D (sky130_fd_sc_hd__dfxtp_2)
                                              1.727700   data arrival time

                      0.000000   10.000000   10.000000   clock wclk (rise edge)
                                  0.000000   10.000000   clock network delay (ideal)
                                  0.000000   10.000000   clock reconvergence pessimism
                                             10.000000 ^ _587_/CLK (sky130_fd_sc_hd__dfxtp_2)
                                 -0.075411    9.924588   library setup time
                                              9.924588   data required time
---------------------------------------------------------------------------------------------
                                              9.924588   data required time
                                             -1.727700   data arrival time
---------------------------------------------------------------------------------------------
                                              8.196889   slack (MET)


Startpoint: _554_ (rising edge-triggered flip-flop clocked by wclk)
Endpoint: _588_ (rising edge-triggered flip-flop clocked by wclk)
Path Group: wclk
Path Type: max

Fanout         Cap        Slew       Delay        Time   Description
---------------------------------------------------------------------------------------------
                      0.000000    0.000000    0.000000   clock wclk (rise edge)
                                  0.000000    0.000000   clock network delay (ideal)
                      0.000000    0.000000    0.000000 ^ _554_/CLK (sky130_fd_sc_hd__dfrtp_2)
     2    0.016564    0.053994    0.260744    0.260744 v _554_/Q (sky130_fd_sc_hd__dfrtp_2)
                                                         r_ptr_gray_sync[4] (net)
                      0.053994    0.000000    0.260744 v _291_/A (sky130_fd_sc_hd__xor2_2)
     3    0.014847    0.057472    0.135771    0.396515 v _291_/X (sky130_fd_sc_hd__xor2_2)
                                                         _171_ (net)
                      0.057472    0.000000    0.396515 v _292_/B (sky130_fd_sc_hd__xnor2_2)
     3    0.014596    0.177598    0.156810    0.553325 ^ _292_/Y (sky130_fd_sc_hd__xnor2_2)
                                                         _172_ (net)
                      0.177598    0.000000    0.553325 ^ _293_/B (sky130_fd_sc_hd__xnor2_2)
     1    0.003686    0.083454    0.073513    0.626838 ^ _293_/Y (sky130_fd_sc_hd__xnor2_2)
                                                         _173_ (net)
                      0.083454    0.000000    0.626838 ^ _297_/S (sky130_fd_sc_hd__mux2_1)
     2    0.005783    0.051064    0.203150    0.829988 v _297_/X (sky130_fd_sc_hd__mux2_1)
                                                         _177_ (net)
                      0.051064    0.000000    0.829988 v _329_/A1 (sky130_fd_sc_hd__a21boi_2)
    22    0.074255    0.640166    0.502137    1.332125 ^ _329_/Y (sky130_fd_sc_hd__a21boi_2)
                                                         _198_ (net)
                      0.640166    0.000000    1.332125 ^ _415_/C (sky130_fd_sc_hd__nand4_2)
     8    0.027520    0.206982    0.167331    1.499456 v _415_/Y (sky130_fd_sc_hd__nand4_2)
                                                         _239_ (net)
                      0.206982    0.000000    1.499456 v _420_/S (sky130_fd_sc_hd__mux2_1)
     1    0.001783    0.035098    0.228243    1.727700 v _420_/X (sky130_fd_sc_hd__mux2_1)
                                                         _044_ (net)
                      0.035098    0.000000    1.727700 v _588_/D (sky130_fd_sc_hd__dfxtp_2)
                                              1.727700   data arrival time

                      0.000000   10.000000   10.000000   clock wclk (rise edge)
                                  0.000000   10.000000   clock network delay (ideal)
                                  0.000000   10.000000   clock reconvergence pessimism
                                             10.000000 ^ _588_/CLK (sky130_fd_sc_hd__dfxtp_2)
                                 -0.075411    9.924588   library setup time
                                              9.924588   data required time
---------------------------------------------------------------------------------------------
                                              9.924588   data required time
                                             -1.727700   data arrival time
---------------------------------------------------------------------------------------------
                                              8.196889   slack (MET)


Startpoint: _554_ (rising edge-triggered flip-flop clocked by wclk)
Endpoint: _589_ (rising edge-triggered flip-flop clocked by wclk)
Path Group: wclk
Path Type: max

Fanout         Cap        Slew       Delay        Time   Description
---------------------------------------------------------------------------------------------
                      0.000000    0.000000    0.000000   clock wclk (rise edge)
                                  0.000000    0.000000   clock network delay (ideal)
                      0.000000    0.000000    0.000000 ^ _554_/CLK (sky130_fd_sc_hd__dfrtp_2)
     2    0.016564    0.053994    0.260744    0.260744 v _554_/Q (sky130_fd_sc_hd__dfrtp_2)
                                                         r_ptr_gray_sync[4] (net)
                      0.053994    0.000000    0.260744 v _291_/A (sky130_fd_sc_hd__xor2_2)
     3    0.014847    0.057472    0.135771    0.396515 v _291_/X (sky130_fd_sc_hd__xor2_2)
                                                         _171_ (net)
                      0.057472    0.000000    0.396515 v _292_/B (sky130_fd_sc_hd__xnor2_2)
     3    0.014596    0.177598    0.156810    0.553325 ^ _292_/Y (sky130_fd_sc_hd__xnor2_2)
                                                         _172_ (net)
                      0.177598    0.000000    0.553325 ^ _293_/B (sky130_fd_sc_hd__xnor2_2)
     1    0.003686    0.083454    0.073513    0.626838 ^ _293_/Y (sky130_fd_sc_hd__xnor2_2)
                                                         _173_ (net)
                      0.083454    0.000000    0.626838 ^ _297_/S (sky130_fd_sc_hd__mux2_1)
     2    0.005783    0.051064    0.203150    0.829988 v _297_/X (sky130_fd_sc_hd__mux2_1)
                                                         _177_ (net)
                      0.051064    0.000000    0.829988 v _329_/A1 (sky130_fd_sc_hd__a21boi_2)
    22    0.074255    0.640166    0.502137    1.332125 ^ _329_/Y (sky130_fd_sc_hd__a21boi_2)
                                                         _198_ (net)
                      0.640166    0.000000    1.332125 ^ _415_/C (sky130_fd_sc_hd__nand4_2)
     8    0.027520    0.206982    0.167331    1.499456 v _415_/Y (sky130_fd_sc_hd__nand4_2)
                                                         _239_ (net)
                      0.206982    0.000000    1.499456 v _421_/S (sky130_fd_sc_hd__mux2_1)
     1    0.001783    0.035098    0.228243    1.727700 v _421_/X (sky130_fd_sc_hd__mux2_1)
                                                         _045_ (net)
                      0.035098    0.000000    1.727700 v _589_/D (sky130_fd_sc_hd__dfxtp_2)
                                              1.727700   data arrival time

                      0.000000   10.000000   10.000000   clock wclk (rise edge)
                                  0.000000   10.000000   clock network delay (ideal)
                                  0.000000   10.000000   clock reconvergence pessimism
                                             10.000000 ^ _589_/CLK (sky130_fd_sc_hd__dfxtp_2)
                                 -0.075411    9.924588   library setup time
                                              9.924588   data required time
---------------------------------------------------------------------------------------------
                                              9.924588   data required time
                                             -1.727700   data arrival time
---------------------------------------------------------------------------------------------
                                              8.196889   slack (MET)


Startpoint: _554_ (rising edge-triggered flip-flop clocked by wclk)
Endpoint: _590_ (rising edge-triggered flip-flop clocked by wclk)
Path Group: wclk
Path Type: max

Fanout         Cap        Slew       Delay        Time   Description
---------------------------------------------------------------------------------------------
                      0.000000    0.000000    0.000000   clock wclk (rise edge)
                                  0.000000    0.000000   clock network delay (ideal)
                      0.000000    0.000000    0.000000 ^ _554_/CLK (sky130_fd_sc_hd__dfrtp_2)
     2    0.016564    0.053994    0.260744    0.260744 v _554_/Q (sky130_fd_sc_hd__dfrtp_2)
                                                         r_ptr_gray_sync[4] (net)
                      0.053994    0.000000    0.260744 v _291_/A (sky130_fd_sc_hd__xor2_2)
     3    0.014847    0.057472    0.135771    0.396515 v _291_/X (sky130_fd_sc_hd__xor2_2)
                                                         _171_ (net)
                      0.057472    0.000000    0.396515 v _292_/B (sky130_fd_sc_hd__xnor2_2)
     3    0.014596    0.177598    0.156810    0.553325 ^ _292_/Y (sky130_fd_sc_hd__xnor2_2)
                                                         _172_ (net)
                      0.177598    0.000000    0.553325 ^ _293_/B (sky130_fd_sc_hd__xnor2_2)
     1    0.003686    0.083454    0.073513    0.626838 ^ _293_/Y (sky130_fd_sc_hd__xnor2_2)
                                                         _173_ (net)
                      0.083454    0.000000    0.626838 ^ _297_/S (sky130_fd_sc_hd__mux2_1)
     2    0.005783    0.051064    0.203150    0.829988 v _297_/X (sky130_fd_sc_hd__mux2_1)
                                                         _177_ (net)
                      0.051064    0.000000    0.829988 v _329_/A1 (sky130_fd_sc_hd__a21boi_2)
    22    0.074255    0.640166    0.502137    1.332125 ^ _329_/Y (sky130_fd_sc_hd__a21boi_2)
                                                         _198_ (net)
                      0.640166    0.000000    1.332125 ^ _415_/C (sky130_fd_sc_hd__nand4_2)
     8    0.027520    0.206982    0.167331    1.499456 v _415_/Y (sky130_fd_sc_hd__nand4_2)
                                                         _239_ (net)
                      0.206982    0.000000    1.499456 v _422_/S (sky130_fd_sc_hd__mux2_1)
     1    0.001783    0.035098    0.228243    1.727700 v _422_/X (sky130_fd_sc_hd__mux2_1)
                                                         _046_ (net)
                      0.035098    0.000000    1.727700 v _590_/D (sky130_fd_sc_hd__dfxtp_2)
                                              1.727700   data arrival time

                      0.000000   10.000000   10.000000   clock wclk (rise edge)
                                  0.000000   10.000000   clock network delay (ideal)
                                  0.000000   10.000000   clock reconvergence pessimism
                                             10.000000 ^ _590_/CLK (sky130_fd_sc_hd__dfxtp_2)
                                 -0.075411    9.924588   library setup time
                                              9.924588   data required time
---------------------------------------------------------------------------------------------
                                              9.924588   data required time
                                             -1.727700   data arrival time
---------------------------------------------------------------------------------------------
                                              8.196889   slack (MET)


Startpoint: _554_ (rising edge-triggered flip-flop clocked by wclk)
Endpoint: _591_ (rising edge-triggered flip-flop clocked by wclk)
Path Group: wclk
Path Type: max

Fanout         Cap        Slew       Delay        Time   Description
---------------------------------------------------------------------------------------------
                      0.000000    0.000000    0.000000   clock wclk (rise edge)
                                  0.000000    0.000000   clock network delay (ideal)
                      0.000000    0.000000    0.000000 ^ _554_/CLK (sky130_fd_sc_hd__dfrtp_2)
     2    0.016564    0.053994    0.260744    0.260744 v _554_/Q (sky130_fd_sc_hd__dfrtp_2)
                                                         r_ptr_gray_sync[4] (net)
                      0.053994    0.000000    0.260744 v _291_/A (sky130_fd_sc_hd__xor2_2)
     3    0.014847    0.057472    0.135771    0.396515 v _291_/X (sky130_fd_sc_hd__xor2_2)
                                                         _171_ (net)
                      0.057472    0.000000    0.396515 v _292_/B (sky130_fd_sc_hd__xnor2_2)
     3    0.014596    0.177598    0.156810    0.553325 ^ _292_/Y (sky130_fd_sc_hd__xnor2_2)
                                                         _172_ (net)
                      0.177598    0.000000    0.553325 ^ _293_/B (sky130_fd_sc_hd__xnor2_2)
     1    0.003686    0.083454    0.073513    0.626838 ^ _293_/Y (sky130_fd_sc_hd__xnor2_2)
                                                         _173_ (net)
                      0.083454    0.000000    0.626838 ^ _297_/S (sky130_fd_sc_hd__mux2_1)
     2    0.005783    0.051064    0.203150    0.829988 v _297_/X (sky130_fd_sc_hd__mux2_1)
                                                         _177_ (net)
                      0.051064    0.000000    0.829988 v _329_/A1 (sky130_fd_sc_hd__a21boi_2)
    22    0.074255    0.640166    0.502137    1.332125 ^ _329_/Y (sky130_fd_sc_hd__a21boi_2)
                                                         _198_ (net)
                      0.640166    0.000000    1.332125 ^ _415_/C (sky130_fd_sc_hd__nand4_2)
     8    0.027520    0.206982    0.167331    1.499456 v _415_/Y (sky130_fd_sc_hd__nand4_2)
                                                         _239_ (net)
                      0.206982    0.000000    1.499456 v _423_/S (sky130_fd_sc_hd__mux2_1)
     1    0.001783    0.035098    0.228243    1.727700 v _423_/X (sky130_fd_sc_hd__mux2_1)
                                                         _047_ (net)
                      0.035098    0.000000    1.727700 v _591_/D (sky130_fd_sc_hd__dfxtp_2)
                                              1.727700   data arrival time

                      0.000000   10.000000   10.000000   clock wclk (rise edge)
                                  0.000000   10.000000   clock network delay (ideal)
                                  0.000000   10.000000   clock reconvergence pessimism
                                             10.000000 ^ _591_/CLK (sky130_fd_sc_hd__dfxtp_2)
                                 -0.075411    9.924588   library setup time
                                              9.924588   data required time
---------------------------------------------------------------------------------------------
                                              9.924588   data required time
                                             -1.727700   data arrival time
---------------------------------------------------------------------------------------------
                                              8.196889   slack (MET)


Startpoint: _554_ (rising edge-triggered flip-flop clocked by wclk)
Endpoint: _600_ (rising edge-triggered flip-flop clocked by wclk)
Path Group: wclk
Path Type: max

Fanout         Cap        Slew       Delay        Time   Description
---------------------------------------------------------------------------------------------
                      0.000000    0.000000    0.000000   clock wclk (rise edge)
                                  0.000000    0.000000   clock network delay (ideal)
                      0.000000    0.000000    0.000000 ^ _554_/CLK (sky130_fd_sc_hd__dfrtp_2)
     2    0.016564    0.053994    0.260744    0.260744 v _554_/Q (sky130_fd_sc_hd__dfrtp_2)
                                                         r_ptr_gray_sync[4] (net)
                      0.053994    0.000000    0.260744 v _291_/A (sky130_fd_sc_hd__xor2_2)
     3    0.014847    0.057472    0.135771    0.396515 v _291_/X (sky130_fd_sc_hd__xor2_2)
                                                         _171_ (net)
                      0.057472    0.000000    0.396515 v _292_/B (sky130_fd_sc_hd__xnor2_2)
     3    0.014596    0.177598    0.156810    0.553325 ^ _292_/Y (sky130_fd_sc_hd__xnor2_2)
                                                         _172_ (net)
                      0.177598    0.000000    0.553325 ^ _293_/B (sky130_fd_sc_hd__xnor2_2)
     1    0.003686    0.083454    0.073513    0.626838 ^ _293_/Y (sky130_fd_sc_hd__xnor2_2)
                                                         _173_ (net)
                      0.083454    0.000000    0.626838 ^ _297_/S (sky130_fd_sc_hd__mux2_1)
     2    0.005783    0.051064    0.203150    0.829988 v _297_/X (sky130_fd_sc_hd__mux2_1)
                                                         _177_ (net)
                      0.051064    0.000000    0.829988 v _329_/A1 (sky130_fd_sc_hd__a21boi_2)
    22    0.074255    0.640166    0.502137    1.332125 ^ _329_/Y (sky130_fd_sc_hd__a21boi_2)
                                                         _198_ (net)
                      0.640166    0.000000    1.332125 ^ _434_/C (sky130_fd_sc_hd__nand4_2)
     8    0.027520    0.206982    0.167331    1.499456 v _434_/Y (sky130_fd_sc_hd__nand4_2)
                                                         _242_ (net)
                      0.206982    0.000000    1.499456 v _435_/S (sky130_fd_sc_hd__mux2_1)
     1    0.001783    0.035098    0.228243    1.727700 v _435_/X (sky130_fd_sc_hd__mux2_1)
                                                         _056_ (net)
                      0.035098    0.000000    1.727700 v _600_/D (sky130_fd_sc_hd__dfxtp_2)
                                              1.727700   data arrival time

                      0.000000   10.000000   10.000000   clock wclk (rise edge)
                                  0.000000   10.000000   clock network delay (ideal)
                                  0.000000   10.000000   clock reconvergence pessimism
                                             10.000000 ^ _600_/CLK (sky130_fd_sc_hd__dfxtp_2)
                                 -0.075411    9.924588   library setup time
                                              9.924588   data required time
---------------------------------------------------------------------------------------------
                                              9.924588   data required time
                                             -1.727700   data arrival time
---------------------------------------------------------------------------------------------
                                              8.196889   slack (MET)


Startpoint: _554_ (rising edge-triggered flip-flop clocked by wclk)
Endpoint: _601_ (rising edge-triggered flip-flop clocked by wclk)
Path Group: wclk
Path Type: max

Fanout         Cap        Slew       Delay        Time   Description
---------------------------------------------------------------------------------------------
                      0.000000    0.000000    0.000000   clock wclk (rise edge)
                                  0.000000    0.000000   clock network delay (ideal)
                      0.000000    0.000000    0.000000 ^ _554_/CLK (sky130_fd_sc_hd__dfrtp_2)
     2    0.016564    0.053994    0.260744    0.260744 v _554_/Q (sky130_fd_sc_hd__dfrtp_2)
                                                         r_ptr_gray_sync[4] (net)
                      0.053994    0.000000    0.260744 v _291_/A (sky130_fd_sc_hd__xor2_2)
     3    0.014847    0.057472    0.135771    0.396515 v _291_/X (sky130_fd_sc_hd__xor2_2)
                                                         _171_ (net)
                      0.057472    0.000000    0.396515 v _292_/B (sky130_fd_sc_hd__xnor2_2)
     3    0.014596    0.177598    0.156810    0.553325 ^ _292_/Y (sky130_fd_sc_hd__xnor2_2)
                                                         _172_ (net)
                      0.177598    0.000000    0.553325 ^ _293_/B (sky130_fd_sc_hd__xnor2_2)
     1    0.003686    0.083454    0.073513    0.626838 ^ _293_/Y (sky130_fd_sc_hd__xnor2_2)
                                                         _173_ (net)
                      0.083454    0.000000    0.626838 ^ _297_/S (sky130_fd_sc_hd__mux2_1)
     2    0.005783    0.051064    0.203150    0.829988 v _297_/X (sky130_fd_sc_hd__mux2_1)
                                                         _177_ (net)
                      0.051064    0.000000    0.829988 v _329_/A1 (sky130_fd_sc_hd__a21boi_2)
    22    0.074255    0.640166    0.502137    1.332125 ^ _329_/Y (sky130_fd_sc_hd__a21boi_2)
                                                         _198_ (net)
                      0.640166    0.000000    1.332125 ^ _434_/C (sky130_fd_sc_hd__nand4_2)
     8    0.027520    0.206982    0.167331    1.499456 v _434_/Y (sky130_fd_sc_hd__nand4_2)
                                                         _242_ (net)
                      0.206982    0.000000    1.499456 v _436_/S (sky130_fd_sc_hd__mux2_1)
     1    0.001783    0.035098    0.228243    1.727700 v _436_/X (sky130_fd_sc_hd__mux2_1)
                                                         _057_ (net)
                      0.035098    0.000000    1.727700 v _601_/D (sky130_fd_sc_hd__dfxtp_2)
                                              1.727700   data arrival time

                      0.000000   10.000000   10.000000   clock wclk (rise edge)
                                  0.000000   10.000000   clock network delay (ideal)
                                  0.000000   10.000000   clock reconvergence pessimism
                                             10.000000 ^ _601_/CLK (sky130_fd_sc_hd__dfxtp_2)
                                 -0.075411    9.924588   library setup time
                                              9.924588   data required time
---------------------------------------------------------------------------------------------
                                              9.924588   data required time
                                             -1.727700   data arrival time
---------------------------------------------------------------------------------------------
                                              8.196889   slack (MET)


Startpoint: _554_ (rising edge-triggered flip-flop clocked by wclk)
Endpoint: _602_ (rising edge-triggered flip-flop clocked by wclk)
Path Group: wclk
Path Type: max

Fanout         Cap        Slew       Delay        Time   Description
---------------------------------------------------------------------------------------------
                      0.000000    0.000000    0.000000   clock wclk (rise edge)
                                  0.000000    0.000000   clock network delay (ideal)
                      0.000000    0.000000    0.000000 ^ _554_/CLK (sky130_fd_sc_hd__dfrtp_2)
     2    0.016564    0.053994    0.260744    0.260744 v _554_/Q (sky130_fd_sc_hd__dfrtp_2)
                                                         r_ptr_gray_sync[4] (net)
                      0.053994    0.000000    0.260744 v _291_/A (sky130_fd_sc_hd__xor2_2)
     3    0.014847    0.057472    0.135771    0.396515 v _291_/X (sky130_fd_sc_hd__xor2_2)
                                                         _171_ (net)
                      0.057472    0.000000    0.396515 v _292_/B (sky130_fd_sc_hd__xnor2_2)
     3    0.014596    0.177598    0.156810    0.553325 ^ _292_/Y (sky130_fd_sc_hd__xnor2_2)
                                                         _172_ (net)
                      0.177598    0.000000    0.553325 ^ _293_/B (sky130_fd_sc_hd__xnor2_2)
     1    0.003686    0.083454    0.073513    0.626838 ^ _293_/Y (sky130_fd_sc_hd__xnor2_2)
                                                         _173_ (net)
                      0.083454    0.000000    0.626838 ^ _297_/S (sky130_fd_sc_hd__mux2_1)
     2    0.005783    0.051064    0.203150    0.829988 v _297_/X (sky130_fd_sc_hd__mux2_1)
                                                         _177_ (net)
                      0.051064    0.000000    0.829988 v _329_/A1 (sky130_fd_sc_hd__a21boi_2)
    22    0.074255    0.640166    0.502137    1.332125 ^ _329_/Y (sky130_fd_sc_hd__a21boi_2)
                                                         _198_ (net)
                      0.640166    0.000000    1.332125 ^ _434_/C (sky130_fd_sc_hd__nand4_2)
     8    0.027520    0.206982    0.167331    1.499456 v _434_/Y (sky130_fd_sc_hd__nand4_2)
                                                         _242_ (net)
                      0.206982    0.000000    1.499456 v _437_/S (sky130_fd_sc_hd__mux2_1)
     1    0.001783    0.035098    0.228243    1.727700 v _437_/X (sky130_fd_sc_hd__mux2_1)
                                                         _058_ (net)
                      0.035098    0.000000    1.727700 v _602_/D (sky130_fd_sc_hd__dfxtp_2)
                                              1.727700   data arrival time

                      0.000000   10.000000   10.000000   clock wclk (rise edge)
                                  0.000000   10.000000   clock network delay (ideal)
                                  0.000000   10.000000   clock reconvergence pessimism
                                             10.000000 ^ _602_/CLK (sky130_fd_sc_hd__dfxtp_2)
                                 -0.075411    9.924588   library setup time
                                              9.924588   data required time
---------------------------------------------------------------------------------------------
                                              9.924588   data required time
                                             -1.727700   data arrival time
---------------------------------------------------------------------------------------------
                                              8.196889   slack (MET)


Startpoint: _554_ (rising edge-triggered flip-flop clocked by wclk)
Endpoint: _603_ (rising edge-triggered flip-flop clocked by wclk)
Path Group: wclk
Path Type: max

Fanout         Cap        Slew       Delay        Time   Description
---------------------------------------------------------------------------------------------
                      0.000000    0.000000    0.000000   clock wclk (rise edge)
                                  0.000000    0.000000   clock network delay (ideal)
                      0.000000    0.000000    0.000000 ^ _554_/CLK (sky130_fd_sc_hd__dfrtp_2)
     2    0.016564    0.053994    0.260744    0.260744 v _554_/Q (sky130_fd_sc_hd__dfrtp_2)
                                                         r_ptr_gray_sync[4] (net)
                      0.053994    0.000000    0.260744 v _291_/A (sky130_fd_sc_hd__xor2_2)
     3    0.014847    0.057472    0.135771    0.396515 v _291_/X (sky130_fd_sc_hd__xor2_2)
                                                         _171_ (net)
                      0.057472    0.000000    0.396515 v _292_/B (sky130_fd_sc_hd__xnor2_2)
     3    0.014596    0.177598    0.156810    0.553325 ^ _292_/Y (sky130_fd_sc_hd__xnor2_2)
                                                         _172_ (net)
                      0.177598    0.000000    0.553325 ^ _293_/B (sky130_fd_sc_hd__xnor2_2)
     1    0.003686    0.083454    0.073513    0.626838 ^ _293_/Y (sky130_fd_sc_hd__xnor2_2)
                                                         _173_ (net)
                      0.083454    0.000000    0.626838 ^ _297_/S (sky130_fd_sc_hd__mux2_1)
     2    0.005783    0.051064    0.203150    0.829988 v _297_/X (sky130_fd_sc_hd__mux2_1)
                                                         _177_ (net)
                      0.051064    0.000000    0.829988 v _329_/A1 (sky130_fd_sc_hd__a21boi_2)
    22    0.074255    0.640166    0.502137    1.332125 ^ _329_/Y (sky130_fd_sc_hd__a21boi_2)
                                                         _198_ (net)
                      0.640166    0.000000    1.332125 ^ _434_/C (sky130_fd_sc_hd__nand4_2)
     8    0.027520    0.206982    0.167331    1.499456 v _434_/Y (sky130_fd_sc_hd__nand4_2)
                                                         _242_ (net)
                      0.206982    0.000000    1.499456 v _438_/S (sky130_fd_sc_hd__mux2_1)
     1    0.001783    0.035098    0.228243    1.727700 v _438_/X (sky130_fd_sc_hd__mux2_1)
                                                         _059_ (net)
                      0.035098    0.000000    1.727700 v _603_/D (sky130_fd_sc_hd__dfxtp_2)
                                              1.727700   data arrival time

                      0.000000   10.000000   10.000000   clock wclk (rise edge)
                                  0.000000   10.000000   clock network delay (ideal)
                                  0.000000   10.000000   clock reconvergence pessimism
                                             10.000000 ^ _603_/CLK (sky130_fd_sc_hd__dfxtp_2)
                                 -0.075411    9.924588   library setup time
                                              9.924588   data required time
---------------------------------------------------------------------------------------------
                                              9.924588   data required time
                                             -1.727700   data arrival time
---------------------------------------------------------------------------------------------
                                              8.196889   slack (MET)


Startpoint: _554_ (rising edge-triggered flip-flop clocked by wclk)
Endpoint: _604_ (rising edge-triggered flip-flop clocked by wclk)
Path Group: wclk
Path Type: max

Fanout         Cap        Slew       Delay        Time   Description
---------------------------------------------------------------------------------------------
                      0.000000    0.000000    0.000000   clock wclk (rise edge)
                                  0.000000    0.000000   clock network delay (ideal)
                      0.000000    0.000000    0.000000 ^ _554_/CLK (sky130_fd_sc_hd__dfrtp_2)
     2    0.016564    0.053994    0.260744    0.260744 v _554_/Q (sky130_fd_sc_hd__dfrtp_2)
                                                         r_ptr_gray_sync[4] (net)
                      0.053994    0.000000    0.260744 v _291_/A (sky130_fd_sc_hd__xor2_2)
     3    0.014847    0.057472    0.135771    0.396515 v _291_/X (sky130_fd_sc_hd__xor2_2)
                                                         _171_ (net)
                      0.057472    0.000000    0.396515 v _292_/B (sky130_fd_sc_hd__xnor2_2)
     3    0.014596    0.177598    0.156810    0.553325 ^ _292_/Y (sky130_fd_sc_hd__xnor2_2)
                                                         _172_ (net)
                      0.177598    0.000000    0.553325 ^ _293_/B (sky130_fd_sc_hd__xnor2_2)
     1    0.003686    0.083454    0.073513    0.626838 ^ _293_/Y (sky130_fd_sc_hd__xnor2_2)
                                                         _173_ (net)
                      0.083454    0.000000    0.626838 ^ _297_/S (sky130_fd_sc_hd__mux2_1)
     2    0.005783    0.051064    0.203150    0.829988 v _297_/X (sky130_fd_sc_hd__mux2_1)
                                                         _177_ (net)
                      0.051064    0.000000    0.829988 v _329_/A1 (sky130_fd_sc_hd__a21boi_2)
    22    0.074255    0.640166    0.502137    1.332125 ^ _329_/Y (sky130_fd_sc_hd__a21boi_2)
                                                         _198_ (net)
                      0.640166    0.000000    1.332125 ^ _434_/C (sky130_fd_sc_hd__nand4_2)
     8    0.027520    0.206982    0.167331    1.499456 v _434_/Y (sky130_fd_sc_hd__nand4_2)
                                                         _242_ (net)
                      0.206982    0.000000    1.499456 v _439_/S (sky130_fd_sc_hd__mux2_1)
     1    0.001783    0.035098    0.228243    1.727700 v _439_/X (sky130_fd_sc_hd__mux2_1)
                                                         _060_ (net)
                      0.035098    0.000000    1.727700 v _604_/D (sky130_fd_sc_hd__dfxtp_2)
                                              1.727700   data arrival time

                      0.000000   10.000000   10.000000   clock wclk (rise edge)
                                  0.000000   10.000000   clock network delay (ideal)
                                  0.000000   10.000000   clock reconvergence pessimism
                                             10.000000 ^ _604_/CLK (sky130_fd_sc_hd__dfxtp_2)
                                 -0.075411    9.924588   library setup time
                                              9.924588   data required time
---------------------------------------------------------------------------------------------
                                              9.924588   data required time
                                             -1.727700   data arrival time
---------------------------------------------------------------------------------------------
                                              8.196889   slack (MET)


Startpoint: _554_ (rising edge-triggered flip-flop clocked by wclk)
Endpoint: _605_ (rising edge-triggered flip-flop clocked by wclk)
Path Group: wclk
Path Type: max

Fanout         Cap        Slew       Delay        Time   Description
---------------------------------------------------------------------------------------------
                      0.000000    0.000000    0.000000   clock wclk (rise edge)
                                  0.000000    0.000000   clock network delay (ideal)
                      0.000000    0.000000    0.000000 ^ _554_/CLK (sky130_fd_sc_hd__dfrtp_2)
     2    0.016564    0.053994    0.260744    0.260744 v _554_/Q (sky130_fd_sc_hd__dfrtp_2)
                                                         r_ptr_gray_sync[4] (net)
                      0.053994    0.000000    0.260744 v _291_/A (sky130_fd_sc_hd__xor2_2)
     3    0.014847    0.057472    0.135771    0.396515 v _291_/X (sky130_fd_sc_hd__xor2_2)
                                                         _171_ (net)
                      0.057472    0.000000    0.396515 v _292_/B (sky130_fd_sc_hd__xnor2_2)
     3    0.014596    0.177598    0.156810    0.553325 ^ _292_/Y (sky130_fd_sc_hd__xnor2_2)
                                                         _172_ (net)
                      0.177598    0.000000    0.553325 ^ _293_/B (sky130_fd_sc_hd__xnor2_2)
     1    0.003686    0.083454    0.073513    0.626838 ^ _293_/Y (sky130_fd_sc_hd__xnor2_2)
                                                         _173_ (net)
                      0.083454    0.000000    0.626838 ^ _297_/S (sky130_fd_sc_hd__mux2_1)
     2    0.005783    0.051064    0.203150    0.829988 v _297_/X (sky130_fd_sc_hd__mux2_1)
                                                         _177_ (net)
                      0.051064    0.000000    0.829988 v _329_/A1 (sky130_fd_sc_hd__a21boi_2)
    22    0.074255    0.640166    0.502137    1.332125 ^ _329_/Y (sky130_fd_sc_hd__a21boi_2)
                                                         _198_ (net)
                      0.640166    0.000000    1.332125 ^ _434_/C (sky130_fd_sc_hd__nand4_2)
     8    0.027520    0.206982    0.167331    1.499456 v _434_/Y (sky130_fd_sc_hd__nand4_2)
                                                         _242_ (net)
                      0.206982    0.000000    1.499456 v _440_/S (sky130_fd_sc_hd__mux2_1)
     1    0.001783    0.035098    0.228243    1.727700 v _440_/X (sky130_fd_sc_hd__mux2_1)
                                                         _061_ (net)
                      0.035098    0.000000    1.727700 v _605_/D (sky130_fd_sc_hd__dfxtp_2)
                                              1.727700   data arrival time

                      0.000000   10.000000   10.000000   clock wclk (rise edge)
                                  0.000000   10.000000   clock network delay (ideal)
                                  0.000000   10.000000   clock reconvergence pessimism
                                             10.000000 ^ _605_/CLK (sky130_fd_sc_hd__dfxtp_2)
                                 -0.075411    9.924588   library setup time
                                              9.924588   data required time
---------------------------------------------------------------------------------------------
                                              9.924588   data required time
                                             -1.727700   data arrival time
---------------------------------------------------------------------------------------------
                                              8.196889   slack (MET)


Startpoint: _554_ (rising edge-triggered flip-flop clocked by wclk)
Endpoint: _606_ (rising edge-triggered flip-flop clocked by wclk)
Path Group: wclk
Path Type: max

Fanout         Cap        Slew       Delay        Time   Description
---------------------------------------------------------------------------------------------
                      0.000000    0.000000    0.000000   clock wclk (rise edge)
                                  0.000000    0.000000   clock network delay (ideal)
                      0.000000    0.000000    0.000000 ^ _554_/CLK (sky130_fd_sc_hd__dfrtp_2)
     2    0.016564    0.053994    0.260744    0.260744 v _554_/Q (sky130_fd_sc_hd__dfrtp_2)
                                                         r_ptr_gray_sync[4] (net)
                      0.053994    0.000000    0.260744 v _291_/A (sky130_fd_sc_hd__xor2_2)
     3    0.014847    0.057472    0.135771    0.396515 v _291_/X (sky130_fd_sc_hd__xor2_2)
                                                         _171_ (net)
                      0.057472    0.000000    0.396515 v _292_/B (sky130_fd_sc_hd__xnor2_2)
     3    0.014596    0.177598    0.156810    0.553325 ^ _292_/Y (sky130_fd_sc_hd__xnor2_2)
                                                         _172_ (net)
                      0.177598    0.000000    0.553325 ^ _293_/B (sky130_fd_sc_hd__xnor2_2)
     1    0.003686    0.083454    0.073513    0.626838 ^ _293_/Y (sky130_fd_sc_hd__xnor2_2)
                                                         _173_ (net)
                      0.083454    0.000000    0.626838 ^ _297_/S (sky130_fd_sc_hd__mux2_1)
     2    0.005783    0.051064    0.203150    0.829988 v _297_/X (sky130_fd_sc_hd__mux2_1)
                                                         _177_ (net)
                      0.051064    0.000000    0.829988 v _329_/A1 (sky130_fd_sc_hd__a21boi_2)
    22    0.074255    0.640166    0.502137    1.332125 ^ _329_/Y (sky130_fd_sc_hd__a21boi_2)
                                                         _198_ (net)
                      0.640166    0.000000    1.332125 ^ _434_/C (sky130_fd_sc_hd__nand4_2)
     8    0.027520    0.206982    0.167331    1.499456 v _434_/Y (sky130_fd_sc_hd__nand4_2)
                                                         _242_ (net)
                      0.206982    0.000000    1.499456 v _441_/S (sky130_fd_sc_hd__mux2_1)
     1    0.001783    0.035098    0.228243    1.727700 v _441_/X (sky130_fd_sc_hd__mux2_1)
                                                         _062_ (net)
                      0.035098    0.000000    1.727700 v _606_/D (sky130_fd_sc_hd__dfxtp_2)
                                              1.727700   data arrival time

                      0.000000   10.000000   10.000000   clock wclk (rise edge)
                                  0.000000   10.000000   clock network delay (ideal)
                                  0.000000   10.000000   clock reconvergence pessimism
                                             10.000000 ^ _606_/CLK (sky130_fd_sc_hd__dfxtp_2)
                                 -0.075411    9.924588   library setup time
                                              9.924588   data required time
---------------------------------------------------------------------------------------------
                                              9.924588   data required time
                                             -1.727700   data arrival time
---------------------------------------------------------------------------------------------
                                              8.196889   slack (MET)


Startpoint: _554_ (rising edge-triggered flip-flop clocked by wclk)
Endpoint: _607_ (rising edge-triggered flip-flop clocked by wclk)
Path Group: wclk
Path Type: max

Fanout         Cap        Slew       Delay        Time   Description
---------------------------------------------------------------------------------------------
                      0.000000    0.000000    0.000000   clock wclk (rise edge)
                                  0.000000    0.000000   clock network delay (ideal)
                      0.000000    0.000000    0.000000 ^ _554_/CLK (sky130_fd_sc_hd__dfrtp_2)
     2    0.016564    0.053994    0.260744    0.260744 v _554_/Q (sky130_fd_sc_hd__dfrtp_2)
                                                         r_ptr_gray_sync[4] (net)
                      0.053994    0.000000    0.260744 v _291_/A (sky130_fd_sc_hd__xor2_2)
     3    0.014847    0.057472    0.135771    0.396515 v _291_/X (sky130_fd_sc_hd__xor2_2)
                                                         _171_ (net)
                      0.057472    0.000000    0.396515 v _292_/B (sky130_fd_sc_hd__xnor2_2)
     3    0.014596    0.177598    0.156810    0.553325 ^ _292_/Y (sky130_fd_sc_hd__xnor2_2)
                                                         _172_ (net)
                      0.177598    0.000000    0.553325 ^ _293_/B (sky130_fd_sc_hd__xnor2_2)
     1    0.003686    0.083454    0.073513    0.626838 ^ _293_/Y (sky130_fd_sc_hd__xnor2_2)
                                                         _173_ (net)
                      0.083454    0.000000    0.626838 ^ _297_/S (sky130_fd_sc_hd__mux2_1)
     2    0.005783    0.051064    0.203150    0.829988 v _297_/X (sky130_fd_sc_hd__mux2_1)
                                                         _177_ (net)
                      0.051064    0.000000    0.829988 v _329_/A1 (sky130_fd_sc_hd__a21boi_2)
    22    0.074255    0.640166    0.502137    1.332125 ^ _329_/Y (sky130_fd_sc_hd__a21boi_2)
                                                         _198_ (net)
                      0.640166    0.000000    1.332125 ^ _434_/C (sky130_fd_sc_hd__nand4_2)
     8    0.027520    0.206982    0.167331    1.499456 v _434_/Y (sky130_fd_sc_hd__nand4_2)
                                                         _242_ (net)
                      0.206982    0.000000    1.499456 v _442_/S (sky130_fd_sc_hd__mux2_1)
     1    0.001783    0.035098    0.228243    1.727700 v _442_/X (sky130_fd_sc_hd__mux2_1)
                                                         _063_ (net)
                      0.035098    0.000000    1.727700 v _607_/D (sky130_fd_sc_hd__dfxtp_2)
                                              1.727700   data arrival time

                      0.000000   10.000000   10.000000   clock wclk (rise edge)
                                  0.000000   10.000000   clock network delay (ideal)
                                  0.000000   10.000000   clock reconvergence pessimism
                                             10.000000 ^ _607_/CLK (sky130_fd_sc_hd__dfxtp_2)
                                 -0.075411    9.924588   library setup time
                                              9.924588   data required time
---------------------------------------------------------------------------------------------
                                              9.924588   data required time
                                             -1.727700   data arrival time
---------------------------------------------------------------------------------------------
                                              8.196889   slack (MET)


Startpoint: _554_ (rising edge-triggered flip-flop clocked by wclk)
Endpoint: _649_ (rising edge-triggered flip-flop clocked by wclk)
Path Group: wclk
Path Type: max

Fanout         Cap        Slew       Delay        Time   Description
---------------------------------------------------------------------------------------------
                      0.000000    0.000000    0.000000   clock wclk (rise edge)
                                  0.000000    0.000000   clock network delay (ideal)
                      0.000000    0.000000    0.000000 ^ _554_/CLK (sky130_fd_sc_hd__dfrtp_2)
     2    0.016564    0.053994    0.260744    0.260744 v _554_/Q (sky130_fd_sc_hd__dfrtp_2)
                                                         r_ptr_gray_sync[4] (net)
                      0.053994    0.000000    0.260744 v _291_/A (sky130_fd_sc_hd__xor2_2)
     3    0.014847    0.057472    0.135771    0.396515 v _291_/X (sky130_fd_sc_hd__xor2_2)
                                                         _171_ (net)
                      0.057472    0.000000    0.396515 v _292_/B (sky130_fd_sc_hd__xnor2_2)
     3    0.014596    0.177598    0.156810    0.553325 ^ _292_/Y (sky130_fd_sc_hd__xnor2_2)
                                                         _172_ (net)
                      0.177598    0.000000    0.553325 ^ _293_/B (sky130_fd_sc_hd__xnor2_2)
     1    0.003686    0.083454    0.073513    0.626838 ^ _293_/Y (sky130_fd_sc_hd__xnor2_2)
                                                         _173_ (net)
                      0.083454    0.000000    0.626838 ^ _297_/S (sky130_fd_sc_hd__mux2_1)
     2    0.005783    0.051064    0.203150    0.829988 v _297_/X (sky130_fd_sc_hd__mux2_1)
                                                         _177_ (net)
                      0.051064    0.000000    0.829988 v _329_/A1 (sky130_fd_sc_hd__a21boi_2)
    22    0.074255    0.640166    0.502137    1.332125 ^ _329_/Y (sky130_fd_sc_hd__a21boi_2)
                                                         _198_ (net)
                      0.640166    0.000000    1.332125 ^ _480_/C (sky130_fd_sc_hd__nand4_2)
     8    0.027520    0.206982    0.167331    1.499456 v _480_/Y (sky130_fd_sc_hd__nand4_2)
                                                         _248_ (net)
                      0.206982    0.000000    1.499456 v _481_/S (sky130_fd_sc_hd__mux2_1)
     1    0.001783    0.035098    0.228243    1.727700 v _481_/X (sky130_fd_sc_hd__mux2_1)
                                                         _096_ (net)
                      0.035098    0.000000    1.727700 v _649_/D (sky130_fd_sc_hd__dfxtp_2)
                                              1.727700   data arrival time

                      0.000000   10.000000   10.000000   clock wclk (rise edge)
                                  0.000000   10.000000   clock network delay (ideal)
                                  0.000000   10.000000   clock reconvergence pessimism
                                             10.000000 ^ _649_/CLK (sky130_fd_sc_hd__dfxtp_2)
                                 -0.075411    9.924588   library setup time
                                              9.924588   data required time
---------------------------------------------------------------------------------------------
                                              9.924588   data required time
                                             -1.727700   data arrival time
---------------------------------------------------------------------------------------------
                                              8.196889   slack (MET)


Startpoint: _554_ (rising edge-triggered flip-flop clocked by wclk)
Endpoint: _650_ (rising edge-triggered flip-flop clocked by wclk)
Path Group: wclk
Path Type: max

Fanout         Cap        Slew       Delay        Time   Description
---------------------------------------------------------------------------------------------
                      0.000000    0.000000    0.000000   clock wclk (rise edge)
                                  0.000000    0.000000   clock network delay (ideal)
                      0.000000    0.000000    0.000000 ^ _554_/CLK (sky130_fd_sc_hd__dfrtp_2)
     2    0.016564    0.053994    0.260744    0.260744 v _554_/Q (sky130_fd_sc_hd__dfrtp_2)
                                                         r_ptr_gray_sync[4] (net)
                      0.053994    0.000000    0.260744 v _291_/A (sky130_fd_sc_hd__xor2_2)
     3    0.014847    0.057472    0.135771    0.396515 v _291_/X (sky130_fd_sc_hd__xor2_2)
                                                         _171_ (net)
                      0.057472    0.000000    0.396515 v _292_/B (sky130_fd_sc_hd__xnor2_2)
     3    0.014596    0.177598    0.156810    0.553325 ^ _292_/Y (sky130_fd_sc_hd__xnor2_2)
                                                         _172_ (net)
                      0.177598    0.000000    0.553325 ^ _293_/B (sky130_fd_sc_hd__xnor2_2)
     1    0.003686    0.083454    0.073513    0.626838 ^ _293_/Y (sky130_fd_sc_hd__xnor2_2)
                                                         _173_ (net)
                      0.083454    0.000000    0.626838 ^ _297_/S (sky130_fd_sc_hd__mux2_1)
     2    0.005783    0.051064    0.203150    0.829988 v _297_/X (sky130_fd_sc_hd__mux2_1)
                                                         _177_ (net)
                      0.051064    0.000000    0.829988 v _329_/A1 (sky130_fd_sc_hd__a21boi_2)
    22    0.074255    0.640166    0.502137    1.332125 ^ _329_/Y (sky130_fd_sc_hd__a21boi_2)
                                                         _198_ (net)
                      0.640166    0.000000    1.332125 ^ _480_/C (sky130_fd_sc_hd__nand4_2)
     8    0.027520    0.206982    0.167331    1.499456 v _480_/Y (sky130_fd_sc_hd__nand4_2)
                                                         _248_ (net)
                      0.206982    0.000000    1.499456 v _482_/S (sky130_fd_sc_hd__mux2_1)
     1    0.001783    0.035098    0.228243    1.727700 v _482_/X (sky130_fd_sc_hd__mux2_1)
                                                         _097_ (net)
                      0.035098    0.000000    1.727700 v _650_/D (sky130_fd_sc_hd__dfxtp_2)
                                              1.727700   data arrival time

                      0.000000   10.000000   10.000000   clock wclk (rise edge)
                                  0.000000   10.000000   clock network delay (ideal)
                                  0.000000   10.000000   clock reconvergence pessimism
                                             10.000000 ^ _650_/CLK (sky130_fd_sc_hd__dfxtp_2)
                                 -0.075411    9.924588   library setup time
                                              9.924588   data required time
---------------------------------------------------------------------------------------------
                                              9.924588   data required time
                                             -1.727700   data arrival time
---------------------------------------------------------------------------------------------
                                              8.196889   slack (MET)


Startpoint: _554_ (rising edge-triggered flip-flop clocked by wclk)
Endpoint: _651_ (rising edge-triggered flip-flop clocked by wclk)
Path Group: wclk
Path Type: max

Fanout         Cap        Slew       Delay        Time   Description
---------------------------------------------------------------------------------------------
                      0.000000    0.000000    0.000000   clock wclk (rise edge)
                                  0.000000    0.000000   clock network delay (ideal)
                      0.000000    0.000000    0.000000 ^ _554_/CLK (sky130_fd_sc_hd__dfrtp_2)
     2    0.016564    0.053994    0.260744    0.260744 v _554_/Q (sky130_fd_sc_hd__dfrtp_2)
                                                         r_ptr_gray_sync[4] (net)
                      0.053994    0.000000    0.260744 v _291_/A (sky130_fd_sc_hd__xor2_2)
     3    0.014847    0.057472    0.135771    0.396515 v _291_/X (sky130_fd_sc_hd__xor2_2)
                                                         _171_ (net)
                      0.057472    0.000000    0.396515 v _292_/B (sky130_fd_sc_hd__xnor2_2)
     3    0.014596    0.177598    0.156810    0.553325 ^ _292_/Y (sky130_fd_sc_hd__xnor2_2)
                                                         _172_ (net)
                      0.177598    0.000000    0.553325 ^ _293_/B (sky130_fd_sc_hd__xnor2_2)
     1    0.003686    0.083454    0.073513    0.626838 ^ _293_/Y (sky130_fd_sc_hd__xnor2_2)
                                                         _173_ (net)
                      0.083454    0.000000    0.626838 ^ _297_/S (sky130_fd_sc_hd__mux2_1)
     2    0.005783    0.051064    0.203150    0.829988 v _297_/X (sky130_fd_sc_hd__mux2_1)
                                                         _177_ (net)
                      0.051064    0.000000    0.829988 v _329_/A1 (sky130_fd_sc_hd__a21boi_2)
    22    0.074255    0.640166    0.502137    1.332125 ^ _329_/Y (sky130_fd_sc_hd__a21boi_2)
                                                         _198_ (net)
                      0.640166    0.000000    1.332125 ^ _480_/C (sky130_fd_sc_hd__nand4_2)
     8    0.027520    0.206982    0.167331    1.499456 v _480_/Y (sky130_fd_sc_hd__nand4_2)
                                                         _248_ (net)
                      0.206982    0.000000    1.499456 v _483_/S (sky130_fd_sc_hd__mux2_1)
     1    0.001783    0.035098    0.228243    1.727700 v _483_/X (sky130_fd_sc_hd__mux2_1)
                                                         _098_ (net)
                      0.035098    0.000000    1.727700 v _651_/D (sky130_fd_sc_hd__dfxtp_2)
                                              1.727700   data arrival time

                      0.000000   10.000000   10.000000   clock wclk (rise edge)
                                  0.000000   10.000000   clock network delay (ideal)
                                  0.000000   10.000000   clock reconvergence pessimism
                                             10.000000 ^ _651_/CLK (sky130_fd_sc_hd__dfxtp_2)
                                 -0.075411    9.924588   library setup time
                                              9.924588   data required time
---------------------------------------------------------------------------------------------
                                              9.924588   data required time
                                             -1.727700   data arrival time
---------------------------------------------------------------------------------------------
                                              8.196889   slack (MET)


Startpoint: _554_ (rising edge-triggered flip-flop clocked by wclk)
Endpoint: _652_ (rising edge-triggered flip-flop clocked by wclk)
Path Group: wclk
Path Type: max

Fanout         Cap        Slew       Delay        Time   Description
---------------------------------------------------------------------------------------------
                      0.000000    0.000000    0.000000   clock wclk (rise edge)
                                  0.000000    0.000000   clock network delay (ideal)
                      0.000000    0.000000    0.000000 ^ _554_/CLK (sky130_fd_sc_hd__dfrtp_2)
     2    0.016564    0.053994    0.260744    0.260744 v _554_/Q (sky130_fd_sc_hd__dfrtp_2)
                                                         r_ptr_gray_sync[4] (net)
                      0.053994    0.000000    0.260744 v _291_/A (sky130_fd_sc_hd__xor2_2)
     3    0.014847    0.057472    0.135771    0.396515 v _291_/X (sky130_fd_sc_hd__xor2_2)
                                                         _171_ (net)
                      0.057472    0.000000    0.396515 v _292_/B (sky130_fd_sc_hd__xnor2_2)
     3    0.014596    0.177598    0.156810    0.553325 ^ _292_/Y (sky130_fd_sc_hd__xnor2_2)
                                                         _172_ (net)
                      0.177598    0.000000    0.553325 ^ _293_/B (sky130_fd_sc_hd__xnor2_2)
     1    0.003686    0.083454    0.073513    0.626838 ^ _293_/Y (sky130_fd_sc_hd__xnor2_2)
                                                         _173_ (net)
                      0.083454    0.000000    0.626838 ^ _297_/S (sky130_fd_sc_hd__mux2_1)
     2    0.005783    0.051064    0.203150    0.829988 v _297_/X (sky130_fd_sc_hd__mux2_1)
                                                         _177_ (net)
                      0.051064    0.000000    0.829988 v _329_/A1 (sky130_fd_sc_hd__a21boi_2)
    22    0.074255    0.640166    0.502137    1.332125 ^ _329_/Y (sky130_fd_sc_hd__a21boi_2)
                                                         _198_ (net)
                      0.640166    0.000000    1.332125 ^ _480_/C (sky130_fd_sc_hd__nand4_2)
     8    0.027520    0.206982    0.167331    1.499456 v _480_/Y (sky130_fd_sc_hd__nand4_2)
                                                         _248_ (net)
                      0.206982    0.000000    1.499456 v _484_/S (sky130_fd_sc_hd__mux2_1)
     1    0.001783    0.035098    0.228243    1.727700 v _484_/X (sky130_fd_sc_hd__mux2_1)
                                                         _099_ (net)
                      0.035098    0.000000    1.727700 v _652_/D (sky130_fd_sc_hd__dfxtp_2)
                                              1.727700   data arrival time

                      0.000000   10.000000   10.000000   clock wclk (rise edge)
                                  0.000000   10.000000   clock network delay (ideal)
                                  0.000000   10.000000   clock reconvergence pessimism
                                             10.000000 ^ _652_/CLK (sky130_fd_sc_hd__dfxtp_2)
                                 -0.075411    9.924588   library setup time
                                              9.924588   data required time
---------------------------------------------------------------------------------------------
                                              9.924588   data required time
                                             -1.727700   data arrival time
---------------------------------------------------------------------------------------------
                                              8.196889   slack (MET)


Startpoint: _554_ (rising edge-triggered flip-flop clocked by wclk)
Endpoint: _653_ (rising edge-triggered flip-flop clocked by wclk)
Path Group: wclk
Path Type: max

Fanout         Cap        Slew       Delay        Time   Description
---------------------------------------------------------------------------------------------
                      0.000000    0.000000    0.000000   clock wclk (rise edge)
                                  0.000000    0.000000   clock network delay (ideal)
                      0.000000    0.000000    0.000000 ^ _554_/CLK (sky130_fd_sc_hd__dfrtp_2)
     2    0.016564    0.053994    0.260744    0.260744 v _554_/Q (sky130_fd_sc_hd__dfrtp_2)
                                                         r_ptr_gray_sync[4] (net)
                      0.053994    0.000000    0.260744 v _291_/A (sky130_fd_sc_hd__xor2_2)
     3    0.014847    0.057472    0.135771    0.396515 v _291_/X (sky130_fd_sc_hd__xor2_2)
                                                         _171_ (net)
                      0.057472    0.000000    0.396515 v _292_/B (sky130_fd_sc_hd__xnor2_2)
     3    0.014596    0.177598    0.156810    0.553325 ^ _292_/Y (sky130_fd_sc_hd__xnor2_2)
                                                         _172_ (net)
                      0.177598    0.000000    0.553325 ^ _293_/B (sky130_fd_sc_hd__xnor2_2)
     1    0.003686    0.083454    0.073513    0.626838 ^ _293_/Y (sky130_fd_sc_hd__xnor2_2)
                                                         _173_ (net)
                      0.083454    0.000000    0.626838 ^ _297_/S (sky130_fd_sc_hd__mux2_1)
     2    0.005783    0.051064    0.203150    0.829988 v _297_/X (sky130_fd_sc_hd__mux2_1)
                                                         _177_ (net)
                      0.051064    0.000000    0.829988 v _329_/A1 (sky130_fd_sc_hd__a21boi_2)
    22    0.074255    0.640166    0.502137    1.332125 ^ _329_/Y (sky130_fd_sc_hd__a21boi_2)
                                                         _198_ (net)
                      0.640166    0.000000    1.332125 ^ _480_/C (sky130_fd_sc_hd__nand4_2)
     8    0.027520    0.206982    0.167331    1.499456 v _480_/Y (sky130_fd_sc_hd__nand4_2)
                                                         _248_ (net)
                      0.206982    0.000000    1.499456 v _485_/S (sky130_fd_sc_hd__mux2_1)
     1    0.001783    0.035098    0.228243    1.727700 v _485_/X (sky130_fd_sc_hd__mux2_1)
                                                         _100_ (net)
                      0.035098    0.000000    1.727700 v _653_/D (sky130_fd_sc_hd__dfxtp_2)
                                              1.727700   data arrival time

                      0.000000   10.000000   10.000000   clock wclk (rise edge)
                                  0.000000   10.000000   clock network delay (ideal)
                                  0.000000   10.000000   clock reconvergence pessimism
                                             10.000000 ^ _653_/CLK (sky130_fd_sc_hd__dfxtp_2)
                                 -0.075411    9.924588   library setup time
                                              9.924588   data required time
---------------------------------------------------------------------------------------------
                                              9.924588   data required time
                                             -1.727700   data arrival time
---------------------------------------------------------------------------------------------
                                              8.196889   slack (MET)


Startpoint: _554_ (rising edge-triggered flip-flop clocked by wclk)
Endpoint: _654_ (rising edge-triggered flip-flop clocked by wclk)
Path Group: wclk
Path Type: max

Fanout         Cap        Slew       Delay        Time   Description
---------------------------------------------------------------------------------------------
                      0.000000    0.000000    0.000000   clock wclk (rise edge)
                                  0.000000    0.000000   clock network delay (ideal)
                      0.000000    0.000000    0.000000 ^ _554_/CLK (sky130_fd_sc_hd__dfrtp_2)
     2    0.016564    0.053994    0.260744    0.260744 v _554_/Q (sky130_fd_sc_hd__dfrtp_2)
                                                         r_ptr_gray_sync[4] (net)
                      0.053994    0.000000    0.260744 v _291_/A (sky130_fd_sc_hd__xor2_2)
     3    0.014847    0.057472    0.135771    0.396515 v _291_/X (sky130_fd_sc_hd__xor2_2)
                                                         _171_ (net)
                      0.057472    0.000000    0.396515 v _292_/B (sky130_fd_sc_hd__xnor2_2)
     3    0.014596    0.177598    0.156810    0.553325 ^ _292_/Y (sky130_fd_sc_hd__xnor2_2)
                                                         _172_ (net)
                      0.177598    0.000000    0.553325 ^ _293_/B (sky130_fd_sc_hd__xnor2_2)
     1    0.003686    0.083454    0.073513    0.626838 ^ _293_/Y (sky130_fd_sc_hd__xnor2_2)
                                                         _173_ (net)
                      0.083454    0.000000    0.626838 ^ _297_/S (sky130_fd_sc_hd__mux2_1)
     2    0.005783    0.051064    0.203150    0.829988 v _297_/X (sky130_fd_sc_hd__mux2_1)
                                                         _177_ (net)
                      0.051064    0.000000    0.829988 v _329_/A1 (sky130_fd_sc_hd__a21boi_2)
    22    0.074255    0.640166    0.502137    1.332125 ^ _329_/Y (sky130_fd_sc_hd__a21boi_2)
                                                         _198_ (net)
                      0.640166    0.000000    1.332125 ^ _480_/C (sky130_fd_sc_hd__nand4_2)
     8    0.027520    0.206982    0.167331    1.499456 v _480_/Y (sky130_fd_sc_hd__nand4_2)
                                                         _248_ (net)
                      0.206982    0.000000    1.499456 v _486_/S (sky130_fd_sc_hd__mux2_1)
     1    0.001783    0.035098    0.228243    1.727700 v _486_/X (sky130_fd_sc_hd__mux2_1)
                                                         _101_ (net)
                      0.035098    0.000000    1.727700 v _654_/D (sky130_fd_sc_hd__dfxtp_2)
                                              1.727700   data arrival time

                      0.000000   10.000000   10.000000   clock wclk (rise edge)
                                  0.000000   10.000000   clock network delay (ideal)
                                  0.000000   10.000000   clock reconvergence pessimism
                                             10.000000 ^ _654_/CLK (sky130_fd_sc_hd__dfxtp_2)
                                 -0.075411    9.924588   library setup time
                                              9.924588   data required time
---------------------------------------------------------------------------------------------
                                              9.924588   data required time
                                             -1.727700   data arrival time
---------------------------------------------------------------------------------------------
                                              8.196889   slack (MET)


Startpoint: _554_ (rising edge-triggered flip-flop clocked by wclk)
Endpoint: _655_ (rising edge-triggered flip-flop clocked by wclk)
Path Group: wclk
Path Type: max

Fanout         Cap        Slew       Delay        Time   Description
---------------------------------------------------------------------------------------------
                      0.000000    0.000000    0.000000   clock wclk (rise edge)
                                  0.000000    0.000000   clock network delay (ideal)
                      0.000000    0.000000    0.000000 ^ _554_/CLK (sky130_fd_sc_hd__dfrtp_2)
     2    0.016564    0.053994    0.260744    0.260744 v _554_/Q (sky130_fd_sc_hd__dfrtp_2)
                                                         r_ptr_gray_sync[4] (net)
                      0.053994    0.000000    0.260744 v _291_/A (sky130_fd_sc_hd__xor2_2)
     3    0.014847    0.057472    0.135771    0.396515 v _291_/X (sky130_fd_sc_hd__xor2_2)
                                                         _171_ (net)
                      0.057472    0.000000    0.396515 v _292_/B (sky130_fd_sc_hd__xnor2_2)
     3    0.014596    0.177598    0.156810    0.553325 ^ _292_/Y (sky130_fd_sc_hd__xnor2_2)
                                                         _172_ (net)
                      0.177598    0.000000    0.553325 ^ _293_/B (sky130_fd_sc_hd__xnor2_2)
     1    0.003686    0.083454    0.073513    0.626838 ^ _293_/Y (sky130_fd_sc_hd__xnor2_2)
                                                         _173_ (net)
                      0.083454    0.000000    0.626838 ^ _297_/S (sky130_fd_sc_hd__mux2_1)
     2    0.005783    0.051064    0.203150    0.829988 v _297_/X (sky130_fd_sc_hd__mux2_1)
                                                         _177_ (net)
                      0.051064    0.000000    0.829988 v _329_/A1 (sky130_fd_sc_hd__a21boi_2)
    22    0.074255    0.640166    0.502137    1.332125 ^ _329_/Y (sky130_fd_sc_hd__a21boi_2)
                                                         _198_ (net)
                      0.640166    0.000000    1.332125 ^ _480_/C (sky130_fd_sc_hd__nand4_2)
     8    0.027520    0.206982    0.167331    1.499456 v _480_/Y (sky130_fd_sc_hd__nand4_2)
                                                         _248_ (net)
                      0.206982    0.000000    1.499456 v _487_/S (sky130_fd_sc_hd__mux2_1)
     1    0.001783    0.035098    0.228243    1.727700 v _487_/X (sky130_fd_sc_hd__mux2_1)
                                                         _102_ (net)
                      0.035098    0.000000    1.727700 v _655_/D (sky130_fd_sc_hd__dfxtp_2)
                                              1.727700   data arrival time

                      0.000000   10.000000   10.000000   clock wclk (rise edge)
                                  0.000000   10.000000   clock network delay (ideal)
                                  0.000000   10.000000   clock reconvergence pessimism
                                             10.000000 ^ _655_/CLK (sky130_fd_sc_hd__dfxtp_2)
                                 -0.075411    9.924588   library setup time
                                              9.924588   data required time
---------------------------------------------------------------------------------------------
                                              9.924588   data required time
                                             -1.727700   data arrival time
---------------------------------------------------------------------------------------------
                                              8.196889   slack (MET)


Startpoint: _554_ (rising edge-triggered flip-flop clocked by wclk)
Endpoint: _656_ (rising edge-triggered flip-flop clocked by wclk)
Path Group: wclk
Path Type: max

Fanout         Cap        Slew       Delay        Time   Description
---------------------------------------------------------------------------------------------
                      0.000000    0.000000    0.000000   clock wclk (rise edge)
                                  0.000000    0.000000   clock network delay (ideal)
                      0.000000    0.000000    0.000000 ^ _554_/CLK (sky130_fd_sc_hd__dfrtp_2)
     2    0.016564    0.053994    0.260744    0.260744 v _554_/Q (sky130_fd_sc_hd__dfrtp_2)
                                                         r_ptr_gray_sync[4] (net)
                      0.053994    0.000000    0.260744 v _291_/A (sky130_fd_sc_hd__xor2_2)
     3    0.014847    0.057472    0.135771    0.396515 v _291_/X (sky130_fd_sc_hd__xor2_2)
                                                         _171_ (net)
                      0.057472    0.000000    0.396515 v _292_/B (sky130_fd_sc_hd__xnor2_2)
     3    0.014596    0.177598    0.156810    0.553325 ^ _292_/Y (sky130_fd_sc_hd__xnor2_2)
                                                         _172_ (net)
                      0.177598    0.000000    0.553325 ^ _293_/B (sky130_fd_sc_hd__xnor2_2)
     1    0.003686    0.083454    0.073513    0.626838 ^ _293_/Y (sky130_fd_sc_hd__xnor2_2)
                                                         _173_ (net)
                      0.083454    0.000000    0.626838 ^ _297_/S (sky130_fd_sc_hd__mux2_1)
     2    0.005783    0.051064    0.203150    0.829988 v _297_/X (sky130_fd_sc_hd__mux2_1)
                                                         _177_ (net)
                      0.051064    0.000000    0.829988 v _329_/A1 (sky130_fd_sc_hd__a21boi_2)
    22    0.074255    0.640166    0.502137    1.332125 ^ _329_/Y (sky130_fd_sc_hd__a21boi_2)
                                                         _198_ (net)
                      0.640166    0.000000    1.332125 ^ _480_/C (sky130_fd_sc_hd__nand4_2)
     8    0.027520    0.206982    0.167331    1.499456 v _480_/Y (sky130_fd_sc_hd__nand4_2)
                                                         _248_ (net)
                      0.206982    0.000000    1.499456 v _488_/S (sky130_fd_sc_hd__mux2_1)
     1    0.001783    0.035098    0.228243    1.727700 v _488_/X (sky130_fd_sc_hd__mux2_1)
                                                         _103_ (net)
                      0.035098    0.000000    1.727700 v _656_/D (sky130_fd_sc_hd__dfxtp_2)
                                              1.727700   data arrival time

                      0.000000   10.000000   10.000000   clock wclk (rise edge)
                                  0.000000   10.000000   clock network delay (ideal)
                                  0.000000   10.000000   clock reconvergence pessimism
                                             10.000000 ^ _656_/CLK (sky130_fd_sc_hd__dfxtp_2)
                                 -0.075411    9.924588   library setup time
                                              9.924588   data required time
---------------------------------------------------------------------------------------------
                                              9.924588   data required time
                                             -1.727700   data arrival time
---------------------------------------------------------------------------------------------
                                              8.196889   slack (MET)


Startpoint: _554_ (rising edge-triggered flip-flop clocked by wclk)
Endpoint: _627_ (rising edge-triggered flip-flop clocked by wclk)
Path Group: wclk
Path Type: max

Fanout         Cap        Slew       Delay        Time   Description
---------------------------------------------------------------------------------------------
                      0.000000    0.000000    0.000000   clock wclk (rise edge)
                                  0.000000    0.000000   clock network delay (ideal)
                      0.000000    0.000000    0.000000 ^ _554_/CLK (sky130_fd_sc_hd__dfrtp_2)
     2    0.016564    0.053994    0.260744    0.260744 v _554_/Q (sky130_fd_sc_hd__dfrtp_2)
                                                         r_ptr_gray_sync[4] (net)
                      0.053994    0.000000    0.260744 v _291_/A (sky130_fd_sc_hd__xor2_2)
     3    0.014847    0.057472    0.135771    0.396515 v _291_/X (sky130_fd_sc_hd__xor2_2)
                                                         _171_ (net)
                      0.057472    0.000000    0.396515 v _292_/B (sky130_fd_sc_hd__xnor2_2)
     3    0.014596    0.177598    0.156810    0.553325 ^ _292_/Y (sky130_fd_sc_hd__xnor2_2)
                                                         _172_ (net)
                      0.177598    0.000000    0.553325 ^ _293_/B (sky130_fd_sc_hd__xnor2_2)
     1    0.003686    0.083454    0.073513    0.626838 ^ _293_/Y (sky130_fd_sc_hd__xnor2_2)
                                                         _173_ (net)
                      0.083454    0.000000    0.626838 ^ _297_/S (sky130_fd_sc_hd__mux2_1)
     2    0.005783    0.051064    0.203150    0.829988 v _297_/X (sky130_fd_sc_hd__mux2_1)
                                                         _177_ (net)
                      0.051064    0.000000    0.829988 v _329_/A1 (sky130_fd_sc_hd__a21boi_2)
    22    0.074255    0.640166    0.502137    1.332125 ^ _329_/Y (sky130_fd_sc_hd__a21boi_2)
                                                         _198_ (net)
                      0.640166    0.000000    1.332125 ^ _340_/C (sky130_fd_sc_hd__nand4_2)
    10    0.037023    0.243090    0.212348    1.544473 v _340_/Y (sky130_fd_sc_hd__nand4_2)
                                                         _204_ (net)
                      0.243090    0.000000    1.544473 v _342_/A (sky130_fd_sc_hd__and2_2)
     1    0.002059    0.027388    0.179851    1.724325 v _342_/X (sky130_fd_sc_hd__and2_2)
                                                         u_wrptr_handler.b_wptr_next[3] (net)
                      0.027388    0.000000    1.724325 v _627_/D (sky130_fd_sc_hd__dfrtp_2)
                                              1.724325   data arrival time

                      0.000000   10.000000   10.000000   clock wclk (rise edge)
                                  0.000000   10.000000   clock network delay (ideal)
                                  0.000000   10.000000   clock reconvergence pessimism
                                             10.000000 ^ _627_/CLK (sky130_fd_sc_hd__dfrtp_2)
                                 -0.075095    9.924905   library setup time
                                              9.924905   data required time
---------------------------------------------------------------------------------------------
                                              9.924905   data required time
                                             -1.724325   data arrival time
---------------------------------------------------------------------------------------------
                                              8.200580   slack (MET)


Startpoint: _554_ (rising edge-triggered flip-flop clocked by wclk)
Endpoint: _628_ (rising edge-triggered flip-flop clocked by wclk)
Path Group: wclk
Path Type: max

Fanout         Cap        Slew       Delay        Time   Description
---------------------------------------------------------------------------------------------
                      0.000000    0.000000    0.000000   clock wclk (rise edge)
                                  0.000000    0.000000   clock network delay (ideal)
                      0.000000    0.000000    0.000000 ^ _554_/CLK (sky130_fd_sc_hd__dfrtp_2)
     2    0.016564    0.053994    0.260744    0.260744 v _554_/Q (sky130_fd_sc_hd__dfrtp_2)
                                                         r_ptr_gray_sync[4] (net)
                      0.053994    0.000000    0.260744 v _291_/A (sky130_fd_sc_hd__xor2_2)
     3    0.014847    0.057472    0.135771    0.396515 v _291_/X (sky130_fd_sc_hd__xor2_2)
                                                         _171_ (net)
                      0.057472    0.000000    0.396515 v _292_/B (sky130_fd_sc_hd__xnor2_2)
     3    0.014596    0.177598    0.156810    0.553325 ^ _292_/Y (sky130_fd_sc_hd__xnor2_2)
                                                         _172_ (net)
                      0.177598    0.000000    0.553325 ^ _293_/B (sky130_fd_sc_hd__xnor2_2)
     1    0.003686    0.083454    0.073513    0.626838 ^ _293_/Y (sky130_fd_sc_hd__xnor2_2)
                                                         _173_ (net)
                      0.083454    0.000000    0.626838 ^ _297_/S (sky130_fd_sc_hd__mux2_1)
     2    0.005783    0.051064    0.203150    0.829988 v _297_/X (sky130_fd_sc_hd__mux2_1)
                                                         _177_ (net)
                      0.051064    0.000000    0.829988 v _329_/A1 (sky130_fd_sc_hd__a21boi_2)
    22    0.074255    0.640166    0.502137    1.332125 ^ _329_/Y (sky130_fd_sc_hd__a21boi_2)
                                                         _198_ (net)
                      0.640166    0.000000    1.332125 ^ _340_/C (sky130_fd_sc_hd__nand4_2)
    10    0.037023    0.243090    0.212348    1.544473 v _340_/Y (sky130_fd_sc_hd__nand4_2)
                                                         _204_ (net)
                      0.243090    0.000000    1.544473 v _344_/B (sky130_fd_sc_hd__xnor2_2)
     1    0.002059    0.036497    0.143985    1.688459 v _344_/Y (sky130_fd_sc_hd__xnor2_2)
                                                         u_wrptr_handler.b_wptr_next[4] (net)
                      0.036497    0.000000    1.688459 v _628_/D (sky130_fd_sc_hd__dfrtp_2)
                                              1.688459   data arrival time

                      0.000000   10.000000   10.000000   clock wclk (rise edge)
                                  0.000000   10.000000   clock network delay (ideal)
                                  0.000000   10.000000   clock reconvergence pessimism
                                             10.000000 ^ _628_/CLK (sky130_fd_sc_hd__dfrtp_2)
                                 -0.078353    9.921647   library setup time
                                              9.921647   data required time
---------------------------------------------------------------------------------------------
                                              9.921647   data required time
                                             -1.688459   data arrival time
---------------------------------------------------------------------------------------------
                                              8.233189   slack (MET)


Startpoint: _554_ (rising edge-triggered flip-flop clocked by wclk)
Endpoint: _626_ (rising edge-triggered flip-flop clocked by wclk)
Path Group: wclk
Path Type: max

Fanout         Cap        Slew       Delay        Time   Description
---------------------------------------------------------------------------------------------
                      0.000000    0.000000    0.000000   clock wclk (rise edge)
                                  0.000000    0.000000   clock network delay (ideal)
                      0.000000    0.000000    0.000000 ^ _554_/CLK (sky130_fd_sc_hd__dfrtp_2)
     2    0.016564    0.053994    0.260744    0.260744 v _554_/Q (sky130_fd_sc_hd__dfrtp_2)
                                                         r_ptr_gray_sync[4] (net)
                      0.053994    0.000000    0.260744 v _291_/A (sky130_fd_sc_hd__xor2_2)
     3    0.014847    0.057472    0.135771    0.396515 v _291_/X (sky130_fd_sc_hd__xor2_2)
                                                         _171_ (net)
                      0.057472    0.000000    0.396515 v _292_/B (sky130_fd_sc_hd__xnor2_2)
     3    0.014596    0.177598    0.156810    0.553325 ^ _292_/Y (sky130_fd_sc_hd__xnor2_2)
                                                         _172_ (net)
                      0.177598    0.000000    0.553325 ^ _293_/B (sky130_fd_sc_hd__xnor2_2)
     1    0.003686    0.083454    0.073513    0.626838 ^ _293_/Y (sky130_fd_sc_hd__xnor2_2)
                                                         _173_ (net)
                      0.083454    0.000000    0.626838 ^ _297_/S (sky130_fd_sc_hd__mux2_1)
     2    0.005783    0.051064    0.203150    0.829988 v _297_/X (sky130_fd_sc_hd__mux2_1)
                                                         _177_ (net)
                      0.051064    0.000000    0.829988 v _329_/A1 (sky130_fd_sc_hd__a21boi_2)
    22    0.074255    0.640166    0.502137    1.332125 ^ _329_/Y (sky130_fd_sc_hd__a21boi_2)
                                                         _198_ (net)
                      0.640166    0.000000    1.332125 ^ _332_/C (sky130_fd_sc_hd__and3_2)
     2    0.013031    0.072520    0.175475    1.507600 ^ _332_/X (sky130_fd_sc_hd__and3_2)
                                                         _200_ (net)
                      0.072520    0.000000    1.507600 ^ _337_/B (sky130_fd_sc_hd__xor2_2)
     1    0.002087    0.064693    0.076475    1.584075 ^ _337_/X (sky130_fd_sc_hd__xor2_2)
                                                         u_wrptr_handler.b_wptr_next[2] (net)
                      0.064693    0.000000    1.584075 ^ _626_/D (sky130_fd_sc_hd__dfrtp_2)
                                              1.584075   data arrival time

                      0.000000   10.000000   10.000000   clock wclk (rise edge)
                                  0.000000   10.000000   clock network delay (ideal)
                                  0.000000   10.000000   clock reconvergence pessimism
                                             10.000000 ^ _626_/CLK (sky130_fd_sc_hd__dfrtp_2)
                                 -0.041004    9.958996   library setup time
                                              9.958996   data required time
---------------------------------------------------------------------------------------------
                                              9.958996   data required time
                                             -1.584075   data arrival time
---------------------------------------------------------------------------------------------
                                              8.374921   slack (MET)


Startpoint: _554_ (rising edge-triggered flip-flop clocked by wclk)
Endpoint: _625_ (rising edge-triggered flip-flop clocked by wclk)
Path Group: wclk
Path Type: max

Fanout         Cap        Slew       Delay        Time   Description
---------------------------------------------------------------------------------------------
                      0.000000    0.000000    0.000000   clock wclk (rise edge)
                                  0.000000    0.000000   clock network delay (ideal)
                      0.000000    0.000000    0.000000 ^ _554_/CLK (sky130_fd_sc_hd__dfrtp_2)
     2    0.016564    0.053994    0.260744    0.260744 v _554_/Q (sky130_fd_sc_hd__dfrtp_2)
                                                         r_ptr_gray_sync[4] (net)
                      0.053994    0.000000    0.260744 v _291_/A (sky130_fd_sc_hd__xor2_2)
     3    0.014847    0.057472    0.135771    0.396515 v _291_/X (sky130_fd_sc_hd__xor2_2)
                                                         _171_ (net)
                      0.057472    0.000000    0.396515 v _292_/B (sky130_fd_sc_hd__xnor2_2)
     3    0.014596    0.177598    0.156810    0.553325 ^ _292_/Y (sky130_fd_sc_hd__xnor2_2)
                                                         _172_ (net)
                      0.177598    0.000000    0.553325 ^ _293_/B (sky130_fd_sc_hd__xnor2_2)
     1    0.003686    0.083454    0.073513    0.626838 ^ _293_/Y (sky130_fd_sc_hd__xnor2_2)
                                                         _173_ (net)
                      0.083454    0.000000    0.626838 ^ _297_/S (sky130_fd_sc_hd__mux2_1)
     2    0.005783    0.051064    0.203150    0.829988 v _297_/X (sky130_fd_sc_hd__mux2_1)
                                                         _177_ (net)
                      0.051064    0.000000    0.829988 v _329_/A1 (sky130_fd_sc_hd__a21boi_2)
    22    0.074255    0.640166    0.502137    1.332125 ^ _329_/Y (sky130_fd_sc_hd__a21boi_2)
                                                         _198_ (net)
                      0.640166    0.000000    1.332125 ^ _332_/C (sky130_fd_sc_hd__and3_2)
     2    0.013031    0.072520    0.175475    1.507600 ^ _332_/X (sky130_fd_sc_hd__and3_2)
                                                         _200_ (net)
                      0.072520    0.000000    1.507600 ^ _334_/A (sky130_fd_sc_hd__nor2_2)
     1    0.002059    0.027165    0.022403    1.530002 v _334_/Y (sky130_fd_sc_hd__nor2_2)
                                                         u_wrptr_handler.b_wptr_next[1] (net)
                      0.027165    0.000000    1.530002 v _625_/D (sky130_fd_sc_hd__dfrtp_2)
                                              1.530002   data arrival time

                      0.000000   10.000000   10.000000   clock wclk (rise edge)
                                  0.000000   10.000000   clock network delay (ideal)
                                  0.000000   10.000000   clock reconvergence pessimism
                                             10.000000 ^ _625_/CLK (sky130_fd_sc_hd__dfrtp_2)
                                 -0.075016    9.924985   library setup time
                                              9.924985   data required time
---------------------------------------------------------------------------------------------
                                              9.924985   data required time
                                             -1.530002   data arrival time
---------------------------------------------------------------------------------------------
                                              8.394981   slack (MET)


Startpoint: _554_ (rising edge-triggered flip-flop clocked by wclk)
Endpoint: _632_ (rising edge-triggered flip-flop clocked by wclk)
Path Group: wclk
Path Type: max

Fanout         Cap        Slew       Delay        Time   Description
---------------------------------------------------------------------------------------------
                      0.000000    0.000000    0.000000   clock wclk (rise edge)
                                  0.000000    0.000000   clock network delay (ideal)
                      0.000000    0.000000    0.000000 ^ _554_/CLK (sky130_fd_sc_hd__dfrtp_2)
     2    0.016564    0.053994    0.260744    0.260744 v _554_/Q (sky130_fd_sc_hd__dfrtp_2)
                                                         r_ptr_gray_sync[4] (net)
                      0.053994    0.000000    0.260744 v _291_/A (sky130_fd_sc_hd__xor2_2)
     3    0.014847    0.057472    0.135771    0.396515 v _291_/X (sky130_fd_sc_hd__xor2_2)
                                                         _171_ (net)
                      0.057472    0.000000    0.396515 v _292_/B (sky130_fd_sc_hd__xnor2_2)
     3    0.014596    0.177598    0.156810    0.553325 ^ _292_/Y (sky130_fd_sc_hd__xnor2_2)
                                                         _172_ (net)
                      0.177598    0.000000    0.553325 ^ _293_/B (sky130_fd_sc_hd__xnor2_2)
     1    0.003686    0.083454    0.073513    0.626838 ^ _293_/Y (sky130_fd_sc_hd__xnor2_2)
                                                         _173_ (net)
                      0.083454    0.000000    0.626838 ^ _297_/S (sky130_fd_sc_hd__mux2_1)
     2    0.005783    0.051064    0.203150    0.829988 v _297_/X (sky130_fd_sc_hd__mux2_1)
                                                         _177_ (net)
                      0.051064    0.000000    0.829988 v _329_/A1 (sky130_fd_sc_hd__a21boi_2)
    22    0.074255    0.640166    0.502137    1.332125 ^ _329_/Y (sky130_fd_sc_hd__a21boi_2)
                                                         _198_ (net)
                      0.640166    0.000000    1.332125 ^ _341_/A4 (sky130_fd_sc_hd__a41o_2)
     2    0.010041    0.057465    0.148930    1.481055 ^ _341_/X (sky130_fd_sc_hd__a41o_2)
                                                         _205_ (net)
                      0.057465    0.000000    1.481055 ^ _345_/B (sky130_fd_sc_hd__xor2_2)
     1    0.002087    0.064095    0.076141    1.557196 ^ _345_/X (sky130_fd_sc_hd__xor2_2)
                                                         u_wrptr_handler.g_wptr_next[3] (net)
                      0.064095    0.000000    1.557196 ^ _632_/D (sky130_fd_sc_hd__dfrtp_2)
                                              1.557196   data arrival time

                      0.000000   10.000000   10.000000   clock wclk (rise edge)
                                  0.000000   10.000000   clock network delay (ideal)
                                  0.000000   10.000000   clock reconvergence pessimism
                                             10.000000 ^ _632_/CLK (sky130_fd_sc_hd__dfrtp_2)
                                 -0.040942    9.959058   library setup time
                                              9.959058   data required time
---------------------------------------------------------------------------------------------
                                              9.959058   data required time
                                             -1.557196   data arrival time
---------------------------------------------------------------------------------------------
                                              8.401861   slack (MET)


Startpoint: _554_ (rising edge-triggered flip-flop clocked by wclk)
Endpoint: _630_ (rising edge-triggered flip-flop clocked by wclk)
Path Group: wclk
Path Type: max

Fanout         Cap        Slew       Delay        Time   Description
---------------------------------------------------------------------------------------------
                      0.000000    0.000000    0.000000   clock wclk (rise edge)
                                  0.000000    0.000000   clock network delay (ideal)
                      0.000000    0.000000    0.000000 ^ _554_/CLK (sky130_fd_sc_hd__dfrtp_2)
     2    0.016564    0.053994    0.260744    0.260744 v _554_/Q (sky130_fd_sc_hd__dfrtp_2)
                                                         r_ptr_gray_sync[4] (net)
                      0.053994    0.000000    0.260744 v _291_/A (sky130_fd_sc_hd__xor2_2)
     3    0.014847    0.057472    0.135771    0.396515 v _291_/X (sky130_fd_sc_hd__xor2_2)
                                                         _171_ (net)
                      0.057472    0.000000    0.396515 v _292_/B (sky130_fd_sc_hd__xnor2_2)
     3    0.014596    0.177598    0.156810    0.553325 ^ _292_/Y (sky130_fd_sc_hd__xnor2_2)
                                                         _172_ (net)
                      0.177598    0.000000    0.553325 ^ _293_/B (sky130_fd_sc_hd__xnor2_2)
     1    0.003686    0.083454    0.073513    0.626838 ^ _293_/Y (sky130_fd_sc_hd__xnor2_2)
                                                         _173_ (net)
                      0.083454    0.000000    0.626838 ^ _297_/S (sky130_fd_sc_hd__mux2_1)
     2    0.005783    0.051064    0.203150    0.829988 v _297_/X (sky130_fd_sc_hd__mux2_1)
                                                         _177_ (net)
                      0.051064    0.000000    0.829988 v _329_/A1 (sky130_fd_sc_hd__a21boi_2)
    22    0.074255    0.640166    0.502137    1.332125 ^ _329_/Y (sky130_fd_sc_hd__a21boi_2)
                                                         _198_ (net)
                      0.640166    0.000000    1.332125 ^ _333_/A2 (sky130_fd_sc_hd__a21oi_2)
     2    0.012147    0.115560    0.051913    1.384038 v _333_/Y (sky130_fd_sc_hd__a21oi_2)
                                                         _201_ (net)
                      0.115560    0.000000    1.384038 v _338_/B (sky130_fd_sc_hd__xnor2_2)
     1    0.002059    0.038245    0.107083    1.491122 v _338_/Y (sky130_fd_sc_hd__xnor2_2)
                                                         u_wrptr_handler.g_wptr_next[1] (net)
                      0.038245    0.000000    1.491122 v _630_/D (sky130_fd_sc_hd__dfrtp_2)
                                              1.491122   data arrival time

                      0.000000   10.000000   10.000000   clock wclk (rise edge)
                                  0.000000   10.000000   clock network delay (ideal)
                                  0.000000   10.000000   clock reconvergence pessimism
                                             10.000000 ^ _630_/CLK (sky130_fd_sc_hd__dfrtp_2)
                                 -0.078978    9.921022   library setup time
                                              9.921022   data required time
---------------------------------------------------------------------------------------------
                                              9.921022   data required time
                                             -1.491122   data arrival time
---------------------------------------------------------------------------------------------
                                              8.429900   slack (MET)


Startpoint: _554_ (rising edge-triggered flip-flop clocked by wclk)
Endpoint: _631_ (rising edge-triggered flip-flop clocked by wclk)
Path Group: wclk
Path Type: max

Fanout         Cap        Slew       Delay        Time   Description
---------------------------------------------------------------------------------------------
                      0.000000    0.000000    0.000000   clock wclk (rise edge)
                                  0.000000    0.000000   clock network delay (ideal)
                      0.000000    0.000000    0.000000 ^ _554_/CLK (sky130_fd_sc_hd__dfrtp_2)
     2    0.016564    0.053994    0.260744    0.260744 v _554_/Q (sky130_fd_sc_hd__dfrtp_2)
                                                         r_ptr_gray_sync[4] (net)
                      0.053994    0.000000    0.260744 v _291_/A (sky130_fd_sc_hd__xor2_2)
     3    0.014847    0.057472    0.135771    0.396515 v _291_/X (sky130_fd_sc_hd__xor2_2)
                                                         _171_ (net)
                      0.057472    0.000000    0.396515 v _292_/B (sky130_fd_sc_hd__xnor2_2)
     3    0.014596    0.177598    0.156810    0.553325 ^ _292_/Y (sky130_fd_sc_hd__xnor2_2)
                                                         _172_ (net)
                      0.177598    0.000000    0.553325 ^ _293_/B (sky130_fd_sc_hd__xnor2_2)
     1    0.003686    0.083454    0.073513    0.626838 ^ _293_/Y (sky130_fd_sc_hd__xnor2_2)
                                                         _173_ (net)
                      0.083454    0.000000    0.626838 ^ _297_/S (sky130_fd_sc_hd__mux2_1)
     2    0.005783    0.051064    0.203150    0.829988 v _297_/X (sky130_fd_sc_hd__mux2_1)
                                                         _177_ (net)
                      0.051064    0.000000    0.829988 v _329_/A1 (sky130_fd_sc_hd__a21boi_2)
    22    0.074255    0.640166    0.502137    1.332125 ^ _329_/Y (sky130_fd_sc_hd__a21boi_2)
                                                         _198_ (net)
                      0.640166    0.000000    1.332125 ^ _336_/A3 (sky130_fd_sc_hd__a31o_2)
     1    0.008395    0.056589    0.122289    1.454414 ^ _336_/X (sky130_fd_sc_hd__a31o_2)
                                                         _202_ (net)
                      0.056589    0.000000    1.454414 ^ _343_/B (sky130_fd_sc_hd__xnor2_2)
     1    0.002059    0.028997    0.030642    1.485056 v _343_/Y (sky130_fd_sc_hd__xnor2_2)
                                                         u_wrptr_handler.g_wptr_next[2] (net)
                      0.028997    0.000000    1.485056 v _631_/D (sky130_fd_sc_hd__dfrtp_2)
                                              1.485056   data arrival time

                      0.000000   10.000000   10.000000   clock wclk (rise edge)
                                  0.000000   10.000000   clock network delay (ideal)
                                  0.000000   10.000000   clock reconvergence pessimism
                                             10.000000 ^ _631_/CLK (sky130_fd_sc_hd__dfrtp_2)
                                 -0.075671    9.924329   library setup time
                                              9.924329   data required time
---------------------------------------------------------------------------------------------
                                              9.924329   data required time
                                             -1.485056   data arrival time
---------------------------------------------------------------------------------------------
                                              8.439273   slack (MET)


Startpoint: _554_ (rising edge-triggered flip-flop clocked by wclk)
Endpoint: _629_ (rising edge-triggered flip-flop clocked by wclk)
Path Group: wclk
Path Type: max

Fanout         Cap        Slew       Delay        Time   Description
---------------------------------------------------------------------------------------------
                      0.000000    0.000000    0.000000   clock wclk (rise edge)
                                  0.000000    0.000000   clock network delay (ideal)
                      0.000000    0.000000    0.000000 ^ _554_/CLK (sky130_fd_sc_hd__dfrtp_2)
     2    0.016564    0.053994    0.260744    0.260744 v _554_/Q (sky130_fd_sc_hd__dfrtp_2)
                                                         r_ptr_gray_sync[4] (net)
                      0.053994    0.000000    0.260744 v _291_/A (sky130_fd_sc_hd__xor2_2)
     3    0.014847    0.057472    0.135771    0.396515 v _291_/X (sky130_fd_sc_hd__xor2_2)
                                                         _171_ (net)
                      0.057472    0.000000    0.396515 v _292_/B (sky130_fd_sc_hd__xnor2_2)
     3    0.014596    0.177598    0.156810    0.553325 ^ _292_/Y (sky130_fd_sc_hd__xnor2_2)
                                                         _172_ (net)
                      0.177598    0.000000    0.553325 ^ _293_/B (sky130_fd_sc_hd__xnor2_2)
     1    0.003686    0.083454    0.073513    0.626838 ^ _293_/Y (sky130_fd_sc_hd__xnor2_2)
                                                         _173_ (net)
                      0.083454    0.000000    0.626838 ^ _297_/S (sky130_fd_sc_hd__mux2_1)
     2    0.005783    0.051064    0.203150    0.829988 v _297_/X (sky130_fd_sc_hd__mux2_1)
                                                         _177_ (net)
                      0.051064    0.000000    0.829988 v _329_/A1 (sky130_fd_sc_hd__a21boi_2)
    22    0.074255    0.640166    0.502137    1.332125 ^ _329_/Y (sky130_fd_sc_hd__a21boi_2)
                                                         _198_ (net)
                      0.640166    0.000000    1.332125 ^ _330_/B (sky130_fd_sc_hd__nor2_2)
     1    0.008002    0.100251   -0.010313    1.321812 v _330_/Y (sky130_fd_sc_hd__nor2_2)
                                                         _199_ (net)
                      0.100251    0.000000    1.321812 v _335_/B (sky130_fd_sc_hd__xnor2_2)
     1    0.002059    0.047087    0.101132    1.422944 v _335_/Y (sky130_fd_sc_hd__xnor2_2)
                                                         u_wrptr_handler.g_wptr_next[0] (net)
                      0.047087    0.000000    1.422944 v _629_/D (sky130_fd_sc_hd__dfrtp_2)
                                              1.422944   data arrival time

                      0.000000   10.000000   10.000000   clock wclk (rise edge)
                                  0.000000   10.000000   clock network delay (ideal)
                                  0.000000   10.000000   clock reconvergence pessimism
                                             10.000000 ^ _629_/CLK (sky130_fd_sc_hd__dfrtp_2)
                                 -0.082140    9.917860   library setup time
                                              9.917860   data required time
---------------------------------------------------------------------------------------------
                                              9.917860   data required time
                                             -1.422944   data arrival time
---------------------------------------------------------------------------------------------
                                              8.494915   slack (MET)


Startpoint: _554_ (rising edge-triggered flip-flop clocked by wclk)
Endpoint: _624_ (rising edge-triggered flip-flop clocked by wclk)
Path Group: wclk
Path Type: max

Fanout         Cap        Slew       Delay        Time   Description
---------------------------------------------------------------------------------------------
                      0.000000    0.000000    0.000000   clock wclk (rise edge)
                                  0.000000    0.000000   clock network delay (ideal)
                      0.000000    0.000000    0.000000 ^ _554_/CLK (sky130_fd_sc_hd__dfrtp_2)
     2    0.016564    0.053994    0.260744    0.260744 v _554_/Q (sky130_fd_sc_hd__dfrtp_2)
                                                         r_ptr_gray_sync[4] (net)
                      0.053994    0.000000    0.260744 v _291_/A (sky130_fd_sc_hd__xor2_2)
     3    0.014847    0.057472    0.135771    0.396515 v _291_/X (sky130_fd_sc_hd__xor2_2)
                                                         _171_ (net)
                      0.057472    0.000000    0.396515 v _292_/B (sky130_fd_sc_hd__xnor2_2)
     3    0.014596    0.177598    0.156810    0.553325 ^ _292_/Y (sky130_fd_sc_hd__xnor2_2)
                                                         _172_ (net)
                      0.177598    0.000000    0.553325 ^ _293_/B (sky130_fd_sc_hd__xnor2_2)
     1    0.003686    0.083454    0.073513    0.626838 ^ _293_/Y (sky130_fd_sc_hd__xnor2_2)
                                                         _173_ (net)
                      0.083454    0.000000    0.626838 ^ _297_/S (sky130_fd_sc_hd__mux2_1)
     2    0.005783    0.051064    0.203150    0.829988 v _297_/X (sky130_fd_sc_hd__mux2_1)
                                                         _177_ (net)
                      0.051064    0.000000    0.829988 v _329_/A1 (sky130_fd_sc_hd__a21boi_2)
    22    0.074255    0.640166    0.502137    1.332125 ^ _329_/Y (sky130_fd_sc_hd__a21boi_2)
                                                         _198_ (net)
                      0.640166    0.000000    1.332125 ^ _331_/B (sky130_fd_sc_hd__xor2_2)
     1    0.002059    0.093420    0.008851    1.340976 v _331_/X (sky130_fd_sc_hd__xor2_2)
                                                         u_wrptr_handler.b_wptr_next[0] (net)
                      0.093420    0.000000    1.340976 v _624_/D (sky130_fd_sc_hd__dfrtp_2)
                                              1.340976   data arrival time

                      0.000000   10.000000   10.000000   clock wclk (rise edge)
                                  0.000000   10.000000   clock network delay (ideal)
                                  0.000000   10.000000   clock reconvergence pessimism
                                             10.000000 ^ _624_/CLK (sky130_fd_sc_hd__dfrtp_2)
                                 -0.098710    9.901290   library setup time
                                              9.901290   data required time
---------------------------------------------------------------------------------------------
                                              9.901290   data required time
                                             -1.340976   data arrival time
---------------------------------------------------------------------------------------------
                                              8.560313   slack (MET)


Startpoint: _555_ (rising edge-triggered flip-flop clocked by wclk)
Endpoint: _550_ (rising edge-triggered flip-flop clocked by wclk)
Path Group: wclk
Path Type: max

Fanout         Cap        Slew       Delay        Time   Description
---------------------------------------------------------------------------------------------
                      0.000000    0.000000    0.000000   clock wclk (rise edge)
                                  0.000000    0.000000   clock network delay (ideal)
                      0.000000    0.000000    0.000000 ^ _555_/CLK (sky130_fd_sc_hd__dfrtp_2)
     1    0.002059    0.026048    0.223636    0.223636 v _555_/Q (sky130_fd_sc_hd__dfrtp_2)
                                                         sync_grptr_to_wr.q1[0] (net)
                      0.026048    0.000000    0.223636 v _550_/D (sky130_fd_sc_hd__dfrtp_2)
                                              0.223636   data arrival time

                      0.000000   10.000000   10.000000   clock wclk (rise edge)
                                  0.000000   10.000000   clock network delay (ideal)
                                  0.000000   10.000000   clock reconvergence pessimism
                                             10.000000 ^ _550_/CLK (sky130_fd_sc_hd__dfrtp_2)
                                 -0.074616    9.925385   library setup time
                                              9.925385   data required time
---------------------------------------------------------------------------------------------
                                              9.925385   data required time
                                             -0.223636   data arrival time
---------------------------------------------------------------------------------------------
                                              9.701748   slack (MET)


Startpoint: _556_ (rising edge-triggered flip-flop clocked by wclk)
Endpoint: _551_ (rising edge-triggered flip-flop clocked by wclk)
Path Group: wclk
Path Type: max

Fanout         Cap        Slew       Delay        Time   Description
---------------------------------------------------------------------------------------------
                      0.000000    0.000000    0.000000   clock wclk (rise edge)
                                  0.000000    0.000000   clock network delay (ideal)
                      0.000000    0.000000    0.000000 ^ _556_/CLK (sky130_fd_sc_hd__dfrtp_2)
     1    0.002059    0.026048    0.223636    0.223636 v _556_/Q (sky130_fd_sc_hd__dfrtp_2)
                                                         sync_grptr_to_wr.q1[1] (net)
                      0.026048    0.000000    0.223636 v _551_/D (sky130_fd_sc_hd__dfrtp_2)
                                              0.223636   data arrival time

                      0.000000   10.000000   10.000000   clock wclk (rise edge)
                                  0.000000   10.000000   clock network delay (ideal)
                                  0.000000   10.000000   clock reconvergence pessimism
                                             10.000000 ^ _551_/CLK (sky130_fd_sc_hd__dfrtp_2)
                                 -0.074616    9.925385   library setup time
                                              9.925385   data required time
---------------------------------------------------------------------------------------------
                                              9.925385   data required time
                                             -0.223636   data arrival time
---------------------------------------------------------------------------------------------
                                              9.701748   slack (MET)


Startpoint: _557_ (rising edge-triggered flip-flop clocked by wclk)
Endpoint: _552_ (rising edge-triggered flip-flop clocked by wclk)
Path Group: wclk
Path Type: max

Fanout         Cap        Slew       Delay        Time   Description
---------------------------------------------------------------------------------------------
                      0.000000    0.000000    0.000000   clock wclk (rise edge)
                                  0.000000    0.000000   clock network delay (ideal)
                      0.000000    0.000000    0.000000 ^ _557_/CLK (sky130_fd_sc_hd__dfrtp_2)
     1    0.002059    0.026048    0.223636    0.223636 v _557_/Q (sky130_fd_sc_hd__dfrtp_2)
                                                         sync_grptr_to_wr.q1[2] (net)
                      0.026048    0.000000    0.223636 v _552_/D (sky130_fd_sc_hd__dfrtp_2)
                                              0.223636   data arrival time

                      0.000000   10.000000   10.000000   clock wclk (rise edge)
                                  0.000000   10.000000   clock network delay (ideal)
                                  0.000000   10.000000   clock reconvergence pessimism
                                             10.000000 ^ _552_/CLK (sky130_fd_sc_hd__dfrtp_2)
                                 -0.074616    9.925385   library setup time
                                              9.925385   data required time
---------------------------------------------------------------------------------------------
                                              9.925385   data required time
                                             -0.223636   data arrival time
---------------------------------------------------------------------------------------------
                                              9.701748   slack (MET)


Startpoint: _558_ (rising edge-triggered flip-flop clocked by wclk)
Endpoint: _553_ (rising edge-triggered flip-flop clocked by wclk)
Path Group: wclk
Path Type: max

Fanout         Cap        Slew       Delay        Time   Description
---------------------------------------------------------------------------------------------
                      0.000000    0.000000    0.000000   clock wclk (rise edge)
                                  0.000000    0.000000   clock network delay (ideal)
                      0.000000    0.000000    0.000000 ^ _558_/CLK (sky130_fd_sc_hd__dfrtp_2)
     1    0.002059    0.026048    0.223636    0.223636 v _558_/Q (sky130_fd_sc_hd__dfrtp_2)
                                                         sync_grptr_to_wr.q1[3] (net)
                      0.026048    0.000000    0.223636 v _553_/D (sky130_fd_sc_hd__dfrtp_2)
                                              0.223636   data arrival time

                      0.000000   10.000000   10.000000   clock wclk (rise edge)
                                  0.000000   10.000000   clock network delay (ideal)
                                  0.000000   10.000000   clock reconvergence pessimism
                                             10.000000 ^ _553_/CLK (sky130_fd_sc_hd__dfrtp_2)
                                 -0.074616    9.925385   library setup time
                                              9.925385   data required time
---------------------------------------------------------------------------------------------
                                              9.925385   data required time
                                             -0.223636   data arrival time
---------------------------------------------------------------------------------------------
                                              9.701748   slack (MET)


Startpoint: _559_ (rising edge-triggered flip-flop clocked by wclk)
Endpoint: _554_ (rising edge-triggered flip-flop clocked by wclk)
Path Group: wclk
Path Type: max

Fanout         Cap        Slew       Delay        Time   Description
---------------------------------------------------------------------------------------------
                      0.000000    0.000000    0.000000   clock wclk (rise edge)
                                  0.000000    0.000000   clock network delay (ideal)
                      0.000000    0.000000    0.000000 ^ _559_/CLK (sky130_fd_sc_hd__dfrtp_2)
     1    0.002059    0.026048    0.223636    0.223636 v _559_/Q (sky130_fd_sc_hd__dfrtp_2)
                                                         sync_grptr_to_wr.q1[4] (net)
                      0.026048    0.000000    0.223636 v _554_/D (sky130_fd_sc_hd__dfrtp_2)
                                              0.223636   data arrival time

                      0.000000   10.000000   10.000000   clock wclk (rise edge)
                                  0.000000   10.000000   clock network delay (ideal)
                                  0.000000   10.000000   clock reconvergence pessimism
                                             10.000000 ^ _554_/CLK (sky130_fd_sc_hd__dfrtp_2)
                                 -0.074616    9.925385   library setup time
                                              9.925385   data required time
---------------------------------------------------------------------------------------------
                                              9.925385   data required time
                                             -0.223636   data arrival time
---------------------------------------------------------------------------------------------
                                              9.701748   slack (MET)


Startpoint: _657_ (rising edge-triggered flip-flop clocked by rclk)
Endpoint: _542_ (rising edge-triggered flip-flop clocked by rclk)
Path Group: rclk
Path Type: max

Fanout         Cap        Slew       Delay        Time   Description
---------------------------------------------------------------------------------------------
                      0.000000    0.000000    0.000000   clock rclk (rise edge)
                                  0.000000    0.000000   clock network delay (ideal)
                      0.000000    0.000000    0.000000 ^ _657_/CLK (sky130_fd_sc_hd__dfrtp_2)
    36    0.206463    0.733863    0.696616    0.696616 ^ _657_/Q (sky130_fd_sc_hd__dfrtp_2)
                                                         bram.raddr[0] (net)
                      0.733863    0.000000    0.696616 ^ _346_/S0 (sky130_fd_sc_hd__mux4_2)
     1    0.001395    0.051344    0.302356    0.998972 v _346_/X (sky130_fd_sc_hd__mux4_2)
                                                         _206_ (net)
                      0.051344    0.000000    0.998972 v _347_/B (sky130_fd_sc_hd__or2_2)
     1    0.002261    0.035281    0.159005    1.157976 v _347_/X (sky130_fd_sc_hd__or2_2)
                                                         _207_ (net)
                      0.035281    0.000000    1.157976 v _353_/A1 (sky130_fd_sc_hd__a22o_2)
     1    0.001783    0.021914    0.114062    1.272038 v _353_/X (sky130_fd_sc_hd__a22o_2)
                                                         _000_ (net)
                      0.021914    0.000000    1.272038 v _542_/D (sky130_fd_sc_hd__dfxtp_2)
                                              1.272038   data arrival time

                      0.000000   14.000000   14.000000   clock rclk (rise edge)
                                  0.000000   14.000000   clock network delay (ideal)
                                  0.000000   14.000000   clock reconvergence pessimism
                                             14.000000 ^ _542_/CLK (sky130_fd_sc_hd__dfxtp_2)
                                 -0.070696   13.929303   library setup time
                                             13.929303   data required time
---------------------------------------------------------------------------------------------
                                             13.929303   data required time
                                             -1.272038   data arrival time
---------------------------------------------------------------------------------------------
                                             12.657266   slack (MET)


Startpoint: _657_ (rising edge-triggered flip-flop clocked by rclk)
Endpoint: _543_ (rising edge-triggered flip-flop clocked by rclk)
Path Group: rclk
Path Type: max

Fanout         Cap        Slew       Delay        Time   Description
---------------------------------------------------------------------------------------------
                      0.000000    0.000000    0.000000   clock rclk (rise edge)
                                  0.000000    0.000000   clock network delay (ideal)
                      0.000000    0.000000    0.000000 ^ _657_/CLK (sky130_fd_sc_hd__dfrtp_2)
    36    0.206463    0.733863    0.696616    0.696616 ^ _657_/Q (sky130_fd_sc_hd__dfrtp_2)
                                                         bram.raddr[0] (net)
                      0.733863    0.000000    0.696616 ^ _354_/S0 (sky130_fd_sc_hd__mux4_2)
     1    0.001395    0.051344    0.302356    0.998972 v _354_/X (sky130_fd_sc_hd__mux4_2)
                                                         _213_ (net)
                      0.051344    0.000000    0.998972 v _355_/B (sky130_fd_sc_hd__or2_2)
     1    0.002261    0.035248    0.159005    1.157976 v _355_/X (sky130_fd_sc_hd__or2_2)
                                                         _214_ (net)
                      0.035248    0.000000    1.157976 v _361_/A1 (sky130_fd_sc_hd__a22o_2)
     1    0.001783    0.021914    0.114049    1.272026 v _361_/X (sky130_fd_sc_hd__a22o_2)
                                                         _001_ (net)
                      0.021914    0.000000    1.272026 v _543_/D (sky130_fd_sc_hd__dfxtp_2)
                                              1.272026   data arrival time

                      0.000000   14.000000   14.000000   clock rclk (rise edge)
                                  0.000000   14.000000   clock network delay (ideal)
                                  0.000000   14.000000   clock reconvergence pessimism
                                             14.000000 ^ _543_/CLK (sky130_fd_sc_hd__dfxtp_2)
                                 -0.070696   13.929303   library setup time
                                             13.929303   data required time
---------------------------------------------------------------------------------------------
                                             13.929303   data required time
                                             -1.272026   data arrival time
---------------------------------------------------------------------------------------------
                                             12.657278   slack (MET)


Startpoint: _657_ (rising edge-triggered flip-flop clocked by rclk)
Endpoint: _544_ (rising edge-triggered flip-flop clocked by rclk)
Path Group: rclk
Path Type: max

Fanout         Cap        Slew       Delay        Time   Description
---------------------------------------------------------------------------------------------
                      0.000000    0.000000    0.000000   clock rclk (rise edge)
                                  0.000000    0.000000   clock network delay (ideal)
                      0.000000    0.000000    0.000000 ^ _657_/CLK (sky130_fd_sc_hd__dfrtp_2)
    36    0.206463    0.733863    0.696616    0.696616 ^ _657_/Q (sky130_fd_sc_hd__dfrtp_2)
                                                         bram.raddr[0] (net)
                      0.733863    0.000000    0.696616 ^ _362_/S0 (sky130_fd_sc_hd__mux4_2)
     1    0.001395    0.051344    0.302356    0.998972 v _362_/X (sky130_fd_sc_hd__mux4_2)
                                                         _220_ (net)
                      0.051344    0.000000    0.998972 v _363_/B (sky130_fd_sc_hd__or2_2)
     1    0.002261    0.035281    0.159005    1.157976 v _363_/X (sky130_fd_sc_hd__or2_2)
                                                         _221_ (net)
                      0.035281    0.000000    1.157976 v _369_/A1 (sky130_fd_sc_hd__a22o_2)
     1    0.001783    0.021914    0.114062    1.272038 v _369_/X (sky130_fd_sc_hd__a22o_2)
                                                         _002_ (net)
                      0.021914    0.000000    1.272038 v _544_/D (sky130_fd_sc_hd__dfxtp_2)
                                              1.272038   data arrival time

                      0.000000   14.000000   14.000000   clock rclk (rise edge)
                                  0.000000   14.000000   clock network delay (ideal)
                                  0.000000   14.000000   clock reconvergence pessimism
                                             14.000000 ^ _544_/CLK (sky130_fd_sc_hd__dfxtp_2)
                                 -0.070696   13.929303   library setup time
                                             13.929303   data required time
---------------------------------------------------------------------------------------------
                                             13.929303   data required time
                                             -1.272038   data arrival time
---------------------------------------------------------------------------------------------
                                             12.657266   slack (MET)


Startpoint: _657_ (rising edge-triggered flip-flop clocked by rclk)
Endpoint: _545_ (rising edge-triggered flip-flop clocked by rclk)
Path Group: rclk
Path Type: max

Fanout         Cap        Slew       Delay        Time   Description
---------------------------------------------------------------------------------------------
                      0.000000    0.000000    0.000000   clock rclk (rise edge)
                                  0.000000    0.000000   clock network delay (ideal)
                      0.000000    0.000000    0.000000 ^ _657_/CLK (sky130_fd_sc_hd__dfrtp_2)
    36    0.206463    0.733863    0.696616    0.696616 ^ _657_/Q (sky130_fd_sc_hd__dfrtp_2)
                                                         bram.raddr[0] (net)
                      0.733863    0.000000    0.696616 ^ _370_/S0 (sky130_fd_sc_hd__mux4_2)
     1    0.001395    0.051344    0.302356    0.998972 v _370_/X (sky130_fd_sc_hd__mux4_2)
                                                         _227_ (net)
                      0.051344    0.000000    0.998972 v _371_/B (sky130_fd_sc_hd__or2_2)
     1    0.002261    0.035281    0.159005    1.157976 v _371_/X (sky130_fd_sc_hd__or2_2)
                                                         _228_ (net)
                      0.035281    0.000000    1.157976 v _377_/A1 (sky130_fd_sc_hd__a22o_2)
     1    0.001783    0.021914    0.114062    1.272038 v _377_/X (sky130_fd_sc_hd__a22o_2)
                                                         _003_ (net)
                      0.021914    0.000000    1.272038 v _545_/D (sky130_fd_sc_hd__dfxtp_2)
                                              1.272038   data arrival time

                      0.000000   14.000000   14.000000   clock rclk (rise edge)
                                  0.000000   14.000000   clock network delay (ideal)
                                  0.000000   14.000000   clock reconvergence pessimism
                                             14.000000 ^ _545_/CLK (sky130_fd_sc_hd__dfxtp_2)
                                 -0.070696   13.929303   library setup time
                                             13.929303   data required time
---------------------------------------------------------------------------------------------
                                             13.929303   data required time
                                             -1.272038   data arrival time
---------------------------------------------------------------------------------------------
                                             12.657266   slack (MET)


Startpoint: _657_ (rising edge-triggered flip-flop clocked by rclk)
Endpoint: _546_ (rising edge-triggered flip-flop clocked by rclk)
Path Group: rclk
Path Type: max

Fanout         Cap        Slew       Delay        Time   Description
---------------------------------------------------------------------------------------------
                      0.000000    0.000000    0.000000   clock rclk (rise edge)
                                  0.000000    0.000000   clock network delay (ideal)
                      0.000000    0.000000    0.000000 ^ _657_/CLK (sky130_fd_sc_hd__dfrtp_2)
    36    0.206463    0.733863    0.696616    0.696616 ^ _657_/Q (sky130_fd_sc_hd__dfrtp_2)
                                                         bram.raddr[0] (net)
                      0.733863    0.000000    0.696616 ^ _259_/S0 (sky130_fd_sc_hd__mux4_2)
     1    0.001395    0.051344    0.302356    0.998972 v _259_/X (sky130_fd_sc_hd__mux4_2)
                                                         _143_ (net)
                      0.051344    0.000000    0.998972 v _260_/B (sky130_fd_sc_hd__or2_2)
     1    0.002261    0.035248    0.159005    1.157976 v _260_/X (sky130_fd_sc_hd__or2_2)
                                                         _144_ (net)
                      0.035248    0.000000    1.157976 v _266_/A1 (sky130_fd_sc_hd__a22o_2)
     1    0.001783    0.021914    0.114049    1.272026 v _266_/X (sky130_fd_sc_hd__a22o_2)
                                                         _004_ (net)
                      0.021914    0.000000    1.272026 v _546_/D (sky130_fd_sc_hd__dfxtp_2)
                                              1.272026   data arrival time

                      0.000000   14.000000   14.000000   clock rclk (rise edge)
                                  0.000000   14.000000   clock network delay (ideal)
                                  0.000000   14.000000   clock reconvergence pessimism
                                             14.000000 ^ _546_/CLK (sky130_fd_sc_hd__dfxtp_2)
                                 -0.070696   13.929303   library setup time
                                             13.929303   data required time
---------------------------------------------------------------------------------------------
                                             13.929303   data required time
                                             -1.272026   data arrival time
---------------------------------------------------------------------------------------------
                                             12.657278   slack (MET)


Startpoint: _657_ (rising edge-triggered flip-flop clocked by rclk)
Endpoint: _547_ (rising edge-triggered flip-flop clocked by rclk)
Path Group: rclk
Path Type: max

Fanout         Cap        Slew       Delay        Time   Description
---------------------------------------------------------------------------------------------
                      0.000000    0.000000    0.000000   clock rclk (rise edge)
                                  0.000000    0.000000   clock network delay (ideal)
                      0.000000    0.000000    0.000000 ^ _657_/CLK (sky130_fd_sc_hd__dfrtp_2)
    36    0.206463    0.733863    0.696616    0.696616 ^ _657_/Q (sky130_fd_sc_hd__dfrtp_2)
                                                         bram.raddr[0] (net)
                      0.733863    0.000000    0.696616 ^ _267_/S0 (sky130_fd_sc_hd__mux4_2)
     1    0.001395    0.051344    0.302356    0.998972 v _267_/X (sky130_fd_sc_hd__mux4_2)
                                                         _150_ (net)
                      0.051344    0.000000    0.998972 v _268_/B (sky130_fd_sc_hd__or2_2)
     1    0.002261    0.035281    0.159005    1.157976 v _268_/X (sky130_fd_sc_hd__or2_2)
                                                         _151_ (net)
                      0.035281    0.000000    1.157976 v _274_/A1 (sky130_fd_sc_hd__a22o_2)
     1    0.001783    0.021914    0.114062    1.272038 v _274_/X (sky130_fd_sc_hd__a22o_2)
                                                         _005_ (net)
                      0.021914    0.000000    1.272038 v _547_/D (sky130_fd_sc_hd__dfxtp_2)
                                              1.272038   data arrival time

                      0.000000   14.000000   14.000000   clock rclk (rise edge)
                                  0.000000   14.000000   clock network delay (ideal)
                                  0.000000   14.000000   clock reconvergence pessimism
                                             14.000000 ^ _547_/CLK (sky130_fd_sc_hd__dfxtp_2)
                                 -0.070696   13.929303   library setup time
                                             13.929303   data required time
---------------------------------------------------------------------------------------------
                                             13.929303   data required time
                                             -1.272038   data arrival time
---------------------------------------------------------------------------------------------
                                             12.657266   slack (MET)


Startpoint: _657_ (rising edge-triggered flip-flop clocked by rclk)
Endpoint: _548_ (rising edge-triggered flip-flop clocked by rclk)
Path Group: rclk
Path Type: max

Fanout         Cap        Slew       Delay        Time   Description
---------------------------------------------------------------------------------------------
                      0.000000    0.000000    0.000000   clock rclk (rise edge)
                                  0.000000    0.000000   clock network delay (ideal)
                      0.000000    0.000000    0.000000 ^ _657_/CLK (sky130_fd_sc_hd__dfrtp_2)
    36    0.206463    0.733863    0.696616    0.696616 ^ _657_/Q (sky130_fd_sc_hd__dfrtp_2)
                                                         bram.raddr[0] (net)
                      0.733863    0.000000    0.696616 ^ _275_/S0 (sky130_fd_sc_hd__mux4_2)
     1    0.001395    0.051344    0.302356    0.998972 v _275_/X (sky130_fd_sc_hd__mux4_2)
                                                         _157_ (net)
                      0.051344    0.000000    0.998972 v _276_/B (sky130_fd_sc_hd__or2_2)
     1    0.002261    0.035248    0.159005    1.157976 v _276_/X (sky130_fd_sc_hd__or2_2)
                                                         _158_ (net)
                      0.035248    0.000000    1.157976 v _282_/A1 (sky130_fd_sc_hd__a22o_2)
     1    0.001783    0.021914    0.114049    1.272026 v _282_/X (sky130_fd_sc_hd__a22o_2)
                                                         _006_ (net)
                      0.021914    0.000000    1.272026 v _548_/D (sky130_fd_sc_hd__dfxtp_2)
                                              1.272026   data arrival time

                      0.000000   14.000000   14.000000   clock rclk (rise edge)
                                  0.000000   14.000000   clock network delay (ideal)
                                  0.000000   14.000000   clock reconvergence pessimism
                                             14.000000 ^ _548_/CLK (sky130_fd_sc_hd__dfxtp_2)
                                 -0.070696   13.929303   library setup time
                                             13.929303   data required time
---------------------------------------------------------------------------------------------
                                             13.929303   data required time
                                             -1.272026   data arrival time
---------------------------------------------------------------------------------------------
                                             12.657278   slack (MET)


Startpoint: _657_ (rising edge-triggered flip-flop clocked by rclk)
Endpoint: _549_ (rising edge-triggered flip-flop clocked by rclk)
Path Group: rclk
Path Type: max

Fanout         Cap        Slew       Delay        Time   Description
---------------------------------------------------------------------------------------------
                      0.000000    0.000000    0.000000   clock rclk (rise edge)
                                  0.000000    0.000000   clock network delay (ideal)
                      0.000000    0.000000    0.000000 ^ _657_/CLK (sky130_fd_sc_hd__dfrtp_2)
    36    0.206463    0.733863    0.696616    0.696616 ^ _657_/Q (sky130_fd_sc_hd__dfrtp_2)
                                                         bram.raddr[0] (net)
                      0.733863    0.000000    0.696616 ^ _283_/S0 (sky130_fd_sc_hd__mux4_2)
     1    0.001395    0.051344    0.302356    0.998972 v _283_/X (sky130_fd_sc_hd__mux4_2)
                                                         _164_ (net)
                      0.051344    0.000000    0.998972 v _284_/B (sky130_fd_sc_hd__or2_2)
     1    0.002261    0.035281    0.159005    1.157976 v _284_/X (sky130_fd_sc_hd__or2_2)
                                                         _165_ (net)
                      0.035281    0.000000    1.157976 v _290_/A1 (sky130_fd_sc_hd__a22o_2)
     1    0.001783    0.021914    0.114062    1.272038 v _290_/X (sky130_fd_sc_hd__a22o_2)
                                                         _007_ (net)
                      0.021914    0.000000    1.272038 v _549_/D (sky130_fd_sc_hd__dfxtp_2)
                                              1.272038   data arrival time

                      0.000000   14.000000   14.000000   clock rclk (rise edge)
                                  0.000000   14.000000   clock network delay (ideal)
                                  0.000000   14.000000   clock reconvergence pessimism
                                             14.000000 ^ _549_/CLK (sky130_fd_sc_hd__dfxtp_2)
                                 -0.070696   13.929303   library setup time
                                             13.929303   data required time
---------------------------------------------------------------------------------------------
                                             13.929303   data required time
                                             -1.272038   data arrival time
---------------------------------------------------------------------------------------------
                                             12.657266   slack (MET)


Startpoint: _533_ (rising edge-triggered flip-flop clocked by rclk)
Endpoint: _660_ (rising edge-triggered flip-flop clocked by rclk)
Path Group: rclk
Path Type: max

Fanout         Cap        Slew       Delay        Time   Description
---------------------------------------------------------------------------------------------
                      0.000000    0.000000    0.000000   clock rclk (rise edge)
                                  0.000000    0.000000   clock network delay (ideal)
                      0.000000    0.000000    0.000000 ^ _533_/CLK (sky130_fd_sc_hd__dfrtp_2)
     1    0.008562    0.040045    0.242632    0.242632 v _533_/Q (sky130_fd_sc_hd__dfrtp_2)
                                                         sync_gwptr_to_rd.q2[1] (net)
                      0.040045    0.000000    0.242632 v _306_/A (sky130_fd_sc_hd__xor2_2)
     1    0.002154    0.026940    0.104807    0.347438 v _306_/X (sky130_fd_sc_hd__xor2_2)
                                                         _185_ (net)
                      0.026940    0.000000    0.347438 v _307_/C1 (sky130_fd_sc_hd__a221o_2)
     2    0.006425    0.040712    0.113371    0.460809 v _307_/X (sky130_fd_sc_hd__a221o_2)
                                                         _186_ (net)
                      0.040712    0.000000    0.460809 v _311_/A1 (sky130_fd_sc_hd__o31a_2)
     4    0.011801    0.055086    0.230581    0.691390 v _311_/X (sky130_fd_sc_hd__o31a_2)
                                                         _189_ (net)
                      0.055086    0.000000    0.691390 v _315_/C (sky130_fd_sc_hd__and3_2)
     3    0.009833    0.044399    0.152940    0.844330 v _315_/X (sky130_fd_sc_hd__and3_2)
                                                         _192_ (net)
                      0.044399    0.000000    0.844330 v _319_/B (sky130_fd_sc_hd__and2_2)
     3    0.012561    0.043756    0.141079    0.985409 v _319_/X (sky130_fd_sc_hd__and2_2)
                                                         _194_ (net)
                      0.043756    0.000000    0.985409 v _323_/B (sky130_fd_sc_hd__nor2_2)
     2    0.010116    0.099544    0.090707    1.076117 ^ _323_/Y (sky130_fd_sc_hd__nor2_2)
                                                         _196_ (net)
                      0.099544    0.000000    1.076117 ^ _325_/A_N (sky130_fd_sc_hd__and2b_2)
     1    0.002059    0.024659    0.131905    1.208022 v _325_/X (sky130_fd_sc_hd__and2b_2)
                                                         u_rptr_handler.b_rptr_next[3] (net)
                      0.024659    0.000000    1.208022 v _660_/D (sky130_fd_sc_hd__dfrtp_2)
                                              1.208022   data arrival time

                      0.000000   14.000000   14.000000   clock rclk (rise edge)
                                  0.000000   14.000000   clock network delay (ideal)
                                  0.000000   14.000000   clock reconvergence pessimism
                                             14.000000 ^ _660_/CLK (sky130_fd_sc_hd__dfrtp_2)
                                 -0.074119   13.925880   library setup time
                                             13.925880   data required time
---------------------------------------------------------------------------------------------
                                             13.925880   data required time
                                             -1.208022   data arrival time
---------------------------------------------------------------------------------------------
                                             12.717858   slack (MET)


Startpoint: _657_ (rising edge-triggered flip-flop clocked by rclk)
Endpoint: _661_ (rising edge-triggered flip-flop clocked by rclk)
Path Group: rclk
Path Type: max

Fanout         Cap        Slew       Delay        Time   Description
---------------------------------------------------------------------------------------------
                      0.000000    0.000000    0.000000   clock rclk (rise edge)
                                  0.000000    0.000000   clock network delay (ideal)
                      0.000000    0.000000    0.000000 ^ _657_/CLK (sky130_fd_sc_hd__dfrtp_2)
    36    0.206463    0.733863    0.696616    0.696616 ^ _657_/Q (sky130_fd_sc_hd__dfrtp_2)
                                                         bram.raddr[0] (net)
                      0.733863    0.000000    0.696616 ^ _315_/B (sky130_fd_sc_hd__and3_2)
     3    0.011027    0.068953    0.180425    0.877040 ^ _315_/X (sky130_fd_sc_hd__and3_2)
                                                         _192_ (net)
                      0.068953    0.000000    0.877040 ^ _319_/B (sky130_fd_sc_hd__and2_2)
     3    0.014009    0.066957    0.119958    0.996998 ^ _319_/X (sky130_fd_sc_hd__and2_2)
                                                         _194_ (net)
                      0.066957    0.000000    0.996998 ^ _324_/B (sky130_fd_sc_hd__nand2_2)
     2    0.009641    0.056164    0.044690    1.041689 v _324_/Y (sky130_fd_sc_hd__nand2_2)
                                                         _197_ (net)
                      0.056164    0.000000    1.041689 v _327_/B (sky130_fd_sc_hd__xnor2_2)
     1    0.002059    0.032186    0.083994    1.125682 v _327_/Y (sky130_fd_sc_hd__xnor2_2)
                                                         u_rptr_handler.b_rptr_next[4] (net)
                      0.032186    0.000000    1.125682 v _661_/D (sky130_fd_sc_hd__dfrtp_2)
                                              1.125682   data arrival time

                      0.000000   14.000000   14.000000   clock rclk (rise edge)
                                  0.000000   14.000000   clock network delay (ideal)
                                  0.000000   14.000000   clock reconvergence pessimism
                                             14.000000 ^ _661_/CLK (sky130_fd_sc_hd__dfrtp_2)
                                 -0.076811   13.923188   library setup time
                                             13.923188   data required time
---------------------------------------------------------------------------------------------
                                             13.923188   data required time
                                             -1.125682   data arrival time
---------------------------------------------------------------------------------------------
                                             12.797505   slack (MET)


Startpoint: _657_ (rising edge-triggered flip-flop clocked by rclk)
Endpoint: _665_ (rising edge-triggered flip-flop clocked by rclk)
Path Group: rclk
Path Type: max

Fanout         Cap        Slew       Delay        Time   Description
---------------------------------------------------------------------------------------------
                      0.000000    0.000000    0.000000   clock rclk (rise edge)
                                  0.000000    0.000000   clock network delay (ideal)
                      0.000000    0.000000    0.000000 ^ _657_/CLK (sky130_fd_sc_hd__dfrtp_2)
    36    0.206463    0.733863    0.696616    0.696616 ^ _657_/Q (sky130_fd_sc_hd__dfrtp_2)
                                                         bram.raddr[0] (net)
                      0.733863    0.000000    0.696616 ^ _315_/B (sky130_fd_sc_hd__and3_2)
     3    0.011027    0.068953    0.180425    0.877040 ^ _315_/X (sky130_fd_sc_hd__and3_2)
                                                         _192_ (net)
                      0.068953    0.000000    0.877040 ^ _319_/B (sky130_fd_sc_hd__and2_2)
     3    0.014009    0.066957    0.119958    0.996998 ^ _319_/X (sky130_fd_sc_hd__and2_2)
                                                         _194_ (net)
                      0.066957    0.000000    0.996998 ^ _323_/B (sky130_fd_sc_hd__nor2_2)
     2    0.009591    0.049622    0.032198    1.029196 v _323_/Y (sky130_fd_sc_hd__nor2_2)
                                                         _196_ (net)
                      0.049622    0.000000    1.029196 v _328_/B (sky130_fd_sc_hd__xnor2_2)
     1    0.002059    0.032186    0.081425    1.110622 v _328_/Y (sky130_fd_sc_hd__xnor2_2)
                                                         u_rptr_handler.g_rptr_next[3] (net)
                      0.032186    0.000000    1.110622 v _665_/D (sky130_fd_sc_hd__dfrtp_2)
                                              1.110622   data arrival time

                      0.000000   14.000000   14.000000   clock rclk (rise edge)
                                  0.000000   14.000000   clock network delay (ideal)
                                  0.000000   14.000000   clock reconvergence pessimism
                                             14.000000 ^ _665_/CLK (sky130_fd_sc_hd__dfrtp_2)
                                 -0.076811   13.923188   library setup time
                                             13.923188   data required time
---------------------------------------------------------------------------------------------
                                             13.923188   data required time
                                             -1.110622   data arrival time
---------------------------------------------------------------------------------------------
                                             12.812567   slack (MET)


Startpoint: _657_ (rising edge-triggered flip-flop clocked by rclk)
Endpoint: _659_ (rising edge-triggered flip-flop clocked by rclk)
Path Group: rclk
Path Type: max

Fanout         Cap        Slew       Delay        Time   Description
---------------------------------------------------------------------------------------------
                      0.000000    0.000000    0.000000   clock rclk (rise edge)
                                  0.000000    0.000000   clock network delay (ideal)
                      0.000000    0.000000    0.000000 ^ _657_/CLK (sky130_fd_sc_hd__dfrtp_2)
    36    0.206463    0.733863    0.696616    0.696616 ^ _657_/Q (sky130_fd_sc_hd__dfrtp_2)
                                                         bram.raddr[0] (net)
                      0.733863    0.000000    0.696616 ^ _315_/B (sky130_fd_sc_hd__and3_2)
     3    0.011027    0.068953    0.180425    0.877040 ^ _315_/X (sky130_fd_sc_hd__and3_2)
                                                         _192_ (net)
                      0.068953    0.000000    0.877040 ^ _319_/B (sky130_fd_sc_hd__and2_2)
     3    0.014009    0.066957    0.119958    0.996998 ^ _319_/X (sky130_fd_sc_hd__and2_2)
                                                         _194_ (net)
                      0.066957    0.000000    0.996998 ^ _321_/A (sky130_fd_sc_hd__nor2_2)
     1    0.002059    0.025145    0.022325    1.019323 v _321_/Y (sky130_fd_sc_hd__nor2_2)
                                                         u_rptr_handler.b_rptr_next[2] (net)
                      0.025145    0.000000    1.019323 v _659_/D (sky130_fd_sc_hd__dfrtp_2)
                                              1.019323   data arrival time

                      0.000000   14.000000   14.000000   clock rclk (rise edge)
                                  0.000000   14.000000   clock network delay (ideal)
                                  0.000000   14.000000   clock reconvergence pessimism
                                             14.000000 ^ _659_/CLK (sky130_fd_sc_hd__dfrtp_2)
                                 -0.074293   13.925706   library setup time
                                             13.925706   data required time
---------------------------------------------------------------------------------------------
                                             13.925706   data required time
                                             -1.019323   data arrival time
---------------------------------------------------------------------------------------------
                                             12.906383   slack (MET)


Startpoint: _657_ (rising edge-triggered flip-flop clocked by rclk)
Endpoint: _664_ (rising edge-triggered flip-flop clocked by rclk)
Path Group: rclk
Path Type: max

Fanout         Cap        Slew       Delay        Time   Description
---------------------------------------------------------------------------------------------
                      0.000000    0.000000    0.000000   clock rclk (rise edge)
                                  0.000000    0.000000   clock network delay (ideal)
                      0.000000    0.000000    0.000000 ^ _657_/CLK (sky130_fd_sc_hd__dfrtp_2)
    36    0.206463    0.733863    0.696616    0.696616 ^ _657_/Q (sky130_fd_sc_hd__dfrtp_2)
                                                         bram.raddr[0] (net)
                      0.733863    0.000000    0.696616 ^ _315_/B (sky130_fd_sc_hd__and3_2)
     3    0.011027    0.068953    0.180425    0.877040 ^ _315_/X (sky130_fd_sc_hd__and3_2)
                                                         _192_ (net)
                      0.068953    0.000000    0.877040 ^ _320_/B (sky130_fd_sc_hd__nor2_2)
     2    0.012147    0.065707    0.036081    0.913121 v _320_/Y (sky130_fd_sc_hd__nor2_2)
                                                         _195_ (net)
                      0.065707    0.000000    0.913121 v _326_/B (sky130_fd_sc_hd__xnor2_2)
     1    0.002059    0.038734    0.087704    1.000825 v _326_/Y (sky130_fd_sc_hd__xnor2_2)
                                                         u_rptr_handler.g_rptr_next[2] (net)
                      0.038734    0.000000    1.000825 v _664_/D (sky130_fd_sc_hd__dfrtp_2)
                                              1.000825   data arrival time

                      0.000000   14.000000   14.000000   clock rclk (rise edge)
                                  0.000000   14.000000   clock network delay (ideal)
                                  0.000000   14.000000   clock reconvergence pessimism
                                             14.000000 ^ _664_/CLK (sky130_fd_sc_hd__dfrtp_2)
                                 -0.079153   13.920847   library setup time
                                             13.920847   data required time
---------------------------------------------------------------------------------------------
                                             13.920847   data required time
                                             -1.000825   data arrival time
---------------------------------------------------------------------------------------------
                                             12.920023   slack (MET)


Startpoint: _657_ (rising edge-triggered flip-flop clocked by rclk)
Endpoint: _658_ (rising edge-triggered flip-flop clocked by rclk)
Path Group: rclk
Path Type: max

Fanout         Cap        Slew       Delay        Time   Description
---------------------------------------------------------------------------------------------
                      0.000000    0.000000    0.000000   clock rclk (rise edge)
                                  0.000000    0.000000   clock network delay (ideal)
                      0.000000    0.000000    0.000000 ^ _657_/CLK (sky130_fd_sc_hd__dfrtp_2)
    36    0.206463    0.733863    0.696616    0.696616 ^ _657_/Q (sky130_fd_sc_hd__dfrtp_2)
                                                         bram.raddr[0] (net)
                      0.733863    0.000000    0.696616 ^ _315_/B (sky130_fd_sc_hd__and3_2)
     3    0.011027    0.068953    0.180425    0.877040 ^ _315_/X (sky130_fd_sc_hd__and3_2)
                                                         _192_ (net)
                      0.068953    0.000000    0.877040 ^ _317_/A (sky130_fd_sc_hd__nor2_2)
     1    0.002059    0.028669    0.022353    0.899393 v _317_/Y (sky130_fd_sc_hd__nor2_2)
                                                         u_rptr_handler.b_rptr_next[1] (net)
                      0.028669    0.000000    0.899393 v _658_/D (sky130_fd_sc_hd__dfrtp_2)
                                              0.899393   data arrival time

                      0.000000   14.000000   14.000000   clock rclk (rise edge)
                                  0.000000   14.000000   clock network delay (ideal)
                                  0.000000   14.000000   clock reconvergence pessimism
                                             14.000000 ^ _658_/CLK (sky130_fd_sc_hd__dfrtp_2)
                                 -0.075553   13.924446   library setup time
                                             13.924446   data required time
---------------------------------------------------------------------------------------------
                                             13.924446   data required time
                                             -0.899393   data arrival time
---------------------------------------------------------------------------------------------
                                             13.025052   slack (MET)


Startpoint: _533_ (rising edge-triggered flip-flop clocked by rclk)
Endpoint: _663_ (rising edge-triggered flip-flop clocked by rclk)
Path Group: rclk
Path Type: max

Fanout         Cap        Slew       Delay        Time   Description
---------------------------------------------------------------------------------------------
                      0.000000    0.000000    0.000000   clock rclk (rise edge)
                                  0.000000    0.000000   clock network delay (ideal)
                      0.000000    0.000000    0.000000 ^ _533_/CLK (sky130_fd_sc_hd__dfrtp_2)
     1    0.008562    0.040045    0.242632    0.242632 v _533_/Q (sky130_fd_sc_hd__dfrtp_2)
                                                         sync_gwptr_to_rd.q2[1] (net)
                      0.040045    0.000000    0.242632 v _306_/A (sky130_fd_sc_hd__xor2_2)
     1    0.002154    0.026940    0.104807    0.347438 v _306_/X (sky130_fd_sc_hd__xor2_2)
                                                         _185_ (net)
                      0.026940    0.000000    0.347438 v _307_/C1 (sky130_fd_sc_hd__a221o_2)
     2    0.006425    0.040712    0.113371    0.460809 v _307_/X (sky130_fd_sc_hd__a221o_2)
                                                         _186_ (net)
                      0.040712    0.000000    0.460809 v _311_/A1 (sky130_fd_sc_hd__o31a_2)
     4    0.011801    0.055086    0.230581    0.691390 v _311_/X (sky130_fd_sc_hd__o31a_2)
                                                         _189_ (net)
                      0.055086    0.000000    0.691390 v _316_/A2 (sky130_fd_sc_hd__a21oi_2)
     2    0.013168    0.154841    0.149186    0.840575 ^ _316_/Y (sky130_fd_sc_hd__a21oi_2)
                                                         _193_ (net)
                      0.154841    0.000000    0.840575 ^ _322_/B (sky130_fd_sc_hd__xnor2_2)
     1    0.002059    0.047360    0.030091    0.870667 v _322_/Y (sky130_fd_sc_hd__xnor2_2)
                                                         u_rptr_handler.g_rptr_next[1] (net)
                      0.047360    0.000000    0.870667 v _663_/D (sky130_fd_sc_hd__dfrtp_2)
                                              0.870667   data arrival time

                      0.000000   14.000000   14.000000   clock rclk (rise edge)
                                  0.000000   14.000000   clock network delay (ideal)
                                  0.000000   14.000000   clock reconvergence pessimism
                                             14.000000 ^ _663_/CLK (sky130_fd_sc_hd__dfrtp_2)
                                 -0.082238   13.917762   library setup time
                                             13.917762   data required time
---------------------------------------------------------------------------------------------
                                             13.917762   data required time
                                             -0.870667   data arrival time
---------------------------------------------------------------------------------------------
                                             13.047094   slack (MET)


Startpoint: _657_ (rising edge-triggered flip-flop clocked by rclk)
Endpoint: _657_ (rising edge-triggered flip-flop clocked by rclk)
Path Group: rclk
Path Type: max

Fanout         Cap        Slew       Delay        Time   Description
---------------------------------------------------------------------------------------------
                      0.000000    0.000000    0.000000   clock rclk (rise edge)
                                  0.000000    0.000000   clock network delay (ideal)
                      0.000000    0.000000    0.000000 ^ _657_/CLK (sky130_fd_sc_hd__dfrtp_2)
    36    0.206463    0.733863    0.696616    0.696616 ^ _657_/Q (sky130_fd_sc_hd__dfrtp_2)
                                                         bram.raddr[0] (net)
                      0.733863    0.000000    0.696616 ^ _312_/A (sky130_fd_sc_hd__and2_2)
     1    0.004622    0.049207    0.132614    0.829230 ^ _312_/X (sky130_fd_sc_hd__and2_2)
                                                         _190_ (net)
                      0.049207    0.000000    0.829230 ^ _314_/A (sky130_fd_sc_hd__nor2_2)
     1    0.002059    0.027482    0.021573    0.850802 v _314_/Y (sky130_fd_sc_hd__nor2_2)
                                                         u_rptr_handler.b_rptr_next[0] (net)
                      0.027482    0.000000    0.850802 v _657_/D (sky130_fd_sc_hd__dfrtp_2)
                                              0.850802   data arrival time

                      0.000000   14.000000   14.000000   clock rclk (rise edge)
                                  0.000000   14.000000   clock network delay (ideal)
                                  0.000000   14.000000   clock reconvergence pessimism
                                             14.000000 ^ _657_/CLK (sky130_fd_sc_hd__dfrtp_2)
                                 -0.075129   13.924870   library setup time
                                             13.924870   data required time
---------------------------------------------------------------------------------------------
                                             13.924870   data required time
                                             -0.850802   data arrival time
---------------------------------------------------------------------------------------------
                                             13.074068   slack (MET)


Startpoint: _533_ (rising edge-triggered flip-flop clocked by rclk)
Endpoint: _662_ (rising edge-triggered flip-flop clocked by rclk)
Path Group: rclk
Path Type: max

Fanout         Cap        Slew       Delay        Time   Description
---------------------------------------------------------------------------------------------
                      0.000000    0.000000    0.000000   clock rclk (rise edge)
                                  0.000000    0.000000   clock network delay (ideal)
                      0.000000    0.000000    0.000000 ^ _533_/CLK (sky130_fd_sc_hd__dfrtp_2)
     1    0.008562    0.040045    0.242632    0.242632 v _533_/Q (sky130_fd_sc_hd__dfrtp_2)
                                                         sync_gwptr_to_rd.q2[1] (net)
                      0.040045    0.000000    0.242632 v _306_/A (sky130_fd_sc_hd__xor2_2)
     1    0.002154    0.026940    0.104807    0.347438 v _306_/X (sky130_fd_sc_hd__xor2_2)
                                                         _185_ (net)
                      0.026940    0.000000    0.347438 v _307_/C1 (sky130_fd_sc_hd__a221o_2)
     2    0.006425    0.040712    0.113371    0.460809 v _307_/X (sky130_fd_sc_hd__a221o_2)
                                                         _186_ (net)
                      0.040712    0.000000    0.460809 v _311_/A1 (sky130_fd_sc_hd__o31a_2)
     4    0.011801    0.055086    0.230581    0.691390 v _311_/X (sky130_fd_sc_hd__o31a_2)
                                                         _189_ (net)
                      0.055086    0.000000    0.691390 v _313_/B (sky130_fd_sc_hd__nor2_2)
     2    0.013168    0.143985    0.110872    0.802262 ^ _313_/Y (sky130_fd_sc_hd__nor2_2)
                                                         _191_ (net)
                      0.143985    0.000000    0.802262 ^ _318_/B (sky130_fd_sc_hd__xnor2_2)
     1    0.002059    0.067344    0.030729    0.832990 v _318_/Y (sky130_fd_sc_hd__xnor2_2)
                                                         u_rptr_handler.g_rptr_next[0] (net)
                      0.067344    0.000000    0.832990 v _662_/D (sky130_fd_sc_hd__dfrtp_2)
                                              0.832990   data arrival time

                      0.000000   14.000000   14.000000   clock rclk (rise edge)
                                  0.000000   14.000000   clock network delay (ideal)
                                  0.000000   14.000000   clock reconvergence pessimism
                                             14.000000 ^ _662_/CLK (sky130_fd_sc_hd__dfrtp_2)
                                 -0.089385   13.910615   library setup time
                                             13.910615   data required time
---------------------------------------------------------------------------------------------
                                             13.910615   data required time
                                             -0.832990   data arrival time
---------------------------------------------------------------------------------------------
                                             13.077624   slack (MET)


Startpoint: _537_ (rising edge-triggered flip-flop clocked by rclk)
Endpoint: _532_ (rising edge-triggered flip-flop clocked by rclk)
Path Group: rclk
Path Type: max

Fanout         Cap        Slew       Delay        Time   Description
---------------------------------------------------------------------------------------------
                      0.000000    0.000000    0.000000   clock rclk (rise edge)
                                  0.000000    0.000000   clock network delay (ideal)
                      0.000000    0.000000    0.000000 ^ _537_/CLK (sky130_fd_sc_hd__dfrtp_2)
     1    0.002059    0.026048    0.223636    0.223636 v _537_/Q (sky130_fd_sc_hd__dfrtp_2)
                                                         sync_gwptr_to_rd.q1[0] (net)
                      0.026048    0.000000    0.223636 v _532_/D (sky130_fd_sc_hd__dfrtp_2)
                                              0.223636   data arrival time

                      0.000000   14.000000   14.000000   clock rclk (rise edge)
                                  0.000000   14.000000   clock network delay (ideal)
                                  0.000000   14.000000   clock reconvergence pessimism
                                             14.000000 ^ _532_/CLK (sky130_fd_sc_hd__dfrtp_2)
                                 -0.074616   13.925384   library setup time
                                             13.925384   data required time
---------------------------------------------------------------------------------------------
                                             13.925384   data required time
                                             -0.223636   data arrival time
---------------------------------------------------------------------------------------------
                                             13.701748   slack (MET)


Startpoint: _538_ (rising edge-triggered flip-flop clocked by rclk)
Endpoint: _533_ (rising edge-triggered flip-flop clocked by rclk)
Path Group: rclk
Path Type: max

Fanout         Cap        Slew       Delay        Time   Description
---------------------------------------------------------------------------------------------
                      0.000000    0.000000    0.000000   clock rclk (rise edge)
                                  0.000000    0.000000   clock network delay (ideal)
                      0.000000    0.000000    0.000000 ^ _538_/CLK (sky130_fd_sc_hd__dfrtp_2)
     1    0.002059    0.026048    0.223636    0.223636 v _538_/Q (sky130_fd_sc_hd__dfrtp_2)
                                                         sync_gwptr_to_rd.q1[1] (net)
                      0.026048    0.000000    0.223636 v _533_/D (sky130_fd_sc_hd__dfrtp_2)
                                              0.223636   data arrival time

                      0.000000   14.000000   14.000000   clock rclk (rise edge)
                                  0.000000   14.000000   clock network delay (ideal)
                                  0.000000   14.000000   clock reconvergence pessimism
                                             14.000000 ^ _533_/CLK (sky130_fd_sc_hd__dfrtp_2)
                                 -0.074616   13.925384   library setup time
                                             13.925384   data required time
---------------------------------------------------------------------------------------------
                                             13.925384   data required time
                                             -0.223636   data arrival time
---------------------------------------------------------------------------------------------
                                             13.701748   slack (MET)


Startpoint: _539_ (rising edge-triggered flip-flop clocked by rclk)
Endpoint: _534_ (rising edge-triggered flip-flop clocked by rclk)
Path Group: rclk
Path Type: max

Fanout         Cap        Slew       Delay        Time   Description
---------------------------------------------------------------------------------------------
                      0.000000    0.000000    0.000000   clock rclk (rise edge)
                                  0.000000    0.000000   clock network delay (ideal)
                      0.000000    0.000000    0.000000 ^ _539_/CLK (sky130_fd_sc_hd__dfrtp_2)
     1    0.002059    0.026048    0.223636    0.223636 v _539_/Q (sky130_fd_sc_hd__dfrtp_2)
                                                         sync_gwptr_to_rd.q1[2] (net)
                      0.026048    0.000000    0.223636 v _534_/D (sky130_fd_sc_hd__dfrtp_2)
                                              0.223636   data arrival time

                      0.000000   14.000000   14.000000   clock rclk (rise edge)
                                  0.000000   14.000000   clock network delay (ideal)
                                  0.000000   14.000000   clock reconvergence pessimism
                                             14.000000 ^ _534_/CLK (sky130_fd_sc_hd__dfrtp_2)
                                 -0.074616   13.925384   library setup time
                                             13.925384   data required time
---------------------------------------------------------------------------------------------
                                             13.925384   data required time
                                             -0.223636   data arrival time
---------------------------------------------------------------------------------------------
                                             13.701748   slack (MET)


Startpoint: _540_ (rising edge-triggered flip-flop clocked by rclk)
Endpoint: _535_ (rising edge-triggered flip-flop clocked by rclk)
Path Group: rclk
Path Type: max

Fanout         Cap        Slew       Delay        Time   Description
---------------------------------------------------------------------------------------------
                      0.000000    0.000000    0.000000   clock rclk (rise edge)
                                  0.000000    0.000000   clock network delay (ideal)
                      0.000000    0.000000    0.000000 ^ _540_/CLK (sky130_fd_sc_hd__dfrtp_2)
     1    0.002059    0.026048    0.223636    0.223636 v _540_/Q (sky130_fd_sc_hd__dfrtp_2)
                                                         sync_gwptr_to_rd.q1[3] (net)
                      0.026048    0.000000    0.223636 v _535_/D (sky130_fd_sc_hd__dfrtp_2)
                                              0.223636   data arrival time

                      0.000000   14.000000   14.000000   clock rclk (rise edge)
                                  0.000000   14.000000   clock network delay (ideal)
                                  0.000000   14.000000   clock reconvergence pessimism
                                             14.000000 ^ _535_/CLK (sky130_fd_sc_hd__dfrtp_2)
                                 -0.074616   13.925384   library setup time
                                             13.925384   data required time
---------------------------------------------------------------------------------------------
                                             13.925384   data required time
                                             -0.223636   data arrival time
---------------------------------------------------------------------------------------------
                                             13.701748   slack (MET)


Startpoint: _541_ (rising edge-triggered flip-flop clocked by rclk)
Endpoint: _536_ (rising edge-triggered flip-flop clocked by rclk)
Path Group: rclk
Path Type: max

Fanout         Cap        Slew       Delay        Time   Description
---------------------------------------------------------------------------------------------
                      0.000000    0.000000    0.000000   clock rclk (rise edge)
                                  0.000000    0.000000   clock network delay (ideal)
                      0.000000    0.000000    0.000000 ^ _541_/CLK (sky130_fd_sc_hd__dfrtp_2)
     1    0.002059    0.026048    0.223636    0.223636 v _541_/Q (sky130_fd_sc_hd__dfrtp_2)
                                                         sync_gwptr_to_rd.q1[4] (net)
                      0.026048    0.000000    0.223636 v _536_/D (sky130_fd_sc_hd__dfrtp_2)
                                              0.223636   data arrival time

                      0.000000   14.000000   14.000000   clock rclk (rise edge)
                                  0.000000   14.000000   clock network delay (ideal)
                                  0.000000   14.000000   clock reconvergence pessimism
                                             14.000000 ^ _536_/CLK (sky130_fd_sc_hd__dfrtp_2)
                                 -0.074616   13.925384   library setup time
                                             13.925384   data required time
---------------------------------------------------------------------------------------------
                                             13.925384   data required time
                                             -0.223636   data arrival time
---------------------------------------------------------------------------------------------
                                             13.701748   slack (MET)



%OL_END_REPORT
%OL_CREATE_REPORT checks.rpt

===========================================================================
report_checks -unconstrained
===========================================================================
======================= nom_ff_n40C_1v95 Corner ===================================

Startpoint: _657_ (rising edge-triggered flip-flop clocked by rclk)
Endpoint: _542_ (rising edge-triggered flip-flop clocked by rclk)
Path Group: rclk
Path Type: max

Fanout         Cap        Slew       Delay        Time   Description
---------------------------------------------------------------------------------------------
                      0.000000    0.000000    0.000000   clock rclk (rise edge)
                                  0.000000    0.000000   clock network delay (ideal)
                      0.000000    0.000000    0.000000 ^ _657_/CLK (sky130_fd_sc_hd__dfrtp_2)
    36    0.206463    0.733863    0.696616    0.696616 ^ _657_/Q (sky130_fd_sc_hd__dfrtp_2)
                                                         bram.raddr[0] (net)
                      0.733863    0.000000    0.696616 ^ _346_/S0 (sky130_fd_sc_hd__mux4_2)
     1    0.001395    0.051344    0.302356    0.998972 v _346_/X (sky130_fd_sc_hd__mux4_2)
                                                         _206_ (net)
                      0.051344    0.000000    0.998972 v _347_/B (sky130_fd_sc_hd__or2_2)
     1    0.002261    0.035281    0.159005    1.157976 v _347_/X (sky130_fd_sc_hd__or2_2)
                                                         _207_ (net)
                      0.035281    0.000000    1.157976 v _353_/A1 (sky130_fd_sc_hd__a22o_2)
     1    0.001783    0.021914    0.114062    1.272038 v _353_/X (sky130_fd_sc_hd__a22o_2)
                                                         _000_ (net)
                      0.021914    0.000000    1.272038 v _542_/D (sky130_fd_sc_hd__dfxtp_2)
                                              1.272038   data arrival time

                      0.000000   14.000000   14.000000   clock rclk (rise edge)
                                  0.000000   14.000000   clock network delay (ideal)
                                  0.000000   14.000000   clock reconvergence pessimism
                                             14.000000 ^ _542_/CLK (sky130_fd_sc_hd__dfxtp_2)
                                 -0.070696   13.929303   library setup time
                                             13.929303   data required time
---------------------------------------------------------------------------------------------
                                             13.929303   data required time
                                             -1.272038   data arrival time
---------------------------------------------------------------------------------------------
                                             12.657266   slack (MET)


Startpoint: _554_ (rising edge-triggered flip-flop clocked by wclk)
Endpoint: _682_ (rising edge-triggered flip-flop clocked by wclk)
Path Group: wclk
Path Type: max

Fanout         Cap        Slew       Delay        Time   Description
---------------------------------------------------------------------------------------------
                      0.000000    0.000000    0.000000   clock wclk (rise edge)
                                  0.000000    0.000000   clock network delay (ideal)
                      0.000000    0.000000    0.000000 ^ _554_/CLK (sky130_fd_sc_hd__dfrtp_2)
     2    0.016564    0.053994    0.260744    0.260744 v _554_/Q (sky130_fd_sc_hd__dfrtp_2)
                                                         r_ptr_gray_sync[4] (net)
                      0.053994    0.000000    0.260744 v _291_/A (sky130_fd_sc_hd__xor2_2)
     3    0.014847    0.057472    0.135771    0.396515 v _291_/X (sky130_fd_sc_hd__xor2_2)
                                                         _171_ (net)
                      0.057472    0.000000    0.396515 v _292_/B (sky130_fd_sc_hd__xnor2_2)
     3    0.014596    0.177598    0.156810    0.553325 ^ _292_/Y (sky130_fd_sc_hd__xnor2_2)
                                                         _172_ (net)
                      0.177598    0.000000    0.553325 ^ _293_/B (sky130_fd_sc_hd__xnor2_2)
     1    0.003686    0.083454    0.073513    0.626838 ^ _293_/Y (sky130_fd_sc_hd__xnor2_2)
                                                         _173_ (net)
                      0.083454    0.000000    0.626838 ^ _297_/S (sky130_fd_sc_hd__mux2_1)
     2    0.005783    0.051064    0.203150    0.829988 v _297_/X (sky130_fd_sc_hd__mux2_1)
                                                         _177_ (net)
                      0.051064    0.000000    0.829988 v _329_/A1 (sky130_fd_sc_hd__a21boi_2)
    22    0.074255    0.640166    0.502137    1.332125 ^ _329_/Y (sky130_fd_sc_hd__a21boi_2)
                                                         _198_ (net)
                      0.640166    0.000000    1.332125 ^ _340_/C (sky130_fd_sc_hd__nand4_2)
    10    0.037023    0.243090    0.212348    1.544473 v _340_/Y (sky130_fd_sc_hd__nand4_2)
                                                         _204_ (net)
                      0.243090    0.000000    1.544473 v _507_/S (sky130_fd_sc_hd__mux2_1)
     1    0.001783    0.035397    0.239991    1.784464 v _507_/X (sky130_fd_sc_hd__mux2_1)
                                                         _120_ (net)
                      0.035397    0.000000    1.784464 v _682_/D (sky130_fd_sc_hd__dfxtp_2)
                                              1.784464   data arrival time

                      0.000000   10.000000   10.000000   clock wclk (rise edge)
                                  0.000000   10.000000   clock network delay (ideal)
                                  0.000000   10.000000   clock reconvergence pessimism
                                             10.000000 ^ _682_/CLK (sky130_fd_sc_hd__dfxtp_2)
                                 -0.075518    9.924482   library setup time
                                              9.924482   data required time
---------------------------------------------------------------------------------------------
                                              9.924482   data required time
                                             -1.784464   data arrival time
---------------------------------------------------------------------------------------------
                                              8.140018   slack (MET)




===========================================================================
report_checks --slack_max -0.01
============================================================================
======================= nom_ff_n40C_1v95 Corner ===================================

No paths found.


===========================================================================
 report_check_types -max_slew -max_cap -max_fanout -violators
============================================================================
======================= nom_ff_n40C_1v95 Corner ===================================



===========================================================================
report_parasitic_annotation -report_unannotated
============================================================================
Found 460 unannotated drivers.
 rclk
 ren
 rrst_n
 wclk
 wdata[0]
 wdata[1]
 wdata[2]
 wdata[3]
 wdata[4]
 wdata[5]
 wdata[6]
 wdata[7]
 wen
 wrst_n
 _252_/Y
 _253_/Y
 _254_/Y
 _255_/Y
 _256_/Y
 _257_/Y
 _258_/Y
 _259_/X
 _260_/X
 _261_/X
 _262_/X
 _263_/X
 _264_/X
 _265_/X
 _266_/X
 _267_/X
 _268_/X
 _269_/X
 _270_/X
 _271_/X
 _272_/X
 _273_/X
 _274_/X
 _275_/X
 _276_/X
 _277_/X
 _278_/X
 _279_/X
 _280_/X
 _281_/X
 _282_/X
 _283_/X
 _284_/X
 _285_/X
 _286_/X
 _287_/X
 _288_/X
 _289_/X
 _290_/X
 _291_/X
 _292_/Y
 _293_/Y
 _294_/X
 _295_/Y
 _296_/X
 _297_/X
 _298_/Y
 _299_/Y
 _300_/Y
 _301_/X
 _302_/X
 _303_/X
 _304_/X
 _305_/Y
 _306_/X
 _307_/X
 _308_/Y
 _309_/X
 _310_/Y
 _311_/X
 _312_/X
 _313_/Y
 _314_/Y
 _315_/X
 _316_/Y
 _317_/Y
 _318_/Y
 _319_/X
 _320_/Y
 _321_/Y
 _322_/Y
 _323_/Y
 _324_/Y
 _325_/X
 _326_/Y
 _327_/Y
 _328_/Y
 _329_/Y
 _330_/Y
 _331_/X
 _332_/X
 _333_/Y
 _334_/Y
 _335_/Y
 _336_/X
 _337_/X
 _338_/Y
 _339_/X
 _340_/Y
 _341_/X
 _342_/X
 _343_/Y
 _344_/Y
 _345_/X
 _346_/X
 _347_/X
 _348_/X
 _349_/X
 _350_/X
 _351_/X
 _352_/X
 _353_/X
 _354_/X
 _355_/X
 _356_/X
 _357_/X
 _358_/X
 _359_/X
 _360_/X
 _361_/X
 _362_/X
 _363_/X
 _364_/X
 _365_/X
 _366_/X
 _367_/X
 _368_/X
 _369_/X
 _370_/X
 _371_/X
 _372_/X
 _373_/X
 _374_/X
 _375_/X
 _376_/X
 _377_/X
 _378_/Y
 _379_/Y
 _380_/X
 _381_/X
 _382_/X
 _383_/X
 _384_/X
 _385_/X
 _386_/X
 _387_/X
 _388_/X
 _389_/X
 _390_/X
 _391_/X
 _392_/X
 _393_/X
 _394_/X
 _395_/X
 _396_/X
 _397_/Y
 _398_/X
 _399_/X
 _400_/X
 _401_/X
 _402_/X
 _403_/X
 _404_/X
 _405_/X
 _406_/X
 _407_/X
 _408_/X
 _409_/X
 _410_/X
 _411_/X
 _412_/X
 _413_/X
 _414_/X
 _415_/Y
 _416_/X
 _417_/X
 _418_/X
 _419_/X
 _420_/X
 _421_/X
 _422_/X
 _423_/X
 _424_/X
 _425_/X
 _426_/X
 _427_/X
 _428_/X
 _429_/X
 _430_/X
 _431_/X
 _432_/X
 _433_/X
 _434_/Y
 _435_/X
 _436_/X
 _437_/X
 _438_/X
 _439_/X
 _440_/X
 _441_/X
 _442_/X
 _443_/X
 _444_/X
 _445_/X
 _446_/X
 _447_/X
 _448_/X
 _449_/X
 _450_/X
 _451_/X
 _452_/Y
 _453_/X
 _454_/X
 _455_/X
 _456_/X
 _457_/X
 _458_/X
 _459_/X
 _460_/X
 _461_/X
 _462_/Y
 _463_/X
 _464_/X
 _465_/X
 _466_/X
 _467_/X
 _468_/X
 _469_/X
 _470_/X
 _471_/X
 _472_/X
 _473_/X
 _474_/X
 _475_/X
 _476_/X
 _477_/X
 _478_/X
 _479_/X
 _480_/Y
 _481_/X
 _482_/X
 _483_/X
 _484_/X
 _485_/X
 _486_/X
 _487_/X
 _488_/X
 _489_/X
 _490_/X
 _491_/X
 _492_/X
 _493_/X
 _494_/X
 _495_/X
 _496_/X
 _497_/X
 _498_/Y
 _499_/X
 _500_/X
 _501_/X
 _502_/X
 _503_/X
 _504_/X
 _505_/X
 _506_/X
 _507_/X
 _508_/X
 _509_/X
 _510_/X
 _511_/X
 _512_/X
 _513_/X
 _514_/X
 _515_/X
 _516_/X
 _517_/X
 _518_/X
 _519_/X
 _520_/X
 _521_/X
 _522_/X
 _523_/X
 _524_/Q
 _525_/Q
 _526_/Q
 _527_/Q
 _528_/Q
 _529_/Q
 _530_/Q
 _531_/Q
 _532_/Q
 _533_/Q
 _534_/Q
 _535_/Q
 _536_/Q
 _537_/Q
 _538_/Q
 _539_/Q
 _540_/Q
 _541_/Q
 _542_/Q
 _543_/Q
 _544_/Q
 _545_/Q
 _546_/Q
 _547_/Q
 _548_/Q
 _549_/Q
 _550_/Q
 _551_/Q
 _552_/Q
 _553_/Q
 _554_/Q
 _555_/Q
 _556_/Q
 _557_/Q
 _558_/Q
 _559_/Q
 _560_/Q
 _561_/Q
 _562_/Q
 _563_/Q
 _564_/Q
 _565_/Q
 _566_/Q
 _567_/Q
 _568_/Q
 _569_/Q
 _570_/Q
 _571_/Q
 _572_/Q
 _573_/Q
 _574_/Q
 _575_/Q
 _576_/Q
 _577_/Q
 _578_/Q
 _579_/Q
 _580_/Q
 _581_/Q
 _582_/Q
 _583_/Q
 _584_/Q
 _585_/Q
 _586_/Q
 _587_/Q
 _588_/Q
 _589_/Q
 _590_/Q
 _591_/Q
 _592_/Q
 _593_/Q
 _594_/Q
 _595_/Q
 _596_/Q
 _597_/Q
 _598_/Q
 _599_/Q
 _600_/Q
 _601_/Q
 _602_/Q
 _603_/Q
 _604_/Q
 _605_/Q
 _606_/Q
 _607_/Q
 _608_/Q
 _609_/Q
 _610_/Q
 _611_/Q
 _612_/Q
 _613_/Q
 _614_/Q
 _615_/Q
 _616_/Q
 _617_/Q
 _618_/Q
 _619_/Q
 _620_/Q
 _621_/Q
 _622_/Q
 _623_/Q
 _624_/Q
 _625_/Q
 _626_/Q
 _627_/Q
 _628_/Q
 _629_/Q
 _630_/Q
 _631_/Q
 _632_/Q
 _633_/Q
 _634_/Q
 _635_/Q
 _636_/Q
 _637_/Q
 _638_/Q
 _639_/Q
 _640_/Q
 _641_/Q
 _642_/Q
 _643_/Q
 _644_/Q
 _645_/Q
 _646_/Q
 _647_/Q
 _648_/Q
 _649_/Q
 _650_/Q
 _651_/Q
 _652_/Q
 _653_/Q
 _654_/Q
 _655_/Q
 _656_/Q
 _657_/Q
 _658_/Q
 _659_/Q
 _660_/Q
 _661_/Q
 _662_/Q
 _663_/Q
 _664_/Q
 _665_/Q
 _666_/Q
 _667_/Q
 _668_/Q
 _669_/Q
 _670_/Q
 _671_/Q
 _672_/Q
 _673_/Q
 _674_/Q
 _675_/Q
 _676_/Q
 _677_/Q
 _678_/Q
 _679_/Q
 _680_/Q
 _681_/Q
 _682_/Q
 _683_/Q
 _684_/Q
 _685_/Q
 _686_/Q
 _687_/Q
 _688_/Q
 _689_/Q
 _690_/Q
 _691_/Q
 _692_/Q
 _693_/Q
 _694_/Q
 _695_/Q
 _696_/Q
 _697_/Q
Found 0 partially unannotated drivers.

===========================================================================
max slew violation count 0
%OL_METRIC_I design__max_slew_violation__count__corner:nom_ff_n40C_1v95 0
max fanout violation count 0
%OL_METRIC_I design__max_fanout_violation__count__corner:nom_ff_n40C_1v95 0
max cap violation count 0
%OL_METRIC_I design__max_cap_violation__count__corner:nom_ff_n40C_1v95 0
============================================================================

===========================================================================
check_setup -verbose -unconstrained_endpoints -multiple_clock -no_clock -no_input_delay -loops -generated_clocks
===========================================================================
Warning: There are 12 input ports missing set_input_delay.
  ren
  rrst_n
  wdata[0]
  wdata[1]
  wdata[2]
  wdata[3]
  wdata[4]
  wdata[5]
  wdata[6]
  wdata[7]
  wen
  wrst_n
Warning: There are 10 unconstrained endpoints.
  empty
  full
  rdata[0]
  rdata[1]
  rdata[2]
  rdata[3]
  rdata[4]
  rdata[5]
  rdata[6]
  rdata[7]
%OL_END_REPORT
%OL_CREATE_REPORT power.rpt

===========================================================================
 report_power
============================================================================
======================= nom_ff_n40C_1v95 Corner ===================================

Group                    Internal    Switching      Leakage        Total
                            Power        Power        Power        Power (Watts)
------------------------------------------------------------------------
Sequential           1.284465e-03 2.238307e-04 3.117630e-09 1.508299e-03  62.4%
Combinational        6.846073e-04 2.259472e-04 2.097059e-09 9.105566e-04  37.6%
Clock                0.000000e+00 0.000000e+00 0.000000e+00 0.000000e+00   0.0%
Macro                0.000000e+00 0.000000e+00 0.000000e+00 0.000000e+00   0.0%
Pad                  0.000000e+00 0.000000e+00 0.000000e+00 0.000000e+00   0.0%
------------------------------------------------------------------------
Total                1.969071e-03 4.497789e-04 5.214690e-09 2.418855e-03 100.0%
                            81.4%        18.6%         0.0%
%OL_METRIC_F power__internal__total 0.0019690711051225662
%OL_METRIC_F power__switching__total 0.00044977894867770374
%OL_METRIC_F power__leakage__total 5.2146900131333496e-9
%OL_METRIC_F power__total 0.002418855205178261

%OL_END_REPORT
%OL_CREATE_REPORT skew.min.rpt

===========================================================================
Clock Skew (Hold)
============================================================================
%OL_METRIC_F clock__skew__worst_hold__corner:nom_ff_n40C_1v95 0.0
======================= nom_ff_n40C_1v95 Corner ===================================

Clock rclk
0.000000 source latency _532_/CLK ^
0.000000 target latency _657_/CLK ^
0.000000 CRPR
--------------
0.000000 hold skew

Clock wclk
0.000000 source latency _524_/CLK ^
0.000000 target latency _524_/CLK ^
0.000000 CRPR
--------------
0.000000 hold skew

%OL_END_REPORT
%OL_CREATE_REPORT skew.max.rpt

===========================================================================
Clock Skew (Setup)
============================================================================
%OL_METRIC_F clock__skew__worst_setup__corner:nom_ff_n40C_1v95 0.0
======================= nom_ff_n40C_1v95 Corner ===================================

Clock rclk
0.000000 source latency _532_/CLK ^
0.000000 target latency _657_/CLK ^
0.000000 CRPR
--------------
0.000000 setup skew

Clock wclk
0.000000 source latency _524_/CLK ^
0.000000 target latency _524_/CLK ^
0.000000 CRPR
--------------
0.000000 setup skew

%OL_END_REPORT
%OL_CREATE_REPORT ws.min.rpt

===========================================================================
Worst Slack (Hold)
============================================================================
%OL_METRIC_F timing__hold__ws__corner:nom_ff_n40C_1v95 0.21419512603196622
nom_ff_n40C_1v95: 0.21419512603196622
%OL_END_REPORT
%OL_CREATE_REPORT ws.max.rpt

===========================================================================
Worst Slack (Setup)
============================================================================
%OL_METRIC_F timing__setup__ws__corner:nom_ff_n40C_1v95 8.14001777911202
nom_ff_n40C_1v95: 8.14001777911202
%OL_END_REPORT
%OL_CREATE_REPORT tns.min.rpt

===========================================================================
Total Negative Slack (Hold)
============================================================================
%OL_METRIC_F timing__hold__tns__corner:nom_ff_n40C_1v95 0.0
nom_ff_n40C_1v95: 0.0
%OL_END_REPORT
%OL_CREATE_REPORT tns.max.rpt

===========================================================================
Total Negative Slack (Setup)
============================================================================
%OL_METRIC_F timing__setup__tns__corner:nom_ff_n40C_1v95 0.0
nom_ff_n40C_1v95: 0.0
%OL_END_REPORT
%OL_CREATE_REPORT wns.min.rpt

===========================================================================
Worst Negative Slack (Hold)
============================================================================
%OL_METRIC_F timing__hold__wns__corner:nom_ff_n40C_1v95 0
nom_ff_n40C_1v95: 0
%OL_END_REPORT
%OL_CREATE_REPORT wns.max.rpt

===========================================================================
Worst Negative Slack (Setup)
============================================================================
%OL_METRIC_F timing__setup__wns__corner:nom_ff_n40C_1v95 0.0
nom_ff_n40C_1v95: 0.0
%OL_END_REPORT
%OL_CREATE_REPORT violator_list.rpt

===========================================================================
Violator List
============================================================================
%OL_METRIC_I timing__hold_vio__count__corner:nom_ff_n40C_1v95 0
%OL_METRIC_F timing__hold_r2r__ws__corner:nom_ff_n40C_1v95 0.214195
%OL_METRIC_I timing__hold_r2r_vio__count__corner:nom_ff_n40C_1v95 0
%OL_METRIC_I timing__setup_vio__count__corner:nom_ff_n40C_1v95 0
%OL_METRIC_F timing__setup_r2r__ws__corner:nom_ff_n40C_1v95 8.140018
%OL_METRIC_I timing__setup_r2r_vio__count__corner:nom_ff_n40C_1v95 0
%OL_END_REPORT
%OL_CREATE_REPORT unpropagated.rpt
wclk
rclk
%OL_END_REPORT
%OL_CREATE_REPORT clock.rpt
Clock: wclk
Sources: wclk 
Generated: no
Virtual: no
Propagated: no
Period: 10.000000

===========================================================================
report_clock_properties
============================================================================
Clock                   Period          Waveform
----------------------------------------------------
wclk                 10.000000    0.000000  5.000000

===========================================================================
report_clock_latency
============================================================================
Clock wclk
rise -> rise
    min     max
0.000000 0.000000 source latency
0.000000         network latency _524_/CLK
        0.000000 network latency _524_/CLK
---------------
0.000000 0.000000 latency
        0.000000 skew

fall -> fall
    min     max
0.000000 0.000000 source latency
0.000000         network latency _524_/CLK
        0.000000 network latency _524_/CLK
---------------
0.000000 0.000000 latency
        0.000000 skew



===========================================================================
report_clock_min_period
============================================================================
wclk period_min = 1.86 fmax = 537.64
Clock: rclk
Sources: rclk 
Generated: no
Virtual: no
Propagated: no
Period: 14.000000

===========================================================================
report_clock_properties
============================================================================
Clock                   Period          Waveform
----------------------------------------------------
rclk                 14.000000    0.000000  7.000000

===========================================================================
report_clock_latency
============================================================================
Clock rclk
rise -> rise
    min     max
0.000000 0.000000 source latency
0.000000         network latency _532_/CLK
        0.000000 network latency _532_/CLK
---------------
0.000000 0.000000 latency
        0.000000 skew

fall -> fall
    min     max
0.000000 0.000000 source latency
0.000000         network latency _532_/CLK
        0.000000 network latency _532_/CLK
---------------
0.000000 0.000000 latency
        0.000000 skew



===========================================================================
report_clock_min_period
============================================================================
rclk period_min = 1.34 fmax = 744.75
%OL_END_REPORT
Writing SDF files for all corners…
