
===========================================================================
report_checks -path_delay max (Setup)
============================================================================
======================= nom_ff_n40C_1v95 Corner ===================================

Startpoint: _554_ (rising edge-triggered flip-flop clocked by wclk)
Endpoint: _617_ (rising edge-triggered flip-flop clocked by wclk)
Path Group: wclk
Path Type: max

Fanout         Cap        Slew       Delay        Time   Description
---------------------------------------------------------------------------------------------
                                  0.000000    0.000000   clock wclk (rise edge)
                                  0.000000    0.000000   clock source latency
     1    0.021811    0.000000    0.000000    0.000000 ^ wclk (in)
                                                         wclk (net)
                      0.002573    0.001286    0.001286 ^ clkbuf_0_wclk/A (sky130_fd_sc_hd__clkbuf_16)
    16    0.119684    0.103747    0.131486    0.132773 ^ clkbuf_0_wclk/X (sky130_fd_sc_hd__clkbuf_16)
                                                         clknet_0_wclk (net)
                      0.103842    0.002573    0.135346 ^ clkbuf_4_13_0_wclk/A (sky130_fd_sc_hd__clkbuf_8)
    10    0.035195    0.055923    0.122190    0.257536 ^ clkbuf_4_13_0_wclk/X (sky130_fd_sc_hd__clkbuf_8)
                                                         clknet_4_13_0_wclk (net)
                      0.055930    0.000634    0.258170 ^ _554_/CLK (sky130_fd_sc_hd__dfrtp_1)
     2    0.009435    0.049843    0.252974    0.511144 v _554_/Q (sky130_fd_sc_hd__dfrtp_1)
                                                         r_ptr_gray_sync[4] (net)
                      0.049843    0.000230    0.511373 v _291_/A (sky130_fd_sc_hd__xor2_1)
     3    0.012201    0.201777    0.195160    0.706533 ^ _291_/X (sky130_fd_sc_hd__xor2_1)
                                                         _171_ (net)
                      0.201778    0.000292    0.706824 ^ _292_/B (sky130_fd_sc_hd__xnor2_1)
     3    0.010990    0.195893    0.124805    0.831630 ^ _292_/Y (sky130_fd_sc_hd__xnor2_1)
                                                         _172_ (net)
                      0.195894    0.000367    0.831997 ^ _293_/B (sky130_fd_sc_hd__xnor2_1)
     1    0.004955    0.111870    0.090254    0.922251 ^ _293_/Y (sky130_fd_sc_hd__xnor2_1)
                                                         _173_ (net)
                      0.111870    0.000163    0.922415 ^ _297_/S (sky130_fd_sc_hd__mux2_1)
     2    0.007110    0.054715    0.211240    1.133655 v _297_/X (sky130_fd_sc_hd__mux2_1)
                                                         _177_ (net)
                      0.054715    0.000193    1.133847 v _329_/A1 (sky130_fd_sc_hd__a21boi_2)
     3    0.018258    0.172662    0.172309    1.306157 ^ _329_/Y (sky130_fd_sc_hd__a21boi_2)
                                                         _198_ (net)
                      0.172665    0.000618    1.306774 ^ max_cap23/A (sky130_fd_sc_hd__buf_8)
    20    0.119718    0.148566    0.163296    1.470070 ^ max_cap23/X (sky130_fd_sc_hd__buf_8)
                                                         net23 (net)
                      0.148609    0.002100    1.472170 ^ _453_/C (sky130_fd_sc_hd__and4bb_4)
     8    0.059475    0.160646    0.244072    1.716242 ^ _453_/X (sky130_fd_sc_hd__and4bb_4)
                                                         _245_ (net)
                      0.160653    0.001339    1.717581 ^ _455_/S (sky130_fd_sc_hd__mux2_1)
     1    0.003739    0.042116    0.197529    1.915110 v _455_/X (sky130_fd_sc_hd__mux2_1)
                                                         _073_ (net)
                      0.042116    0.000111    1.915221 v _617_/D (sky130_fd_sc_hd__dfxtp_1)
                                              1.915221   data arrival time

                                 10.000000   10.000000   clock wclk (rise edge)
                                  0.000000   10.000000   clock source latency
     1    0.021811    0.000000    0.000000   10.000000 ^ wclk (in)
                                                         wclk (net)
                      0.002573    0.001286   10.001287 ^ clkbuf_0_wclk/A (sky130_fd_sc_hd__clkbuf_16)
    16    0.119684    0.103747    0.131487   10.132773 ^ clkbuf_0_wclk/X (sky130_fd_sc_hd__clkbuf_16)
                                                         clknet_0_wclk (net)
                      0.103835    0.002474   10.135246 ^ clkbuf_4_7_0_wclk/A (sky130_fd_sc_hd__clkbuf_8)
    11    0.033852    0.054304    0.120928   10.256175 ^ clkbuf_4_7_0_wclk/X (sky130_fd_sc_hd__clkbuf_8)
                                                         clknet_4_7_0_wclk (net)
                      0.054310    0.000604   10.256779 ^ _617_/CLK (sky130_fd_sc_hd__dfxtp_1)
                                  0.000000   10.256779   clock reconvergence pessimism
                                 -0.071466   10.185313   library setup time
                                             10.185313   data required time
---------------------------------------------------------------------------------------------
                                             10.185313   data required time
                                             -1.915221   data arrival time
---------------------------------------------------------------------------------------------
                                              8.270092   slack (MET)


Startpoint: _554_ (rising edge-triggered flip-flop clocked by wclk)
Endpoint: _592_ (rising edge-triggered flip-flop clocked by wclk)
Path Group: wclk
Path Type: max

Fanout         Cap        Slew       Delay        Time   Description
---------------------------------------------------------------------------------------------
                                  0.000000    0.000000   clock wclk (rise edge)
                                  0.000000    0.000000   clock source latency
     1    0.021811    0.000000    0.000000    0.000000 ^ wclk (in)
                                                         wclk (net)
                      0.002573    0.001286    0.001286 ^ clkbuf_0_wclk/A (sky130_fd_sc_hd__clkbuf_16)
    16    0.119684    0.103747    0.131486    0.132773 ^ clkbuf_0_wclk/X (sky130_fd_sc_hd__clkbuf_16)
                                                         clknet_0_wclk (net)
                      0.103842    0.002573    0.135346 ^ clkbuf_4_13_0_wclk/A (sky130_fd_sc_hd__clkbuf_8)
    10    0.035195    0.055923    0.122190    0.257536 ^ clkbuf_4_13_0_wclk/X (sky130_fd_sc_hd__clkbuf_8)
                                                         clknet_4_13_0_wclk (net)
                      0.055930    0.000634    0.258170 ^ _554_/CLK (sky130_fd_sc_hd__dfrtp_1)
     2    0.009435    0.049843    0.252974    0.511144 v _554_/Q (sky130_fd_sc_hd__dfrtp_1)
                                                         r_ptr_gray_sync[4] (net)
                      0.049843    0.000230    0.511373 v _291_/A (sky130_fd_sc_hd__xor2_1)
     3    0.012201    0.201777    0.195160    0.706533 ^ _291_/X (sky130_fd_sc_hd__xor2_1)
                                                         _171_ (net)
                      0.201778    0.000292    0.706824 ^ _292_/B (sky130_fd_sc_hd__xnor2_1)
     3    0.010990    0.195893    0.124805    0.831630 ^ _292_/Y (sky130_fd_sc_hd__xnor2_1)
                                                         _172_ (net)
                      0.195894    0.000367    0.831997 ^ _293_/B (sky130_fd_sc_hd__xnor2_1)
     1    0.004955    0.111870    0.090254    0.922251 ^ _293_/Y (sky130_fd_sc_hd__xnor2_1)
                                                         _173_ (net)
                      0.111870    0.000163    0.922415 ^ _297_/S (sky130_fd_sc_hd__mux2_1)
     2    0.007110    0.054715    0.211240    1.133655 v _297_/X (sky130_fd_sc_hd__mux2_1)
                                                         _177_ (net)
                      0.054715    0.000193    1.133847 v _329_/A1 (sky130_fd_sc_hd__a21boi_2)
     3    0.018258    0.172662    0.172309    1.306157 ^ _329_/Y (sky130_fd_sc_hd__a21boi_2)
                                                         _198_ (net)
                      0.172665    0.000618    1.306774 ^ max_cap23/A (sky130_fd_sc_hd__buf_8)
    20    0.119718    0.148566    0.163296    1.470070 ^ max_cap23/X (sky130_fd_sc_hd__buf_8)
                                                         net23 (net)
                      0.148722    0.003942    1.474012 ^ _424_/C (sky130_fd_sc_hd__and4b_4)
     8    0.055979    0.153585    0.239889    1.713901 ^ _424_/X (sky130_fd_sc_hd__and4b_4)
                                                         _240_ (net)
                      0.153604    0.001834    1.715735 ^ _425_/S (sky130_fd_sc_hd__mux2_1)
     1    0.003895    0.042815    0.198350    1.914085 v _425_/X (sky130_fd_sc_hd__mux2_1)
                                                         _048_ (net)
                      0.042815    0.000160    1.914245 v _592_/D (sky130_fd_sc_hd__dfxtp_1)
                                              1.914245   data arrival time

                                 10.000000   10.000000   clock wclk (rise edge)
                                  0.000000   10.000000   clock source latency
     1    0.021811    0.000000    0.000000   10.000000 ^ wclk (in)
                                                         wclk (net)
                      0.002573    0.001286   10.001287 ^ clkbuf_0_wclk/A (sky130_fd_sc_hd__clkbuf_16)
    16    0.119684    0.103747    0.131487   10.132773 ^ clkbuf_0_wclk/X (sky130_fd_sc_hd__clkbuf_16)
                                                         clknet_0_wclk (net)
                      0.103830    0.002401   10.135174 ^ clkbuf_4_12_0_wclk/A (sky130_fd_sc_hd__clkbuf_8)
     8    0.033217    0.053510    0.120131   10.255305 ^ clkbuf_4_12_0_wclk/X (sky130_fd_sc_hd__clkbuf_8)
                                                         clknet_4_12_0_wclk (net)
                      0.053554    0.001374   10.256680 ^ _592_/CLK (sky130_fd_sc_hd__dfxtp_1)
                                  0.000000   10.256680   clock reconvergence pessimism
                                 -0.071788   10.184892   library setup time
                                             10.184892   data required time
---------------------------------------------------------------------------------------------
                                             10.184892   data required time
                                             -1.914245   data arrival time
---------------------------------------------------------------------------------------------
                                              8.270646   slack (MET)


Startpoint: _554_ (rising edge-triggered flip-flop clocked by wclk)
Endpoint: _694_ (rising edge-triggered flip-flop clocked by wclk)
Path Group: wclk
Path Type: max

Fanout         Cap        Slew       Delay        Time   Description
---------------------------------------------------------------------------------------------
                                  0.000000    0.000000   clock wclk (rise edge)
                                  0.000000    0.000000   clock source latency
     1    0.021811    0.000000    0.000000    0.000000 ^ wclk (in)
                                                         wclk (net)
                      0.002573    0.001286    0.001286 ^ clkbuf_0_wclk/A (sky130_fd_sc_hd__clkbuf_16)
    16    0.119684    0.103747    0.131486    0.132773 ^ clkbuf_0_wclk/X (sky130_fd_sc_hd__clkbuf_16)
                                                         clknet_0_wclk (net)
                      0.103842    0.002573    0.135346 ^ clkbuf_4_13_0_wclk/A (sky130_fd_sc_hd__clkbuf_8)
    10    0.035195    0.055923    0.122190    0.257536 ^ clkbuf_4_13_0_wclk/X (sky130_fd_sc_hd__clkbuf_8)
                                                         clknet_4_13_0_wclk (net)
                      0.055930    0.000634    0.258170 ^ _554_/CLK (sky130_fd_sc_hd__dfrtp_1)
     2    0.009435    0.049843    0.252974    0.511144 v _554_/Q (sky130_fd_sc_hd__dfrtp_1)
                                                         r_ptr_gray_sync[4] (net)
                      0.049843    0.000230    0.511373 v _291_/A (sky130_fd_sc_hd__xor2_1)
     3    0.012201    0.201777    0.195160    0.706533 ^ _291_/X (sky130_fd_sc_hd__xor2_1)
                                                         _171_ (net)
                      0.201778    0.000292    0.706824 ^ _292_/B (sky130_fd_sc_hd__xnor2_1)
     3    0.010990    0.195893    0.124805    0.831630 ^ _292_/Y (sky130_fd_sc_hd__xnor2_1)
                                                         _172_ (net)
                      0.195894    0.000367    0.831997 ^ _293_/B (sky130_fd_sc_hd__xnor2_1)
     1    0.004955    0.111870    0.090254    0.922251 ^ _293_/Y (sky130_fd_sc_hd__xnor2_1)
                                                         _173_ (net)
                      0.111870    0.000163    0.922415 ^ _297_/S (sky130_fd_sc_hd__mux2_1)
     2    0.007110    0.054715    0.211240    1.133655 v _297_/X (sky130_fd_sc_hd__mux2_1)
                                                         _177_ (net)
                      0.054715    0.000193    1.133847 v _329_/A1 (sky130_fd_sc_hd__a21boi_2)
     3    0.018258    0.172662    0.172309    1.306157 ^ _329_/Y (sky130_fd_sc_hd__a21boi_2)
                                                         _198_ (net)
                      0.172665    0.000618    1.306774 ^ max_cap23/A (sky130_fd_sc_hd__buf_8)
    20    0.119718    0.148566    0.163296    1.470070 ^ max_cap23/X (sky130_fd_sc_hd__buf_8)
                                                         net23 (net)
                      0.148685    0.003457    1.473527 ^ _515_/C (sky130_fd_sc_hd__and4b_4)
     8    0.058642    0.158822    0.244700    1.718227 ^ _515_/X (sky130_fd_sc_hd__and4b_4)
                                                         _251_ (net)
                      0.159008    0.003538    1.721765 ^ _520_/S (sky130_fd_sc_hd__mux2_1)
     1    0.003480    0.040917    0.195912    1.917676 v _520_/X (sky130_fd_sc_hd__mux2_1)
                                                         _132_ (net)
                      0.040917    0.000117    1.917793 v _694_/D (sky130_fd_sc_hd__dfxtp_1)
                                              1.917793   data arrival time

                                 10.000000   10.000000   clock wclk (rise edge)
                                  0.000000   10.000000   clock source latency
     1    0.021811    0.000000    0.000000   10.000000 ^ wclk (in)
                                                         wclk (net)
                      0.002573    0.001286   10.001287 ^ clkbuf_0_wclk/A (sky130_fd_sc_hd__clkbuf_16)
    16    0.119684    0.103747    0.131487   10.132773 ^ clkbuf_0_wclk/X (sky130_fd_sc_hd__clkbuf_16)
                                                         clknet_0_wclk (net)
                      0.103986    0.004027   10.136800 ^ clkbuf_4_0_0_wclk/A (sky130_fd_sc_hd__clkbuf_8)
    12    0.035983    0.056849    0.122812   10.259612 ^ clkbuf_4_0_0_wclk/X (sky130_fd_sc_hd__clkbuf_8)
                                                         clknet_4_0_0_wclk (net)
                      0.056882    0.001232   10.260844 ^ _694_/CLK (sky130_fd_sc_hd__dfxtp_1)
                                  0.000000   10.260844   clock reconvergence pessimism
                                 -0.070790   10.190054   library setup time
                                             10.190054   data required time
---------------------------------------------------------------------------------------------
                                             10.190054   data required time
                                             -1.917793   data arrival time
---------------------------------------------------------------------------------------------
                                              8.272262   slack (MET)


Startpoint: _554_ (rising edge-triggered flip-flop clocked by wclk)
Endpoint: _609_ (rising edge-triggered flip-flop clocked by wclk)
Path Group: wclk
Path Type: max

Fanout         Cap        Slew       Delay        Time   Description
---------------------------------------------------------------------------------------------
                                  0.000000    0.000000   clock wclk (rise edge)
                                  0.000000    0.000000   clock source latency
     1    0.021811    0.000000    0.000000    0.000000 ^ wclk (in)
                                                         wclk (net)
                      0.002573    0.001286    0.001286 ^ clkbuf_0_wclk/A (sky130_fd_sc_hd__clkbuf_16)
    16    0.119684    0.103747    0.131486    0.132773 ^ clkbuf_0_wclk/X (sky130_fd_sc_hd__clkbuf_16)
                                                         clknet_0_wclk (net)
                      0.103842    0.002573    0.135346 ^ clkbuf_4_13_0_wclk/A (sky130_fd_sc_hd__clkbuf_8)
    10    0.035195    0.055923    0.122190    0.257536 ^ clkbuf_4_13_0_wclk/X (sky130_fd_sc_hd__clkbuf_8)
                                                         clknet_4_13_0_wclk (net)
                      0.055930    0.000634    0.258170 ^ _554_/CLK (sky130_fd_sc_hd__dfrtp_1)
     2    0.009435    0.049843    0.252974    0.511144 v _554_/Q (sky130_fd_sc_hd__dfrtp_1)
                                                         r_ptr_gray_sync[4] (net)
                      0.049843    0.000230    0.511373 v _291_/A (sky130_fd_sc_hd__xor2_1)
     3    0.012201    0.201777    0.195160    0.706533 ^ _291_/X (sky130_fd_sc_hd__xor2_1)
                                                         _171_ (net)
                      0.201778    0.000292    0.706824 ^ _292_/B (sky130_fd_sc_hd__xnor2_1)
     3    0.010990    0.195893    0.124805    0.831630 ^ _292_/Y (sky130_fd_sc_hd__xnor2_1)
                                                         _172_ (net)
                      0.195894    0.000367    0.831997 ^ _293_/B (sky130_fd_sc_hd__xnor2_1)
     1    0.004955    0.111870    0.090254    0.922251 ^ _293_/Y (sky130_fd_sc_hd__xnor2_1)
                                                         _173_ (net)
                      0.111870    0.000163    0.922415 ^ _297_/S (sky130_fd_sc_hd__mux2_1)
     2    0.007110    0.054715    0.211240    1.133655 v _297_/X (sky130_fd_sc_hd__mux2_1)
                                                         _177_ (net)
                      0.054715    0.000193    1.133847 v _329_/A1 (sky130_fd_sc_hd__a21boi_2)
     3    0.018258    0.172662    0.172309    1.306157 ^ _329_/Y (sky130_fd_sc_hd__a21boi_2)
                                                         _198_ (net)
                      0.172665    0.000618    1.306774 ^ max_cap23/A (sky130_fd_sc_hd__buf_8)
    20    0.119718    0.148566    0.163296    1.470070 ^ max_cap23/X (sky130_fd_sc_hd__buf_8)
                                                         net23 (net)
                      0.148717    0.003884    1.473954 ^ _443_/C (sky130_fd_sc_hd__and4bb_4)
     8    0.059752    0.161404    0.244359    1.718313 ^ _443_/X (sky130_fd_sc_hd__and4bb_4)
                                                         _243_ (net)
                      0.161534    0.002626    1.720939 ^ _445_/S (sky130_fd_sc_hd__mux2_1)
     1    0.003134    0.039349    0.193820    1.914759 v _445_/X (sky130_fd_sc_hd__mux2_1)
                                                         _065_ (net)
                      0.039349    0.000095    1.914854 v _609_/D (sky130_fd_sc_hd__dfxtp_1)
                                              1.914854   data arrival time

                                 10.000000   10.000000   clock wclk (rise edge)
                                  0.000000   10.000000   clock source latency
     1    0.021811    0.000000    0.000000   10.000000 ^ wclk (in)
                                                         wclk (net)
                      0.002573    0.001286   10.001287 ^ clkbuf_0_wclk/A (sky130_fd_sc_hd__clkbuf_16)
    16    0.119684    0.103747    0.131487   10.132773 ^ clkbuf_0_wclk/X (sky130_fd_sc_hd__clkbuf_16)
                                                         clknet_0_wclk (net)
                      0.103875    0.002970   10.135743 ^ clkbuf_4_15_0_wclk/A (sky130_fd_sc_hd__clkbuf_8)
     8    0.034329    0.054878    0.121361   10.257104 ^ clkbuf_4_15_0_wclk/X (sky130_fd_sc_hd__clkbuf_8)
                                                         clknet_4_15_0_wclk (net)
                      0.054884    0.000606   10.257710 ^ _609_/CLK (sky130_fd_sc_hd__dfxtp_1)
                                  0.000000   10.257710   clock reconvergence pessimism
                                 -0.070423   10.187287   library setup time
                                             10.187287   data required time
---------------------------------------------------------------------------------------------
                                             10.187287   data required time
                                             -1.914854   data arrival time
---------------------------------------------------------------------------------------------
                                              8.272432   slack (MET)


Startpoint: _554_ (rising edge-triggered flip-flop clocked by wclk)
Endpoint: _613_ (rising edge-triggered flip-flop clocked by wclk)
Path Group: wclk
Path Type: max

Fanout         Cap        Slew       Delay        Time   Description
---------------------------------------------------------------------------------------------
                                  0.000000    0.000000   clock wclk (rise edge)
                                  0.000000    0.000000   clock source latency
     1    0.021811    0.000000    0.000000    0.000000 ^ wclk (in)
                                                         wclk (net)
                      0.002573    0.001286    0.001286 ^ clkbuf_0_wclk/A (sky130_fd_sc_hd__clkbuf_16)
    16    0.119684    0.103747    0.131486    0.132773 ^ clkbuf_0_wclk/X (sky130_fd_sc_hd__clkbuf_16)
                                                         clknet_0_wclk (net)
                      0.103842    0.002573    0.135346 ^ clkbuf_4_13_0_wclk/A (sky130_fd_sc_hd__clkbuf_8)
    10    0.035195    0.055923    0.122190    0.257536 ^ clkbuf_4_13_0_wclk/X (sky130_fd_sc_hd__clkbuf_8)
                                                         clknet_4_13_0_wclk (net)
                      0.055930    0.000634    0.258170 ^ _554_/CLK (sky130_fd_sc_hd__dfrtp_1)
     2    0.009435    0.049843    0.252974    0.511144 v _554_/Q (sky130_fd_sc_hd__dfrtp_1)
                                                         r_ptr_gray_sync[4] (net)
                      0.049843    0.000230    0.511373 v _291_/A (sky130_fd_sc_hd__xor2_1)
     3    0.012201    0.201777    0.195160    0.706533 ^ _291_/X (sky130_fd_sc_hd__xor2_1)
                                                         _171_ (net)
                      0.201778    0.000292    0.706824 ^ _292_/B (sky130_fd_sc_hd__xnor2_1)
     3    0.010990    0.195893    0.124805    0.831630 ^ _292_/Y (sky130_fd_sc_hd__xnor2_1)
                                                         _172_ (net)
                      0.195894    0.000367    0.831997 ^ _293_/B (sky130_fd_sc_hd__xnor2_1)
     1    0.004955    0.111870    0.090254    0.922251 ^ _293_/Y (sky130_fd_sc_hd__xnor2_1)
                                                         _173_ (net)
                      0.111870    0.000163    0.922415 ^ _297_/S (sky130_fd_sc_hd__mux2_1)
     2    0.007110    0.054715    0.211240    1.133655 v _297_/X (sky130_fd_sc_hd__mux2_1)
                                                         _177_ (net)
                      0.054715    0.000193    1.133847 v _329_/A1 (sky130_fd_sc_hd__a21boi_2)
     3    0.018258    0.172662    0.172309    1.306157 ^ _329_/Y (sky130_fd_sc_hd__a21boi_2)
                                                         _198_ (net)
                      0.172665    0.000618    1.306774 ^ max_cap23/A (sky130_fd_sc_hd__buf_8)
    20    0.119718    0.148566    0.163296    1.470070 ^ max_cap23/X (sky130_fd_sc_hd__buf_8)
                                                         net23 (net)
                      0.148717    0.003884    1.473954 ^ _443_/C (sky130_fd_sc_hd__and4bb_4)
     8    0.059752    0.161404    0.244359    1.718313 ^ _443_/X (sky130_fd_sc_hd__and4bb_4)
                                                         _243_ (net)
                      0.161553    0.002984    1.721297 ^ _449_/S (sky130_fd_sc_hd__mux2_1)
     1    0.003426    0.040667    0.195609    1.916906 v _449_/X (sky130_fd_sc_hd__mux2_1)
                                                         _069_ (net)
                      0.040667    0.000110    1.917016 v _613_/D (sky130_fd_sc_hd__dfxtp_1)
                                              1.917016   data arrival time

                                 10.000000   10.000000   clock wclk (rise edge)
                                  0.000000   10.000000   clock source latency
     1    0.021811    0.000000    0.000000   10.000000 ^ wclk (in)
                                                         wclk (net)
                      0.002573    0.001286   10.001287 ^ clkbuf_0_wclk/A (sky130_fd_sc_hd__clkbuf_16)
    16    0.119684    0.103747    0.131487   10.132773 ^ clkbuf_0_wclk/X (sky130_fd_sc_hd__clkbuf_16)
                                                         clknet_0_wclk (net)
                      0.103905    0.003298   10.136071 ^ clkbuf_4_8_0_wclk/A (sky130_fd_sc_hd__clkbuf_8)
    13    0.036805    0.057851    0.123616   10.259686 ^ clkbuf_4_8_0_wclk/X (sky130_fd_sc_hd__clkbuf_8)
                                                         clknet_4_8_0_wclk (net)
                      0.057859    0.000687   10.260373 ^ _613_/CLK (sky130_fd_sc_hd__dfxtp_1)
                                  0.000000   10.260373   clock reconvergence pessimism
                                 -0.070607   10.189767   library setup time
                                             10.189767   data required time
---------------------------------------------------------------------------------------------
                                             10.189767   data required time
                                             -1.917016   data arrival time
---------------------------------------------------------------------------------------------
                                              8.272751   slack (MET)


Startpoint: _554_ (rising edge-triggered flip-flop clocked by wclk)
Endpoint: _610_ (rising edge-triggered flip-flop clocked by wclk)
Path Group: wclk
Path Type: max

Fanout         Cap        Slew       Delay        Time   Description
---------------------------------------------------------------------------------------------
                                  0.000000    0.000000   clock wclk (rise edge)
                                  0.000000    0.000000   clock source latency
     1    0.021811    0.000000    0.000000    0.000000 ^ wclk (in)
                                                         wclk (net)
                      0.002573    0.001286    0.001286 ^ clkbuf_0_wclk/A (sky130_fd_sc_hd__clkbuf_16)
    16    0.119684    0.103747    0.131486    0.132773 ^ clkbuf_0_wclk/X (sky130_fd_sc_hd__clkbuf_16)
                                                         clknet_0_wclk (net)
                      0.103842    0.002573    0.135346 ^ clkbuf_4_13_0_wclk/A (sky130_fd_sc_hd__clkbuf_8)
    10    0.035195    0.055923    0.122190    0.257536 ^ clkbuf_4_13_0_wclk/X (sky130_fd_sc_hd__clkbuf_8)
                                                         clknet_4_13_0_wclk (net)
                      0.055930    0.000634    0.258170 ^ _554_/CLK (sky130_fd_sc_hd__dfrtp_1)
     2    0.009435    0.049843    0.252974    0.511144 v _554_/Q (sky130_fd_sc_hd__dfrtp_1)
                                                         r_ptr_gray_sync[4] (net)
                      0.049843    0.000230    0.511373 v _291_/A (sky130_fd_sc_hd__xor2_1)
     3    0.012201    0.201777    0.195160    0.706533 ^ _291_/X (sky130_fd_sc_hd__xor2_1)
                                                         _171_ (net)
                      0.201778    0.000292    0.706824 ^ _292_/B (sky130_fd_sc_hd__xnor2_1)
     3    0.010990    0.195893    0.124805    0.831630 ^ _292_/Y (sky130_fd_sc_hd__xnor2_1)
                                                         _172_ (net)
                      0.195894    0.000367    0.831997 ^ _293_/B (sky130_fd_sc_hd__xnor2_1)
     1    0.004955    0.111870    0.090254    0.922251 ^ _293_/Y (sky130_fd_sc_hd__xnor2_1)
                                                         _173_ (net)
                      0.111870    0.000163    0.922415 ^ _297_/S (sky130_fd_sc_hd__mux2_1)
     2    0.007110    0.054715    0.211240    1.133655 v _297_/X (sky130_fd_sc_hd__mux2_1)
                                                         _177_ (net)
                      0.054715    0.000193    1.133847 v _329_/A1 (sky130_fd_sc_hd__a21boi_2)
     3    0.018258    0.172662    0.172309    1.306157 ^ _329_/Y (sky130_fd_sc_hd__a21boi_2)
                                                         _198_ (net)
                      0.172665    0.000618    1.306774 ^ max_cap23/A (sky130_fd_sc_hd__buf_8)
    20    0.119718    0.148566    0.163296    1.470070 ^ max_cap23/X (sky130_fd_sc_hd__buf_8)
                                                         net23 (net)
                      0.148717    0.003884    1.473954 ^ _443_/C (sky130_fd_sc_hd__and4bb_4)
     8    0.059752    0.161404    0.244359    1.718313 ^ _443_/X (sky130_fd_sc_hd__and4bb_4)
                                                         _243_ (net)
                      0.161538    0.002716    1.721029 ^ _446_/S (sky130_fd_sc_hd__mux2_1)
     1    0.003304    0.040111    0.194863    1.915892 v _446_/X (sky130_fd_sc_hd__mux2_1)
                                                         _066_ (net)
                      0.040111    0.000100    1.915992 v _610_/D (sky130_fd_sc_hd__dfxtp_1)
                                              1.915992   data arrival time

                                 10.000000   10.000000   clock wclk (rise edge)
                                  0.000000   10.000000   clock source latency
     1    0.021811    0.000000    0.000000   10.000000 ^ wclk (in)
                                                         wclk (net)
                      0.002573    0.001286   10.001287 ^ clkbuf_0_wclk/A (sky130_fd_sc_hd__clkbuf_16)
    16    0.119684    0.103747    0.131487   10.132773 ^ clkbuf_0_wclk/X (sky130_fd_sc_hd__clkbuf_16)
                                                         clknet_0_wclk (net)
                      0.103905    0.003298   10.136071 ^ clkbuf_4_8_0_wclk/A (sky130_fd_sc_hd__clkbuf_8)
    13    0.036805    0.057851    0.123616   10.259686 ^ clkbuf_4_8_0_wclk/X (sky130_fd_sc_hd__clkbuf_8)
                                                         clknet_4_8_0_wclk (net)
                      0.057858    0.000652   10.260339 ^ _610_/CLK (sky130_fd_sc_hd__dfxtp_1)
                                  0.000000   10.260339   clock reconvergence pessimism
                                 -0.070408   10.189930   library setup time
                                             10.189930   data required time
---------------------------------------------------------------------------------------------
                                             10.189930   data required time
                                             -1.915992   data arrival time
---------------------------------------------------------------------------------------------
                                              8.273937   slack (MET)


Startpoint: _554_ (rising edge-triggered flip-flop clocked by wclk)
Endpoint: _614_ (rising edge-triggered flip-flop clocked by wclk)
Path Group: wclk
Path Type: max

Fanout         Cap        Slew       Delay        Time   Description
---------------------------------------------------------------------------------------------
                                  0.000000    0.000000   clock wclk (rise edge)
                                  0.000000    0.000000   clock source latency
     1    0.021811    0.000000    0.000000    0.000000 ^ wclk (in)
                                                         wclk (net)
                      0.002573    0.001286    0.001286 ^ clkbuf_0_wclk/A (sky130_fd_sc_hd__clkbuf_16)
    16    0.119684    0.103747    0.131486    0.132773 ^ clkbuf_0_wclk/X (sky130_fd_sc_hd__clkbuf_16)
                                                         clknet_0_wclk (net)
                      0.103842    0.002573    0.135346 ^ clkbuf_4_13_0_wclk/A (sky130_fd_sc_hd__clkbuf_8)
    10    0.035195    0.055923    0.122190    0.257536 ^ clkbuf_4_13_0_wclk/X (sky130_fd_sc_hd__clkbuf_8)
                                                         clknet_4_13_0_wclk (net)
                      0.055930    0.000634    0.258170 ^ _554_/CLK (sky130_fd_sc_hd__dfrtp_1)
     2    0.009435    0.049843    0.252974    0.511144 v _554_/Q (sky130_fd_sc_hd__dfrtp_1)
                                                         r_ptr_gray_sync[4] (net)
                      0.049843    0.000230    0.511373 v _291_/A (sky130_fd_sc_hd__xor2_1)
     3    0.012201    0.201777    0.195160    0.706533 ^ _291_/X (sky130_fd_sc_hd__xor2_1)
                                                         _171_ (net)
                      0.201778    0.000292    0.706824 ^ _292_/B (sky130_fd_sc_hd__xnor2_1)
     3    0.010990    0.195893    0.124805    0.831630 ^ _292_/Y (sky130_fd_sc_hd__xnor2_1)
                                                         _172_ (net)
                      0.195894    0.000367    0.831997 ^ _293_/B (sky130_fd_sc_hd__xnor2_1)
     1    0.004955    0.111870    0.090254    0.922251 ^ _293_/Y (sky130_fd_sc_hd__xnor2_1)
                                                         _173_ (net)
                      0.111870    0.000163    0.922415 ^ _297_/S (sky130_fd_sc_hd__mux2_1)
     2    0.007110    0.054715    0.211240    1.133655 v _297_/X (sky130_fd_sc_hd__mux2_1)
                                                         _177_ (net)
                      0.054715    0.000193    1.133847 v _329_/A1 (sky130_fd_sc_hd__a21boi_2)
     3    0.018258    0.172662    0.172309    1.306157 ^ _329_/Y (sky130_fd_sc_hd__a21boi_2)
                                                         _198_ (net)
                      0.172665    0.000618    1.306774 ^ max_cap23/A (sky130_fd_sc_hd__buf_8)
    20    0.119718    0.148566    0.163296    1.470070 ^ max_cap23/X (sky130_fd_sc_hd__buf_8)
                                                         net23 (net)
                      0.148717    0.003884    1.473954 ^ _443_/C (sky130_fd_sc_hd__and4bb_4)
     8    0.059752    0.161404    0.244359    1.718313 ^ _443_/X (sky130_fd_sc_hd__and4bb_4)
                                                         _243_ (net)
                      0.161556    0.003031    1.721345 ^ _450_/S (sky130_fd_sc_hd__mux2_1)
     1    0.003141    0.039381    0.193856    1.915200 v _450_/X (sky130_fd_sc_hd__mux2_1)
                                                         _070_ (net)
                      0.039381    0.000103    1.915303 v _614_/D (sky130_fd_sc_hd__dfxtp_1)
                                              1.915303   data arrival time

                                 10.000000   10.000000   clock wclk (rise edge)
                                  0.000000   10.000000   clock source latency
     1    0.021811    0.000000    0.000000   10.000000 ^ wclk (in)
                                                         wclk (net)
                      0.002573    0.001286   10.001287 ^ clkbuf_0_wclk/A (sky130_fd_sc_hd__clkbuf_16)
    16    0.119684    0.103747    0.131487   10.132773 ^ clkbuf_0_wclk/X (sky130_fd_sc_hd__clkbuf_16)
                                                         clknet_0_wclk (net)
                      0.103920    0.003438   10.136211 ^ clkbuf_4_11_0_wclk/A (sky130_fd_sc_hd__clkbuf_8)
    11    0.035993    0.056877    0.122907   10.259118 ^ clkbuf_4_11_0_wclk/X (sky130_fd_sc_hd__clkbuf_8)
                                                         clknet_4_11_0_wclk (net)
                      0.056890    0.000842   10.259960 ^ _614_/CLK (sky130_fd_sc_hd__dfxtp_1)
                                  0.000000   10.259960   clock reconvergence pessimism
                                 -0.070241   10.189718   library setup time
                                             10.189718   data required time
---------------------------------------------------------------------------------------------
                                             10.189718   data required time
                                             -1.915303   data arrival time
---------------------------------------------------------------------------------------------
                                              8.274415   slack (MET)


Startpoint: _554_ (rising edge-triggered flip-flop clocked by wclk)
Endpoint: _691_ (rising edge-triggered flip-flop clocked by wclk)
Path Group: wclk
Path Type: max

Fanout         Cap        Slew       Delay        Time   Description
---------------------------------------------------------------------------------------------
                                  0.000000    0.000000   clock wclk (rise edge)
                                  0.000000    0.000000   clock source latency
     1    0.021811    0.000000    0.000000    0.000000 ^ wclk (in)
                                                         wclk (net)
                      0.002573    0.001286    0.001286 ^ clkbuf_0_wclk/A (sky130_fd_sc_hd__clkbuf_16)
    16    0.119684    0.103747    0.131486    0.132773 ^ clkbuf_0_wclk/X (sky130_fd_sc_hd__clkbuf_16)
                                                         clknet_0_wclk (net)
                      0.103842    0.002573    0.135346 ^ clkbuf_4_13_0_wclk/A (sky130_fd_sc_hd__clkbuf_8)
    10    0.035195    0.055923    0.122190    0.257536 ^ clkbuf_4_13_0_wclk/X (sky130_fd_sc_hd__clkbuf_8)
                                                         clknet_4_13_0_wclk (net)
                      0.055930    0.000634    0.258170 ^ _554_/CLK (sky130_fd_sc_hd__dfrtp_1)
     2    0.009435    0.049843    0.252974    0.511144 v _554_/Q (sky130_fd_sc_hd__dfrtp_1)
                                                         r_ptr_gray_sync[4] (net)
                      0.049843    0.000230    0.511373 v _291_/A (sky130_fd_sc_hd__xor2_1)
     3    0.012201    0.201777    0.195160    0.706533 ^ _291_/X (sky130_fd_sc_hd__xor2_1)
                                                         _171_ (net)
                      0.201778    0.000292    0.706824 ^ _292_/B (sky130_fd_sc_hd__xnor2_1)
     3    0.010990    0.195893    0.124805    0.831630 ^ _292_/Y (sky130_fd_sc_hd__xnor2_1)
                                                         _172_ (net)
                      0.195894    0.000367    0.831997 ^ _293_/B (sky130_fd_sc_hd__xnor2_1)
     1    0.004955    0.111870    0.090254    0.922251 ^ _293_/Y (sky130_fd_sc_hd__xnor2_1)
                                                         _173_ (net)
                      0.111870    0.000163    0.922415 ^ _297_/S (sky130_fd_sc_hd__mux2_1)
     2    0.007110    0.054715    0.211240    1.133655 v _297_/X (sky130_fd_sc_hd__mux2_1)
                                                         _177_ (net)
                      0.054715    0.000193    1.133847 v _329_/A1 (sky130_fd_sc_hd__a21boi_2)
     3    0.018258    0.172662    0.172309    1.306157 ^ _329_/Y (sky130_fd_sc_hd__a21boi_2)
                                                         _198_ (net)
                      0.172665    0.000618    1.306774 ^ max_cap23/A (sky130_fd_sc_hd__buf_8)
    20    0.119718    0.148566    0.163296    1.470070 ^ max_cap23/X (sky130_fd_sc_hd__buf_8)
                                                         net23 (net)
                      0.148685    0.003457    1.473527 ^ _515_/C (sky130_fd_sc_hd__and4b_4)
     8    0.058642    0.158822    0.244700    1.718227 ^ _515_/X (sky130_fd_sc_hd__and4b_4)
                                                         _251_ (net)
                      0.158945    0.002459    1.720686 ^ _517_/S (sky130_fd_sc_hd__mux2_1)
     1    0.002732    0.037680    0.191321    1.912007 v _517_/X (sky130_fd_sc_hd__mux2_1)
                                                         _129_ (net)
                      0.037680    0.000081    1.912088 v _691_/D (sky130_fd_sc_hd__dfxtp_1)
                                              1.912088   data arrival time

                                 10.000000   10.000000   clock wclk (rise edge)
                                  0.000000   10.000000   clock source latency
     1    0.021811    0.000000    0.000000   10.000000 ^ wclk (in)
                                                         wclk (net)
                      0.002573    0.001286   10.001287 ^ clkbuf_0_wclk/A (sky130_fd_sc_hd__clkbuf_16)
    16    0.119684    0.103747    0.131487   10.132773 ^ clkbuf_0_wclk/X (sky130_fd_sc_hd__clkbuf_16)
                                                         clknet_0_wclk (net)
                      0.103845    0.002608   10.135381 ^ clkbuf_4_5_0_wclk/A (sky130_fd_sc_hd__clkbuf_8)
     8    0.033301    0.053662    0.120536   10.255918 ^ clkbuf_4_5_0_wclk/X (sky130_fd_sc_hd__clkbuf_8)
                                                         clknet_4_5_0_wclk (net)
                      0.053666    0.000547   10.256464 ^ _691_/CLK (sky130_fd_sc_hd__dfxtp_1)
                                  0.000000   10.256464   clock reconvergence pessimism
                                 -0.069945   10.186520   library setup time
                                             10.186520   data required time
---------------------------------------------------------------------------------------------
                                             10.186520   data required time
                                             -1.912088   data arrival time
---------------------------------------------------------------------------------------------
                                              8.274431   slack (MET)


Startpoint: _554_ (rising edge-triggered flip-flop clocked by wclk)
Endpoint: _616_ (rising edge-triggered flip-flop clocked by wclk)
Path Group: wclk
Path Type: max

Fanout         Cap        Slew       Delay        Time   Description
---------------------------------------------------------------------------------------------
                                  0.000000    0.000000   clock wclk (rise edge)
                                  0.000000    0.000000   clock source latency
     1    0.021811    0.000000    0.000000    0.000000 ^ wclk (in)
                                                         wclk (net)
                      0.002573    0.001286    0.001286 ^ clkbuf_0_wclk/A (sky130_fd_sc_hd__clkbuf_16)
    16    0.119684    0.103747    0.131486    0.132773 ^ clkbuf_0_wclk/X (sky130_fd_sc_hd__clkbuf_16)
                                                         clknet_0_wclk (net)
                      0.103842    0.002573    0.135346 ^ clkbuf_4_13_0_wclk/A (sky130_fd_sc_hd__clkbuf_8)
    10    0.035195    0.055923    0.122190    0.257536 ^ clkbuf_4_13_0_wclk/X (sky130_fd_sc_hd__clkbuf_8)
                                                         clknet_4_13_0_wclk (net)
                      0.055930    0.000634    0.258170 ^ _554_/CLK (sky130_fd_sc_hd__dfrtp_1)
     2    0.009435    0.049843    0.252974    0.511144 v _554_/Q (sky130_fd_sc_hd__dfrtp_1)
                                                         r_ptr_gray_sync[4] (net)
                      0.049843    0.000230    0.511373 v _291_/A (sky130_fd_sc_hd__xor2_1)
     3    0.012201    0.201777    0.195160    0.706533 ^ _291_/X (sky130_fd_sc_hd__xor2_1)
                                                         _171_ (net)
                      0.201778    0.000292    0.706824 ^ _292_/B (sky130_fd_sc_hd__xnor2_1)
     3    0.010990    0.195893    0.124805    0.831630 ^ _292_/Y (sky130_fd_sc_hd__xnor2_1)
                                                         _172_ (net)
                      0.195894    0.000367    0.831997 ^ _293_/B (sky130_fd_sc_hd__xnor2_1)
     1    0.004955    0.111870    0.090254    0.922251 ^ _293_/Y (sky130_fd_sc_hd__xnor2_1)
                                                         _173_ (net)
                      0.111870    0.000163    0.922415 ^ _297_/S (sky130_fd_sc_hd__mux2_1)
     2    0.007110    0.054715    0.211240    1.133655 v _297_/X (sky130_fd_sc_hd__mux2_1)
                                                         _177_ (net)
                      0.054715    0.000193    1.133847 v _329_/A1 (sky130_fd_sc_hd__a21boi_2)
     3    0.018258    0.172662    0.172309    1.306157 ^ _329_/Y (sky130_fd_sc_hd__a21boi_2)
                                                         _198_ (net)
                      0.172665    0.000618    1.306774 ^ max_cap23/A (sky130_fd_sc_hd__buf_8)
    20    0.119718    0.148566    0.163296    1.470070 ^ max_cap23/X (sky130_fd_sc_hd__buf_8)
                                                         net23 (net)
                      0.148609    0.002100    1.472170 ^ _453_/C (sky130_fd_sc_hd__and4bb_4)
     8    0.059475    0.160646    0.244072    1.716242 ^ _453_/X (sky130_fd_sc_hd__and4bb_4)
                                                         _245_ (net)
                      0.160756    0.002191    1.718433 ^ _454_/S (sky130_fd_sc_hd__mux2_1)
     1    0.002923    0.038421    0.192517    1.910950 v _454_/X (sky130_fd_sc_hd__mux2_1)
                                                         _072_ (net)
                      0.038421    0.000087    1.911037 v _616_/D (sky130_fd_sc_hd__dfxtp_1)
                                              1.911037   data arrival time

                                 10.000000   10.000000   clock wclk (rise edge)
                                  0.000000   10.000000   clock source latency
     1    0.021811    0.000000    0.000000   10.000000 ^ wclk (in)
                                                         wclk (net)
                      0.002573    0.001286   10.001287 ^ clkbuf_0_wclk/A (sky130_fd_sc_hd__clkbuf_16)
    16    0.119684    0.103747    0.131487   10.132773 ^ clkbuf_0_wclk/X (sky130_fd_sc_hd__clkbuf_16)
                                                         clknet_0_wclk (net)
                      0.103845    0.002608   10.135381 ^ clkbuf_4_5_0_wclk/A (sky130_fd_sc_hd__clkbuf_8)
     8    0.033301    0.053662    0.120536   10.255918 ^ clkbuf_4_5_0_wclk/X (sky130_fd_sc_hd__clkbuf_8)
                                                         clknet_4_5_0_wclk (net)
                      0.053674    0.000789   10.256706 ^ _616_/CLK (sky130_fd_sc_hd__dfxtp_1)
                                  0.000000   10.256706   clock reconvergence pessimism
                                 -0.070209   10.186498   library setup time
                                             10.186498   data required time
---------------------------------------------------------------------------------------------
                                             10.186498   data required time
                                             -1.911037   data arrival time
---------------------------------------------------------------------------------------------
                                              8.275460   slack (MET)


Startpoint: _554_ (rising edge-triggered flip-flop clocked by wclk)
Endpoint: _612_ (rising edge-triggered flip-flop clocked by wclk)
Path Group: wclk
Path Type: max

Fanout         Cap        Slew       Delay        Time   Description
---------------------------------------------------------------------------------------------
                                  0.000000    0.000000   clock wclk (rise edge)
                                  0.000000    0.000000   clock source latency
     1    0.021811    0.000000    0.000000    0.000000 ^ wclk (in)
                                                         wclk (net)
                      0.002573    0.001286    0.001286 ^ clkbuf_0_wclk/A (sky130_fd_sc_hd__clkbuf_16)
    16    0.119684    0.103747    0.131486    0.132773 ^ clkbuf_0_wclk/X (sky130_fd_sc_hd__clkbuf_16)
                                                         clknet_0_wclk (net)
                      0.103842    0.002573    0.135346 ^ clkbuf_4_13_0_wclk/A (sky130_fd_sc_hd__clkbuf_8)
    10    0.035195    0.055923    0.122190    0.257536 ^ clkbuf_4_13_0_wclk/X (sky130_fd_sc_hd__clkbuf_8)
                                                         clknet_4_13_0_wclk (net)
                      0.055930    0.000634    0.258170 ^ _554_/CLK (sky130_fd_sc_hd__dfrtp_1)
     2    0.009435    0.049843    0.252974    0.511144 v _554_/Q (sky130_fd_sc_hd__dfrtp_1)
                                                         r_ptr_gray_sync[4] (net)
                      0.049843    0.000230    0.511373 v _291_/A (sky130_fd_sc_hd__xor2_1)
     3    0.012201    0.201777    0.195160    0.706533 ^ _291_/X (sky130_fd_sc_hd__xor2_1)
                                                         _171_ (net)
                      0.201778    0.000292    0.706824 ^ _292_/B (sky130_fd_sc_hd__xnor2_1)
     3    0.010990    0.195893    0.124805    0.831630 ^ _292_/Y (sky130_fd_sc_hd__xnor2_1)
                                                         _172_ (net)
                      0.195894    0.000367    0.831997 ^ _293_/B (sky130_fd_sc_hd__xnor2_1)
     1    0.004955    0.111870    0.090254    0.922251 ^ _293_/Y (sky130_fd_sc_hd__xnor2_1)
                                                         _173_ (net)
                      0.111870    0.000163    0.922415 ^ _297_/S (sky130_fd_sc_hd__mux2_1)
     2    0.007110    0.054715    0.211240    1.133655 v _297_/X (sky130_fd_sc_hd__mux2_1)
                                                         _177_ (net)
                      0.054715    0.000193    1.133847 v _329_/A1 (sky130_fd_sc_hd__a21boi_2)
     3    0.018258    0.172662    0.172309    1.306157 ^ _329_/Y (sky130_fd_sc_hd__a21boi_2)
                                                         _198_ (net)
                      0.172665    0.000618    1.306774 ^ max_cap23/A (sky130_fd_sc_hd__buf_8)
    20    0.119718    0.148566    0.163296    1.470070 ^ max_cap23/X (sky130_fd_sc_hd__buf_8)
                                                         net23 (net)
                      0.148717    0.003884    1.473954 ^ _443_/C (sky130_fd_sc_hd__and4bb_4)
     8    0.059752    0.161404    0.244359    1.718313 ^ _443_/X (sky130_fd_sc_hd__and4bb_4)
                                                         _243_ (net)
                      0.161559    0.003087    1.721400 ^ _448_/S (sky130_fd_sc_hd__mux2_1)
     1    0.002905    0.038341    0.192412    1.913812 v _448_/X (sky130_fd_sc_hd__mux2_1)
                                                         _068_ (net)
                      0.038341    0.000086    1.913898 v _612_/D (sky130_fd_sc_hd__dfxtp_1)
                                              1.913898   data arrival time

                                 10.000000   10.000000   clock wclk (rise edge)
                                  0.000000   10.000000   clock source latency
     1    0.021811    0.000000    0.000000   10.000000 ^ wclk (in)
                                                         wclk (net)
                      0.002573    0.001286   10.001287 ^ clkbuf_0_wclk/A (sky130_fd_sc_hd__clkbuf_16)
    16    0.119684    0.103747    0.131487   10.132773 ^ clkbuf_0_wclk/X (sky130_fd_sc_hd__clkbuf_16)
                                                         clknet_0_wclk (net)
                      0.103934    0.003577   10.136350 ^ clkbuf_4_10_0_wclk/A (sky130_fd_sc_hd__clkbuf_8)
    12    0.035330    0.056067    0.122203   10.258553 ^ clkbuf_4_10_0_wclk/X (sky130_fd_sc_hd__clkbuf_8)
                                                         clknet_4_10_0_wclk (net)
                      0.056081    0.000869   10.259421 ^ _612_/CLK (sky130_fd_sc_hd__dfxtp_1)
                                  0.000000   10.259421   clock reconvergence pessimism
                                 -0.069948   10.189472   library setup time
                                             10.189472   data required time
---------------------------------------------------------------------------------------------
                                             10.189472   data required time
                                             -1.913898   data arrival time
---------------------------------------------------------------------------------------------
                                              8.275575   slack (MET)


Startpoint: _554_ (rising edge-triggered flip-flop clocked by wclk)
Endpoint: _696_ (rising edge-triggered flip-flop clocked by wclk)
Path Group: wclk
Path Type: max

Fanout         Cap        Slew       Delay        Time   Description
---------------------------------------------------------------------------------------------
                                  0.000000    0.000000   clock wclk (rise edge)
                                  0.000000    0.000000   clock source latency
     1    0.021811    0.000000    0.000000    0.000000 ^ wclk (in)
                                                         wclk (net)
                      0.002573    0.001286    0.001286 ^ clkbuf_0_wclk/A (sky130_fd_sc_hd__clkbuf_16)
    16    0.119684    0.103747    0.131486    0.132773 ^ clkbuf_0_wclk/X (sky130_fd_sc_hd__clkbuf_16)
                                                         clknet_0_wclk (net)
                      0.103842    0.002573    0.135346 ^ clkbuf_4_13_0_wclk/A (sky130_fd_sc_hd__clkbuf_8)
    10    0.035195    0.055923    0.122190    0.257536 ^ clkbuf_4_13_0_wclk/X (sky130_fd_sc_hd__clkbuf_8)
                                                         clknet_4_13_0_wclk (net)
                      0.055930    0.000634    0.258170 ^ _554_/CLK (sky130_fd_sc_hd__dfrtp_1)
     2    0.009435    0.049843    0.252974    0.511144 v _554_/Q (sky130_fd_sc_hd__dfrtp_1)
                                                         r_ptr_gray_sync[4] (net)
                      0.049843    0.000230    0.511373 v _291_/A (sky130_fd_sc_hd__xor2_1)
     3    0.012201    0.201777    0.195160    0.706533 ^ _291_/X (sky130_fd_sc_hd__xor2_1)
                                                         _171_ (net)
                      0.201778    0.000292    0.706824 ^ _292_/B (sky130_fd_sc_hd__xnor2_1)
     3    0.010990    0.195893    0.124805    0.831630 ^ _292_/Y (sky130_fd_sc_hd__xnor2_1)
                                                         _172_ (net)
                      0.195894    0.000367    0.831997 ^ _293_/B (sky130_fd_sc_hd__xnor2_1)
     1    0.004955    0.111870    0.090254    0.922251 ^ _293_/Y (sky130_fd_sc_hd__xnor2_1)
                                                         _173_ (net)
                      0.111870    0.000163    0.922415 ^ _297_/S (sky130_fd_sc_hd__mux2_1)
     2    0.007110    0.054715    0.211240    1.133655 v _297_/X (sky130_fd_sc_hd__mux2_1)
                                                         _177_ (net)
                      0.054715    0.000193    1.133847 v _329_/A1 (sky130_fd_sc_hd__a21boi_2)
     3    0.018258    0.172662    0.172309    1.306157 ^ _329_/Y (sky130_fd_sc_hd__a21boi_2)
                                                         _198_ (net)
                      0.172665    0.000618    1.306774 ^ max_cap23/A (sky130_fd_sc_hd__buf_8)
    20    0.119718    0.148566    0.163296    1.470070 ^ max_cap23/X (sky130_fd_sc_hd__buf_8)
                                                         net23 (net)
                      0.148685    0.003457    1.473527 ^ _515_/C (sky130_fd_sc_hd__and4b_4)
     8    0.058642    0.158822    0.244700    1.718227 ^ _515_/X (sky130_fd_sc_hd__and4b_4)
                                                         _251_ (net)
                      0.158950    0.002547    1.720774 ^ _522_/S (sky130_fd_sc_hd__mux2_1)
     1    0.003132    0.039346    0.193778    1.914552 v _522_/X (sky130_fd_sc_hd__mux2_1)
                                                         _134_ (net)
                      0.039346    0.000099    1.914651 v _696_/D (sky130_fd_sc_hd__dfxtp_1)
                                              1.914651   data arrival time

                                 10.000000   10.000000   clock wclk (rise edge)
                                  0.000000   10.000000   clock source latency
     1    0.021811    0.000000    0.000000   10.000000 ^ wclk (in)
                                                         wclk (net)
                      0.002573    0.001286   10.001287 ^ clkbuf_0_wclk/A (sky130_fd_sc_hd__clkbuf_16)
    16    0.119684    0.103747    0.131487   10.132773 ^ clkbuf_0_wclk/X (sky130_fd_sc_hd__clkbuf_16)
                                                         clknet_0_wclk (net)
                      0.103905    0.003298   10.136071 ^ clkbuf_4_8_0_wclk/A (sky130_fd_sc_hd__clkbuf_8)
    13    0.036805    0.057851    0.123616   10.259686 ^ clkbuf_4_8_0_wclk/X (sky130_fd_sc_hd__clkbuf_8)
                                                         clknet_4_8_0_wclk (net)
                      0.057862    0.000775   10.260462 ^ _696_/CLK (sky130_fd_sc_hd__dfxtp_1)
                                  0.000000   10.260462   clock reconvergence pessimism
                                 -0.070135   10.190327   library setup time
                                             10.190327   data required time
---------------------------------------------------------------------------------------------
                                             10.190327   data required time
                                             -1.914651   data arrival time
---------------------------------------------------------------------------------------------
                                              8.275677   slack (MET)


Startpoint: _554_ (rising edge-triggered flip-flop clocked by wclk)
Endpoint: _693_ (rising edge-triggered flip-flop clocked by wclk)
Path Group: wclk
Path Type: max

Fanout         Cap        Slew       Delay        Time   Description
---------------------------------------------------------------------------------------------
                                  0.000000    0.000000   clock wclk (rise edge)
                                  0.000000    0.000000   clock source latency
     1    0.021811    0.000000    0.000000    0.000000 ^ wclk (in)
                                                         wclk (net)
                      0.002573    0.001286    0.001286 ^ clkbuf_0_wclk/A (sky130_fd_sc_hd__clkbuf_16)
    16    0.119684    0.103747    0.131486    0.132773 ^ clkbuf_0_wclk/X (sky130_fd_sc_hd__clkbuf_16)
                                                         clknet_0_wclk (net)
                      0.103842    0.002573    0.135346 ^ clkbuf_4_13_0_wclk/A (sky130_fd_sc_hd__clkbuf_8)
    10    0.035195    0.055923    0.122190    0.257536 ^ clkbuf_4_13_0_wclk/X (sky130_fd_sc_hd__clkbuf_8)
                                                         clknet_4_13_0_wclk (net)
                      0.055930    0.000634    0.258170 ^ _554_/CLK (sky130_fd_sc_hd__dfrtp_1)
     2    0.009435    0.049843    0.252974    0.511144 v _554_/Q (sky130_fd_sc_hd__dfrtp_1)
                                                         r_ptr_gray_sync[4] (net)
                      0.049843    0.000230    0.511373 v _291_/A (sky130_fd_sc_hd__xor2_1)
     3    0.012201    0.201777    0.195160    0.706533 ^ _291_/X (sky130_fd_sc_hd__xor2_1)
                                                         _171_ (net)
                      0.201778    0.000292    0.706824 ^ _292_/B (sky130_fd_sc_hd__xnor2_1)
     3    0.010990    0.195893    0.124805    0.831630 ^ _292_/Y (sky130_fd_sc_hd__xnor2_1)
                                                         _172_ (net)
                      0.195894    0.000367    0.831997 ^ _293_/B (sky130_fd_sc_hd__xnor2_1)
     1    0.004955    0.111870    0.090254    0.922251 ^ _293_/Y (sky130_fd_sc_hd__xnor2_1)
                                                         _173_ (net)
                      0.111870    0.000163    0.922415 ^ _297_/S (sky130_fd_sc_hd__mux2_1)
     2    0.007110    0.054715    0.211240    1.133655 v _297_/X (sky130_fd_sc_hd__mux2_1)
                                                         _177_ (net)
                      0.054715    0.000193    1.133847 v _329_/A1 (sky130_fd_sc_hd__a21boi_2)
     3    0.018258    0.172662    0.172309    1.306157 ^ _329_/Y (sky130_fd_sc_hd__a21boi_2)
                                                         _198_ (net)
                      0.172665    0.000618    1.306774 ^ max_cap23/A (sky130_fd_sc_hd__buf_8)
    20    0.119718    0.148566    0.163296    1.470070 ^ max_cap23/X (sky130_fd_sc_hd__buf_8)
                                                         net23 (net)
                      0.148685    0.003457    1.473527 ^ _515_/C (sky130_fd_sc_hd__and4b_4)
     8    0.058642    0.158822    0.244700    1.718227 ^ _515_/X (sky130_fd_sc_hd__and4b_4)
                                                         _251_ (net)
                      0.158940    0.002351    1.720578 ^ _519_/S (sky130_fd_sc_hd__mux2_1)
     1    0.002304    0.036091    0.188694    1.909273 v _519_/X (sky130_fd_sc_hd__mux2_1)
                                                         _131_ (net)
                      0.036091    0.000068    1.909340 v _693_/D (sky130_fd_sc_hd__dfxtp_1)
                                              1.909340   data arrival time

                                 10.000000   10.000000   clock wclk (rise edge)
                                  0.000000   10.000000   clock source latency
     1    0.021811    0.000000    0.000000   10.000000 ^ wclk (in)
                                                         wclk (net)
                      0.002573    0.001286   10.001287 ^ clkbuf_0_wclk/A (sky130_fd_sc_hd__clkbuf_16)
    16    0.119684    0.103747    0.131487   10.132773 ^ clkbuf_0_wclk/X (sky130_fd_sc_hd__clkbuf_16)
                                                         clknet_0_wclk (net)
                      0.103939    0.003623   10.136396 ^ clkbuf_4_3_0_wclk/A (sky130_fd_sc_hd__clkbuf_8)
    10    0.030341    0.050141    0.117939   10.254334 ^ clkbuf_4_3_0_wclk/X (sky130_fd_sc_hd__clkbuf_8)
                                                         clknet_4_3_0_wclk (net)
                      0.050145    0.000510   10.254845 ^ _693_/CLK (sky130_fd_sc_hd__dfxtp_1)
                                  0.000000   10.254845   clock reconvergence pessimism
                                 -0.069717   10.185127   library setup time
                                             10.185127   data required time
---------------------------------------------------------------------------------------------
                                             10.185127   data required time
                                             -1.909340   data arrival time
---------------------------------------------------------------------------------------------
                                              8.275786   slack (MET)


Startpoint: _554_ (rising edge-triggered flip-flop clocked by wclk)
Endpoint: _578_ (rising edge-triggered flip-flop clocked by wclk)
Path Group: wclk
Path Type: max

Fanout         Cap        Slew       Delay        Time   Description
---------------------------------------------------------------------------------------------
                                  0.000000    0.000000   clock wclk (rise edge)
                                  0.000000    0.000000   clock source latency
     1    0.021811    0.000000    0.000000    0.000000 ^ wclk (in)
                                                         wclk (net)
                      0.002573    0.001286    0.001286 ^ clkbuf_0_wclk/A (sky130_fd_sc_hd__clkbuf_16)
    16    0.119684    0.103747    0.131486    0.132773 ^ clkbuf_0_wclk/X (sky130_fd_sc_hd__clkbuf_16)
                                                         clknet_0_wclk (net)
                      0.103842    0.002573    0.135346 ^ clkbuf_4_13_0_wclk/A (sky130_fd_sc_hd__clkbuf_8)
    10    0.035195    0.055923    0.122190    0.257536 ^ clkbuf_4_13_0_wclk/X (sky130_fd_sc_hd__clkbuf_8)
                                                         clknet_4_13_0_wclk (net)
                      0.055930    0.000634    0.258170 ^ _554_/CLK (sky130_fd_sc_hd__dfrtp_1)
     2    0.009435    0.049843    0.252974    0.511144 v _554_/Q (sky130_fd_sc_hd__dfrtp_1)
                                                         r_ptr_gray_sync[4] (net)
                      0.049843    0.000230    0.511373 v _291_/A (sky130_fd_sc_hd__xor2_1)
     3    0.012201    0.201777    0.195160    0.706533 ^ _291_/X (sky130_fd_sc_hd__xor2_1)
                                                         _171_ (net)
                      0.201778    0.000292    0.706824 ^ _292_/B (sky130_fd_sc_hd__xnor2_1)
     3    0.010990    0.195893    0.124805    0.831630 ^ _292_/Y (sky130_fd_sc_hd__xnor2_1)
                                                         _172_ (net)
                      0.195894    0.000367    0.831997 ^ _293_/B (sky130_fd_sc_hd__xnor2_1)
     1    0.004955    0.111870    0.090254    0.922251 ^ _293_/Y (sky130_fd_sc_hd__xnor2_1)
                                                         _173_ (net)
                      0.111870    0.000163    0.922415 ^ _297_/S (sky130_fd_sc_hd__mux2_1)
     2    0.007110    0.054715    0.211240    1.133655 v _297_/X (sky130_fd_sc_hd__mux2_1)
                                                         _177_ (net)
                      0.054715    0.000193    1.133847 v _329_/A1 (sky130_fd_sc_hd__a21boi_2)
     3    0.018258    0.172662    0.172309    1.306157 ^ _329_/Y (sky130_fd_sc_hd__a21boi_2)
                                                         _198_ (net)
                      0.172665    0.000618    1.306774 ^ max_cap23/A (sky130_fd_sc_hd__buf_8)
    20    0.119718    0.148566    0.163296    1.470070 ^ max_cap23/X (sky130_fd_sc_hd__buf_8)
                                                         net23 (net)
                      0.148747    0.004249    1.474319 ^ _406_/C (sky130_fd_sc_hd__and4bb_4)
     8    0.052688    0.146587    0.232295    1.706614 ^ _406_/X (sky130_fd_sc_hd__and4bb_4)
                                                         _238_ (net)
                      0.146734    0.002979    1.709593 ^ _409_/S (sky130_fd_sc_hd__mux2_1)
     1    0.003826    0.042535    0.197892    1.907485 v _409_/X (sky130_fd_sc_hd__mux2_1)
                                                         _034_ (net)
                      0.042535    0.000131    1.907617 v _578_/D (sky130_fd_sc_hd__dfxtp_1)
                                              1.907617   data arrival time

                                 10.000000   10.000000   clock wclk (rise edge)
                                  0.000000   10.000000   clock source latency
     1    0.021811    0.000000    0.000000   10.000000 ^ wclk (in)
                                                         wclk (net)
                      0.002573    0.001286   10.001287 ^ clkbuf_0_wclk/A (sky130_fd_sc_hd__clkbuf_16)
    16    0.119684    0.103747    0.131487   10.132773 ^ clkbuf_0_wclk/X (sky130_fd_sc_hd__clkbuf_16)
                                                         clknet_0_wclk (net)
                      0.103898    0.003217   10.135990 ^ clkbuf_4_9_0_wclk/A (sky130_fd_sc_hd__clkbuf_8)
     9    0.031545    0.051576    0.119020   10.255011 ^ clkbuf_4_9_0_wclk/X (sky130_fd_sc_hd__clkbuf_8)
                                                         clknet_4_9_0_wclk (net)
                      0.051581    0.000544   10.255555 ^ _578_/CLK (sky130_fd_sc_hd__dfxtp_1)
                                  0.000000   10.255555   clock reconvergence pessimism
                                 -0.071878   10.183677   library setup time
                                             10.183677   data required time
---------------------------------------------------------------------------------------------
                                             10.183677   data required time
                                             -1.907617   data arrival time
---------------------------------------------------------------------------------------------
                                              8.276059   slack (MET)


Startpoint: _554_ (rising edge-triggered flip-flop clocked by wclk)
Endpoint: _620_ (rising edge-triggered flip-flop clocked by wclk)
Path Group: wclk
Path Type: max

Fanout         Cap        Slew       Delay        Time   Description
---------------------------------------------------------------------------------------------
                                  0.000000    0.000000   clock wclk (rise edge)
                                  0.000000    0.000000   clock source latency
     1    0.021811    0.000000    0.000000    0.000000 ^ wclk (in)
                                                         wclk (net)
                      0.002573    0.001286    0.001286 ^ clkbuf_0_wclk/A (sky130_fd_sc_hd__clkbuf_16)
    16    0.119684    0.103747    0.131486    0.132773 ^ clkbuf_0_wclk/X (sky130_fd_sc_hd__clkbuf_16)
                                                         clknet_0_wclk (net)
                      0.103842    0.002573    0.135346 ^ clkbuf_4_13_0_wclk/A (sky130_fd_sc_hd__clkbuf_8)
    10    0.035195    0.055923    0.122190    0.257536 ^ clkbuf_4_13_0_wclk/X (sky130_fd_sc_hd__clkbuf_8)
                                                         clknet_4_13_0_wclk (net)
                      0.055930    0.000634    0.258170 ^ _554_/CLK (sky130_fd_sc_hd__dfrtp_1)
     2    0.009435    0.049843    0.252974    0.511144 v _554_/Q (sky130_fd_sc_hd__dfrtp_1)
                                                         r_ptr_gray_sync[4] (net)
                      0.049843    0.000230    0.511373 v _291_/A (sky130_fd_sc_hd__xor2_1)
     3    0.012201    0.201777    0.195160    0.706533 ^ _291_/X (sky130_fd_sc_hd__xor2_1)
                                                         _171_ (net)
                      0.201778    0.000292    0.706824 ^ _292_/B (sky130_fd_sc_hd__xnor2_1)
     3    0.010990    0.195893    0.124805    0.831630 ^ _292_/Y (sky130_fd_sc_hd__xnor2_1)
                                                         _172_ (net)
                      0.195894    0.000367    0.831997 ^ _293_/B (sky130_fd_sc_hd__xnor2_1)
     1    0.004955    0.111870    0.090254    0.922251 ^ _293_/Y (sky130_fd_sc_hd__xnor2_1)
                                                         _173_ (net)
                      0.111870    0.000163    0.922415 ^ _297_/S (sky130_fd_sc_hd__mux2_1)
     2    0.007110    0.054715    0.211240    1.133655 v _297_/X (sky130_fd_sc_hd__mux2_1)
                                                         _177_ (net)
                      0.054715    0.000193    1.133847 v _329_/A1 (sky130_fd_sc_hd__a21boi_2)
     3    0.018258    0.172662    0.172309    1.306157 ^ _329_/Y (sky130_fd_sc_hd__a21boi_2)
                                                         _198_ (net)
                      0.172665    0.000618    1.306774 ^ max_cap23/A (sky130_fd_sc_hd__buf_8)
    20    0.119718    0.148566    0.163296    1.470070 ^ max_cap23/X (sky130_fd_sc_hd__buf_8)
                                                         net23 (net)
                      0.148609    0.002100    1.472170 ^ _453_/C (sky130_fd_sc_hd__and4bb_4)
     8    0.059475    0.160646    0.244072    1.716242 ^ _453_/X (sky130_fd_sc_hd__and4bb_4)
                                                         _245_ (net)
                      0.160783    0.002750    1.718993 ^ _458_/S (sky130_fd_sc_hd__mux2_1)
     1    0.003339    0.040274    0.195065    1.914058 v _458_/X (sky130_fd_sc_hd__mux2_1)
                                                         _076_ (net)
                      0.040274    0.000112    1.914170 v _620_/D (sky130_fd_sc_hd__dfxtp_1)
                                              1.914170   data arrival time

                                 10.000000   10.000000   clock wclk (rise edge)
                                  0.000000   10.000000   clock source latency
     1    0.021811    0.000000    0.000000   10.000000 ^ wclk (in)
                                                         wclk (net)
                      0.002573    0.001286   10.001287 ^ clkbuf_0_wclk/A (sky130_fd_sc_hd__clkbuf_16)
    16    0.119684    0.103747    0.131487   10.132773 ^ clkbuf_0_wclk/X (sky130_fd_sc_hd__clkbuf_16)
                                                         clknet_0_wclk (net)
                      0.103990    0.004063   10.136836 ^ clkbuf_4_1_0_wclk/A (sky130_fd_sc_hd__clkbuf_8)
    11    0.036799    0.057855    0.123721   10.260557 ^ clkbuf_4_1_0_wclk/X (sky130_fd_sc_hd__clkbuf_8)
                                                         clknet_4_1_0_wclk (net)
                      0.057862    0.000636   10.261193 ^ _620_/CLK (sky130_fd_sc_hd__dfxtp_1)
                                  0.000000   10.261193   clock reconvergence pessimism
                                 -0.070466   10.190727   library setup time
                                             10.190727   data required time
---------------------------------------------------------------------------------------------
                                             10.190727   data required time
                                             -1.914170   data arrival time
---------------------------------------------------------------------------------------------
                                              8.276558   slack (MET)


Startpoint: _554_ (rising edge-triggered flip-flop clocked by wclk)
Endpoint: _622_ (rising edge-triggered flip-flop clocked by wclk)
Path Group: wclk
Path Type: max

Fanout         Cap        Slew       Delay        Time   Description
---------------------------------------------------------------------------------------------
                                  0.000000    0.000000   clock wclk (rise edge)
                                  0.000000    0.000000   clock source latency
     1    0.021811    0.000000    0.000000    0.000000 ^ wclk (in)
                                                         wclk (net)
                      0.002573    0.001286    0.001286 ^ clkbuf_0_wclk/A (sky130_fd_sc_hd__clkbuf_16)
    16    0.119684    0.103747    0.131486    0.132773 ^ clkbuf_0_wclk/X (sky130_fd_sc_hd__clkbuf_16)
                                                         clknet_0_wclk (net)
                      0.103842    0.002573    0.135346 ^ clkbuf_4_13_0_wclk/A (sky130_fd_sc_hd__clkbuf_8)
    10    0.035195    0.055923    0.122190    0.257536 ^ clkbuf_4_13_0_wclk/X (sky130_fd_sc_hd__clkbuf_8)
                                                         clknet_4_13_0_wclk (net)
                      0.055930    0.000634    0.258170 ^ _554_/CLK (sky130_fd_sc_hd__dfrtp_1)
     2    0.009435    0.049843    0.252974    0.511144 v _554_/Q (sky130_fd_sc_hd__dfrtp_1)
                                                         r_ptr_gray_sync[4] (net)
                      0.049843    0.000230    0.511373 v _291_/A (sky130_fd_sc_hd__xor2_1)
     3    0.012201    0.201777    0.195160    0.706533 ^ _291_/X (sky130_fd_sc_hd__xor2_1)
                                                         _171_ (net)
                      0.201778    0.000292    0.706824 ^ _292_/B (sky130_fd_sc_hd__xnor2_1)
     3    0.010990    0.195893    0.124805    0.831630 ^ _292_/Y (sky130_fd_sc_hd__xnor2_1)
                                                         _172_ (net)
                      0.195894    0.000367    0.831997 ^ _293_/B (sky130_fd_sc_hd__xnor2_1)
     1    0.004955    0.111870    0.090254    0.922251 ^ _293_/Y (sky130_fd_sc_hd__xnor2_1)
                                                         _173_ (net)
                      0.111870    0.000163    0.922415 ^ _297_/S (sky130_fd_sc_hd__mux2_1)
     2    0.007110    0.054715    0.211240    1.133655 v _297_/X (sky130_fd_sc_hd__mux2_1)
                                                         _177_ (net)
                      0.054715    0.000193    1.133847 v _329_/A1 (sky130_fd_sc_hd__a21boi_2)
     3    0.018258    0.172662    0.172309    1.306157 ^ _329_/Y (sky130_fd_sc_hd__a21boi_2)
                                                         _198_ (net)
                      0.172665    0.000618    1.306774 ^ max_cap23/A (sky130_fd_sc_hd__buf_8)
    20    0.119718    0.148566    0.163296    1.470070 ^ max_cap23/X (sky130_fd_sc_hd__buf_8)
                                                         net23 (net)
                      0.148609    0.002100    1.472170 ^ _453_/C (sky130_fd_sc_hd__and4bb_4)
     8    0.059475    0.160646    0.244072    1.716242 ^ _453_/X (sky130_fd_sc_hd__and4bb_4)
                                                         _245_ (net)
                      0.160782    0.002728    1.718971 ^ _460_/S (sky130_fd_sc_hd__mux2_1)
     1    0.002378    0.036363    0.189170    1.908141 v _460_/X (sky130_fd_sc_hd__mux2_1)
                                                         _078_ (net)
                      0.036363    0.000070    1.908211 v _622_/D (sky130_fd_sc_hd__dfxtp_1)
                                              1.908211   data arrival time

                                 10.000000   10.000000   clock wclk (rise edge)
                                  0.000000   10.000000   clock source latency
     1    0.021811    0.000000    0.000000   10.000000 ^ wclk (in)
                                                         wclk (net)
                      0.002573    0.001286   10.001287 ^ clkbuf_0_wclk/A (sky130_fd_sc_hd__clkbuf_16)
    16    0.119684    0.103747    0.131487   10.132773 ^ clkbuf_0_wclk/X (sky130_fd_sc_hd__clkbuf_16)
                                                         clknet_0_wclk (net)
                      0.103939    0.003623   10.136396 ^ clkbuf_4_3_0_wclk/A (sky130_fd_sc_hd__clkbuf_8)
    10    0.030341    0.050141    0.117939   10.254334 ^ clkbuf_4_3_0_wclk/X (sky130_fd_sc_hd__clkbuf_8)
                                                         clknet_4_3_0_wclk (net)
                      0.050145    0.000495   10.254829 ^ _622_/CLK (sky130_fd_sc_hd__dfxtp_1)
                                  0.000000   10.254829   clock reconvergence pessimism
                                 -0.069814   10.185015   library setup time
                                             10.185015   data required time
---------------------------------------------------------------------------------------------
                                             10.185015   data required time
                                             -1.908211   data arrival time
---------------------------------------------------------------------------------------------
                                              8.276804   slack (MET)


Startpoint: _554_ (rising edge-triggered flip-flop clocked by wclk)
Endpoint: _608_ (rising edge-triggered flip-flop clocked by wclk)
Path Group: wclk
Path Type: max

Fanout         Cap        Slew       Delay        Time   Description
---------------------------------------------------------------------------------------------
                                  0.000000    0.000000   clock wclk (rise edge)
                                  0.000000    0.000000   clock source latency
     1    0.021811    0.000000    0.000000    0.000000 ^ wclk (in)
                                                         wclk (net)
                      0.002573    0.001286    0.001286 ^ clkbuf_0_wclk/A (sky130_fd_sc_hd__clkbuf_16)
    16    0.119684    0.103747    0.131486    0.132773 ^ clkbuf_0_wclk/X (sky130_fd_sc_hd__clkbuf_16)
                                                         clknet_0_wclk (net)
                      0.103842    0.002573    0.135346 ^ clkbuf_4_13_0_wclk/A (sky130_fd_sc_hd__clkbuf_8)
    10    0.035195    0.055923    0.122190    0.257536 ^ clkbuf_4_13_0_wclk/X (sky130_fd_sc_hd__clkbuf_8)
                                                         clknet_4_13_0_wclk (net)
                      0.055930    0.000634    0.258170 ^ _554_/CLK (sky130_fd_sc_hd__dfrtp_1)
     2    0.009435    0.049843    0.252974    0.511144 v _554_/Q (sky130_fd_sc_hd__dfrtp_1)
                                                         r_ptr_gray_sync[4] (net)
                      0.049843    0.000230    0.511373 v _291_/A (sky130_fd_sc_hd__xor2_1)
     3    0.012201    0.201777    0.195160    0.706533 ^ _291_/X (sky130_fd_sc_hd__xor2_1)
                                                         _171_ (net)
                      0.201778    0.000292    0.706824 ^ _292_/B (sky130_fd_sc_hd__xnor2_1)
     3    0.010990    0.195893    0.124805    0.831630 ^ _292_/Y (sky130_fd_sc_hd__xnor2_1)
                                                         _172_ (net)
                      0.195894    0.000367    0.831997 ^ _293_/B (sky130_fd_sc_hd__xnor2_1)
     1    0.004955    0.111870    0.090254    0.922251 ^ _293_/Y (sky130_fd_sc_hd__xnor2_1)
                                                         _173_ (net)
                      0.111870    0.000163    0.922415 ^ _297_/S (sky130_fd_sc_hd__mux2_1)
     2    0.007110    0.054715    0.211240    1.133655 v _297_/X (sky130_fd_sc_hd__mux2_1)
                                                         _177_ (net)
                      0.054715    0.000193    1.133847 v _329_/A1 (sky130_fd_sc_hd__a21boi_2)
     3    0.018258    0.172662    0.172309    1.306157 ^ _329_/Y (sky130_fd_sc_hd__a21boi_2)
                                                         _198_ (net)
                      0.172665    0.000618    1.306774 ^ max_cap23/A (sky130_fd_sc_hd__buf_8)
    20    0.119718    0.148566    0.163296    1.470070 ^ max_cap23/X (sky130_fd_sc_hd__buf_8)
                                                         net23 (net)
                      0.148717    0.003884    1.473954 ^ _443_/C (sky130_fd_sc_hd__and4bb_4)
     8    0.059752    0.161404    0.244359    1.718313 ^ _443_/X (sky130_fd_sc_hd__and4bb_4)
                                                         _243_ (net)
                      0.161419    0.001689    1.720002 ^ _444_/S (sky130_fd_sc_hd__mux2_1)
     1    0.002473    0.036714    0.189762    1.909763 v _444_/X (sky130_fd_sc_hd__mux2_1)
                                                         _064_ (net)
                      0.036714    0.000071    1.909835 v _608_/D (sky130_fd_sc_hd__dfxtp_1)
                                              1.909835   data arrival time

                                 10.000000   10.000000   clock wclk (rise edge)
                                  0.000000   10.000000   clock source latency
     1    0.021811    0.000000    0.000000   10.000000 ^ wclk (in)
                                                         wclk (net)
                      0.002573    0.001286   10.001287 ^ clkbuf_0_wclk/A (sky130_fd_sc_hd__clkbuf_16)
    16    0.119684    0.103747    0.131487   10.132773 ^ clkbuf_0_wclk/X (sky130_fd_sc_hd__clkbuf_16)
                                                         clknet_0_wclk (net)
                      0.103830    0.002401   10.135174 ^ clkbuf_4_12_0_wclk/A (sky130_fd_sc_hd__clkbuf_8)
     8    0.033217    0.053510    0.120131   10.255305 ^ clkbuf_4_12_0_wclk/X (sky130_fd_sc_hd__clkbuf_8)
                                                         clknet_4_12_0_wclk (net)
                      0.053542    0.001195   10.256501 ^ _608_/CLK (sky130_fd_sc_hd__dfxtp_1)
                                  0.000000   10.256501   clock reconvergence pessimism
                                 -0.069612   10.186889   library setup time
                                             10.186889   data required time
---------------------------------------------------------------------------------------------
                                             10.186889   data required time
                                             -1.909835   data arrival time
---------------------------------------------------------------------------------------------
                                              8.277054   slack (MET)


Startpoint: _554_ (rising edge-triggered flip-flop clocked by wclk)
Endpoint: _692_ (rising edge-triggered flip-flop clocked by wclk)
Path Group: wclk
Path Type: max

Fanout         Cap        Slew       Delay        Time   Description
---------------------------------------------------------------------------------------------
                                  0.000000    0.000000   clock wclk (rise edge)
                                  0.000000    0.000000   clock source latency
     1    0.021811    0.000000    0.000000    0.000000 ^ wclk (in)
                                                         wclk (net)
                      0.002573    0.001286    0.001286 ^ clkbuf_0_wclk/A (sky130_fd_sc_hd__clkbuf_16)
    16    0.119684    0.103747    0.131486    0.132773 ^ clkbuf_0_wclk/X (sky130_fd_sc_hd__clkbuf_16)
                                                         clknet_0_wclk (net)
                      0.103842    0.002573    0.135346 ^ clkbuf_4_13_0_wclk/A (sky130_fd_sc_hd__clkbuf_8)
    10    0.035195    0.055923    0.122190    0.257536 ^ clkbuf_4_13_0_wclk/X (sky130_fd_sc_hd__clkbuf_8)
                                                         clknet_4_13_0_wclk (net)
                      0.055930    0.000634    0.258170 ^ _554_/CLK (sky130_fd_sc_hd__dfrtp_1)
     2    0.009435    0.049843    0.252974    0.511144 v _554_/Q (sky130_fd_sc_hd__dfrtp_1)
                                                         r_ptr_gray_sync[4] (net)
                      0.049843    0.000230    0.511373 v _291_/A (sky130_fd_sc_hd__xor2_1)
     3    0.012201    0.201777    0.195160    0.706533 ^ _291_/X (sky130_fd_sc_hd__xor2_1)
                                                         _171_ (net)
                      0.201778    0.000292    0.706824 ^ _292_/B (sky130_fd_sc_hd__xnor2_1)
     3    0.010990    0.195893    0.124805    0.831630 ^ _292_/Y (sky130_fd_sc_hd__xnor2_1)
                                                         _172_ (net)
                      0.195894    0.000367    0.831997 ^ _293_/B (sky130_fd_sc_hd__xnor2_1)
     1    0.004955    0.111870    0.090254    0.922251 ^ _293_/Y (sky130_fd_sc_hd__xnor2_1)
                                                         _173_ (net)
                      0.111870    0.000163    0.922415 ^ _297_/S (sky130_fd_sc_hd__mux2_1)
     2    0.007110    0.054715    0.211240    1.133655 v _297_/X (sky130_fd_sc_hd__mux2_1)
                                                         _177_ (net)
                      0.054715    0.000193    1.133847 v _329_/A1 (sky130_fd_sc_hd__a21boi_2)
     3    0.018258    0.172662    0.172309    1.306157 ^ _329_/Y (sky130_fd_sc_hd__a21boi_2)
                                                         _198_ (net)
                      0.172665    0.000618    1.306774 ^ max_cap23/A (sky130_fd_sc_hd__buf_8)
    20    0.119718    0.148566    0.163296    1.470070 ^ max_cap23/X (sky130_fd_sc_hd__buf_8)
                                                         net23 (net)
                      0.148685    0.003457    1.473527 ^ _515_/C (sky130_fd_sc_hd__and4b_4)
     8    0.058642    0.158822    0.244700    1.718227 ^ _515_/X (sky130_fd_sc_hd__and4b_4)
                                                         _251_ (net)
                      0.158967    0.002872    1.721099 ^ _518_/S (sky130_fd_sc_hd__mux2_1)
     1    0.002918    0.038401    0.192462    1.913561 v _518_/X (sky130_fd_sc_hd__mux2_1)
                                                         _130_ (net)
                      0.038401    0.000089    1.913651 v _692_/D (sky130_fd_sc_hd__dfxtp_1)
                                              1.913651   data arrival time

                                 10.000000   10.000000   clock wclk (rise edge)
                                  0.000000   10.000000   clock source latency
     1    0.021811    0.000000    0.000000   10.000000 ^ wclk (in)
                                                         wclk (net)
                      0.002573    0.001286   10.001287 ^ clkbuf_0_wclk/A (sky130_fd_sc_hd__clkbuf_16)
    16    0.119684    0.103747    0.131487   10.132773 ^ clkbuf_0_wclk/X (sky130_fd_sc_hd__clkbuf_16)
                                                         clknet_0_wclk (net)
                      0.103986    0.004027   10.136800 ^ clkbuf_4_0_0_wclk/A (sky130_fd_sc_hd__clkbuf_8)
    12    0.035983    0.056849    0.122812   10.259612 ^ clkbuf_4_0_0_wclk/X (sky130_fd_sc_hd__clkbuf_8)
                                                         clknet_4_0_0_wclk (net)
                      0.056875    0.001113   10.260725 ^ _692_/CLK (sky130_fd_sc_hd__dfxtp_1)
                                  0.000000   10.260725   clock reconvergence pessimism
                                 -0.069893   10.190831   library setup time
                                             10.190831   data required time
---------------------------------------------------------------------------------------------
                                             10.190831   data required time
                                             -1.913651   data arrival time
---------------------------------------------------------------------------------------------
                                              8.277181   slack (MET)


Startpoint: _554_ (rising edge-triggered flip-flop clocked by wclk)
Endpoint: _593_ (rising edge-triggered flip-flop clocked by wclk)
Path Group: wclk
Path Type: max

Fanout         Cap        Slew       Delay        Time   Description
---------------------------------------------------------------------------------------------
                                  0.000000    0.000000   clock wclk (rise edge)
                                  0.000000    0.000000   clock source latency
     1    0.021811    0.000000    0.000000    0.000000 ^ wclk (in)
                                                         wclk (net)
                      0.002573    0.001286    0.001286 ^ clkbuf_0_wclk/A (sky130_fd_sc_hd__clkbuf_16)
    16    0.119684    0.103747    0.131486    0.132773 ^ clkbuf_0_wclk/X (sky130_fd_sc_hd__clkbuf_16)
                                                         clknet_0_wclk (net)
                      0.103842    0.002573    0.135346 ^ clkbuf_4_13_0_wclk/A (sky130_fd_sc_hd__clkbuf_8)
    10    0.035195    0.055923    0.122190    0.257536 ^ clkbuf_4_13_0_wclk/X (sky130_fd_sc_hd__clkbuf_8)
                                                         clknet_4_13_0_wclk (net)
                      0.055930    0.000634    0.258170 ^ _554_/CLK (sky130_fd_sc_hd__dfrtp_1)
     2    0.009435    0.049843    0.252974    0.511144 v _554_/Q (sky130_fd_sc_hd__dfrtp_1)
                                                         r_ptr_gray_sync[4] (net)
                      0.049843    0.000230    0.511373 v _291_/A (sky130_fd_sc_hd__xor2_1)
     3    0.012201    0.201777    0.195160    0.706533 ^ _291_/X (sky130_fd_sc_hd__xor2_1)
                                                         _171_ (net)
                      0.201778    0.000292    0.706824 ^ _292_/B (sky130_fd_sc_hd__xnor2_1)
     3    0.010990    0.195893    0.124805    0.831630 ^ _292_/Y (sky130_fd_sc_hd__xnor2_1)
                                                         _172_ (net)
                      0.195894    0.000367    0.831997 ^ _293_/B (sky130_fd_sc_hd__xnor2_1)
     1    0.004955    0.111870    0.090254    0.922251 ^ _293_/Y (sky130_fd_sc_hd__xnor2_1)
                                                         _173_ (net)
                      0.111870    0.000163    0.922415 ^ _297_/S (sky130_fd_sc_hd__mux2_1)
     2    0.007110    0.054715    0.211240    1.133655 v _297_/X (sky130_fd_sc_hd__mux2_1)
                                                         _177_ (net)
                      0.054715    0.000193    1.133847 v _329_/A1 (sky130_fd_sc_hd__a21boi_2)
     3    0.018258    0.172662    0.172309    1.306157 ^ _329_/Y (sky130_fd_sc_hd__a21boi_2)
                                                         _198_ (net)
                      0.172665    0.000618    1.306774 ^ max_cap23/A (sky130_fd_sc_hd__buf_8)
    20    0.119718    0.148566    0.163296    1.470070 ^ max_cap23/X (sky130_fd_sc_hd__buf_8)
                                                         net23 (net)
                      0.148722    0.003942    1.474012 ^ _424_/C (sky130_fd_sc_hd__and4b_4)
     8    0.055979    0.153585    0.239889    1.713901 ^ _424_/X (sky130_fd_sc_hd__and4b_4)
                                                         _240_ (net)
                      0.153736    0.002985    1.716886 ^ _426_/S (sky130_fd_sc_hd__mux2_1)
     1    0.003032    0.038907    0.193094    1.909980 v _426_/X (sky130_fd_sc_hd__mux2_1)
                                                         _049_ (net)
                      0.038907    0.000099    1.910079 v _593_/D (sky130_fd_sc_hd__dfxtp_1)
                                              1.910079   data arrival time

                                 10.000000   10.000000   clock wclk (rise edge)
                                  0.000000   10.000000   clock source latency
     1    0.021811    0.000000    0.000000   10.000000 ^ wclk (in)
                                                         wclk (net)
                      0.002573    0.001286   10.001287 ^ clkbuf_0_wclk/A (sky130_fd_sc_hd__clkbuf_16)
    16    0.119684    0.103747    0.131487   10.132773 ^ clkbuf_0_wclk/X (sky130_fd_sc_hd__clkbuf_16)
                                                         clknet_0_wclk (net)
                      0.103884    0.003075   10.135848 ^ clkbuf_4_14_0_wclk/A (sky130_fd_sc_hd__clkbuf_8)
     9    0.034233    0.054760    0.121259   10.257108 ^ clkbuf_4_14_0_wclk/X (sky130_fd_sc_hd__clkbuf_8)
                                                         clknet_4_14_0_wclk (net)
                      0.054780    0.000955   10.258062 ^ _593_/CLK (sky130_fd_sc_hd__dfxtp_1)
                                  0.000000   10.258062   clock reconvergence pessimism
                                 -0.070275   10.187787   library setup time
                                             10.187787   data required time
---------------------------------------------------------------------------------------------
                                             10.187787   data required time
                                             -1.910079   data arrival time
---------------------------------------------------------------------------------------------
                                              8.277708   slack (MET)


Startpoint: _554_ (rising edge-triggered flip-flop clocked by wclk)
Endpoint: _623_ (rising edge-triggered flip-flop clocked by wclk)
Path Group: wclk
Path Type: max

Fanout         Cap        Slew       Delay        Time   Description
---------------------------------------------------------------------------------------------
                                  0.000000    0.000000   clock wclk (rise edge)
                                  0.000000    0.000000   clock source latency
     1    0.021811    0.000000    0.000000    0.000000 ^ wclk (in)
                                                         wclk (net)
                      0.002573    0.001286    0.001286 ^ clkbuf_0_wclk/A (sky130_fd_sc_hd__clkbuf_16)
    16    0.119684    0.103747    0.131486    0.132773 ^ clkbuf_0_wclk/X (sky130_fd_sc_hd__clkbuf_16)
                                                         clknet_0_wclk (net)
                      0.103842    0.002573    0.135346 ^ clkbuf_4_13_0_wclk/A (sky130_fd_sc_hd__clkbuf_8)
    10    0.035195    0.055923    0.122190    0.257536 ^ clkbuf_4_13_0_wclk/X (sky130_fd_sc_hd__clkbuf_8)
                                                         clknet_4_13_0_wclk (net)
                      0.055930    0.000634    0.258170 ^ _554_/CLK (sky130_fd_sc_hd__dfrtp_1)
     2    0.009435    0.049843    0.252974    0.511144 v _554_/Q (sky130_fd_sc_hd__dfrtp_1)
                                                         r_ptr_gray_sync[4] (net)
                      0.049843    0.000230    0.511373 v _291_/A (sky130_fd_sc_hd__xor2_1)
     3    0.012201    0.201777    0.195160    0.706533 ^ _291_/X (sky130_fd_sc_hd__xor2_1)
                                                         _171_ (net)
                      0.201778    0.000292    0.706824 ^ _292_/B (sky130_fd_sc_hd__xnor2_1)
     3    0.010990    0.195893    0.124805    0.831630 ^ _292_/Y (sky130_fd_sc_hd__xnor2_1)
                                                         _172_ (net)
                      0.195894    0.000367    0.831997 ^ _293_/B (sky130_fd_sc_hd__xnor2_1)
     1    0.004955    0.111870    0.090254    0.922251 ^ _293_/Y (sky130_fd_sc_hd__xnor2_1)
                                                         _173_ (net)
                      0.111870    0.000163    0.922415 ^ _297_/S (sky130_fd_sc_hd__mux2_1)
     2    0.007110    0.054715    0.211240    1.133655 v _297_/X (sky130_fd_sc_hd__mux2_1)
                                                         _177_ (net)
                      0.054715    0.000193    1.133847 v _329_/A1 (sky130_fd_sc_hd__a21boi_2)
     3    0.018258    0.172662    0.172309    1.306157 ^ _329_/Y (sky130_fd_sc_hd__a21boi_2)
                                                         _198_ (net)
                      0.172665    0.000618    1.306774 ^ max_cap23/A (sky130_fd_sc_hd__buf_8)
    20    0.119718    0.148566    0.163296    1.470070 ^ max_cap23/X (sky130_fd_sc_hd__buf_8)
                                                         net23 (net)
                      0.148609    0.002100    1.472170 ^ _453_/C (sky130_fd_sc_hd__and4bb_4)
     8    0.059475    0.160646    0.244072    1.716242 ^ _453_/X (sky130_fd_sc_hd__and4bb_4)
                                                         _245_ (net)
                      0.160795    0.002972    1.719214 ^ _461_/S (sky130_fd_sc_hd__mux2_1)
     1    0.002180    0.035625    0.187950    1.907164 v _461_/X (sky130_fd_sc_hd__mux2_1)
                                                         _079_ (net)
                      0.035625    0.000062    1.907226 v _623_/D (sky130_fd_sc_hd__dfxtp_1)
                                              1.907226   data arrival time

                                 10.000000   10.000000   clock wclk (rise edge)
                                  0.000000   10.000000   clock source latency
     1    0.021811    0.000000    0.000000   10.000000 ^ wclk (in)
                                                         wclk (net)
                      0.002573    0.001286   10.001287 ^ clkbuf_0_wclk/A (sky130_fd_sc_hd__clkbuf_16)
    16    0.119684    0.103747    0.131487   10.132773 ^ clkbuf_0_wclk/X (sky130_fd_sc_hd__clkbuf_16)
                                                         clknet_0_wclk (net)
                      0.103939    0.003623   10.136396 ^ clkbuf_4_3_0_wclk/A (sky130_fd_sc_hd__clkbuf_8)
    10    0.030341    0.050141    0.117939   10.254334 ^ clkbuf_4_3_0_wclk/X (sky130_fd_sc_hd__clkbuf_8)
                                                         clknet_4_3_0_wclk (net)
                      0.050146    0.000529   10.254864 ^ _623_/CLK (sky130_fd_sc_hd__dfxtp_1)
                                  0.000000   10.254864   clock reconvergence pessimism
                                 -0.069551   10.185313   library setup time
                                             10.185313   data required time
---------------------------------------------------------------------------------------------
                                             10.185313   data required time
                                             -1.907226   data arrival time
---------------------------------------------------------------------------------------------
                                              8.278088   slack (MET)


Startpoint: _554_ (rising edge-triggered flip-flop clocked by wclk)
Endpoint: _666_ (rising edge-triggered flip-flop clocked by wclk)
Path Group: wclk
Path Type: max

Fanout         Cap        Slew       Delay        Time   Description
---------------------------------------------------------------------------------------------
                                  0.000000    0.000000   clock wclk (rise edge)
                                  0.000000    0.000000   clock source latency
     1    0.021811    0.000000    0.000000    0.000000 ^ wclk (in)
                                                         wclk (net)
                      0.002573    0.001286    0.001286 ^ clkbuf_0_wclk/A (sky130_fd_sc_hd__clkbuf_16)
    16    0.119684    0.103747    0.131486    0.132773 ^ clkbuf_0_wclk/X (sky130_fd_sc_hd__clkbuf_16)
                                                         clknet_0_wclk (net)
                      0.103842    0.002573    0.135346 ^ clkbuf_4_13_0_wclk/A (sky130_fd_sc_hd__clkbuf_8)
    10    0.035195    0.055923    0.122190    0.257536 ^ clkbuf_4_13_0_wclk/X (sky130_fd_sc_hd__clkbuf_8)
                                                         clknet_4_13_0_wclk (net)
                      0.055930    0.000634    0.258170 ^ _554_/CLK (sky130_fd_sc_hd__dfrtp_1)
     2    0.009435    0.049843    0.252974    0.511144 v _554_/Q (sky130_fd_sc_hd__dfrtp_1)
                                                         r_ptr_gray_sync[4] (net)
                      0.049843    0.000230    0.511373 v _291_/A (sky130_fd_sc_hd__xor2_1)
     3    0.012201    0.201777    0.195160    0.706533 ^ _291_/X (sky130_fd_sc_hd__xor2_1)
                                                         _171_ (net)
                      0.201778    0.000292    0.706824 ^ _292_/B (sky130_fd_sc_hd__xnor2_1)
     3    0.010990    0.195893    0.124805    0.831630 ^ _292_/Y (sky130_fd_sc_hd__xnor2_1)
                                                         _172_ (net)
                      0.195894    0.000367    0.831997 ^ _293_/B (sky130_fd_sc_hd__xnor2_1)
     1    0.004955    0.111870    0.090254    0.922251 ^ _293_/Y (sky130_fd_sc_hd__xnor2_1)
                                                         _173_ (net)
                      0.111870    0.000163    0.922415 ^ _297_/S (sky130_fd_sc_hd__mux2_1)
     2    0.007110    0.054715    0.211240    1.133655 v _297_/X (sky130_fd_sc_hd__mux2_1)
                                                         _177_ (net)
                      0.054715    0.000193    1.133847 v _329_/A1 (sky130_fd_sc_hd__a21boi_2)
     3    0.018258    0.172662    0.172309    1.306157 ^ _329_/Y (sky130_fd_sc_hd__a21boi_2)
                                                         _198_ (net)
                      0.172665    0.000618    1.306774 ^ max_cap23/A (sky130_fd_sc_hd__buf_8)
    20    0.119718    0.148566    0.163296    1.470070 ^ max_cap23/X (sky130_fd_sc_hd__buf_8)
                                                         net23 (net)
                      0.148647    0.002863    1.472934 ^ _489_/C (sky130_fd_sc_hd__and4bb_4)
     8    0.053144    0.147241    0.232441    1.705374 ^ _489_/X (sky130_fd_sc_hd__and4bb_4)
                                                         _249_ (net)
                      0.147338    0.002021    1.707395 ^ _490_/S (sky130_fd_sc_hd__mux2_1)
     1    0.004022    0.043176    0.198839    1.906234 v _490_/X (sky130_fd_sc_hd__mux2_1)
                                                         _104_ (net)
                      0.043176    0.000140    1.906374 v _666_/D (sky130_fd_sc_hd__dfxtp_1)
                                              1.906374   data arrival time

                                 10.000000   10.000000   clock wclk (rise edge)
                                  0.000000   10.000000   clock source latency
     1    0.021811    0.000000    0.000000   10.000000 ^ wclk (in)
                                                         wclk (net)
                      0.002573    0.001286   10.001287 ^ clkbuf_0_wclk/A (sky130_fd_sc_hd__clkbuf_16)
    16    0.119684    0.103747    0.131487   10.132773 ^ clkbuf_0_wclk/X (sky130_fd_sc_hd__clkbuf_16)
                                                         clknet_0_wclk (net)
                      0.103845    0.002608   10.135381 ^ clkbuf_4_5_0_wclk/A (sky130_fd_sc_hd__clkbuf_8)
     8    0.033301    0.053662    0.120536   10.255918 ^ clkbuf_4_5_0_wclk/X (sky130_fd_sc_hd__clkbuf_8)
                                                         clknet_4_5_0_wclk (net)
                      0.053666    0.000525   10.256442 ^ _666_/CLK (sky130_fd_sc_hd__dfxtp_1)
                                  0.000000   10.256442   clock reconvergence pessimism
                                 -0.071906   10.184536   library setup time
                                             10.184536   data required time
---------------------------------------------------------------------------------------------
                                             10.184536   data required time
                                             -1.906374   data arrival time
---------------------------------------------------------------------------------------------
                                              8.278161   slack (MET)


Startpoint: _554_ (rising edge-triggered flip-flop clocked by wclk)
Endpoint: _690_ (rising edge-triggered flip-flop clocked by wclk)
Path Group: wclk
Path Type: max

Fanout         Cap        Slew       Delay        Time   Description
---------------------------------------------------------------------------------------------
                                  0.000000    0.000000   clock wclk (rise edge)
                                  0.000000    0.000000   clock source latency
     1    0.021811    0.000000    0.000000    0.000000 ^ wclk (in)
                                                         wclk (net)
                      0.002573    0.001286    0.001286 ^ clkbuf_0_wclk/A (sky130_fd_sc_hd__clkbuf_16)
    16    0.119684    0.103747    0.131486    0.132773 ^ clkbuf_0_wclk/X (sky130_fd_sc_hd__clkbuf_16)
                                                         clknet_0_wclk (net)
                      0.103842    0.002573    0.135346 ^ clkbuf_4_13_0_wclk/A (sky130_fd_sc_hd__clkbuf_8)
    10    0.035195    0.055923    0.122190    0.257536 ^ clkbuf_4_13_0_wclk/X (sky130_fd_sc_hd__clkbuf_8)
                                                         clknet_4_13_0_wclk (net)
                      0.055930    0.000634    0.258170 ^ _554_/CLK (sky130_fd_sc_hd__dfrtp_1)
     2    0.009435    0.049843    0.252974    0.511144 v _554_/Q (sky130_fd_sc_hd__dfrtp_1)
                                                         r_ptr_gray_sync[4] (net)
                      0.049843    0.000230    0.511373 v _291_/A (sky130_fd_sc_hd__xor2_1)
     3    0.012201    0.201777    0.195160    0.706533 ^ _291_/X (sky130_fd_sc_hd__xor2_1)
                                                         _171_ (net)
                      0.201778    0.000292    0.706824 ^ _292_/B (sky130_fd_sc_hd__xnor2_1)
     3    0.010990    0.195893    0.124805    0.831630 ^ _292_/Y (sky130_fd_sc_hd__xnor2_1)
                                                         _172_ (net)
                      0.195894    0.000367    0.831997 ^ _293_/B (sky130_fd_sc_hd__xnor2_1)
     1    0.004955    0.111870    0.090254    0.922251 ^ _293_/Y (sky130_fd_sc_hd__xnor2_1)
                                                         _173_ (net)
                      0.111870    0.000163    0.922415 ^ _297_/S (sky130_fd_sc_hd__mux2_1)
     2    0.007110    0.054715    0.211240    1.133655 v _297_/X (sky130_fd_sc_hd__mux2_1)
                                                         _177_ (net)
                      0.054715    0.000193    1.133847 v _329_/A1 (sky130_fd_sc_hd__a21boi_2)
     3    0.018258    0.172662    0.172309    1.306157 ^ _329_/Y (sky130_fd_sc_hd__a21boi_2)
                                                         _198_ (net)
                      0.172665    0.000618    1.306774 ^ max_cap23/A (sky130_fd_sc_hd__buf_8)
    20    0.119718    0.148566    0.163296    1.470070 ^ max_cap23/X (sky130_fd_sc_hd__buf_8)
                                                         net23 (net)
                      0.148685    0.003457    1.473527 ^ _515_/C (sky130_fd_sc_hd__and4b_4)
     8    0.058642    0.158822    0.244700    1.718227 ^ _515_/X (sky130_fd_sc_hd__and4b_4)
                                                         _251_ (net)
                      0.158982    0.003128    1.721355 ^ _516_/S (sky130_fd_sc_hd__mux2_1)
     1    0.002144    0.035497    0.187713    1.909067 v _516_/X (sky130_fd_sc_hd__mux2_1)
                                                         _128_ (net)
                      0.035497    0.000060    1.909128 v _690_/D (sky130_fd_sc_hd__dfxtp_1)
                                              1.909128   data arrival time

                                 10.000000   10.000000   clock wclk (rise edge)
                                  0.000000   10.000000   clock source latency
     1    0.021811    0.000000    0.000000   10.000000 ^ wclk (in)
                                                         wclk (net)
                      0.002573    0.001286   10.001287 ^ clkbuf_0_wclk/A (sky130_fd_sc_hd__clkbuf_16)
    16    0.119684    0.103747    0.131487   10.132773 ^ clkbuf_0_wclk/X (sky130_fd_sc_hd__clkbuf_16)
                                                         clknet_0_wclk (net)
                      0.103845    0.002608   10.135381 ^ clkbuf_4_5_0_wclk/A (sky130_fd_sc_hd__clkbuf_8)
     8    0.033301    0.053662    0.120536   10.255918 ^ clkbuf_4_5_0_wclk/X (sky130_fd_sc_hd__clkbuf_8)
                                                         clknet_4_5_0_wclk (net)
                      0.053673    0.000763   10.256680 ^ _690_/CLK (sky130_fd_sc_hd__dfxtp_1)
                                  0.000000   10.256680   clock reconvergence pessimism
                                 -0.069165   10.187515   library setup time
                                             10.187515   data required time
---------------------------------------------------------------------------------------------
                                             10.187515   data required time
                                             -1.909128   data arrival time
---------------------------------------------------------------------------------------------
                                              8.278388   slack (MET)


Startpoint: _554_ (rising edge-triggered flip-flop clocked by wclk)
Endpoint: _697_ (rising edge-triggered flip-flop clocked by wclk)
Path Group: wclk
Path Type: max

Fanout         Cap        Slew       Delay        Time   Description
---------------------------------------------------------------------------------------------
                                  0.000000    0.000000   clock wclk (rise edge)
                                  0.000000    0.000000   clock source latency
     1    0.021811    0.000000    0.000000    0.000000 ^ wclk (in)
                                                         wclk (net)
                      0.002573    0.001286    0.001286 ^ clkbuf_0_wclk/A (sky130_fd_sc_hd__clkbuf_16)
    16    0.119684    0.103747    0.131486    0.132773 ^ clkbuf_0_wclk/X (sky130_fd_sc_hd__clkbuf_16)
                                                         clknet_0_wclk (net)
                      0.103842    0.002573    0.135346 ^ clkbuf_4_13_0_wclk/A (sky130_fd_sc_hd__clkbuf_8)
    10    0.035195    0.055923    0.122190    0.257536 ^ clkbuf_4_13_0_wclk/X (sky130_fd_sc_hd__clkbuf_8)
                                                         clknet_4_13_0_wclk (net)
                      0.055930    0.000634    0.258170 ^ _554_/CLK (sky130_fd_sc_hd__dfrtp_1)
     2    0.009435    0.049843    0.252974    0.511144 v _554_/Q (sky130_fd_sc_hd__dfrtp_1)
                                                         r_ptr_gray_sync[4] (net)
                      0.049843    0.000230    0.511373 v _291_/A (sky130_fd_sc_hd__xor2_1)
     3    0.012201    0.201777    0.195160    0.706533 ^ _291_/X (sky130_fd_sc_hd__xor2_1)
                                                         _171_ (net)
                      0.201778    0.000292    0.706824 ^ _292_/B (sky130_fd_sc_hd__xnor2_1)
     3    0.010990    0.195893    0.124805    0.831630 ^ _292_/Y (sky130_fd_sc_hd__xnor2_1)
                                                         _172_ (net)
                      0.195894    0.000367    0.831997 ^ _293_/B (sky130_fd_sc_hd__xnor2_1)
     1    0.004955    0.111870    0.090254    0.922251 ^ _293_/Y (sky130_fd_sc_hd__xnor2_1)
                                                         _173_ (net)
                      0.111870    0.000163    0.922415 ^ _297_/S (sky130_fd_sc_hd__mux2_1)
     2    0.007110    0.054715    0.211240    1.133655 v _297_/X (sky130_fd_sc_hd__mux2_1)
                                                         _177_ (net)
                      0.054715    0.000193    1.133847 v _329_/A1 (sky130_fd_sc_hd__a21boi_2)
     3    0.018258    0.172662    0.172309    1.306157 ^ _329_/Y (sky130_fd_sc_hd__a21boi_2)
                                                         _198_ (net)
                      0.172665    0.000618    1.306774 ^ max_cap23/A (sky130_fd_sc_hd__buf_8)
    20    0.119718    0.148566    0.163296    1.470070 ^ max_cap23/X (sky130_fd_sc_hd__buf_8)
                                                         net23 (net)
                      0.148685    0.003457    1.473527 ^ _515_/C (sky130_fd_sc_hd__and4b_4)
     8    0.058642    0.158822    0.244700    1.718227 ^ _515_/X (sky130_fd_sc_hd__and4b_4)
                                                         _251_ (net)
                      0.158952    0.002606    1.720833 ^ _523_/S (sky130_fd_sc_hd__mux2_1)
     1    0.002599    0.037184    0.190503    1.911335 v _523_/X (sky130_fd_sc_hd__mux2_1)
                                                         _135_ (net)
                      0.037184    0.000077    1.911412 v _697_/D (sky130_fd_sc_hd__dfxtp_1)
                                              1.911412   data arrival time

                                 10.000000   10.000000   clock wclk (rise edge)
                                  0.000000   10.000000   clock source latency
     1    0.021811    0.000000    0.000000   10.000000 ^ wclk (in)
                                                         wclk (net)
                      0.002573    0.001286   10.001287 ^ clkbuf_0_wclk/A (sky130_fd_sc_hd__clkbuf_16)
    16    0.119684    0.103747    0.131487   10.132773 ^ clkbuf_0_wclk/X (sky130_fd_sc_hd__clkbuf_16)
                                                         clknet_0_wclk (net)
                      0.103937    0.003606   10.136379 ^ clkbuf_4_2_0_wclk/A (sky130_fd_sc_hd__clkbuf_8)
    12    0.036035    0.056886    0.122682   10.259062 ^ clkbuf_4_2_0_wclk/X (sky130_fd_sc_hd__clkbuf_8)
                                                         clknet_4_2_0_wclk (net)
                      0.056886    0.000374   10.259436 ^ _697_/CLK (sky130_fd_sc_hd__dfxtp_1)
                                  0.000000   10.259436   clock reconvergence pessimism
                                 -0.069458   10.189977   library setup time
                                             10.189977   data required time
---------------------------------------------------------------------------------------------
                                             10.189977   data required time
                                             -1.911412   data arrival time
---------------------------------------------------------------------------------------------
                                              8.278565   slack (MET)


Startpoint: _554_ (rising edge-triggered flip-flop clocked by wclk)
Endpoint: _615_ (rising edge-triggered flip-flop clocked by wclk)
Path Group: wclk
Path Type: max

Fanout         Cap        Slew       Delay        Time   Description
---------------------------------------------------------------------------------------------
                                  0.000000    0.000000   clock wclk (rise edge)
                                  0.000000    0.000000   clock source latency
     1    0.021811    0.000000    0.000000    0.000000 ^ wclk (in)
                                                         wclk (net)
                      0.002573    0.001286    0.001286 ^ clkbuf_0_wclk/A (sky130_fd_sc_hd__clkbuf_16)
    16    0.119684    0.103747    0.131486    0.132773 ^ clkbuf_0_wclk/X (sky130_fd_sc_hd__clkbuf_16)
                                                         clknet_0_wclk (net)
                      0.103842    0.002573    0.135346 ^ clkbuf_4_13_0_wclk/A (sky130_fd_sc_hd__clkbuf_8)
    10    0.035195    0.055923    0.122190    0.257536 ^ clkbuf_4_13_0_wclk/X (sky130_fd_sc_hd__clkbuf_8)
                                                         clknet_4_13_0_wclk (net)
                      0.055930    0.000634    0.258170 ^ _554_/CLK (sky130_fd_sc_hd__dfrtp_1)
     2    0.009435    0.049843    0.252974    0.511144 v _554_/Q (sky130_fd_sc_hd__dfrtp_1)
                                                         r_ptr_gray_sync[4] (net)
                      0.049843    0.000230    0.511373 v _291_/A (sky130_fd_sc_hd__xor2_1)
     3    0.012201    0.201777    0.195160    0.706533 ^ _291_/X (sky130_fd_sc_hd__xor2_1)
                                                         _171_ (net)
                      0.201778    0.000292    0.706824 ^ _292_/B (sky130_fd_sc_hd__xnor2_1)
     3    0.010990    0.195893    0.124805    0.831630 ^ _292_/Y (sky130_fd_sc_hd__xnor2_1)
                                                         _172_ (net)
                      0.195894    0.000367    0.831997 ^ _293_/B (sky130_fd_sc_hd__xnor2_1)
     1    0.004955    0.111870    0.090254    0.922251 ^ _293_/Y (sky130_fd_sc_hd__xnor2_1)
                                                         _173_ (net)
                      0.111870    0.000163    0.922415 ^ _297_/S (sky130_fd_sc_hd__mux2_1)
     2    0.007110    0.054715    0.211240    1.133655 v _297_/X (sky130_fd_sc_hd__mux2_1)
                                                         _177_ (net)
                      0.054715    0.000193    1.133847 v _329_/A1 (sky130_fd_sc_hd__a21boi_2)
     3    0.018258    0.172662    0.172309    1.306157 ^ _329_/Y (sky130_fd_sc_hd__a21boi_2)
                                                         _198_ (net)
                      0.172665    0.000618    1.306774 ^ max_cap23/A (sky130_fd_sc_hd__buf_8)
    20    0.119718    0.148566    0.163296    1.470070 ^ max_cap23/X (sky130_fd_sc_hd__buf_8)
                                                         net23 (net)
                      0.148717    0.003884    1.473954 ^ _443_/C (sky130_fd_sc_hd__and4bb_4)
     8    0.059752    0.161404    0.244359    1.718313 ^ _443_/X (sky130_fd_sc_hd__and4bb_4)
                                                         _243_ (net)
                      0.161565    0.003183    1.721496 ^ _451_/S (sky130_fd_sc_hd__mux2_1)
     1    0.002420    0.036516    0.189436    1.910932 v _451_/X (sky130_fd_sc_hd__mux2_1)
                                                         _071_ (net)
                      0.036516    0.000070    1.911002 v _615_/D (sky130_fd_sc_hd__dfxtp_1)
                                              1.911002   data arrival time

                                 10.000000   10.000000   clock wclk (rise edge)
                                  0.000000   10.000000   clock source latency
     1    0.021811    0.000000    0.000000   10.000000 ^ wclk (in)
                                                         wclk (net)
                      0.002573    0.001286   10.001287 ^ clkbuf_0_wclk/A (sky130_fd_sc_hd__clkbuf_16)
    16    0.119684    0.103747    0.131487   10.132773 ^ clkbuf_0_wclk/X (sky130_fd_sc_hd__clkbuf_16)
                                                         clknet_0_wclk (net)
                      0.103934    0.003577   10.136350 ^ clkbuf_4_10_0_wclk/A (sky130_fd_sc_hd__clkbuf_8)
    12    0.035330    0.056067    0.122203   10.258553 ^ clkbuf_4_10_0_wclk/X (sky130_fd_sc_hd__clkbuf_8)
                                                         clknet_4_10_0_wclk (net)
                      0.056074    0.000687   10.259240 ^ _615_/CLK (sky130_fd_sc_hd__dfxtp_1)
                                  0.000000   10.259240   clock reconvergence pessimism
                                 -0.069298   10.189942   library setup time
                                             10.189942   data required time
---------------------------------------------------------------------------------------------
                                             10.189942   data required time
                                             -1.911002   data arrival time
---------------------------------------------------------------------------------------------
                                              8.278940   slack (MET)


Startpoint: _554_ (rising edge-triggered flip-flop clocked by wclk)
Endpoint: _611_ (rising edge-triggered flip-flop clocked by wclk)
Path Group: wclk
Path Type: max

Fanout         Cap        Slew       Delay        Time   Description
---------------------------------------------------------------------------------------------
                                  0.000000    0.000000   clock wclk (rise edge)
                                  0.000000    0.000000   clock source latency
     1    0.021811    0.000000    0.000000    0.000000 ^ wclk (in)
                                                         wclk (net)
                      0.002573    0.001286    0.001286 ^ clkbuf_0_wclk/A (sky130_fd_sc_hd__clkbuf_16)
    16    0.119684    0.103747    0.131486    0.132773 ^ clkbuf_0_wclk/X (sky130_fd_sc_hd__clkbuf_16)
                                                         clknet_0_wclk (net)
                      0.103842    0.002573    0.135346 ^ clkbuf_4_13_0_wclk/A (sky130_fd_sc_hd__clkbuf_8)
    10    0.035195    0.055923    0.122190    0.257536 ^ clkbuf_4_13_0_wclk/X (sky130_fd_sc_hd__clkbuf_8)
                                                         clknet_4_13_0_wclk (net)
                      0.055930    0.000634    0.258170 ^ _554_/CLK (sky130_fd_sc_hd__dfrtp_1)
     2    0.009435    0.049843    0.252974    0.511144 v _554_/Q (sky130_fd_sc_hd__dfrtp_1)
                                                         r_ptr_gray_sync[4] (net)
                      0.049843    0.000230    0.511373 v _291_/A (sky130_fd_sc_hd__xor2_1)
     3    0.012201    0.201777    0.195160    0.706533 ^ _291_/X (sky130_fd_sc_hd__xor2_1)
                                                         _171_ (net)
                      0.201778    0.000292    0.706824 ^ _292_/B (sky130_fd_sc_hd__xnor2_1)
     3    0.010990    0.195893    0.124805    0.831630 ^ _292_/Y (sky130_fd_sc_hd__xnor2_1)
                                                         _172_ (net)
                      0.195894    0.000367    0.831997 ^ _293_/B (sky130_fd_sc_hd__xnor2_1)
     1    0.004955    0.111870    0.090254    0.922251 ^ _293_/Y (sky130_fd_sc_hd__xnor2_1)
                                                         _173_ (net)
                      0.111870    0.000163    0.922415 ^ _297_/S (sky130_fd_sc_hd__mux2_1)
     2    0.007110    0.054715    0.211240    1.133655 v _297_/X (sky130_fd_sc_hd__mux2_1)
                                                         _177_ (net)
                      0.054715    0.000193    1.133847 v _329_/A1 (sky130_fd_sc_hd__a21boi_2)
     3    0.018258    0.172662    0.172309    1.306157 ^ _329_/Y (sky130_fd_sc_hd__a21boi_2)
                                                         _198_ (net)
                      0.172665    0.000618    1.306774 ^ max_cap23/A (sky130_fd_sc_hd__buf_8)
    20    0.119718    0.148566    0.163296    1.470070 ^ max_cap23/X (sky130_fd_sc_hd__buf_8)
                                                         net23 (net)
                      0.148717    0.003884    1.473954 ^ _443_/C (sky130_fd_sc_hd__and4bb_4)
     8    0.059752    0.161404    0.244359    1.718313 ^ _443_/X (sky130_fd_sc_hd__and4bb_4)
                                                         _243_ (net)
                      0.161540    0.002741    1.721054 ^ _447_/S (sky130_fd_sc_hd__mux2_1)
     1    0.002295    0.036016    0.188676    1.909729 v _447_/X (sky130_fd_sc_hd__mux2_1)
                                                         _067_ (net)
                      0.036016    0.000045    1.909775 v _611_/D (sky130_fd_sc_hd__dfxtp_1)
                                              1.909775   data arrival time

                                 10.000000   10.000000   clock wclk (rise edge)
                                  0.000000   10.000000   clock source latency
     1    0.021811    0.000000    0.000000   10.000000 ^ wclk (in)
                                                         wclk (net)
                      0.002573    0.001286   10.001287 ^ clkbuf_0_wclk/A (sky130_fd_sc_hd__clkbuf_16)
    16    0.119684    0.103747    0.131487   10.132773 ^ clkbuf_0_wclk/X (sky130_fd_sc_hd__clkbuf_16)
                                                         clknet_0_wclk (net)
                      0.103884    0.003075   10.135848 ^ clkbuf_4_14_0_wclk/A (sky130_fd_sc_hd__clkbuf_8)
     9    0.034233    0.054760    0.121259   10.257108 ^ clkbuf_4_14_0_wclk/X (sky130_fd_sc_hd__clkbuf_8)
                                                         clknet_4_14_0_wclk (net)
                      0.054778    0.000927   10.258035 ^ _611_/CLK (sky130_fd_sc_hd__dfxtp_1)
                                  0.000000   10.258035   clock reconvergence pessimism
                                 -0.069244   10.188790   library setup time
                                             10.188790   data required time
---------------------------------------------------------------------------------------------
                                             10.188790   data required time
                                             -1.909775   data arrival time
---------------------------------------------------------------------------------------------
                                              8.279016   slack (MET)


Startpoint: _554_ (rising edge-triggered flip-flop clocked by wclk)
Endpoint: _619_ (rising edge-triggered flip-flop clocked by wclk)
Path Group: wclk
Path Type: max

Fanout         Cap        Slew       Delay        Time   Description
---------------------------------------------------------------------------------------------
                                  0.000000    0.000000   clock wclk (rise edge)
                                  0.000000    0.000000   clock source latency
     1    0.021811    0.000000    0.000000    0.000000 ^ wclk (in)
                                                         wclk (net)
                      0.002573    0.001286    0.001286 ^ clkbuf_0_wclk/A (sky130_fd_sc_hd__clkbuf_16)
    16    0.119684    0.103747    0.131486    0.132773 ^ clkbuf_0_wclk/X (sky130_fd_sc_hd__clkbuf_16)
                                                         clknet_0_wclk (net)
                      0.103842    0.002573    0.135346 ^ clkbuf_4_13_0_wclk/A (sky130_fd_sc_hd__clkbuf_8)
    10    0.035195    0.055923    0.122190    0.257536 ^ clkbuf_4_13_0_wclk/X (sky130_fd_sc_hd__clkbuf_8)
                                                         clknet_4_13_0_wclk (net)
                      0.055930    0.000634    0.258170 ^ _554_/CLK (sky130_fd_sc_hd__dfrtp_1)
     2    0.009435    0.049843    0.252974    0.511144 v _554_/Q (sky130_fd_sc_hd__dfrtp_1)
                                                         r_ptr_gray_sync[4] (net)
                      0.049843    0.000230    0.511373 v _291_/A (sky130_fd_sc_hd__xor2_1)
     3    0.012201    0.201777    0.195160    0.706533 ^ _291_/X (sky130_fd_sc_hd__xor2_1)
                                                         _171_ (net)
                      0.201778    0.000292    0.706824 ^ _292_/B (sky130_fd_sc_hd__xnor2_1)
     3    0.010990    0.195893    0.124805    0.831630 ^ _292_/Y (sky130_fd_sc_hd__xnor2_1)
                                                         _172_ (net)
                      0.195894    0.000367    0.831997 ^ _293_/B (sky130_fd_sc_hd__xnor2_1)
     1    0.004955    0.111870    0.090254    0.922251 ^ _293_/Y (sky130_fd_sc_hd__xnor2_1)
                                                         _173_ (net)
                      0.111870    0.000163    0.922415 ^ _297_/S (sky130_fd_sc_hd__mux2_1)
     2    0.007110    0.054715    0.211240    1.133655 v _297_/X (sky130_fd_sc_hd__mux2_1)
                                                         _177_ (net)
                      0.054715    0.000193    1.133847 v _329_/A1 (sky130_fd_sc_hd__a21boi_2)
     3    0.018258    0.172662    0.172309    1.306157 ^ _329_/Y (sky130_fd_sc_hd__a21boi_2)
                                                         _198_ (net)
                      0.172665    0.000618    1.306774 ^ max_cap23/A (sky130_fd_sc_hd__buf_8)
    20    0.119718    0.148566    0.163296    1.470070 ^ max_cap23/X (sky130_fd_sc_hd__buf_8)
                                                         net23 (net)
                      0.148609    0.002100    1.472170 ^ _453_/C (sky130_fd_sc_hd__and4bb_4)
     8    0.059475    0.160646    0.244072    1.716242 ^ _453_/X (sky130_fd_sc_hd__and4bb_4)
                                                         _245_ (net)
                      0.160660    0.001659    1.717901 ^ _457_/S (sky130_fd_sc_hd__mux2_1)
     1    0.002397    0.036433    0.189286    1.907187 v _457_/X (sky130_fd_sc_hd__mux2_1)
                                                         _075_ (net)
                      0.036433    0.000068    1.907255 v _619_/D (sky130_fd_sc_hd__dfxtp_1)
                                              1.907255   data arrival time

                                 10.000000   10.000000   clock wclk (rise edge)
                                  0.000000   10.000000   clock source latency
     1    0.021811    0.000000    0.000000   10.000000 ^ wclk (in)
                                                         wclk (net)
                      0.002573    0.001286   10.001287 ^ clkbuf_0_wclk/A (sky130_fd_sc_hd__clkbuf_16)
    16    0.119684    0.103747    0.131487   10.132773 ^ clkbuf_0_wclk/X (sky130_fd_sc_hd__clkbuf_16)
                                                         clknet_0_wclk (net)
                      0.103831    0.002413   10.135186 ^ clkbuf_4_6_0_wclk/A (sky130_fd_sc_hd__clkbuf_8)
     8    0.033994    0.054491    0.121156   10.256342 ^ clkbuf_4_6_0_wclk/X (sky130_fd_sc_hd__clkbuf_8)
                                                         clknet_4_6_0_wclk (net)
                      0.054502    0.000732   10.257073 ^ _619_/CLK (sky130_fd_sc_hd__dfxtp_1)
                                  0.000000   10.257073   clock reconvergence pessimism
                                 -0.069420   10.187654   library setup time
                                             10.187654   data required time
---------------------------------------------------------------------------------------------
                                             10.187654   data required time
                                             -1.907255   data arrival time
---------------------------------------------------------------------------------------------
                                              8.280398   slack (MET)


Startpoint: _554_ (rising edge-triggered flip-flop clocked by wclk)
Endpoint: _621_ (rising edge-triggered flip-flop clocked by wclk)
Path Group: wclk
Path Type: max

Fanout         Cap        Slew       Delay        Time   Description
---------------------------------------------------------------------------------------------
                                  0.000000    0.000000   clock wclk (rise edge)
                                  0.000000    0.000000   clock source latency
     1    0.021811    0.000000    0.000000    0.000000 ^ wclk (in)
                                                         wclk (net)
                      0.002573    0.001286    0.001286 ^ clkbuf_0_wclk/A (sky130_fd_sc_hd__clkbuf_16)
    16    0.119684    0.103747    0.131486    0.132773 ^ clkbuf_0_wclk/X (sky130_fd_sc_hd__clkbuf_16)
                                                         clknet_0_wclk (net)
                      0.103842    0.002573    0.135346 ^ clkbuf_4_13_0_wclk/A (sky130_fd_sc_hd__clkbuf_8)
    10    0.035195    0.055923    0.122190    0.257536 ^ clkbuf_4_13_0_wclk/X (sky130_fd_sc_hd__clkbuf_8)
                                                         clknet_4_13_0_wclk (net)
                      0.055930    0.000634    0.258170 ^ _554_/CLK (sky130_fd_sc_hd__dfrtp_1)
     2    0.009435    0.049843    0.252974    0.511144 v _554_/Q (sky130_fd_sc_hd__dfrtp_1)
                                                         r_ptr_gray_sync[4] (net)
                      0.049843    0.000230    0.511373 v _291_/A (sky130_fd_sc_hd__xor2_1)
     3    0.012201    0.201777    0.195160    0.706533 ^ _291_/X (sky130_fd_sc_hd__xor2_1)
                                                         _171_ (net)
                      0.201778    0.000292    0.706824 ^ _292_/B (sky130_fd_sc_hd__xnor2_1)
     3    0.010990    0.195893    0.124805    0.831630 ^ _292_/Y (sky130_fd_sc_hd__xnor2_1)
                                                         _172_ (net)
                      0.195894    0.000367    0.831997 ^ _293_/B (sky130_fd_sc_hd__xnor2_1)
     1    0.004955    0.111870    0.090254    0.922251 ^ _293_/Y (sky130_fd_sc_hd__xnor2_1)
                                                         _173_ (net)
                      0.111870    0.000163    0.922415 ^ _297_/S (sky130_fd_sc_hd__mux2_1)
     2    0.007110    0.054715    0.211240    1.133655 v _297_/X (sky130_fd_sc_hd__mux2_1)
                                                         _177_ (net)
                      0.054715    0.000193    1.133847 v _329_/A1 (sky130_fd_sc_hd__a21boi_2)
     3    0.018258    0.172662    0.172309    1.306157 ^ _329_/Y (sky130_fd_sc_hd__a21boi_2)
                                                         _198_ (net)
                      0.172665    0.000618    1.306774 ^ max_cap23/A (sky130_fd_sc_hd__buf_8)
    20    0.119718    0.148566    0.163296    1.470070 ^ max_cap23/X (sky130_fd_sc_hd__buf_8)
                                                         net23 (net)
                      0.148609    0.002100    1.472170 ^ _453_/C (sky130_fd_sc_hd__and4bb_4)
     8    0.059475    0.160646    0.244072    1.716242 ^ _453_/X (sky130_fd_sc_hd__and4bb_4)
                                                         _245_ (net)
                      0.160776    0.002611    1.718853 ^ _459_/S (sky130_fd_sc_hd__mux2_1)
     1    0.002534    0.036941    0.190126    1.908979 v _459_/X (sky130_fd_sc_hd__mux2_1)
                                                         _077_ (net)
                      0.036941    0.000075    1.909054 v _621_/D (sky130_fd_sc_hd__dfxtp_1)
                                              1.909054   data arrival time

                                 10.000000   10.000000   clock wclk (rise edge)
                                  0.000000   10.000000   clock source latency
     1    0.021811    0.000000    0.000000   10.000000 ^ wclk (in)
                                                         wclk (net)
                      0.002573    0.001286   10.001287 ^ clkbuf_0_wclk/A (sky130_fd_sc_hd__clkbuf_16)
    16    0.119684    0.103747    0.131487   10.132773 ^ clkbuf_0_wclk/X (sky130_fd_sc_hd__clkbuf_16)
                                                         clknet_0_wclk (net)
                      0.103855    0.002739   10.135512 ^ clkbuf_4_4_0_wclk/A (sky130_fd_sc_hd__clkbuf_8)
    10    0.035535    0.056318    0.122395   10.257907 ^ clkbuf_4_4_0_wclk/X (sky130_fd_sc_hd__clkbuf_8)
                                                         clknet_4_4_0_wclk (net)
                      0.056339    0.001011   10.258918 ^ _621_/CLK (sky130_fd_sc_hd__dfxtp_1)
                                  0.000000   10.258918   clock reconvergence pessimism
                                 -0.069424   10.189494   library setup time
                                             10.189494   data required time
---------------------------------------------------------------------------------------------
                                             10.189494   data required time
                                             -1.909054   data arrival time
---------------------------------------------------------------------------------------------
                                              8.280440   slack (MET)


Startpoint: _554_ (rising edge-triggered flip-flop clocked by wclk)
Endpoint: _695_ (rising edge-triggered flip-flop clocked by wclk)
Path Group: wclk
Path Type: max

Fanout         Cap        Slew       Delay        Time   Description
---------------------------------------------------------------------------------------------
                                  0.000000    0.000000   clock wclk (rise edge)
                                  0.000000    0.000000   clock source latency
     1    0.021811    0.000000    0.000000    0.000000 ^ wclk (in)
                                                         wclk (net)
                      0.002573    0.001286    0.001286 ^ clkbuf_0_wclk/A (sky130_fd_sc_hd__clkbuf_16)
    16    0.119684    0.103747    0.131486    0.132773 ^ clkbuf_0_wclk/X (sky130_fd_sc_hd__clkbuf_16)
                                                         clknet_0_wclk (net)
                      0.103842    0.002573    0.135346 ^ clkbuf_4_13_0_wclk/A (sky130_fd_sc_hd__clkbuf_8)
    10    0.035195    0.055923    0.122190    0.257536 ^ clkbuf_4_13_0_wclk/X (sky130_fd_sc_hd__clkbuf_8)
                                                         clknet_4_13_0_wclk (net)
                      0.055930    0.000634    0.258170 ^ _554_/CLK (sky130_fd_sc_hd__dfrtp_1)
     2    0.009435    0.049843    0.252974    0.511144 v _554_/Q (sky130_fd_sc_hd__dfrtp_1)
                                                         r_ptr_gray_sync[4] (net)
                      0.049843    0.000230    0.511373 v _291_/A (sky130_fd_sc_hd__xor2_1)
     3    0.012201    0.201777    0.195160    0.706533 ^ _291_/X (sky130_fd_sc_hd__xor2_1)
                                                         _171_ (net)
                      0.201778    0.000292    0.706824 ^ _292_/B (sky130_fd_sc_hd__xnor2_1)
     3    0.010990    0.195893    0.124805    0.831630 ^ _292_/Y (sky130_fd_sc_hd__xnor2_1)
                                                         _172_ (net)
                      0.195894    0.000367    0.831997 ^ _293_/B (sky130_fd_sc_hd__xnor2_1)
     1    0.004955    0.111870    0.090254    0.922251 ^ _293_/Y (sky130_fd_sc_hd__xnor2_1)
                                                         _173_ (net)
                      0.111870    0.000163    0.922415 ^ _297_/S (sky130_fd_sc_hd__mux2_1)
     2    0.007110    0.054715    0.211240    1.133655 v _297_/X (sky130_fd_sc_hd__mux2_1)
                                                         _177_ (net)
                      0.054715    0.000193    1.133847 v _329_/A1 (sky130_fd_sc_hd__a21boi_2)
     3    0.018258    0.172662    0.172309    1.306157 ^ _329_/Y (sky130_fd_sc_hd__a21boi_2)
                                                         _198_ (net)
                      0.172665    0.000618    1.306774 ^ max_cap23/A (sky130_fd_sc_hd__buf_8)
    20    0.119718    0.148566    0.163296    1.470070 ^ max_cap23/X (sky130_fd_sc_hd__buf_8)
                                                         net23 (net)
                      0.148685    0.003457    1.473527 ^ _515_/C (sky130_fd_sc_hd__and4b_4)
     8    0.058642    0.158822    0.244700    1.718227 ^ _515_/X (sky130_fd_sc_hd__and4b_4)
                                                         _251_ (net)
                      0.159003    0.003455    1.721682 ^ _521_/S (sky130_fd_sc_hd__mux2_1)
     1    0.002385    0.036391    0.189193    1.910876 v _521_/X (sky130_fd_sc_hd__mux2_1)
                                                         _133_ (net)
                      0.036391    0.000069    1.910945 v _695_/D (sky130_fd_sc_hd__dfxtp_1)
                                              1.910945   data arrival time

                                 10.000000   10.000000   clock wclk (rise edge)
                                  0.000000   10.000000   clock source latency
     1    0.021811    0.000000    0.000000   10.000000 ^ wclk (in)
                                                         wclk (net)
                      0.002573    0.001286   10.001287 ^ clkbuf_0_wclk/A (sky130_fd_sc_hd__clkbuf_16)
    16    0.119684    0.103747    0.131487   10.132773 ^ clkbuf_0_wclk/X (sky130_fd_sc_hd__clkbuf_16)
                                                         clknet_0_wclk (net)
                      0.103990    0.004063   10.136836 ^ clkbuf_4_1_0_wclk/A (sky130_fd_sc_hd__clkbuf_8)
    11    0.036799    0.057855    0.123721   10.260557 ^ clkbuf_4_1_0_wclk/X (sky130_fd_sc_hd__clkbuf_8)
                                                         clknet_4_1_0_wclk (net)
                      0.057864    0.000707   10.261264 ^ _695_/CLK (sky130_fd_sc_hd__dfxtp_1)
                                  0.000000   10.261264   clock reconvergence pessimism
                                 -0.069081   10.192183   library setup time
                                             10.192183   data required time
---------------------------------------------------------------------------------------------
                                             10.192183   data required time
                                             -1.910945   data arrival time
---------------------------------------------------------------------------------------------
                                              8.281240   slack (MET)


Startpoint: _554_ (rising edge-triggered flip-flop clocked by wclk)
Endpoint: _595_ (rising edge-triggered flip-flop clocked by wclk)
Path Group: wclk
Path Type: max

Fanout         Cap        Slew       Delay        Time   Description
---------------------------------------------------------------------------------------------
                                  0.000000    0.000000   clock wclk (rise edge)
                                  0.000000    0.000000   clock source latency
     1    0.021811    0.000000    0.000000    0.000000 ^ wclk (in)
                                                         wclk (net)
                      0.002573    0.001286    0.001286 ^ clkbuf_0_wclk/A (sky130_fd_sc_hd__clkbuf_16)
    16    0.119684    0.103747    0.131486    0.132773 ^ clkbuf_0_wclk/X (sky130_fd_sc_hd__clkbuf_16)
                                                         clknet_0_wclk (net)
                      0.103842    0.002573    0.135346 ^ clkbuf_4_13_0_wclk/A (sky130_fd_sc_hd__clkbuf_8)
    10    0.035195    0.055923    0.122190    0.257536 ^ clkbuf_4_13_0_wclk/X (sky130_fd_sc_hd__clkbuf_8)
                                                         clknet_4_13_0_wclk (net)
                      0.055930    0.000634    0.258170 ^ _554_/CLK (sky130_fd_sc_hd__dfrtp_1)
     2    0.009435    0.049843    0.252974    0.511144 v _554_/Q (sky130_fd_sc_hd__dfrtp_1)
                                                         r_ptr_gray_sync[4] (net)
                      0.049843    0.000230    0.511373 v _291_/A (sky130_fd_sc_hd__xor2_1)
     3    0.012201    0.201777    0.195160    0.706533 ^ _291_/X (sky130_fd_sc_hd__xor2_1)
                                                         _171_ (net)
                      0.201778    0.000292    0.706824 ^ _292_/B (sky130_fd_sc_hd__xnor2_1)
     3    0.010990    0.195893    0.124805    0.831630 ^ _292_/Y (sky130_fd_sc_hd__xnor2_1)
                                                         _172_ (net)
                      0.195894    0.000367    0.831997 ^ _293_/B (sky130_fd_sc_hd__xnor2_1)
     1    0.004955    0.111870    0.090254    0.922251 ^ _293_/Y (sky130_fd_sc_hd__xnor2_1)
                                                         _173_ (net)
                      0.111870    0.000163    0.922415 ^ _297_/S (sky130_fd_sc_hd__mux2_1)
     2    0.007110    0.054715    0.211240    1.133655 v _297_/X (sky130_fd_sc_hd__mux2_1)
                                                         _177_ (net)
                      0.054715    0.000193    1.133847 v _329_/A1 (sky130_fd_sc_hd__a21boi_2)
     3    0.018258    0.172662    0.172309    1.306157 ^ _329_/Y (sky130_fd_sc_hd__a21boi_2)
                                                         _198_ (net)
                      0.172665    0.000618    1.306774 ^ max_cap23/A (sky130_fd_sc_hd__buf_8)
    20    0.119718    0.148566    0.163296    1.470070 ^ max_cap23/X (sky130_fd_sc_hd__buf_8)
                                                         net23 (net)
                      0.148722    0.003942    1.474012 ^ _424_/C (sky130_fd_sc_hd__and4b_4)
     8    0.055979    0.153585    0.239889    1.713901 ^ _424_/X (sky130_fd_sc_hd__and4b_4)
                                                         _240_ (net)
                      0.153756    0.003305    1.717206 ^ _428_/S (sky130_fd_sc_hd__mux2_1)
     1    0.002594    0.037173    0.190413    1.907619 v _428_/X (sky130_fd_sc_hd__mux2_1)
                                                         _051_ (net)
                      0.037173    0.000077    1.907696 v _595_/D (sky130_fd_sc_hd__dfxtp_1)
                                              1.907696   data arrival time

                                 10.000000   10.000000   clock wclk (rise edge)
                                  0.000000   10.000000   clock source latency
     1    0.021811    0.000000    0.000000   10.000000 ^ wclk (in)
                                                         wclk (net)
                      0.002573    0.001286   10.001287 ^ clkbuf_0_wclk/A (sky130_fd_sc_hd__clkbuf_16)
    16    0.119684    0.103747    0.131487   10.132773 ^ clkbuf_0_wclk/X (sky130_fd_sc_hd__clkbuf_16)
                                                         clknet_0_wclk (net)
                      0.103920    0.003438   10.136211 ^ clkbuf_4_11_0_wclk/A (sky130_fd_sc_hd__clkbuf_8)
    11    0.035993    0.056877    0.122907   10.259118 ^ clkbuf_4_11_0_wclk/X (sky130_fd_sc_hd__clkbuf_8)
                                                         clknet_4_11_0_wclk (net)
                      0.056887    0.000755   10.259873 ^ _595_/CLK (sky130_fd_sc_hd__dfxtp_1)
                                  0.000000   10.259873   clock reconvergence pessimism
                                 -0.069454   10.190419   library setup time
                                             10.190419   data required time
---------------------------------------------------------------------------------------------
                                             10.190419   data required time
                                             -1.907696   data arrival time
---------------------------------------------------------------------------------------------
                                              8.282723   slack (MET)


Startpoint: _554_ (rising edge-triggered flip-flop clocked by wclk)
Endpoint: _670_ (rising edge-triggered flip-flop clocked by wclk)
Path Group: wclk
Path Type: max

Fanout         Cap        Slew       Delay        Time   Description
---------------------------------------------------------------------------------------------
                                  0.000000    0.000000   clock wclk (rise edge)
                                  0.000000    0.000000   clock source latency
     1    0.021811    0.000000    0.000000    0.000000 ^ wclk (in)
                                                         wclk (net)
                      0.002573    0.001286    0.001286 ^ clkbuf_0_wclk/A (sky130_fd_sc_hd__clkbuf_16)
    16    0.119684    0.103747    0.131486    0.132773 ^ clkbuf_0_wclk/X (sky130_fd_sc_hd__clkbuf_16)
                                                         clknet_0_wclk (net)
                      0.103842    0.002573    0.135346 ^ clkbuf_4_13_0_wclk/A (sky130_fd_sc_hd__clkbuf_8)
    10    0.035195    0.055923    0.122190    0.257536 ^ clkbuf_4_13_0_wclk/X (sky130_fd_sc_hd__clkbuf_8)
                                                         clknet_4_13_0_wclk (net)
                      0.055930    0.000634    0.258170 ^ _554_/CLK (sky130_fd_sc_hd__dfrtp_1)
     2    0.009435    0.049843    0.252974    0.511144 v _554_/Q (sky130_fd_sc_hd__dfrtp_1)
                                                         r_ptr_gray_sync[4] (net)
                      0.049843    0.000230    0.511373 v _291_/A (sky130_fd_sc_hd__xor2_1)
     3    0.012201    0.201777    0.195160    0.706533 ^ _291_/X (sky130_fd_sc_hd__xor2_1)
                                                         _171_ (net)
                      0.201778    0.000292    0.706824 ^ _292_/B (sky130_fd_sc_hd__xnor2_1)
     3    0.010990    0.195893    0.124805    0.831630 ^ _292_/Y (sky130_fd_sc_hd__xnor2_1)
                                                         _172_ (net)
                      0.195894    0.000367    0.831997 ^ _293_/B (sky130_fd_sc_hd__xnor2_1)
     1    0.004955    0.111870    0.090254    0.922251 ^ _293_/Y (sky130_fd_sc_hd__xnor2_1)
                                                         _173_ (net)
                      0.111870    0.000163    0.922415 ^ _297_/S (sky130_fd_sc_hd__mux2_1)
     2    0.007110    0.054715    0.211240    1.133655 v _297_/X (sky130_fd_sc_hd__mux2_1)
                                                         _177_ (net)
                      0.054715    0.000193    1.133847 v _329_/A1 (sky130_fd_sc_hd__a21boi_2)
     3    0.018258    0.172662    0.172309    1.306157 ^ _329_/Y (sky130_fd_sc_hd__a21boi_2)
                                                         _198_ (net)
                      0.172665    0.000618    1.306774 ^ max_cap23/A (sky130_fd_sc_hd__buf_8)
    20    0.119718    0.148566    0.163296    1.470070 ^ max_cap23/X (sky130_fd_sc_hd__buf_8)
                                                         net23 (net)
                      0.148647    0.002863    1.472934 ^ _489_/C (sky130_fd_sc_hd__and4bb_4)
     8    0.053144    0.147241    0.232441    1.705374 ^ _489_/X (sky130_fd_sc_hd__and4bb_4)
                                                         _249_ (net)
                      0.147391    0.003058    1.708432 ^ _494_/S (sky130_fd_sc_hd__mux2_1)
     1    0.003825    0.042534    0.197895    1.906327 v _494_/X (sky130_fd_sc_hd__mux2_1)
                                                         _108_ (net)
                      0.042534    0.000135    1.906462 v _670_/D (sky130_fd_sc_hd__dfxtp_1)
                                              1.906462   data arrival time

                                 10.000000   10.000000   clock wclk (rise edge)
                                  0.000000   10.000000   clock source latency
     1    0.021811    0.000000    0.000000   10.000000 ^ wclk (in)
                                                         wclk (net)
                      0.002573    0.001286   10.001287 ^ clkbuf_0_wclk/A (sky130_fd_sc_hd__clkbuf_16)
    16    0.119684    0.103747    0.131487   10.132773 ^ clkbuf_0_wclk/X (sky130_fd_sc_hd__clkbuf_16)
                                                         clknet_0_wclk (net)
                      0.103990    0.004063   10.136836 ^ clkbuf_4_1_0_wclk/A (sky130_fd_sc_hd__clkbuf_8)
    11    0.036799    0.057855    0.123721   10.260557 ^ clkbuf_4_1_0_wclk/X (sky130_fd_sc_hd__clkbuf_8)
                                                         clknet_4_1_0_wclk (net)
                      0.057862    0.000643   10.261200 ^ _670_/CLK (sky130_fd_sc_hd__dfxtp_1)
                                  0.000000   10.261200   clock reconvergence pessimism
                                 -0.071272   10.189927   library setup time
                                             10.189927   data required time
---------------------------------------------------------------------------------------------
                                             10.189927   data required time
                                             -1.906462   data arrival time
---------------------------------------------------------------------------------------------
                                              8.283464   slack (MET)


Startpoint: _554_ (rising edge-triggered flip-flop clocked by wclk)
Endpoint: _576_ (rising edge-triggered flip-flop clocked by wclk)
Path Group: wclk
Path Type: max

Fanout         Cap        Slew       Delay        Time   Description
---------------------------------------------------------------------------------------------
                                  0.000000    0.000000   clock wclk (rise edge)
                                  0.000000    0.000000   clock source latency
     1    0.021811    0.000000    0.000000    0.000000 ^ wclk (in)
                                                         wclk (net)
                      0.002573    0.001286    0.001286 ^ clkbuf_0_wclk/A (sky130_fd_sc_hd__clkbuf_16)
    16    0.119684    0.103747    0.131486    0.132773 ^ clkbuf_0_wclk/X (sky130_fd_sc_hd__clkbuf_16)
                                                         clknet_0_wclk (net)
                      0.103842    0.002573    0.135346 ^ clkbuf_4_13_0_wclk/A (sky130_fd_sc_hd__clkbuf_8)
    10    0.035195    0.055923    0.122190    0.257536 ^ clkbuf_4_13_0_wclk/X (sky130_fd_sc_hd__clkbuf_8)
                                                         clknet_4_13_0_wclk (net)
                      0.055930    0.000634    0.258170 ^ _554_/CLK (sky130_fd_sc_hd__dfrtp_1)
     2    0.009435    0.049843    0.252974    0.511144 v _554_/Q (sky130_fd_sc_hd__dfrtp_1)
                                                         r_ptr_gray_sync[4] (net)
                      0.049843    0.000230    0.511373 v _291_/A (sky130_fd_sc_hd__xor2_1)
     3    0.012201    0.201777    0.195160    0.706533 ^ _291_/X (sky130_fd_sc_hd__xor2_1)
                                                         _171_ (net)
                      0.201778    0.000292    0.706824 ^ _292_/B (sky130_fd_sc_hd__xnor2_1)
     3    0.010990    0.195893    0.124805    0.831630 ^ _292_/Y (sky130_fd_sc_hd__xnor2_1)
                                                         _172_ (net)
                      0.195894    0.000367    0.831997 ^ _293_/B (sky130_fd_sc_hd__xnor2_1)
     1    0.004955    0.111870    0.090254    0.922251 ^ _293_/Y (sky130_fd_sc_hd__xnor2_1)
                                                         _173_ (net)
                      0.111870    0.000163    0.922415 ^ _297_/S (sky130_fd_sc_hd__mux2_1)
     2    0.007110    0.054715    0.211240    1.133655 v _297_/X (sky130_fd_sc_hd__mux2_1)
                                                         _177_ (net)
                      0.054715    0.000193    1.133847 v _329_/A1 (sky130_fd_sc_hd__a21boi_2)
     3    0.018258    0.172662    0.172309    1.306157 ^ _329_/Y (sky130_fd_sc_hd__a21boi_2)
                                                         _198_ (net)
                      0.172665    0.000618    1.306774 ^ max_cap23/A (sky130_fd_sc_hd__buf_8)
    20    0.119718    0.148566    0.163296    1.470070 ^ max_cap23/X (sky130_fd_sc_hd__buf_8)
                                                         net23 (net)
                      0.148747    0.004249    1.474319 ^ _406_/C (sky130_fd_sc_hd__and4bb_4)
     8    0.052688    0.146587    0.232295    1.706614 ^ _406_/X (sky130_fd_sc_hd__and4bb_4)
                                                         _238_ (net)
                      0.146589    0.000937    1.707550 ^ _407_/S (sky130_fd_sc_hd__mux2_1)
     1    0.003175    0.039549    0.193895    1.901446 v _407_/X (sky130_fd_sc_hd__mux2_1)
                                                         _032_ (net)
                      0.039549    0.000103    1.901548 v _576_/D (sky130_fd_sc_hd__dfxtp_1)
                                              1.901548   data arrival time

                                 10.000000   10.000000   clock wclk (rise edge)
                                  0.000000   10.000000   clock source latency
     1    0.021811    0.000000    0.000000   10.000000 ^ wclk (in)
                                                         wclk (net)
                      0.002573    0.001286   10.001287 ^ clkbuf_0_wclk/A (sky130_fd_sc_hd__clkbuf_16)
    16    0.119684    0.103747    0.131487   10.132773 ^ clkbuf_0_wclk/X (sky130_fd_sc_hd__clkbuf_16)
                                                         clknet_0_wclk (net)
                      0.103830    0.002401   10.135174 ^ clkbuf_4_12_0_wclk/A (sky130_fd_sc_hd__clkbuf_8)
     8    0.033217    0.053510    0.120131   10.255305 ^ clkbuf_4_12_0_wclk/X (sky130_fd_sc_hd__clkbuf_8)
                                                         clknet_4_12_0_wclk (net)
                      0.053517    0.000671   10.255976 ^ _576_/CLK (sky130_fd_sc_hd__dfxtp_1)
                                  0.000000   10.255976   clock reconvergence pessimism
                                 -0.070626   10.185349   library setup time
                                             10.185349   data required time
---------------------------------------------------------------------------------------------
                                             10.185349   data required time
                                             -1.901548   data arrival time
---------------------------------------------------------------------------------------------
                                              8.283801   slack (MET)


Startpoint: _554_ (rising edge-triggered flip-flop clocked by wclk)
Endpoint: _560_ (rising edge-triggered flip-flop clocked by wclk)
Path Group: wclk
Path Type: max

Fanout         Cap        Slew       Delay        Time   Description
---------------------------------------------------------------------------------------------
                                  0.000000    0.000000   clock wclk (rise edge)
                                  0.000000    0.000000   clock source latency
     1    0.021811    0.000000    0.000000    0.000000 ^ wclk (in)
                                                         wclk (net)
                      0.002573    0.001286    0.001286 ^ clkbuf_0_wclk/A (sky130_fd_sc_hd__clkbuf_16)
    16    0.119684    0.103747    0.131486    0.132773 ^ clkbuf_0_wclk/X (sky130_fd_sc_hd__clkbuf_16)
                                                         clknet_0_wclk (net)
                      0.103842    0.002573    0.135346 ^ clkbuf_4_13_0_wclk/A (sky130_fd_sc_hd__clkbuf_8)
    10    0.035195    0.055923    0.122190    0.257536 ^ clkbuf_4_13_0_wclk/X (sky130_fd_sc_hd__clkbuf_8)
                                                         clknet_4_13_0_wclk (net)
                      0.055930    0.000634    0.258170 ^ _554_/CLK (sky130_fd_sc_hd__dfrtp_1)
     2    0.009435    0.049843    0.252974    0.511144 v _554_/Q (sky130_fd_sc_hd__dfrtp_1)
                                                         r_ptr_gray_sync[4] (net)
                      0.049843    0.000230    0.511373 v _291_/A (sky130_fd_sc_hd__xor2_1)
     3    0.012201    0.201777    0.195160    0.706533 ^ _291_/X (sky130_fd_sc_hd__xor2_1)
                                                         _171_ (net)
                      0.201778    0.000292    0.706824 ^ _292_/B (sky130_fd_sc_hd__xnor2_1)
     3    0.010990    0.195893    0.124805    0.831630 ^ _292_/Y (sky130_fd_sc_hd__xnor2_1)
                                                         _172_ (net)
                      0.195894    0.000367    0.831997 ^ _293_/B (sky130_fd_sc_hd__xnor2_1)
     1    0.004955    0.111870    0.090254    0.922251 ^ _293_/Y (sky130_fd_sc_hd__xnor2_1)
                                                         _173_ (net)
                      0.111870    0.000163    0.922415 ^ _297_/S (sky130_fd_sc_hd__mux2_1)
     2    0.007110    0.054715    0.211240    1.133655 v _297_/X (sky130_fd_sc_hd__mux2_1)
                                                         _177_ (net)
                      0.054715    0.000193    1.133847 v _329_/A1 (sky130_fd_sc_hd__a21boi_2)
     3    0.018258    0.172662    0.172309    1.306157 ^ _329_/Y (sky130_fd_sc_hd__a21boi_2)
                                                         _198_ (net)
                      0.172665    0.000618    1.306774 ^ max_cap23/A (sky130_fd_sc_hd__buf_8)
    20    0.119718    0.148566    0.163296    1.470070 ^ max_cap23/X (sky130_fd_sc_hd__buf_8)
                                                         net23 (net)
                      0.148718    0.003902    1.473972 ^ _388_/C (sky130_fd_sc_hd__and4b_4)
     8    0.050840    0.142894    0.231481    1.705453 ^ _388_/X (sky130_fd_sc_hd__and4b_4)
                                                         _236_ (net)
                      0.142898    0.000943    1.706396 ^ _389_/S (sky130_fd_sc_hd__mux2_1)
     1    0.003350    0.040335    0.194926    1.901322 v _389_/X (sky130_fd_sc_hd__mux2_1)
                                                         _016_ (net)
                      0.040335    0.000109    1.901432 v _560_/D (sky130_fd_sc_hd__dfxtp_1)
                                              1.901432   data arrival time

                                 10.000000   10.000000   clock wclk (rise edge)
                                  0.000000   10.000000   clock source latency
     1    0.021811    0.000000    0.000000   10.000000 ^ wclk (in)
                                                         wclk (net)
                      0.002573    0.001286   10.001287 ^ clkbuf_0_wclk/A (sky130_fd_sc_hd__clkbuf_16)
    16    0.119684    0.103747    0.131487   10.132773 ^ clkbuf_0_wclk/X (sky130_fd_sc_hd__clkbuf_16)
                                                         clknet_0_wclk (net)
                      0.103830    0.002401   10.135174 ^ clkbuf_4_12_0_wclk/A (sky130_fd_sc_hd__clkbuf_8)
     8    0.033217    0.053510    0.120131   10.255305 ^ clkbuf_4_12_0_wclk/X (sky130_fd_sc_hd__clkbuf_8)
                                                         clknet_4_12_0_wclk (net)
                      0.053525    0.000872   10.256178 ^ _560_/CLK (sky130_fd_sc_hd__dfxtp_1)
                                  0.000000   10.256178   clock reconvergence pessimism
                                 -0.070906   10.185271   library setup time
                                             10.185271   data required time
---------------------------------------------------------------------------------------------
                                             10.185271   data required time
                                             -1.901432   data arrival time
---------------------------------------------------------------------------------------------
                                              8.283839   slack (MET)


Startpoint: _554_ (rising edge-triggered flip-flop clocked by wclk)
Endpoint: _594_ (rising edge-triggered flip-flop clocked by wclk)
Path Group: wclk
Path Type: max

Fanout         Cap        Slew       Delay        Time   Description
---------------------------------------------------------------------------------------------
                                  0.000000    0.000000   clock wclk (rise edge)
                                  0.000000    0.000000   clock source latency
     1    0.021811    0.000000    0.000000    0.000000 ^ wclk (in)
                                                         wclk (net)
                      0.002573    0.001286    0.001286 ^ clkbuf_0_wclk/A (sky130_fd_sc_hd__clkbuf_16)
    16    0.119684    0.103747    0.131486    0.132773 ^ clkbuf_0_wclk/X (sky130_fd_sc_hd__clkbuf_16)
                                                         clknet_0_wclk (net)
                      0.103842    0.002573    0.135346 ^ clkbuf_4_13_0_wclk/A (sky130_fd_sc_hd__clkbuf_8)
    10    0.035195    0.055923    0.122190    0.257536 ^ clkbuf_4_13_0_wclk/X (sky130_fd_sc_hd__clkbuf_8)
                                                         clknet_4_13_0_wclk (net)
                      0.055930    0.000634    0.258170 ^ _554_/CLK (sky130_fd_sc_hd__dfrtp_1)
     2    0.009435    0.049843    0.252974    0.511144 v _554_/Q (sky130_fd_sc_hd__dfrtp_1)
                                                         r_ptr_gray_sync[4] (net)
                      0.049843    0.000230    0.511373 v _291_/A (sky130_fd_sc_hd__xor2_1)
     3    0.012201    0.201777    0.195160    0.706533 ^ _291_/X (sky130_fd_sc_hd__xor2_1)
                                                         _171_ (net)
                      0.201778    0.000292    0.706824 ^ _292_/B (sky130_fd_sc_hd__xnor2_1)
     3    0.010990    0.195893    0.124805    0.831630 ^ _292_/Y (sky130_fd_sc_hd__xnor2_1)
                                                         _172_ (net)
                      0.195894    0.000367    0.831997 ^ _293_/B (sky130_fd_sc_hd__xnor2_1)
     1    0.004955    0.111870    0.090254    0.922251 ^ _293_/Y (sky130_fd_sc_hd__xnor2_1)
                                                         _173_ (net)
                      0.111870    0.000163    0.922415 ^ _297_/S (sky130_fd_sc_hd__mux2_1)
     2    0.007110    0.054715    0.211240    1.133655 v _297_/X (sky130_fd_sc_hd__mux2_1)
                                                         _177_ (net)
                      0.054715    0.000193    1.133847 v _329_/A1 (sky130_fd_sc_hd__a21boi_2)
     3    0.018258    0.172662    0.172309    1.306157 ^ _329_/Y (sky130_fd_sc_hd__a21boi_2)
                                                         _198_ (net)
                      0.172665    0.000618    1.306774 ^ max_cap23/A (sky130_fd_sc_hd__buf_8)
    20    0.119718    0.148566    0.163296    1.470070 ^ max_cap23/X (sky130_fd_sc_hd__buf_8)
                                                         net23 (net)
                      0.148722    0.003942    1.474012 ^ _424_/C (sky130_fd_sc_hd__and4b_4)
     8    0.055979    0.153585    0.239889    1.713901 ^ _424_/X (sky130_fd_sc_hd__and4b_4)
                                                         _240_ (net)
                      0.153702    0.002337    1.716238 ^ _427_/S (sky130_fd_sc_hd__mux2_1)
     1    0.002658    0.037410    0.190805    1.907043 v _427_/X (sky130_fd_sc_hd__mux2_1)
                                                         _050_ (net)
                      0.037410    0.000079    1.907122 v _594_/D (sky130_fd_sc_hd__dfxtp_1)
                                              1.907122   data arrival time

                                 10.000000   10.000000   clock wclk (rise edge)
                                  0.000000   10.000000   clock source latency
     1    0.021811    0.000000    0.000000   10.000000 ^ wclk (in)
                                                         wclk (net)
                      0.002573    0.001286   10.001287 ^ clkbuf_0_wclk/A (sky130_fd_sc_hd__clkbuf_16)
    16    0.119684    0.103747    0.131487   10.132773 ^ clkbuf_0_wclk/X (sky130_fd_sc_hd__clkbuf_16)
                                                         clknet_0_wclk (net)
                      0.103905    0.003298   10.136071 ^ clkbuf_4_8_0_wclk/A (sky130_fd_sc_hd__clkbuf_8)
    13    0.036805    0.057851    0.123616   10.259686 ^ clkbuf_4_8_0_wclk/X (sky130_fd_sc_hd__clkbuf_8)
                                                         clknet_4_8_0_wclk (net)
                      0.057863    0.000794   10.260481 ^ _594_/CLK (sky130_fd_sc_hd__dfxtp_1)
                                  0.000000   10.260481   clock reconvergence pessimism
                                 -0.069444   10.191037   library setup time
                                             10.191037   data required time
---------------------------------------------------------------------------------------------
                                             10.191037   data required time
                                             -1.907122   data arrival time
---------------------------------------------------------------------------------------------
                                              8.283915   slack (MET)


Startpoint: _554_ (rising edge-triggered flip-flop clocked by wclk)
Endpoint: _596_ (rising edge-triggered flip-flop clocked by wclk)
Path Group: wclk
Path Type: max

Fanout         Cap        Slew       Delay        Time   Description
---------------------------------------------------------------------------------------------
                                  0.000000    0.000000   clock wclk (rise edge)
                                  0.000000    0.000000   clock source latency
     1    0.021811    0.000000    0.000000    0.000000 ^ wclk (in)
                                                         wclk (net)
                      0.002573    0.001286    0.001286 ^ clkbuf_0_wclk/A (sky130_fd_sc_hd__clkbuf_16)
    16    0.119684    0.103747    0.131486    0.132773 ^ clkbuf_0_wclk/X (sky130_fd_sc_hd__clkbuf_16)
                                                         clknet_0_wclk (net)
                      0.103842    0.002573    0.135346 ^ clkbuf_4_13_0_wclk/A (sky130_fd_sc_hd__clkbuf_8)
    10    0.035195    0.055923    0.122190    0.257536 ^ clkbuf_4_13_0_wclk/X (sky130_fd_sc_hd__clkbuf_8)
                                                         clknet_4_13_0_wclk (net)
                      0.055930    0.000634    0.258170 ^ _554_/CLK (sky130_fd_sc_hd__dfrtp_1)
     2    0.009435    0.049843    0.252974    0.511144 v _554_/Q (sky130_fd_sc_hd__dfrtp_1)
                                                         r_ptr_gray_sync[4] (net)
                      0.049843    0.000230    0.511373 v _291_/A (sky130_fd_sc_hd__xor2_1)
     3    0.012201    0.201777    0.195160    0.706533 ^ _291_/X (sky130_fd_sc_hd__xor2_1)
                                                         _171_ (net)
                      0.201778    0.000292    0.706824 ^ _292_/B (sky130_fd_sc_hd__xnor2_1)
     3    0.010990    0.195893    0.124805    0.831630 ^ _292_/Y (sky130_fd_sc_hd__xnor2_1)
                                                         _172_ (net)
                      0.195894    0.000367    0.831997 ^ _293_/B (sky130_fd_sc_hd__xnor2_1)
     1    0.004955    0.111870    0.090254    0.922251 ^ _293_/Y (sky130_fd_sc_hd__xnor2_1)
                                                         _173_ (net)
                      0.111870    0.000163    0.922415 ^ _297_/S (sky130_fd_sc_hd__mux2_1)
     2    0.007110    0.054715    0.211240    1.133655 v _297_/X (sky130_fd_sc_hd__mux2_1)
                                                         _177_ (net)
                      0.054715    0.000193    1.133847 v _329_/A1 (sky130_fd_sc_hd__a21boi_2)
     3    0.018258    0.172662    0.172309    1.306157 ^ _329_/Y (sky130_fd_sc_hd__a21boi_2)
                                                         _198_ (net)
                      0.172665    0.000618    1.306774 ^ max_cap23/A (sky130_fd_sc_hd__buf_8)
    20    0.119718    0.148566    0.163296    1.470070 ^ max_cap23/X (sky130_fd_sc_hd__buf_8)
                                                         net23 (net)
                      0.148722    0.003942    1.474012 ^ _424_/C (sky130_fd_sc_hd__and4b_4)
     8    0.055979    0.153585    0.239889    1.713901 ^ _424_/X (sky130_fd_sc_hd__and4b_4)
                                                         _240_ (net)
                      0.153820    0.004162    1.718063 ^ _429_/S (sky130_fd_sc_hd__mux2_1)
     1    0.002283    0.035990    0.188505    1.906568 v _429_/X (sky130_fd_sc_hd__mux2_1)
                                                         _052_ (net)
                      0.035990    0.000065    1.906633 v _596_/D (sky130_fd_sc_hd__dfxtp_1)
                                              1.906633   data arrival time

                                 10.000000   10.000000   clock wclk (rise edge)
                                  0.000000   10.000000   clock source latency
     1    0.021811    0.000000    0.000000   10.000000 ^ wclk (in)
                                                         wclk (net)
                      0.002573    0.001286   10.001287 ^ clkbuf_0_wclk/A (sky130_fd_sc_hd__clkbuf_16)
    16    0.119684    0.103747    0.131487   10.132773 ^ clkbuf_0_wclk/X (sky130_fd_sc_hd__clkbuf_16)
                                                         clknet_0_wclk (net)
                      0.103934    0.003577   10.136350 ^ clkbuf_4_10_0_wclk/A (sky130_fd_sc_hd__clkbuf_8)
    12    0.035330    0.056067    0.122203   10.258553 ^ clkbuf_4_10_0_wclk/X (sky130_fd_sc_hd__clkbuf_8)
                                                         clknet_4_10_0_wclk (net)
                      0.056092    0.001097   10.259649 ^ _596_/CLK (sky130_fd_sc_hd__dfxtp_1)
                                  0.000000   10.259649   clock reconvergence pessimism
                                 -0.069108   10.190541   library setup time
                                             10.190541   data required time
---------------------------------------------------------------------------------------------
                                             10.190541   data required time
                                             -1.906633   data arrival time
---------------------------------------------------------------------------------------------
                                              8.283909   slack (MET)


Startpoint: _554_ (rising edge-triggered flip-flop clocked by wclk)
Endpoint: _618_ (rising edge-triggered flip-flop clocked by wclk)
Path Group: wclk
Path Type: max

Fanout         Cap        Slew       Delay        Time   Description
---------------------------------------------------------------------------------------------
                                  0.000000    0.000000   clock wclk (rise edge)
                                  0.000000    0.000000   clock source latency
     1    0.021811    0.000000    0.000000    0.000000 ^ wclk (in)
                                                         wclk (net)
                      0.002573    0.001286    0.001286 ^ clkbuf_0_wclk/A (sky130_fd_sc_hd__clkbuf_16)
    16    0.119684    0.103747    0.131486    0.132773 ^ clkbuf_0_wclk/X (sky130_fd_sc_hd__clkbuf_16)
                                                         clknet_0_wclk (net)
                      0.103842    0.002573    0.135346 ^ clkbuf_4_13_0_wclk/A (sky130_fd_sc_hd__clkbuf_8)
    10    0.035195    0.055923    0.122190    0.257536 ^ clkbuf_4_13_0_wclk/X (sky130_fd_sc_hd__clkbuf_8)
                                                         clknet_4_13_0_wclk (net)
                      0.055930    0.000634    0.258170 ^ _554_/CLK (sky130_fd_sc_hd__dfrtp_1)
     2    0.009435    0.049843    0.252974    0.511144 v _554_/Q (sky130_fd_sc_hd__dfrtp_1)
                                                         r_ptr_gray_sync[4] (net)
                      0.049843    0.000230    0.511373 v _291_/A (sky130_fd_sc_hd__xor2_1)
     3    0.012201    0.201777    0.195160    0.706533 ^ _291_/X (sky130_fd_sc_hd__xor2_1)
                                                         _171_ (net)
                      0.201778    0.000292    0.706824 ^ _292_/B (sky130_fd_sc_hd__xnor2_1)
     3    0.010990    0.195893    0.124805    0.831630 ^ _292_/Y (sky130_fd_sc_hd__xnor2_1)
                                                         _172_ (net)
                      0.195894    0.000367    0.831997 ^ _293_/B (sky130_fd_sc_hd__xnor2_1)
     1    0.004955    0.111870    0.090254    0.922251 ^ _293_/Y (sky130_fd_sc_hd__xnor2_1)
                                                         _173_ (net)
                      0.111870    0.000163    0.922415 ^ _297_/S (sky130_fd_sc_hd__mux2_1)
     2    0.007110    0.054715    0.211240    1.133655 v _297_/X (sky130_fd_sc_hd__mux2_1)
                                                         _177_ (net)
                      0.054715    0.000193    1.133847 v _329_/A1 (sky130_fd_sc_hd__a21boi_2)
     3    0.018258    0.172662    0.172309    1.306157 ^ _329_/Y (sky130_fd_sc_hd__a21boi_2)
                                                         _198_ (net)
                      0.172665    0.000618    1.306774 ^ max_cap23/A (sky130_fd_sc_hd__buf_8)
    20    0.119718    0.148566    0.163296    1.470070 ^ max_cap23/X (sky130_fd_sc_hd__buf_8)
                                                         net23 (net)
                      0.148609    0.002100    1.472170 ^ _453_/C (sky130_fd_sc_hd__and4bb_4)
     8    0.059475    0.160646    0.244072    1.716242 ^ _453_/X (sky130_fd_sc_hd__and4bb_4)
                                                         _245_ (net)
                      0.160809    0.003204    1.719446 ^ _456_/S (sky130_fd_sc_hd__mux2_1)
     1    0.002238    0.035842    0.188310    1.907756 v _456_/X (sky130_fd_sc_hd__mux2_1)
                                                         _074_ (net)
                      0.035842    0.000063    1.907819 v _618_/D (sky130_fd_sc_hd__dfxtp_1)
                                              1.907819   data arrival time

                                 10.000000   10.000000   clock wclk (rise edge)
                                  0.000000   10.000000   clock source latency
     1    0.021811    0.000000    0.000000   10.000000 ^ wclk (in)
                                                         wclk (net)
                      0.002573    0.001286   10.001287 ^ clkbuf_0_wclk/A (sky130_fd_sc_hd__clkbuf_16)
    16    0.119684    0.103747    0.131487   10.132773 ^ clkbuf_0_wclk/X (sky130_fd_sc_hd__clkbuf_16)
                                                         clknet_0_wclk (net)
                      0.103986    0.004027   10.136800 ^ clkbuf_4_0_0_wclk/A (sky130_fd_sc_hd__clkbuf_8)
    12    0.035983    0.056849    0.122812   10.259612 ^ clkbuf_4_0_0_wclk/X (sky130_fd_sc_hd__clkbuf_8)
                                                         clknet_4_0_0_wclk (net)
                      0.056883    0.001244   10.260857 ^ _618_/CLK (sky130_fd_sc_hd__dfxtp_1)
                                  0.000000   10.260857   clock reconvergence pessimism
                                 -0.068979   10.191877   library setup time
                                             10.191877   data required time
---------------------------------------------------------------------------------------------
                                             10.191877   data required time
                                             -1.907819   data arrival time
---------------------------------------------------------------------------------------------
                                              8.284059   slack (MET)


Startpoint: _554_ (rising edge-triggered flip-flop clocked by wclk)
Endpoint: _599_ (rising edge-triggered flip-flop clocked by wclk)
Path Group: wclk
Path Type: max

Fanout         Cap        Slew       Delay        Time   Description
---------------------------------------------------------------------------------------------
                                  0.000000    0.000000   clock wclk (rise edge)
                                  0.000000    0.000000   clock source latency
     1    0.021811    0.000000    0.000000    0.000000 ^ wclk (in)
                                                         wclk (net)
                      0.002573    0.001286    0.001286 ^ clkbuf_0_wclk/A (sky130_fd_sc_hd__clkbuf_16)
    16    0.119684    0.103747    0.131486    0.132773 ^ clkbuf_0_wclk/X (sky130_fd_sc_hd__clkbuf_16)
                                                         clknet_0_wclk (net)
                      0.103842    0.002573    0.135346 ^ clkbuf_4_13_0_wclk/A (sky130_fd_sc_hd__clkbuf_8)
    10    0.035195    0.055923    0.122190    0.257536 ^ clkbuf_4_13_0_wclk/X (sky130_fd_sc_hd__clkbuf_8)
                                                         clknet_4_13_0_wclk (net)
                      0.055930    0.000634    0.258170 ^ _554_/CLK (sky130_fd_sc_hd__dfrtp_1)
     2    0.009435    0.049843    0.252974    0.511144 v _554_/Q (sky130_fd_sc_hd__dfrtp_1)
                                                         r_ptr_gray_sync[4] (net)
                      0.049843    0.000230    0.511373 v _291_/A (sky130_fd_sc_hd__xor2_1)
     3    0.012201    0.201777    0.195160    0.706533 ^ _291_/X (sky130_fd_sc_hd__xor2_1)
                                                         _171_ (net)
                      0.201778    0.000292    0.706824 ^ _292_/B (sky130_fd_sc_hd__xnor2_1)
     3    0.010990    0.195893    0.124805    0.831630 ^ _292_/Y (sky130_fd_sc_hd__xnor2_1)
                                                         _172_ (net)
                      0.195894    0.000367    0.831997 ^ _293_/B (sky130_fd_sc_hd__xnor2_1)
     1    0.004955    0.111870    0.090254    0.922251 ^ _293_/Y (sky130_fd_sc_hd__xnor2_1)
                                                         _173_ (net)
                      0.111870    0.000163    0.922415 ^ _297_/S (sky130_fd_sc_hd__mux2_1)
     2    0.007110    0.054715    0.211240    1.133655 v _297_/X (sky130_fd_sc_hd__mux2_1)
                                                         _177_ (net)
                      0.054715    0.000193    1.133847 v _329_/A1 (sky130_fd_sc_hd__a21boi_2)
     3    0.018258    0.172662    0.172309    1.306157 ^ _329_/Y (sky130_fd_sc_hd__a21boi_2)
                                                         _198_ (net)
                      0.172665    0.000618    1.306774 ^ max_cap23/A (sky130_fd_sc_hd__buf_8)
    20    0.119718    0.148566    0.163296    1.470070 ^ max_cap23/X (sky130_fd_sc_hd__buf_8)
                                                         net23 (net)
                      0.148722    0.003942    1.474012 ^ _424_/C (sky130_fd_sc_hd__and4b_4)
     8    0.055979    0.153585    0.239889    1.713901 ^ _424_/X (sky130_fd_sc_hd__and4b_4)
                                                         _240_ (net)
                      0.153806    0.003984    1.717885 ^ _432_/S (sky130_fd_sc_hd__mux2_1)
     1    0.002225    0.035804    0.188145    1.906030 v _432_/X (sky130_fd_sc_hd__mux2_1)
                                                         _055_ (net)
                      0.035804    0.000063    1.906093 v _599_/D (sky130_fd_sc_hd__dfxtp_1)
                                              1.906093   data arrival time

                                 10.000000   10.000000   clock wclk (rise edge)
                                  0.000000   10.000000   clock source latency
     1    0.021811    0.000000    0.000000   10.000000 ^ wclk (in)
                                                         wclk (net)
                      0.002573    0.001286   10.001287 ^ clkbuf_0_wclk/A (sky130_fd_sc_hd__clkbuf_16)
    16    0.119684    0.103747    0.131487   10.132773 ^ clkbuf_0_wclk/X (sky130_fd_sc_hd__clkbuf_16)
                                                         clknet_0_wclk (net)
                      0.103934    0.003577   10.136350 ^ clkbuf_4_10_0_wclk/A (sky130_fd_sc_hd__clkbuf_8)
    12    0.035330    0.056067    0.122203   10.258553 ^ clkbuf_4_10_0_wclk/X (sky130_fd_sc_hd__clkbuf_8)
                                                         clknet_4_10_0_wclk (net)
                      0.056095    0.001147   10.259699 ^ _599_/CLK (sky130_fd_sc_hd__dfxtp_1)
                                  0.000000   10.259699   clock reconvergence pessimism
                                 -0.069042   10.190658   library setup time
                                             10.190658   data required time
---------------------------------------------------------------------------------------------
                                             10.190658   data required time
                                             -1.906093   data arrival time
---------------------------------------------------------------------------------------------
                                              8.284564   slack (MET)


Startpoint: _554_ (rising edge-triggered flip-flop clocked by wclk)
Endpoint: _598_ (rising edge-triggered flip-flop clocked by wclk)
Path Group: wclk
Path Type: max

Fanout         Cap        Slew       Delay        Time   Description
---------------------------------------------------------------------------------------------
                                  0.000000    0.000000   clock wclk (rise edge)
                                  0.000000    0.000000   clock source latency
     1    0.021811    0.000000    0.000000    0.000000 ^ wclk (in)
                                                         wclk (net)
                      0.002573    0.001286    0.001286 ^ clkbuf_0_wclk/A (sky130_fd_sc_hd__clkbuf_16)
    16    0.119684    0.103747    0.131486    0.132773 ^ clkbuf_0_wclk/X (sky130_fd_sc_hd__clkbuf_16)
                                                         clknet_0_wclk (net)
                      0.103842    0.002573    0.135346 ^ clkbuf_4_13_0_wclk/A (sky130_fd_sc_hd__clkbuf_8)
    10    0.035195    0.055923    0.122190    0.257536 ^ clkbuf_4_13_0_wclk/X (sky130_fd_sc_hd__clkbuf_8)
                                                         clknet_4_13_0_wclk (net)
                      0.055930    0.000634    0.258170 ^ _554_/CLK (sky130_fd_sc_hd__dfrtp_1)
     2    0.009435    0.049843    0.252974    0.511144 v _554_/Q (sky130_fd_sc_hd__dfrtp_1)
                                                         r_ptr_gray_sync[4] (net)
                      0.049843    0.000230    0.511373 v _291_/A (sky130_fd_sc_hd__xor2_1)
     3    0.012201    0.201777    0.195160    0.706533 ^ _291_/X (sky130_fd_sc_hd__xor2_1)
                                                         _171_ (net)
                      0.201778    0.000292    0.706824 ^ _292_/B (sky130_fd_sc_hd__xnor2_1)
     3    0.010990    0.195893    0.124805    0.831630 ^ _292_/Y (sky130_fd_sc_hd__xnor2_1)
                                                         _172_ (net)
                      0.195894    0.000367    0.831997 ^ _293_/B (sky130_fd_sc_hd__xnor2_1)
     1    0.004955    0.111870    0.090254    0.922251 ^ _293_/Y (sky130_fd_sc_hd__xnor2_1)
                                                         _173_ (net)
                      0.111870    0.000163    0.922415 ^ _297_/S (sky130_fd_sc_hd__mux2_1)
     2    0.007110    0.054715    0.211240    1.133655 v _297_/X (sky130_fd_sc_hd__mux2_1)
                                                         _177_ (net)
                      0.054715    0.000193    1.133847 v _329_/A1 (sky130_fd_sc_hd__a21boi_2)
     3    0.018258    0.172662    0.172309    1.306157 ^ _329_/Y (sky130_fd_sc_hd__a21boi_2)
                                                         _198_ (net)
                      0.172665    0.000618    1.306774 ^ max_cap23/A (sky130_fd_sc_hd__buf_8)
    20    0.119718    0.148566    0.163296    1.470070 ^ max_cap23/X (sky130_fd_sc_hd__buf_8)
                                                         net23 (net)
                      0.148722    0.003942    1.474012 ^ _424_/C (sky130_fd_sc_hd__and4b_4)
     8    0.055979    0.153585    0.239889    1.713901 ^ _424_/X (sky130_fd_sc_hd__and4b_4)
                                                         _240_ (net)
                      0.153793    0.003827    1.717728 ^ _431_/S (sky130_fd_sc_hd__mux2_1)
     1    0.002168    0.035596    0.187799    1.905527 v _431_/X (sky130_fd_sc_hd__mux2_1)
                                                         _054_ (net)
                      0.035596    0.000061    1.905588 v _598_/D (sky130_fd_sc_hd__dfxtp_1)
                                              1.905588   data arrival time

                                 10.000000   10.000000   clock wclk (rise edge)
                                  0.000000   10.000000   clock source latency
     1    0.021811    0.000000    0.000000   10.000000 ^ wclk (in)
                                                         wclk (net)
                      0.002573    0.001286   10.001287 ^ clkbuf_0_wclk/A (sky130_fd_sc_hd__clkbuf_16)
    16    0.119684    0.103747    0.131487   10.132773 ^ clkbuf_0_wclk/X (sky130_fd_sc_hd__clkbuf_16)
                                                         clknet_0_wclk (net)
                      0.103934    0.003577   10.136350 ^ clkbuf_4_10_0_wclk/A (sky130_fd_sc_hd__clkbuf_8)
    12    0.035330    0.056067    0.122203   10.258553 ^ clkbuf_4_10_0_wclk/X (sky130_fd_sc_hd__clkbuf_8)
                                                         clknet_4_10_0_wclk (net)
                      0.056077    0.000759   10.259312 ^ _598_/CLK (sky130_fd_sc_hd__dfxtp_1)
                                  0.000000   10.259312   clock reconvergence pessimism
                                 -0.068969   10.190343   library setup time
                                             10.190343   data required time
---------------------------------------------------------------------------------------------
                                             10.190343   data required time
                                             -1.905588   data arrival time
---------------------------------------------------------------------------------------------
                                              8.284756   slack (MET)


Startpoint: _554_ (rising edge-triggered flip-flop clocked by wclk)
Endpoint: _561_ (rising edge-triggered flip-flop clocked by wclk)
Path Group: wclk
Path Type: max

Fanout         Cap        Slew       Delay        Time   Description
---------------------------------------------------------------------------------------------
                                  0.000000    0.000000   clock wclk (rise edge)
                                  0.000000    0.000000   clock source latency
     1    0.021811    0.000000    0.000000    0.000000 ^ wclk (in)
                                                         wclk (net)
                      0.002573    0.001286    0.001286 ^ clkbuf_0_wclk/A (sky130_fd_sc_hd__clkbuf_16)
    16    0.119684    0.103747    0.131486    0.132773 ^ clkbuf_0_wclk/X (sky130_fd_sc_hd__clkbuf_16)
                                                         clknet_0_wclk (net)
                      0.103842    0.002573    0.135346 ^ clkbuf_4_13_0_wclk/A (sky130_fd_sc_hd__clkbuf_8)
    10    0.035195    0.055923    0.122190    0.257536 ^ clkbuf_4_13_0_wclk/X (sky130_fd_sc_hd__clkbuf_8)
                                                         clknet_4_13_0_wclk (net)
                      0.055930    0.000634    0.258170 ^ _554_/CLK (sky130_fd_sc_hd__dfrtp_1)
     2    0.009435    0.049843    0.252974    0.511144 v _554_/Q (sky130_fd_sc_hd__dfrtp_1)
                                                         r_ptr_gray_sync[4] (net)
                      0.049843    0.000230    0.511373 v _291_/A (sky130_fd_sc_hd__xor2_1)
     3    0.012201    0.201777    0.195160    0.706533 ^ _291_/X (sky130_fd_sc_hd__xor2_1)
                                                         _171_ (net)
                      0.201778    0.000292    0.706824 ^ _292_/B (sky130_fd_sc_hd__xnor2_1)
     3    0.010990    0.195893    0.124805    0.831630 ^ _292_/Y (sky130_fd_sc_hd__xnor2_1)
                                                         _172_ (net)
                      0.195894    0.000367    0.831997 ^ _293_/B (sky130_fd_sc_hd__xnor2_1)
     1    0.004955    0.111870    0.090254    0.922251 ^ _293_/Y (sky130_fd_sc_hd__xnor2_1)
                                                         _173_ (net)
                      0.111870    0.000163    0.922415 ^ _297_/S (sky130_fd_sc_hd__mux2_1)
     2    0.007110    0.054715    0.211240    1.133655 v _297_/X (sky130_fd_sc_hd__mux2_1)
                                                         _177_ (net)
                      0.054715    0.000193    1.133847 v _329_/A1 (sky130_fd_sc_hd__a21boi_2)
     3    0.018258    0.172662    0.172309    1.306157 ^ _329_/Y (sky130_fd_sc_hd__a21boi_2)
                                                         _198_ (net)
                      0.172665    0.000618    1.306774 ^ max_cap23/A (sky130_fd_sc_hd__buf_8)
    20    0.119718    0.148566    0.163296    1.470070 ^ max_cap23/X (sky130_fd_sc_hd__buf_8)
                                                         net23 (net)
                      0.148718    0.003902    1.473972 ^ _388_/C (sky130_fd_sc_hd__and4b_4)
     8    0.050840    0.142894    0.231481    1.705453 ^ _388_/X (sky130_fd_sc_hd__and4b_4)
                                                         _236_ (net)
                      0.142900    0.001123    1.706576 ^ _390_/S (sky130_fd_sc_hd__mux2_1)
     1    0.003264    0.039949    0.194412    1.900988 v _390_/X (sky130_fd_sc_hd__mux2_1)
                                                         _017_ (net)
                      0.039949    0.000078    1.901066 v _561_/D (sky130_fd_sc_hd__dfxtp_1)
                                              1.901066   data arrival time

                                 10.000000   10.000000   clock wclk (rise edge)
                                  0.000000   10.000000   clock source latency
     1    0.021811    0.000000    0.000000   10.000000 ^ wclk (in)
                                                         wclk (net)
                      0.002573    0.001286   10.001287 ^ clkbuf_0_wclk/A (sky130_fd_sc_hd__clkbuf_16)
    16    0.119684    0.103747    0.131487   10.132773 ^ clkbuf_0_wclk/X (sky130_fd_sc_hd__clkbuf_16)
                                                         clknet_0_wclk (net)
                      0.103884    0.003075   10.135848 ^ clkbuf_4_14_0_wclk/A (sky130_fd_sc_hd__clkbuf_8)
     9    0.034233    0.054760    0.121259   10.257108 ^ clkbuf_4_14_0_wclk/X (sky130_fd_sc_hd__clkbuf_8)
                                                         clknet_4_14_0_wclk (net)
                      0.054766    0.000593   10.257701 ^ _561_/CLK (sky130_fd_sc_hd__dfxtp_1)
                                  0.000000   10.257701   clock reconvergence pessimism
                                 -0.070649   10.187053   library setup time
                                             10.187053   data required time
---------------------------------------------------------------------------------------------
                                             10.187053   data required time
                                             -1.901066   data arrival time
---------------------------------------------------------------------------------------------
                                              8.285986   slack (MET)


Startpoint: _554_ (rising edge-triggered flip-flop clocked by wclk)
Endpoint: _579_ (rising edge-triggered flip-flop clocked by wclk)
Path Group: wclk
Path Type: max

Fanout         Cap        Slew       Delay        Time   Description
---------------------------------------------------------------------------------------------
                                  0.000000    0.000000   clock wclk (rise edge)
                                  0.000000    0.000000   clock source latency
     1    0.021811    0.000000    0.000000    0.000000 ^ wclk (in)
                                                         wclk (net)
                      0.002573    0.001286    0.001286 ^ clkbuf_0_wclk/A (sky130_fd_sc_hd__clkbuf_16)
    16    0.119684    0.103747    0.131486    0.132773 ^ clkbuf_0_wclk/X (sky130_fd_sc_hd__clkbuf_16)
                                                         clknet_0_wclk (net)
                      0.103842    0.002573    0.135346 ^ clkbuf_4_13_0_wclk/A (sky130_fd_sc_hd__clkbuf_8)
    10    0.035195    0.055923    0.122190    0.257536 ^ clkbuf_4_13_0_wclk/X (sky130_fd_sc_hd__clkbuf_8)
                                                         clknet_4_13_0_wclk (net)
                      0.055930    0.000634    0.258170 ^ _554_/CLK (sky130_fd_sc_hd__dfrtp_1)
     2    0.009435    0.049843    0.252974    0.511144 v _554_/Q (sky130_fd_sc_hd__dfrtp_1)
                                                         r_ptr_gray_sync[4] (net)
                      0.049843    0.000230    0.511373 v _291_/A (sky130_fd_sc_hd__xor2_1)
     3    0.012201    0.201777    0.195160    0.706533 ^ _291_/X (sky130_fd_sc_hd__xor2_1)
                                                         _171_ (net)
                      0.201778    0.000292    0.706824 ^ _292_/B (sky130_fd_sc_hd__xnor2_1)
     3    0.010990    0.195893    0.124805    0.831630 ^ _292_/Y (sky130_fd_sc_hd__xnor2_1)
                                                         _172_ (net)
                      0.195894    0.000367    0.831997 ^ _293_/B (sky130_fd_sc_hd__xnor2_1)
     1    0.004955    0.111870    0.090254    0.922251 ^ _293_/Y (sky130_fd_sc_hd__xnor2_1)
                                                         _173_ (net)
                      0.111870    0.000163    0.922415 ^ _297_/S (sky130_fd_sc_hd__mux2_1)
     2    0.007110    0.054715    0.211240    1.133655 v _297_/X (sky130_fd_sc_hd__mux2_1)
                                                         _177_ (net)
                      0.054715    0.000193    1.133847 v _329_/A1 (sky130_fd_sc_hd__a21boi_2)
     3    0.018258    0.172662    0.172309    1.306157 ^ _329_/Y (sky130_fd_sc_hd__a21boi_2)
                                                         _198_ (net)
                      0.172665    0.000618    1.306774 ^ max_cap23/A (sky130_fd_sc_hd__buf_8)
    20    0.119718    0.148566    0.163296    1.470070 ^ max_cap23/X (sky130_fd_sc_hd__buf_8)
                                                         net23 (net)
                      0.148747    0.004249    1.474319 ^ _406_/C (sky130_fd_sc_hd__and4bb_4)
     8    0.052688    0.146587    0.232295    1.706614 ^ _406_/X (sky130_fd_sc_hd__and4bb_4)
                                                         _238_ (net)
                      0.146592    0.001144    1.707758 ^ _410_/S (sky130_fd_sc_hd__mux2_1)
     1    0.003091    0.039176    0.193380    1.901137 v _410_/X (sky130_fd_sc_hd__mux2_1)
                                                         _035_ (net)
                      0.039176    0.000097    1.901234 v _579_/D (sky130_fd_sc_hd__dfxtp_1)
                                              1.901234   data arrival time

                                 10.000000   10.000000   clock wclk (rise edge)
                                  0.000000   10.000000   clock source latency
     1    0.021811    0.000000    0.000000   10.000000 ^ wclk (in)
                                                         wclk (net)
                      0.002573    0.001286   10.001287 ^ clkbuf_0_wclk/A (sky130_fd_sc_hd__clkbuf_16)
    16    0.119684    0.103747    0.131487   10.132773 ^ clkbuf_0_wclk/X (sky130_fd_sc_hd__clkbuf_16)
                                                         clknet_0_wclk (net)
                      0.103875    0.002970   10.135743 ^ clkbuf_4_15_0_wclk/A (sky130_fd_sc_hd__clkbuf_8)
     8    0.034329    0.054878    0.121361   10.257104 ^ clkbuf_4_15_0_wclk/X (sky130_fd_sc_hd__clkbuf_8)
                                                         clknet_4_15_0_wclk (net)
                      0.054890    0.000807   10.257912 ^ _579_/CLK (sky130_fd_sc_hd__dfxtp_1)
                                  0.000000   10.257912   clock reconvergence pessimism
                                 -0.070361   10.187551   library setup time
                                             10.187551   data required time
---------------------------------------------------------------------------------------------
                                             10.187551   data required time
                                             -1.901234   data arrival time
---------------------------------------------------------------------------------------------
                                              8.286317   slack (MET)


Startpoint: _554_ (rising edge-triggered flip-flop clocked by wclk)
Endpoint: _597_ (rising edge-triggered flip-flop clocked by wclk)
Path Group: wclk
Path Type: max

Fanout         Cap        Slew       Delay        Time   Description
---------------------------------------------------------------------------------------------
                                  0.000000    0.000000   clock wclk (rise edge)
                                  0.000000    0.000000   clock source latency
     1    0.021811    0.000000    0.000000    0.000000 ^ wclk (in)
                                                         wclk (net)
                      0.002573    0.001286    0.001286 ^ clkbuf_0_wclk/A (sky130_fd_sc_hd__clkbuf_16)
    16    0.119684    0.103747    0.131486    0.132773 ^ clkbuf_0_wclk/X (sky130_fd_sc_hd__clkbuf_16)
                                                         clknet_0_wclk (net)
                      0.103842    0.002573    0.135346 ^ clkbuf_4_13_0_wclk/A (sky130_fd_sc_hd__clkbuf_8)
    10    0.035195    0.055923    0.122190    0.257536 ^ clkbuf_4_13_0_wclk/X (sky130_fd_sc_hd__clkbuf_8)
                                                         clknet_4_13_0_wclk (net)
                      0.055930    0.000634    0.258170 ^ _554_/CLK (sky130_fd_sc_hd__dfrtp_1)
     2    0.009435    0.049843    0.252974    0.511144 v _554_/Q (sky130_fd_sc_hd__dfrtp_1)
                                                         r_ptr_gray_sync[4] (net)
                      0.049843    0.000230    0.511373 v _291_/A (sky130_fd_sc_hd__xor2_1)
     3    0.012201    0.201777    0.195160    0.706533 ^ _291_/X (sky130_fd_sc_hd__xor2_1)
                                                         _171_ (net)
                      0.201778    0.000292    0.706824 ^ _292_/B (sky130_fd_sc_hd__xnor2_1)
     3    0.010990    0.195893    0.124805    0.831630 ^ _292_/Y (sky130_fd_sc_hd__xnor2_1)
                                                         _172_ (net)
                      0.195894    0.000367    0.831997 ^ _293_/B (sky130_fd_sc_hd__xnor2_1)
     1    0.004955    0.111870    0.090254    0.922251 ^ _293_/Y (sky130_fd_sc_hd__xnor2_1)
                                                         _173_ (net)
                      0.111870    0.000163    0.922415 ^ _297_/S (sky130_fd_sc_hd__mux2_1)
     2    0.007110    0.054715    0.211240    1.133655 v _297_/X (sky130_fd_sc_hd__mux2_1)
                                                         _177_ (net)
                      0.054715    0.000193    1.133847 v _329_/A1 (sky130_fd_sc_hd__a21boi_2)
     3    0.018258    0.172662    0.172309    1.306157 ^ _329_/Y (sky130_fd_sc_hd__a21boi_2)
                                                         _198_ (net)
                      0.172665    0.000618    1.306774 ^ max_cap23/A (sky130_fd_sc_hd__buf_8)
    20    0.119718    0.148566    0.163296    1.470070 ^ max_cap23/X (sky130_fd_sc_hd__buf_8)
                                                         net23 (net)
                      0.148722    0.003942    1.474012 ^ _424_/C (sky130_fd_sc_hd__and4b_4)
     8    0.055979    0.153585    0.239889    1.713901 ^ _424_/X (sky130_fd_sc_hd__and4b_4)
                                                         _240_ (net)
                      0.153700    0.002300    1.716201 ^ _430_/S (sky130_fd_sc_hd__mux2_1)
     1    0.002310    0.036120    0.188669    1.904870 v _430_/X (sky130_fd_sc_hd__mux2_1)
                                                         _053_ (net)
                      0.036120    0.000065    1.904935 v _597_/D (sky130_fd_sc_hd__dfxtp_1)
                                              1.904935   data arrival time

                                 10.000000   10.000000   clock wclk (rise edge)
                                  0.000000   10.000000   clock source latency
     1    0.021811    0.000000    0.000000   10.000000 ^ wclk (in)
                                                         wclk (net)
                      0.002573    0.001286   10.001287 ^ clkbuf_0_wclk/A (sky130_fd_sc_hd__clkbuf_16)
    16    0.119684    0.103747    0.131487   10.132773 ^ clkbuf_0_wclk/X (sky130_fd_sc_hd__clkbuf_16)
                                                         clknet_0_wclk (net)
                      0.103905    0.003298   10.136071 ^ clkbuf_4_8_0_wclk/A (sky130_fd_sc_hd__clkbuf_8)
    13    0.036805    0.057851    0.123616   10.259686 ^ clkbuf_4_8_0_wclk/X (sky130_fd_sc_hd__clkbuf_8)
                                                         clknet_4_8_0_wclk (net)
                      0.057867    0.000902   10.260589 ^ _597_/CLK (sky130_fd_sc_hd__dfxtp_1)
                                  0.000000   10.260589   clock reconvergence pessimism
                                 -0.068984   10.191606   library setup time
                                             10.191606   data required time
---------------------------------------------------------------------------------------------
                                             10.191606   data required time
                                             -1.904935   data arrival time
---------------------------------------------------------------------------------------------
                                              8.286671   slack (MET)


Startpoint: _554_ (rising edge-triggered flip-flop clocked by wclk)
Endpoint: _644_ (rising edge-triggered flip-flop clocked by wclk)
Path Group: wclk
Path Type: max

Fanout         Cap        Slew       Delay        Time   Description
---------------------------------------------------------------------------------------------
                                  0.000000    0.000000   clock wclk (rise edge)
                                  0.000000    0.000000   clock source latency
     1    0.021811    0.000000    0.000000    0.000000 ^ wclk (in)
                                                         wclk (net)
                      0.002573    0.001286    0.001286 ^ clkbuf_0_wclk/A (sky130_fd_sc_hd__clkbuf_16)
    16    0.119684    0.103747    0.131486    0.132773 ^ clkbuf_0_wclk/X (sky130_fd_sc_hd__clkbuf_16)
                                                         clknet_0_wclk (net)
                      0.103842    0.002573    0.135346 ^ clkbuf_4_13_0_wclk/A (sky130_fd_sc_hd__clkbuf_8)
    10    0.035195    0.055923    0.122190    0.257536 ^ clkbuf_4_13_0_wclk/X (sky130_fd_sc_hd__clkbuf_8)
                                                         clknet_4_13_0_wclk (net)
                      0.055930    0.000634    0.258170 ^ _554_/CLK (sky130_fd_sc_hd__dfrtp_1)
     2    0.009435    0.049843    0.252974    0.511144 v _554_/Q (sky130_fd_sc_hd__dfrtp_1)
                                                         r_ptr_gray_sync[4] (net)
                      0.049843    0.000230    0.511373 v _291_/A (sky130_fd_sc_hd__xor2_1)
     3    0.012201    0.201777    0.195160    0.706533 ^ _291_/X (sky130_fd_sc_hd__xor2_1)
                                                         _171_ (net)
                      0.201778    0.000292    0.706824 ^ _292_/B (sky130_fd_sc_hd__xnor2_1)
     3    0.010990    0.195893    0.124805    0.831630 ^ _292_/Y (sky130_fd_sc_hd__xnor2_1)
                                                         _172_ (net)
                      0.195894    0.000367    0.831997 ^ _293_/B (sky130_fd_sc_hd__xnor2_1)
     1    0.004955    0.111870    0.090254    0.922251 ^ _293_/Y (sky130_fd_sc_hd__xnor2_1)
                                                         _173_ (net)
                      0.111870    0.000163    0.922415 ^ _297_/S (sky130_fd_sc_hd__mux2_1)
     2    0.007110    0.054715    0.211240    1.133655 v _297_/X (sky130_fd_sc_hd__mux2_1)
                                                         _177_ (net)
                      0.054715    0.000193    1.133847 v _329_/A1 (sky130_fd_sc_hd__a21boi_2)
     3    0.018258    0.172662    0.172309    1.306157 ^ _329_/Y (sky130_fd_sc_hd__a21boi_2)
                                                         _198_ (net)
                      0.172665    0.000618    1.306774 ^ max_cap23/A (sky130_fd_sc_hd__buf_8)
    20    0.119718    0.148566    0.163296    1.470070 ^ max_cap23/X (sky130_fd_sc_hd__buf_8)
                                                         net23 (net)
                      0.148709    0.003779    1.473849 ^ _471_/C (sky130_fd_sc_hd__and4b_4)
     8    0.049236    0.138780    0.227908    1.701757 ^ _471_/X (sky130_fd_sc_hd__and4b_4)
                                                         _247_ (net)
                      0.138814    0.002165    1.703923 ^ _475_/S (sky130_fd_sc_hd__mux2_1)
     1    0.003052    0.039013    0.193059    1.896982 v _475_/X (sky130_fd_sc_hd__mux2_1)
                                                         _091_ (net)
                      0.039013    0.000092    1.897074 v _644_/D (sky130_fd_sc_hd__dfxtp_1)
                                              1.897074   data arrival time

                                 10.000000   10.000000   clock wclk (rise edge)
                                  0.000000   10.000000   clock source latency
     1    0.021811    0.000000    0.000000   10.000000 ^ wclk (in)
                                                         wclk (net)
                      0.002573    0.001286   10.001287 ^ clkbuf_0_wclk/A (sky130_fd_sc_hd__clkbuf_16)
    16    0.119684    0.103747    0.131487   10.132773 ^ clkbuf_0_wclk/X (sky130_fd_sc_hd__clkbuf_16)
                                                         clknet_0_wclk (net)
                      0.103939    0.003623   10.136396 ^ clkbuf_4_3_0_wclk/A (sky130_fd_sc_hd__clkbuf_8)
    10    0.030341    0.050141    0.117939   10.254334 ^ clkbuf_4_3_0_wclk/X (sky130_fd_sc_hd__clkbuf_8)
                                                         clknet_4_3_0_wclk (net)
                      0.050141    0.000309   10.254643 ^ _644_/CLK (sky130_fd_sc_hd__dfxtp_1)
                                  0.000000   10.254643   clock reconvergence pessimism
                                 -0.070760   10.183884   library setup time
                                             10.183884   data required time
---------------------------------------------------------------------------------------------
                                             10.183884   data required time
                                             -1.897074   data arrival time
---------------------------------------------------------------------------------------------
                                              8.286810   slack (MET)


Startpoint: _554_ (rising edge-triggered flip-flop clocked by wclk)
Endpoint: _583_ (rising edge-triggered flip-flop clocked by wclk)
Path Group: wclk
Path Type: max

Fanout         Cap        Slew       Delay        Time   Description
---------------------------------------------------------------------------------------------
                                  0.000000    0.000000   clock wclk (rise edge)
                                  0.000000    0.000000   clock source latency
     1    0.021811    0.000000    0.000000    0.000000 ^ wclk (in)
                                                         wclk (net)
                      0.002573    0.001286    0.001286 ^ clkbuf_0_wclk/A (sky130_fd_sc_hd__clkbuf_16)
    16    0.119684    0.103747    0.131486    0.132773 ^ clkbuf_0_wclk/X (sky130_fd_sc_hd__clkbuf_16)
                                                         clknet_0_wclk (net)
                      0.103842    0.002573    0.135346 ^ clkbuf_4_13_0_wclk/A (sky130_fd_sc_hd__clkbuf_8)
    10    0.035195    0.055923    0.122190    0.257536 ^ clkbuf_4_13_0_wclk/X (sky130_fd_sc_hd__clkbuf_8)
                                                         clknet_4_13_0_wclk (net)
                      0.055930    0.000634    0.258170 ^ _554_/CLK (sky130_fd_sc_hd__dfrtp_1)
     2    0.009435    0.049843    0.252974    0.511144 v _554_/Q (sky130_fd_sc_hd__dfrtp_1)
                                                         r_ptr_gray_sync[4] (net)
                      0.049843    0.000230    0.511373 v _291_/A (sky130_fd_sc_hd__xor2_1)
     3    0.012201    0.201777    0.195160    0.706533 ^ _291_/X (sky130_fd_sc_hd__xor2_1)
                                                         _171_ (net)
                      0.201778    0.000292    0.706824 ^ _292_/B (sky130_fd_sc_hd__xnor2_1)
     3    0.010990    0.195893    0.124805    0.831630 ^ _292_/Y (sky130_fd_sc_hd__xnor2_1)
                                                         _172_ (net)
                      0.195894    0.000367    0.831997 ^ _293_/B (sky130_fd_sc_hd__xnor2_1)
     1    0.004955    0.111870    0.090254    0.922251 ^ _293_/Y (sky130_fd_sc_hd__xnor2_1)
                                                         _173_ (net)
                      0.111870    0.000163    0.922415 ^ _297_/S (sky130_fd_sc_hd__mux2_1)
     2    0.007110    0.054715    0.211240    1.133655 v _297_/X (sky130_fd_sc_hd__mux2_1)
                                                         _177_ (net)
                      0.054715    0.000193    1.133847 v _329_/A1 (sky130_fd_sc_hd__a21boi_2)
     3    0.018258    0.172662    0.172309    1.306157 ^ _329_/Y (sky130_fd_sc_hd__a21boi_2)
                                                         _198_ (net)
                      0.172665    0.000618    1.306774 ^ max_cap23/A (sky130_fd_sc_hd__buf_8)
    20    0.119718    0.148566    0.163296    1.470070 ^ max_cap23/X (sky130_fd_sc_hd__buf_8)
                                                         net23 (net)
                      0.148747    0.004249    1.474319 ^ _406_/C (sky130_fd_sc_hd__and4bb_4)
     8    0.052688    0.146587    0.232295    1.706614 ^ _406_/X (sky130_fd_sc_hd__and4bb_4)
                                                         _238_ (net)
                      0.146726    0.002833    1.709447 ^ _414_/S (sky130_fd_sc_hd__mux2_1)
     1    0.002422    0.036546    0.189272    1.898718 v _414_/X (sky130_fd_sc_hd__mux2_1)
                                                         _039_ (net)
                      0.036546    0.000073    1.898791 v _583_/D (sky130_fd_sc_hd__dfxtp_1)
                                              1.898791   data arrival time

                                 10.000000   10.000000   clock wclk (rise edge)
                                  0.000000   10.000000   clock source latency
     1    0.021811    0.000000    0.000000   10.000000 ^ wclk (in)
                                                         wclk (net)
                      0.002573    0.001286   10.001287 ^ clkbuf_0_wclk/A (sky130_fd_sc_hd__clkbuf_16)
    16    0.119684    0.103747    0.131487   10.132773 ^ clkbuf_0_wclk/X (sky130_fd_sc_hd__clkbuf_16)
                                                         clknet_0_wclk (net)
                      0.103898    0.003217   10.135990 ^ clkbuf_4_9_0_wclk/A (sky130_fd_sc_hd__clkbuf_8)
     9    0.031545    0.051576    0.119020   10.255011 ^ clkbuf_4_9_0_wclk/X (sky130_fd_sc_hd__clkbuf_8)
                                                         clknet_4_9_0_wclk (net)
                      0.051580    0.000523   10.255533 ^ _583_/CLK (sky130_fd_sc_hd__dfxtp_1)
                                  0.000000   10.255533   clock reconvergence pessimism
                                 -0.069741   10.185792   library setup time
                                             10.185792   data required time
---------------------------------------------------------------------------------------------
                                             10.185792   data required time
                                             -1.898791   data arrival time
---------------------------------------------------------------------------------------------
                                              8.287002   slack (MET)


Startpoint: _554_ (rising edge-triggered flip-flop clocked by wclk)
Endpoint: _668_ (rising edge-triggered flip-flop clocked by wclk)
Path Group: wclk
Path Type: max

Fanout         Cap        Slew       Delay        Time   Description
---------------------------------------------------------------------------------------------
                                  0.000000    0.000000   clock wclk (rise edge)
                                  0.000000    0.000000   clock source latency
     1    0.021811    0.000000    0.000000    0.000000 ^ wclk (in)
                                                         wclk (net)
                      0.002573    0.001286    0.001286 ^ clkbuf_0_wclk/A (sky130_fd_sc_hd__clkbuf_16)
    16    0.119684    0.103747    0.131486    0.132773 ^ clkbuf_0_wclk/X (sky130_fd_sc_hd__clkbuf_16)
                                                         clknet_0_wclk (net)
                      0.103842    0.002573    0.135346 ^ clkbuf_4_13_0_wclk/A (sky130_fd_sc_hd__clkbuf_8)
    10    0.035195    0.055923    0.122190    0.257536 ^ clkbuf_4_13_0_wclk/X (sky130_fd_sc_hd__clkbuf_8)
                                                         clknet_4_13_0_wclk (net)
                      0.055930    0.000634    0.258170 ^ _554_/CLK (sky130_fd_sc_hd__dfrtp_1)
     2    0.009435    0.049843    0.252974    0.511144 v _554_/Q (sky130_fd_sc_hd__dfrtp_1)
                                                         r_ptr_gray_sync[4] (net)
                      0.049843    0.000230    0.511373 v _291_/A (sky130_fd_sc_hd__xor2_1)
     3    0.012201    0.201777    0.195160    0.706533 ^ _291_/X (sky130_fd_sc_hd__xor2_1)
                                                         _171_ (net)
                      0.201778    0.000292    0.706824 ^ _292_/B (sky130_fd_sc_hd__xnor2_1)
     3    0.010990    0.195893    0.124805    0.831630 ^ _292_/Y (sky130_fd_sc_hd__xnor2_1)
                                                         _172_ (net)
                      0.195894    0.000367    0.831997 ^ _293_/B (sky130_fd_sc_hd__xnor2_1)
     1    0.004955    0.111870    0.090254    0.922251 ^ _293_/Y (sky130_fd_sc_hd__xnor2_1)
                                                         _173_ (net)
                      0.111870    0.000163    0.922415 ^ _297_/S (sky130_fd_sc_hd__mux2_1)
     2    0.007110    0.054715    0.211240    1.133655 v _297_/X (sky130_fd_sc_hd__mux2_1)
                                                         _177_ (net)
                      0.054715    0.000193    1.133847 v _329_/A1 (sky130_fd_sc_hd__a21boi_2)
     3    0.018258    0.172662    0.172309    1.306157 ^ _329_/Y (sky130_fd_sc_hd__a21boi_2)
                                                         _198_ (net)
                      0.172665    0.000618    1.306774 ^ max_cap23/A (sky130_fd_sc_hd__buf_8)
    20    0.119718    0.148566    0.163296    1.470070 ^ max_cap23/X (sky130_fd_sc_hd__buf_8)
                                                         net23 (net)
                      0.148647    0.002863    1.472934 ^ _489_/C (sky130_fd_sc_hd__and4bb_4)
     8    0.053144    0.147241    0.232441    1.705374 ^ _489_/X (sky130_fd_sc_hd__and4bb_4)
                                                         _249_ (net)
                      0.147453    0.003923    1.709297 ^ _492_/S (sky130_fd_sc_hd__mux2_1)
     1    0.003002    0.038783    0.192841    1.902138 v _492_/X (sky130_fd_sc_hd__mux2_1)
                                                         _106_ (net)
                      0.038783    0.000097    1.902235 v _668_/D (sky130_fd_sc_hd__dfxtp_1)
                                              1.902235   data arrival time

                                 10.000000   10.000000   clock wclk (rise edge)
                                  0.000000   10.000000   clock source latency
     1    0.021811    0.000000    0.000000   10.000000 ^ wclk (in)
                                                         wclk (net)
                      0.002573    0.001286   10.001287 ^ clkbuf_0_wclk/A (sky130_fd_sc_hd__clkbuf_16)
    16    0.119684    0.103747    0.131487   10.132773 ^ clkbuf_0_wclk/X (sky130_fd_sc_hd__clkbuf_16)
                                                         clknet_0_wclk (net)
                      0.103986    0.004027   10.136800 ^ clkbuf_4_0_0_wclk/A (sky130_fd_sc_hd__clkbuf_8)
    12    0.035983    0.056849    0.122812   10.259612 ^ clkbuf_4_0_0_wclk/X (sky130_fd_sc_hd__clkbuf_8)
                                                         clknet_4_0_0_wclk (net)
                      0.056850    0.000385   10.259997 ^ _668_/CLK (sky130_fd_sc_hd__dfxtp_1)
                                  0.000000   10.259997   clock reconvergence pessimism
                                 -0.070032   10.189965   library setup time
                                             10.189965   data required time
---------------------------------------------------------------------------------------------
                                             10.189965   data required time
                                             -1.902235   data arrival time
---------------------------------------------------------------------------------------------
                                              8.287731   slack (MET)


Startpoint: _554_ (rising edge-triggered flip-flop clocked by wclk)
Endpoint: _582_ (rising edge-triggered flip-flop clocked by wclk)
Path Group: wclk
Path Type: max

Fanout         Cap        Slew       Delay        Time   Description
---------------------------------------------------------------------------------------------
                                  0.000000    0.000000   clock wclk (rise edge)
                                  0.000000    0.000000   clock source latency
     1    0.021811    0.000000    0.000000    0.000000 ^ wclk (in)
                                                         wclk (net)
                      0.002573    0.001286    0.001286 ^ clkbuf_0_wclk/A (sky130_fd_sc_hd__clkbuf_16)
    16    0.119684    0.103747    0.131486    0.132773 ^ clkbuf_0_wclk/X (sky130_fd_sc_hd__clkbuf_16)
                                                         clknet_0_wclk (net)
                      0.103842    0.002573    0.135346 ^ clkbuf_4_13_0_wclk/A (sky130_fd_sc_hd__clkbuf_8)
    10    0.035195    0.055923    0.122190    0.257536 ^ clkbuf_4_13_0_wclk/X (sky130_fd_sc_hd__clkbuf_8)
                                                         clknet_4_13_0_wclk (net)
                      0.055930    0.000634    0.258170 ^ _554_/CLK (sky130_fd_sc_hd__dfrtp_1)
     2    0.009435    0.049843    0.252974    0.511144 v _554_/Q (sky130_fd_sc_hd__dfrtp_1)
                                                         r_ptr_gray_sync[4] (net)
                      0.049843    0.000230    0.511373 v _291_/A (sky130_fd_sc_hd__xor2_1)
     3    0.012201    0.201777    0.195160    0.706533 ^ _291_/X (sky130_fd_sc_hd__xor2_1)
                                                         _171_ (net)
                      0.201778    0.000292    0.706824 ^ _292_/B (sky130_fd_sc_hd__xnor2_1)
     3    0.010990    0.195893    0.124805    0.831630 ^ _292_/Y (sky130_fd_sc_hd__xnor2_1)
                                                         _172_ (net)
                      0.195894    0.000367    0.831997 ^ _293_/B (sky130_fd_sc_hd__xnor2_1)
     1    0.004955    0.111870    0.090254    0.922251 ^ _293_/Y (sky130_fd_sc_hd__xnor2_1)
                                                         _173_ (net)
                      0.111870    0.000163    0.922415 ^ _297_/S (sky130_fd_sc_hd__mux2_1)
     2    0.007110    0.054715    0.211240    1.133655 v _297_/X (sky130_fd_sc_hd__mux2_1)
                                                         _177_ (net)
                      0.054715    0.000193    1.133847 v _329_/A1 (sky130_fd_sc_hd__a21boi_2)
     3    0.018258    0.172662    0.172309    1.306157 ^ _329_/Y (sky130_fd_sc_hd__a21boi_2)
                                                         _198_ (net)
                      0.172665    0.000618    1.306774 ^ max_cap23/A (sky130_fd_sc_hd__buf_8)
    20    0.119718    0.148566    0.163296    1.470070 ^ max_cap23/X (sky130_fd_sc_hd__buf_8)
                                                         net23 (net)
                      0.148747    0.004249    1.474319 ^ _406_/C (sky130_fd_sc_hd__and4bb_4)
     8    0.052688    0.146587    0.232295    1.706614 ^ _406_/X (sky130_fd_sc_hd__and4bb_4)
                                                         _238_ (net)
                      0.146731    0.002931    1.709545 ^ _413_/S (sky130_fd_sc_hd__mux2_1)
     1    0.002912    0.038392    0.192284    1.901828 v _413_/X (sky130_fd_sc_hd__mux2_1)
                                                         _038_ (net)
                      0.038392    0.000090    1.901918 v _582_/D (sky130_fd_sc_hd__dfxtp_1)
                                              1.901918   data arrival time

                                 10.000000   10.000000   clock wclk (rise edge)
                                  0.000000   10.000000   clock source latency
     1    0.021811    0.000000    0.000000   10.000000 ^ wclk (in)
                                                         wclk (net)
                      0.002573    0.001286   10.001287 ^ clkbuf_0_wclk/A (sky130_fd_sc_hd__clkbuf_16)
    16    0.119684    0.103747    0.131487   10.132773 ^ clkbuf_0_wclk/X (sky130_fd_sc_hd__clkbuf_16)
                                                         clknet_0_wclk (net)
                      0.103920    0.003438   10.136211 ^ clkbuf_4_11_0_wclk/A (sky130_fd_sc_hd__clkbuf_8)
    11    0.035993    0.056877    0.122907   10.259118 ^ clkbuf_4_11_0_wclk/X (sky130_fd_sc_hd__clkbuf_8)
                                                         clknet_4_11_0_wclk (net)
                      0.056882    0.000560   10.259679 ^ _582_/CLK (sky130_fd_sc_hd__dfxtp_1)
                                  0.000000   10.259679   clock reconvergence pessimism
                                 -0.069889   10.189790   library setup time
                                             10.189790   data required time
---------------------------------------------------------------------------------------------
                                             10.189790   data required time
                                             -1.901918   data arrival time
---------------------------------------------------------------------------------------------
                                              8.287872   slack (MET)


Startpoint: _554_ (rising edge-triggered flip-flop clocked by wclk)
Endpoint: _672_ (rising edge-triggered flip-flop clocked by wclk)
Path Group: wclk
Path Type: max

Fanout         Cap        Slew       Delay        Time   Description
---------------------------------------------------------------------------------------------
                                  0.000000    0.000000   clock wclk (rise edge)
                                  0.000000    0.000000   clock source latency
     1    0.021811    0.000000    0.000000    0.000000 ^ wclk (in)
                                                         wclk (net)
                      0.002573    0.001286    0.001286 ^ clkbuf_0_wclk/A (sky130_fd_sc_hd__clkbuf_16)
    16    0.119684    0.103747    0.131486    0.132773 ^ clkbuf_0_wclk/X (sky130_fd_sc_hd__clkbuf_16)
                                                         clknet_0_wclk (net)
                      0.103842    0.002573    0.135346 ^ clkbuf_4_13_0_wclk/A (sky130_fd_sc_hd__clkbuf_8)
    10    0.035195    0.055923    0.122190    0.257536 ^ clkbuf_4_13_0_wclk/X (sky130_fd_sc_hd__clkbuf_8)
                                                         clknet_4_13_0_wclk (net)
                      0.055930    0.000634    0.258170 ^ _554_/CLK (sky130_fd_sc_hd__dfrtp_1)
     2    0.009435    0.049843    0.252974    0.511144 v _554_/Q (sky130_fd_sc_hd__dfrtp_1)
                                                         r_ptr_gray_sync[4] (net)
                      0.049843    0.000230    0.511373 v _291_/A (sky130_fd_sc_hd__xor2_1)
     3    0.012201    0.201777    0.195160    0.706533 ^ _291_/X (sky130_fd_sc_hd__xor2_1)
                                                         _171_ (net)
                      0.201778    0.000292    0.706824 ^ _292_/B (sky130_fd_sc_hd__xnor2_1)
     3    0.010990    0.195893    0.124805    0.831630 ^ _292_/Y (sky130_fd_sc_hd__xnor2_1)
                                                         _172_ (net)
                      0.195894    0.000367    0.831997 ^ _293_/B (sky130_fd_sc_hd__xnor2_1)
     1    0.004955    0.111870    0.090254    0.922251 ^ _293_/Y (sky130_fd_sc_hd__xnor2_1)
                                                         _173_ (net)
                      0.111870    0.000163    0.922415 ^ _297_/S (sky130_fd_sc_hd__mux2_1)
     2    0.007110    0.054715    0.211240    1.133655 v _297_/X (sky130_fd_sc_hd__mux2_1)
                                                         _177_ (net)
                      0.054715    0.000193    1.133847 v _329_/A1 (sky130_fd_sc_hd__a21boi_2)
     3    0.018258    0.172662    0.172309    1.306157 ^ _329_/Y (sky130_fd_sc_hd__a21boi_2)
                                                         _198_ (net)
                      0.172665    0.000618    1.306774 ^ max_cap23/A (sky130_fd_sc_hd__buf_8)
    20    0.119718    0.148566    0.163296    1.470070 ^ max_cap23/X (sky130_fd_sc_hd__buf_8)
                                                         net23 (net)
                      0.148647    0.002863    1.472934 ^ _489_/C (sky130_fd_sc_hd__and4bb_4)
     8    0.053144    0.147241    0.232441    1.705374 ^ _489_/X (sky130_fd_sc_hd__and4bb_4)
                                                         _249_ (net)
                      0.147458    0.003985    1.709359 ^ _496_/S (sky130_fd_sc_hd__mux2_1)
     1    0.002752    0.037767    0.191310    1.900669 v _496_/X (sky130_fd_sc_hd__mux2_1)
                                                         _110_ (net)
                      0.037767    0.000082    1.900752 v _672_/D (sky130_fd_sc_hd__dfxtp_1)
                                              1.900752   data arrival time

                                 10.000000   10.000000   clock wclk (rise edge)
                                  0.000000   10.000000   clock source latency
     1    0.021811    0.000000    0.000000   10.000000 ^ wclk (in)
                                                         wclk (net)
                      0.002573    0.001286   10.001287 ^ clkbuf_0_wclk/A (sky130_fd_sc_hd__clkbuf_16)
    16    0.119684    0.103747    0.131487   10.132773 ^ clkbuf_0_wclk/X (sky130_fd_sc_hd__clkbuf_16)
                                                         clknet_0_wclk (net)
                      0.103937    0.003606   10.136379 ^ clkbuf_4_2_0_wclk/A (sky130_fd_sc_hd__clkbuf_8)
    12    0.036035    0.056886    0.122682   10.259062 ^ clkbuf_4_2_0_wclk/X (sky130_fd_sc_hd__clkbuf_8)
                                                         clknet_4_2_0_wclk (net)
                      0.056903    0.000998   10.260059 ^ _672_/CLK (sky130_fd_sc_hd__dfxtp_1)
                                  0.000000   10.260059   clock reconvergence pessimism
                                 -0.069664   10.190395   library setup time
                                             10.190395   data required time
---------------------------------------------------------------------------------------------
                                             10.190395   data required time
                                             -1.900752   data arrival time
---------------------------------------------------------------------------------------------
                                              8.289644   slack (MET)


Startpoint: _554_ (rising edge-triggered flip-flop clocked by wclk)
Endpoint: _565_ (rising edge-triggered flip-flop clocked by wclk)
Path Group: wclk
Path Type: max

Fanout         Cap        Slew       Delay        Time   Description
---------------------------------------------------------------------------------------------
                                  0.000000    0.000000   clock wclk (rise edge)
                                  0.000000    0.000000   clock source latency
     1    0.021811    0.000000    0.000000    0.000000 ^ wclk (in)
                                                         wclk (net)
                      0.002573    0.001286    0.001286 ^ clkbuf_0_wclk/A (sky130_fd_sc_hd__clkbuf_16)
    16    0.119684    0.103747    0.131486    0.132773 ^ clkbuf_0_wclk/X (sky130_fd_sc_hd__clkbuf_16)
                                                         clknet_0_wclk (net)
                      0.103842    0.002573    0.135346 ^ clkbuf_4_13_0_wclk/A (sky130_fd_sc_hd__clkbuf_8)
    10    0.035195    0.055923    0.122190    0.257536 ^ clkbuf_4_13_0_wclk/X (sky130_fd_sc_hd__clkbuf_8)
                                                         clknet_4_13_0_wclk (net)
                      0.055930    0.000634    0.258170 ^ _554_/CLK (sky130_fd_sc_hd__dfrtp_1)
     2    0.009435    0.049843    0.252974    0.511144 v _554_/Q (sky130_fd_sc_hd__dfrtp_1)
                                                         r_ptr_gray_sync[4] (net)
                      0.049843    0.000230    0.511373 v _291_/A (sky130_fd_sc_hd__xor2_1)
     3    0.012201    0.201777    0.195160    0.706533 ^ _291_/X (sky130_fd_sc_hd__xor2_1)
                                                         _171_ (net)
                      0.201778    0.000292    0.706824 ^ _292_/B (sky130_fd_sc_hd__xnor2_1)
     3    0.010990    0.195893    0.124805    0.831630 ^ _292_/Y (sky130_fd_sc_hd__xnor2_1)
                                                         _172_ (net)
                      0.195894    0.000367    0.831997 ^ _293_/B (sky130_fd_sc_hd__xnor2_1)
     1    0.004955    0.111870    0.090254    0.922251 ^ _293_/Y (sky130_fd_sc_hd__xnor2_1)
                                                         _173_ (net)
                      0.111870    0.000163    0.922415 ^ _297_/S (sky130_fd_sc_hd__mux2_1)
     2    0.007110    0.054715    0.211240    1.133655 v _297_/X (sky130_fd_sc_hd__mux2_1)
                                                         _177_ (net)
                      0.054715    0.000193    1.133847 v _329_/A1 (sky130_fd_sc_hd__a21boi_2)
     3    0.018258    0.172662    0.172309    1.306157 ^ _329_/Y (sky130_fd_sc_hd__a21boi_2)
                                                         _198_ (net)
                      0.172665    0.000618    1.306774 ^ max_cap23/A (sky130_fd_sc_hd__buf_8)
    20    0.119718    0.148566    0.163296    1.470070 ^ max_cap23/X (sky130_fd_sc_hd__buf_8)
                                                         net23 (net)
                      0.148718    0.003902    1.473972 ^ _388_/C (sky130_fd_sc_hd__and4b_4)
     8    0.050840    0.142894    0.231481    1.705453 ^ _388_/X (sky130_fd_sc_hd__and4b_4)
                                                         _236_ (net)
                      0.142909    0.001518    1.706971 ^ _394_/S (sky130_fd_sc_hd__mux2_1)
     1    0.002319    0.036170    0.188595    1.895566 v _394_/X (sky130_fd_sc_hd__mux2_1)
                                                         _021_ (net)
                      0.036170    0.000066    1.895632 v _565_/D (sky130_fd_sc_hd__dfxtp_1)
                                              1.895632   data arrival time

                                 10.000000   10.000000   clock wclk (rise edge)
                                  0.000000   10.000000   clock source latency
     1    0.021811    0.000000    0.000000   10.000000 ^ wclk (in)
                                                         wclk (net)
                      0.002573    0.001286   10.001287 ^ clkbuf_0_wclk/A (sky130_fd_sc_hd__clkbuf_16)
    16    0.119684    0.103747    0.131487   10.132773 ^ clkbuf_0_wclk/X (sky130_fd_sc_hd__clkbuf_16)
                                                         clknet_0_wclk (net)
                      0.103898    0.003217   10.135990 ^ clkbuf_4_9_0_wclk/A (sky130_fd_sc_hd__clkbuf_8)
     9    0.031545    0.051576    0.119020   10.255011 ^ clkbuf_4_9_0_wclk/X (sky130_fd_sc_hd__clkbuf_8)
                                                         clknet_4_9_0_wclk (net)
                      0.051581    0.000545   10.255556 ^ _565_/CLK (sky130_fd_sc_hd__dfxtp_1)
                                  0.000000   10.255556   clock reconvergence pessimism
                                 -0.069607   10.185949   library setup time
                                             10.185949   data required time
---------------------------------------------------------------------------------------------
                                             10.185949   data required time
                                             -1.895632   data arrival time
---------------------------------------------------------------------------------------------
                                              8.290318   slack (MET)


Startpoint: _554_ (rising edge-triggered flip-flop clocked by wclk)
Endpoint: _564_ (rising edge-triggered flip-flop clocked by wclk)
Path Group: wclk
Path Type: max

Fanout         Cap        Slew       Delay        Time   Description
---------------------------------------------------------------------------------------------
                                  0.000000    0.000000   clock wclk (rise edge)
                                  0.000000    0.000000   clock source latency
     1    0.021811    0.000000    0.000000    0.000000 ^ wclk (in)
                                                         wclk (net)
                      0.002573    0.001286    0.001286 ^ clkbuf_0_wclk/A (sky130_fd_sc_hd__clkbuf_16)
    16    0.119684    0.103747    0.131486    0.132773 ^ clkbuf_0_wclk/X (sky130_fd_sc_hd__clkbuf_16)
                                                         clknet_0_wclk (net)
                      0.103842    0.002573    0.135346 ^ clkbuf_4_13_0_wclk/A (sky130_fd_sc_hd__clkbuf_8)
    10    0.035195    0.055923    0.122190    0.257536 ^ clkbuf_4_13_0_wclk/X (sky130_fd_sc_hd__clkbuf_8)
                                                         clknet_4_13_0_wclk (net)
                      0.055930    0.000634    0.258170 ^ _554_/CLK (sky130_fd_sc_hd__dfrtp_1)
     2    0.009435    0.049843    0.252974    0.511144 v _554_/Q (sky130_fd_sc_hd__dfrtp_1)
                                                         r_ptr_gray_sync[4] (net)
                      0.049843    0.000230    0.511373 v _291_/A (sky130_fd_sc_hd__xor2_1)
     3    0.012201    0.201777    0.195160    0.706533 ^ _291_/X (sky130_fd_sc_hd__xor2_1)
                                                         _171_ (net)
                      0.201778    0.000292    0.706824 ^ _292_/B (sky130_fd_sc_hd__xnor2_1)
     3    0.010990    0.195893    0.124805    0.831630 ^ _292_/Y (sky130_fd_sc_hd__xnor2_1)
                                                         _172_ (net)
                      0.195894    0.000367    0.831997 ^ _293_/B (sky130_fd_sc_hd__xnor2_1)
     1    0.004955    0.111870    0.090254    0.922251 ^ _293_/Y (sky130_fd_sc_hd__xnor2_1)
                                                         _173_ (net)
                      0.111870    0.000163    0.922415 ^ _297_/S (sky130_fd_sc_hd__mux2_1)
     2    0.007110    0.054715    0.211240    1.133655 v _297_/X (sky130_fd_sc_hd__mux2_1)
                                                         _177_ (net)
                      0.054715    0.000193    1.133847 v _329_/A1 (sky130_fd_sc_hd__a21boi_2)
     3    0.018258    0.172662    0.172309    1.306157 ^ _329_/Y (sky130_fd_sc_hd__a21boi_2)
                                                         _198_ (net)
                      0.172665    0.000618    1.306774 ^ max_cap23/A (sky130_fd_sc_hd__buf_8)
    20    0.119718    0.148566    0.163296    1.470070 ^ max_cap23/X (sky130_fd_sc_hd__buf_8)
                                                         net23 (net)
                      0.148718    0.003902    1.473972 ^ _388_/C (sky130_fd_sc_hd__and4b_4)
     8    0.050840    0.142894    0.231481    1.705453 ^ _388_/X (sky130_fd_sc_hd__and4b_4)
                                                         _236_ (net)
                      0.142910    0.001561    1.707014 ^ _393_/S (sky130_fd_sc_hd__mux2_1)
     1    0.002283    0.036007    0.188376    1.895389 v _393_/X (sky130_fd_sc_hd__mux2_1)
                                                         _020_ (net)
                      0.036007    0.000066    1.895456 v _564_/D (sky130_fd_sc_hd__dfxtp_1)
                                              1.895456   data arrival time

                                 10.000000   10.000000   clock wclk (rise edge)
                                  0.000000   10.000000   clock source latency
     1    0.021811    0.000000    0.000000   10.000000 ^ wclk (in)
                                                         wclk (net)
                      0.002573    0.001286   10.001287 ^ clkbuf_0_wclk/A (sky130_fd_sc_hd__clkbuf_16)
    16    0.119684    0.103747    0.131487   10.132773 ^ clkbuf_0_wclk/X (sky130_fd_sc_hd__clkbuf_16)
                                                         clknet_0_wclk (net)
                      0.103898    0.003217   10.135990 ^ clkbuf_4_9_0_wclk/A (sky130_fd_sc_hd__clkbuf_8)
     9    0.031545    0.051576    0.119020   10.255011 ^ clkbuf_4_9_0_wclk/X (sky130_fd_sc_hd__clkbuf_8)
                                                         clknet_4_9_0_wclk (net)
                      0.051580    0.000520   10.255531 ^ _564_/CLK (sky130_fd_sc_hd__dfxtp_1)
                                  0.000000   10.255531   clock reconvergence pessimism
                                 -0.069549   10.185982   library setup time
                                             10.185982   data required time
---------------------------------------------------------------------------------------------
                                             10.185982   data required time
                                             -1.895456   data arrival time
---------------------------------------------------------------------------------------------
                                              8.290526   slack (MET)


Startpoint: _554_ (rising edge-triggered flip-flop clocked by wclk)
Endpoint: _581_ (rising edge-triggered flip-flop clocked by wclk)
Path Group: wclk
Path Type: max

Fanout         Cap        Slew       Delay        Time   Description
---------------------------------------------------------------------------------------------
                                  0.000000    0.000000   clock wclk (rise edge)
                                  0.000000    0.000000   clock source latency
     1    0.021811    0.000000    0.000000    0.000000 ^ wclk (in)
                                                         wclk (net)
                      0.002573    0.001286    0.001286 ^ clkbuf_0_wclk/A (sky130_fd_sc_hd__clkbuf_16)
    16    0.119684    0.103747    0.131486    0.132773 ^ clkbuf_0_wclk/X (sky130_fd_sc_hd__clkbuf_16)
                                                         clknet_0_wclk (net)
                      0.103842    0.002573    0.135346 ^ clkbuf_4_13_0_wclk/A (sky130_fd_sc_hd__clkbuf_8)
    10    0.035195    0.055923    0.122190    0.257536 ^ clkbuf_4_13_0_wclk/X (sky130_fd_sc_hd__clkbuf_8)
                                                         clknet_4_13_0_wclk (net)
                      0.055930    0.000634    0.258170 ^ _554_/CLK (sky130_fd_sc_hd__dfrtp_1)
     2    0.009435    0.049843    0.252974    0.511144 v _554_/Q (sky130_fd_sc_hd__dfrtp_1)
                                                         r_ptr_gray_sync[4] (net)
                      0.049843    0.000230    0.511373 v _291_/A (sky130_fd_sc_hd__xor2_1)
     3    0.012201    0.201777    0.195160    0.706533 ^ _291_/X (sky130_fd_sc_hd__xor2_1)
                                                         _171_ (net)
                      0.201778    0.000292    0.706824 ^ _292_/B (sky130_fd_sc_hd__xnor2_1)
     3    0.010990    0.195893    0.124805    0.831630 ^ _292_/Y (sky130_fd_sc_hd__xnor2_1)
                                                         _172_ (net)
                      0.195894    0.000367    0.831997 ^ _293_/B (sky130_fd_sc_hd__xnor2_1)
     1    0.004955    0.111870    0.090254    0.922251 ^ _293_/Y (sky130_fd_sc_hd__xnor2_1)
                                                         _173_ (net)
                      0.111870    0.000163    0.922415 ^ _297_/S (sky130_fd_sc_hd__mux2_1)
     2    0.007110    0.054715    0.211240    1.133655 v _297_/X (sky130_fd_sc_hd__mux2_1)
                                                         _177_ (net)
                      0.054715    0.000193    1.133847 v _329_/A1 (sky130_fd_sc_hd__a21boi_2)
     3    0.018258    0.172662    0.172309    1.306157 ^ _329_/Y (sky130_fd_sc_hd__a21boi_2)
                                                         _198_ (net)
                      0.172665    0.000618    1.306774 ^ max_cap23/A (sky130_fd_sc_hd__buf_8)
    20    0.119718    0.148566    0.163296    1.470070 ^ max_cap23/X (sky130_fd_sc_hd__buf_8)
                                                         net23 (net)
                      0.148747    0.004249    1.474319 ^ _406_/C (sky130_fd_sc_hd__and4bb_4)
     8    0.052688    0.146587    0.232295    1.706614 ^ _406_/X (sky130_fd_sc_hd__and4bb_4)
                                                         _238_ (net)
                      0.146683    0.001954    1.708567 ^ _412_/S (sky130_fd_sc_hd__mux2_1)
     1    0.002253    0.035919    0.188242    1.896809 v _412_/X (sky130_fd_sc_hd__mux2_1)
                                                         _037_ (net)
                      0.035919    0.000044    1.896853 v _581_/D (sky130_fd_sc_hd__dfxtp_1)
                                              1.896853   data arrival time

                                 10.000000   10.000000   clock wclk (rise edge)
                                  0.000000   10.000000   clock source latency
     1    0.021811    0.000000    0.000000   10.000000 ^ wclk (in)
                                                         wclk (net)
                      0.002573    0.001286   10.001287 ^ clkbuf_0_wclk/A (sky130_fd_sc_hd__clkbuf_16)
    16    0.119684    0.103747    0.131487   10.132773 ^ clkbuf_0_wclk/X (sky130_fd_sc_hd__clkbuf_16)
                                                         clknet_0_wclk (net)
                      0.103830    0.002401   10.135174 ^ clkbuf_4_12_0_wclk/A (sky130_fd_sc_hd__clkbuf_8)
     8    0.033217    0.053510    0.120131   10.255305 ^ clkbuf_4_12_0_wclk/X (sky130_fd_sc_hd__clkbuf_8)
                                                         clknet_4_12_0_wclk (net)
                      0.053557    0.001407   10.256712 ^ _581_/CLK (sky130_fd_sc_hd__dfxtp_1)
                                  0.000000   10.256712   clock reconvergence pessimism
                                 -0.069327   10.187386   library setup time
                                             10.187386   data required time
---------------------------------------------------------------------------------------------
                                             10.187386   data required time
                                             -1.896853   data arrival time
---------------------------------------------------------------------------------------------
                                              8.290532   slack (MET)


Startpoint: _554_ (rising edge-triggered flip-flop clocked by wclk)
Endpoint: _667_ (rising edge-triggered flip-flop clocked by wclk)
Path Group: wclk
Path Type: max

Fanout         Cap        Slew       Delay        Time   Description
---------------------------------------------------------------------------------------------
                                  0.000000    0.000000   clock wclk (rise edge)
                                  0.000000    0.000000   clock source latency
     1    0.021811    0.000000    0.000000    0.000000 ^ wclk (in)
                                                         wclk (net)
                      0.002573    0.001286    0.001286 ^ clkbuf_0_wclk/A (sky130_fd_sc_hd__clkbuf_16)
    16    0.119684    0.103747    0.131486    0.132773 ^ clkbuf_0_wclk/X (sky130_fd_sc_hd__clkbuf_16)
                                                         clknet_0_wclk (net)
                      0.103842    0.002573    0.135346 ^ clkbuf_4_13_0_wclk/A (sky130_fd_sc_hd__clkbuf_8)
    10    0.035195    0.055923    0.122190    0.257536 ^ clkbuf_4_13_0_wclk/X (sky130_fd_sc_hd__clkbuf_8)
                                                         clknet_4_13_0_wclk (net)
                      0.055930    0.000634    0.258170 ^ _554_/CLK (sky130_fd_sc_hd__dfrtp_1)
     2    0.009435    0.049843    0.252974    0.511144 v _554_/Q (sky130_fd_sc_hd__dfrtp_1)
                                                         r_ptr_gray_sync[4] (net)
                      0.049843    0.000230    0.511373 v _291_/A (sky130_fd_sc_hd__xor2_1)
     3    0.012201    0.201777    0.195160    0.706533 ^ _291_/X (sky130_fd_sc_hd__xor2_1)
                                                         _171_ (net)
                      0.201778    0.000292    0.706824 ^ _292_/B (sky130_fd_sc_hd__xnor2_1)
     3    0.010990    0.195893    0.124805    0.831630 ^ _292_/Y (sky130_fd_sc_hd__xnor2_1)
                                                         _172_ (net)
                      0.195894    0.000367    0.831997 ^ _293_/B (sky130_fd_sc_hd__xnor2_1)
     1    0.004955    0.111870    0.090254    0.922251 ^ _293_/Y (sky130_fd_sc_hd__xnor2_1)
                                                         _173_ (net)
                      0.111870    0.000163    0.922415 ^ _297_/S (sky130_fd_sc_hd__mux2_1)
     2    0.007110    0.054715    0.211240    1.133655 v _297_/X (sky130_fd_sc_hd__mux2_1)
                                                         _177_ (net)
                      0.054715    0.000193    1.133847 v _329_/A1 (sky130_fd_sc_hd__a21boi_2)
     3    0.018258    0.172662    0.172309    1.306157 ^ _329_/Y (sky130_fd_sc_hd__a21boi_2)
                                                         _198_ (net)
                      0.172665    0.000618    1.306774 ^ max_cap23/A (sky130_fd_sc_hd__buf_8)
    20    0.119718    0.148566    0.163296    1.470070 ^ max_cap23/X (sky130_fd_sc_hd__buf_8)
                                                         net23 (net)
                      0.148647    0.002863    1.472934 ^ _489_/C (sky130_fd_sc_hd__and4bb_4)
     8    0.053144    0.147241    0.232441    1.705374 ^ _489_/X (sky130_fd_sc_hd__and4bb_4)
                                                         _249_ (net)
                      0.147349    0.002276    1.707650 ^ _491_/S (sky130_fd_sc_hd__mux2_1)
     1    0.002301    0.036096    0.188533    1.896183 v _491_/X (sky130_fd_sc_hd__mux2_1)
                                                         _105_ (net)
                      0.036096    0.000067    1.896250 v _667_/D (sky130_fd_sc_hd__dfxtp_1)
                                              1.896250   data arrival time

                                 10.000000   10.000000   clock wclk (rise edge)
                                  0.000000   10.000000   clock source latency
     1    0.021811    0.000000    0.000000   10.000000 ^ wclk (in)
                                                         wclk (net)
                      0.002573    0.001286   10.001287 ^ clkbuf_0_wclk/A (sky130_fd_sc_hd__clkbuf_16)
    16    0.119684    0.103747    0.131487   10.132773 ^ clkbuf_0_wclk/X (sky130_fd_sc_hd__clkbuf_16)
                                                         clknet_0_wclk (net)
                      0.103845    0.002608   10.135381 ^ clkbuf_4_5_0_wclk/A (sky130_fd_sc_hd__clkbuf_8)
     8    0.033301    0.053662    0.120536   10.255918 ^ clkbuf_4_5_0_wclk/X (sky130_fd_sc_hd__clkbuf_8)
                                                         clknet_4_5_0_wclk (net)
                      0.053667    0.000579   10.256496 ^ _667_/CLK (sky130_fd_sc_hd__dfxtp_1)
                                  0.000000   10.256496   clock reconvergence pessimism
                                 -0.069380   10.187118   library setup time
                                             10.187118   data required time
---------------------------------------------------------------------------------------------
                                             10.187118   data required time
                                             -1.896250   data arrival time
---------------------------------------------------------------------------------------------
                                              8.290867   slack (MET)


Startpoint: _554_ (rising edge-triggered flip-flop clocked by wclk)
Endpoint: _562_ (rising edge-triggered flip-flop clocked by wclk)
Path Group: wclk
Path Type: max

Fanout         Cap        Slew       Delay        Time   Description
---------------------------------------------------------------------------------------------
                                  0.000000    0.000000   clock wclk (rise edge)
                                  0.000000    0.000000   clock source latency
     1    0.021811    0.000000    0.000000    0.000000 ^ wclk (in)
                                                         wclk (net)
                      0.002573    0.001286    0.001286 ^ clkbuf_0_wclk/A (sky130_fd_sc_hd__clkbuf_16)
    16    0.119684    0.103747    0.131486    0.132773 ^ clkbuf_0_wclk/X (sky130_fd_sc_hd__clkbuf_16)
                                                         clknet_0_wclk (net)
                      0.103842    0.002573    0.135346 ^ clkbuf_4_13_0_wclk/A (sky130_fd_sc_hd__clkbuf_8)
    10    0.035195    0.055923    0.122190    0.257536 ^ clkbuf_4_13_0_wclk/X (sky130_fd_sc_hd__clkbuf_8)
                                                         clknet_4_13_0_wclk (net)
                      0.055930    0.000634    0.258170 ^ _554_/CLK (sky130_fd_sc_hd__dfrtp_1)
     2    0.009435    0.049843    0.252974    0.511144 v _554_/Q (sky130_fd_sc_hd__dfrtp_1)
                                                         r_ptr_gray_sync[4] (net)
                      0.049843    0.000230    0.511373 v _291_/A (sky130_fd_sc_hd__xor2_1)
     3    0.012201    0.201777    0.195160    0.706533 ^ _291_/X (sky130_fd_sc_hd__xor2_1)
                                                         _171_ (net)
                      0.201778    0.000292    0.706824 ^ _292_/B (sky130_fd_sc_hd__xnor2_1)
     3    0.010990    0.195893    0.124805    0.831630 ^ _292_/Y (sky130_fd_sc_hd__xnor2_1)
                                                         _172_ (net)
                      0.195894    0.000367    0.831997 ^ _293_/B (sky130_fd_sc_hd__xnor2_1)
     1    0.004955    0.111870    0.090254    0.922251 ^ _293_/Y (sky130_fd_sc_hd__xnor2_1)
                                                         _173_ (net)
                      0.111870    0.000163    0.922415 ^ _297_/S (sky130_fd_sc_hd__mux2_1)
     2    0.007110    0.054715    0.211240    1.133655 v _297_/X (sky130_fd_sc_hd__mux2_1)
                                                         _177_ (net)
                      0.054715    0.000193    1.133847 v _329_/A1 (sky130_fd_sc_hd__a21boi_2)
     3    0.018258    0.172662    0.172309    1.306157 ^ _329_/Y (sky130_fd_sc_hd__a21boi_2)
                                                         _198_ (net)
                      0.172665    0.000618    1.306774 ^ max_cap23/A (sky130_fd_sc_hd__buf_8)
    20    0.119718    0.148566    0.163296    1.470070 ^ max_cap23/X (sky130_fd_sc_hd__buf_8)
                                                         net23 (net)
                      0.148718    0.003902    1.473972 ^ _388_/C (sky130_fd_sc_hd__and4b_4)
     8    0.050840    0.142894    0.231481    1.705453 ^ _388_/X (sky130_fd_sc_hd__and4b_4)
                                                         _236_ (net)
                      0.142917    0.001805    1.707258 ^ _391_/S (sky130_fd_sc_hd__mux2_1)
     1    0.002849    0.038131    0.191848    1.899105 v _391_/X (sky130_fd_sc_hd__mux2_1)
                                                         _018_ (net)
                      0.038131    0.000087    1.899192 v _562_/D (sky130_fd_sc_hd__dfxtp_1)
                                              1.899192   data arrival time

                                 10.000000   10.000000   clock wclk (rise edge)
                                  0.000000   10.000000   clock source latency
     1    0.021811    0.000000    0.000000   10.000000 ^ wclk (in)
                                                         wclk (net)
                      0.002573    0.001286   10.001287 ^ clkbuf_0_wclk/A (sky130_fd_sc_hd__clkbuf_16)
    16    0.119684    0.103747    0.131487   10.132773 ^ clkbuf_0_wclk/X (sky130_fd_sc_hd__clkbuf_16)
                                                         clknet_0_wclk (net)
                      0.103905    0.003298   10.136071 ^ clkbuf_4_8_0_wclk/A (sky130_fd_sc_hd__clkbuf_8)
    13    0.036805    0.057851    0.123616   10.259686 ^ clkbuf_4_8_0_wclk/X (sky130_fd_sc_hd__clkbuf_8)
                                                         clknet_4_8_0_wclk (net)
                      0.057858    0.000657   10.260344 ^ _562_/CLK (sky130_fd_sc_hd__dfxtp_1)
                                  0.000000   10.260344   clock reconvergence pessimism
                                 -0.069702   10.190641   library setup time
                                             10.190641   data required time
---------------------------------------------------------------------------------------------
                                             10.190641   data required time
                                             -1.899192   data arrival time
---------------------------------------------------------------------------------------------
                                              8.291450   slack (MET)


Startpoint: _554_ (rising edge-triggered flip-flop clocked by wclk)
Endpoint: _566_ (rising edge-triggered flip-flop clocked by wclk)
Path Group: wclk
Path Type: max

Fanout         Cap        Slew       Delay        Time   Description
---------------------------------------------------------------------------------------------
                                  0.000000    0.000000   clock wclk (rise edge)
                                  0.000000    0.000000   clock source latency
     1    0.021811    0.000000    0.000000    0.000000 ^ wclk (in)
                                                         wclk (net)
                      0.002573    0.001286    0.001286 ^ clkbuf_0_wclk/A (sky130_fd_sc_hd__clkbuf_16)
    16    0.119684    0.103747    0.131486    0.132773 ^ clkbuf_0_wclk/X (sky130_fd_sc_hd__clkbuf_16)
                                                         clknet_0_wclk (net)
                      0.103842    0.002573    0.135346 ^ clkbuf_4_13_0_wclk/A (sky130_fd_sc_hd__clkbuf_8)
    10    0.035195    0.055923    0.122190    0.257536 ^ clkbuf_4_13_0_wclk/X (sky130_fd_sc_hd__clkbuf_8)
                                                         clknet_4_13_0_wclk (net)
                      0.055930    0.000634    0.258170 ^ _554_/CLK (sky130_fd_sc_hd__dfrtp_1)
     2    0.009435    0.049843    0.252974    0.511144 v _554_/Q (sky130_fd_sc_hd__dfrtp_1)
                                                         r_ptr_gray_sync[4] (net)
                      0.049843    0.000230    0.511373 v _291_/A (sky130_fd_sc_hd__xor2_1)
     3    0.012201    0.201777    0.195160    0.706533 ^ _291_/X (sky130_fd_sc_hd__xor2_1)
                                                         _171_ (net)
                      0.201778    0.000292    0.706824 ^ _292_/B (sky130_fd_sc_hd__xnor2_1)
     3    0.010990    0.195893    0.124805    0.831630 ^ _292_/Y (sky130_fd_sc_hd__xnor2_1)
                                                         _172_ (net)
                      0.195894    0.000367    0.831997 ^ _293_/B (sky130_fd_sc_hd__xnor2_1)
     1    0.004955    0.111870    0.090254    0.922251 ^ _293_/Y (sky130_fd_sc_hd__xnor2_1)
                                                         _173_ (net)
                      0.111870    0.000163    0.922415 ^ _297_/S (sky130_fd_sc_hd__mux2_1)
     2    0.007110    0.054715    0.211240    1.133655 v _297_/X (sky130_fd_sc_hd__mux2_1)
                                                         _177_ (net)
                      0.054715    0.000193    1.133847 v _329_/A1 (sky130_fd_sc_hd__a21boi_2)
     3    0.018258    0.172662    0.172309    1.306157 ^ _329_/Y (sky130_fd_sc_hd__a21boi_2)
                                                         _198_ (net)
                      0.172665    0.000618    1.306774 ^ max_cap23/A (sky130_fd_sc_hd__buf_8)
    20    0.119718    0.148566    0.163296    1.470070 ^ max_cap23/X (sky130_fd_sc_hd__buf_8)
                                                         net23 (net)
                      0.148718    0.003902    1.473972 ^ _388_/C (sky130_fd_sc_hd__and4b_4)
     8    0.050840    0.142894    0.231481    1.705453 ^ _388_/X (sky130_fd_sc_hd__and4b_4)
                                                         _236_ (net)
                      0.142926    0.002076    1.707529 ^ _395_/S (sky130_fd_sc_hd__mux2_1)
     1    0.002565    0.037082    0.190111    1.897641 v _395_/X (sky130_fd_sc_hd__mux2_1)
                                                         _022_ (net)
                      0.037082    0.000073    1.897714 v _566_/D (sky130_fd_sc_hd__dfxtp_1)
                                              1.897714   data arrival time

                                 10.000000   10.000000   clock wclk (rise edge)
                                  0.000000   10.000000   clock source latency
     1    0.021811    0.000000    0.000000   10.000000 ^ wclk (in)
                                                         wclk (net)
                      0.002573    0.001286   10.001287 ^ clkbuf_0_wclk/A (sky130_fd_sc_hd__clkbuf_16)
    16    0.119684    0.103747    0.131487   10.132773 ^ clkbuf_0_wclk/X (sky130_fd_sc_hd__clkbuf_16)
                                                         clknet_0_wclk (net)
                      0.103934    0.003577   10.136350 ^ clkbuf_4_10_0_wclk/A (sky130_fd_sc_hd__clkbuf_8)
    12    0.035330    0.056067    0.122203   10.258553 ^ clkbuf_4_10_0_wclk/X (sky130_fd_sc_hd__clkbuf_8)
                                                         clknet_4_10_0_wclk (net)
                      0.056079    0.000821   10.259374 ^ _566_/CLK (sky130_fd_sc_hd__dfxtp_1)
                                  0.000000   10.259374   clock reconvergence pessimism
                                 -0.069499   10.189874   library setup time
                                             10.189874   data required time
---------------------------------------------------------------------------------------------
                                             10.189874   data required time
                                             -1.897714   data arrival time
---------------------------------------------------------------------------------------------
                                              8.292160   slack (MET)


Startpoint: _554_ (rising edge-triggered flip-flop clocked by wclk)
Endpoint: _580_ (rising edge-triggered flip-flop clocked by wclk)
Path Group: wclk
Path Type: max

Fanout         Cap        Slew       Delay        Time   Description
---------------------------------------------------------------------------------------------
                                  0.000000    0.000000   clock wclk (rise edge)
                                  0.000000    0.000000   clock source latency
     1    0.021811    0.000000    0.000000    0.000000 ^ wclk (in)
                                                         wclk (net)
                      0.002573    0.001286    0.001286 ^ clkbuf_0_wclk/A (sky130_fd_sc_hd__clkbuf_16)
    16    0.119684    0.103747    0.131486    0.132773 ^ clkbuf_0_wclk/X (sky130_fd_sc_hd__clkbuf_16)
                                                         clknet_0_wclk (net)
                      0.103842    0.002573    0.135346 ^ clkbuf_4_13_0_wclk/A (sky130_fd_sc_hd__clkbuf_8)
    10    0.035195    0.055923    0.122190    0.257536 ^ clkbuf_4_13_0_wclk/X (sky130_fd_sc_hd__clkbuf_8)
                                                         clknet_4_13_0_wclk (net)
                      0.055930    0.000634    0.258170 ^ _554_/CLK (sky130_fd_sc_hd__dfrtp_1)
     2    0.009435    0.049843    0.252974    0.511144 v _554_/Q (sky130_fd_sc_hd__dfrtp_1)
                                                         r_ptr_gray_sync[4] (net)
                      0.049843    0.000230    0.511373 v _291_/A (sky130_fd_sc_hd__xor2_1)
     3    0.012201    0.201777    0.195160    0.706533 ^ _291_/X (sky130_fd_sc_hd__xor2_1)
                                                         _171_ (net)
                      0.201778    0.000292    0.706824 ^ _292_/B (sky130_fd_sc_hd__xnor2_1)
     3    0.010990    0.195893    0.124805    0.831630 ^ _292_/Y (sky130_fd_sc_hd__xnor2_1)
                                                         _172_ (net)
                      0.195894    0.000367    0.831997 ^ _293_/B (sky130_fd_sc_hd__xnor2_1)
     1    0.004955    0.111870    0.090254    0.922251 ^ _293_/Y (sky130_fd_sc_hd__xnor2_1)
                                                         _173_ (net)
                      0.111870    0.000163    0.922415 ^ _297_/S (sky130_fd_sc_hd__mux2_1)
     2    0.007110    0.054715    0.211240    1.133655 v _297_/X (sky130_fd_sc_hd__mux2_1)
                                                         _177_ (net)
                      0.054715    0.000193    1.133847 v _329_/A1 (sky130_fd_sc_hd__a21boi_2)
     3    0.018258    0.172662    0.172309    1.306157 ^ _329_/Y (sky130_fd_sc_hd__a21boi_2)
                                                         _198_ (net)
                      0.172665    0.000618    1.306774 ^ max_cap23/A (sky130_fd_sc_hd__buf_8)
    20    0.119718    0.148566    0.163296    1.470070 ^ max_cap23/X (sky130_fd_sc_hd__buf_8)
                                                         net23 (net)
                      0.148747    0.004249    1.474319 ^ _406_/C (sky130_fd_sc_hd__and4bb_4)
     8    0.052688    0.146587    0.232295    1.706614 ^ _406_/X (sky130_fd_sc_hd__and4bb_4)
                                                         _238_ (net)
                      0.146711    0.002564    1.709178 ^ _411_/S (sky130_fd_sc_hd__mux2_1)
     1    0.002129    0.035462    0.187473    1.896651 v _411_/X (sky130_fd_sc_hd__mux2_1)
                                                         _036_ (net)
                      0.035462    0.000061    1.896712 v _580_/D (sky130_fd_sc_hd__dfxtp_1)
                                              1.896712   data arrival time

                                 10.000000   10.000000   clock wclk (rise edge)
                                  0.000000   10.000000   clock source latency
     1    0.021811    0.000000    0.000000   10.000000 ^ wclk (in)
                                                         wclk (net)
                      0.002573    0.001286   10.001287 ^ clkbuf_0_wclk/A (sky130_fd_sc_hd__clkbuf_16)
    16    0.119684    0.103747    0.131487   10.132773 ^ clkbuf_0_wclk/X (sky130_fd_sc_hd__clkbuf_16)
                                                         clknet_0_wclk (net)
                      0.103884    0.003075   10.135848 ^ clkbuf_4_14_0_wclk/A (sky130_fd_sc_hd__clkbuf_8)
     9    0.034233    0.054760    0.121259   10.257108 ^ clkbuf_4_14_0_wclk/X (sky130_fd_sc_hd__clkbuf_8)
                                                         clknet_4_14_0_wclk (net)
                      0.054773    0.000811   10.257918 ^ _580_/CLK (sky130_fd_sc_hd__dfxtp_1)
                                  0.000000   10.257918   clock reconvergence pessimism
                                 -0.069047   10.188871   library setup time
                                             10.188871   data required time
---------------------------------------------------------------------------------------------
                                             10.188871   data required time
                                             -1.896712   data arrival time
---------------------------------------------------------------------------------------------
                                              8.292159   slack (MET)


Startpoint: _554_ (rising edge-triggered flip-flop clocked by wclk)
Endpoint: _643_ (rising edge-triggered flip-flop clocked by wclk)
Path Group: wclk
Path Type: max

Fanout         Cap        Slew       Delay        Time   Description
---------------------------------------------------------------------------------------------
                                  0.000000    0.000000   clock wclk (rise edge)
                                  0.000000    0.000000   clock source latency
     1    0.021811    0.000000    0.000000    0.000000 ^ wclk (in)
                                                         wclk (net)
                      0.002573    0.001286    0.001286 ^ clkbuf_0_wclk/A (sky130_fd_sc_hd__clkbuf_16)
    16    0.119684    0.103747    0.131486    0.132773 ^ clkbuf_0_wclk/X (sky130_fd_sc_hd__clkbuf_16)
                                                         clknet_0_wclk (net)
                      0.103842    0.002573    0.135346 ^ clkbuf_4_13_0_wclk/A (sky130_fd_sc_hd__clkbuf_8)
    10    0.035195    0.055923    0.122190    0.257536 ^ clkbuf_4_13_0_wclk/X (sky130_fd_sc_hd__clkbuf_8)
                                                         clknet_4_13_0_wclk (net)
                      0.055930    0.000634    0.258170 ^ _554_/CLK (sky130_fd_sc_hd__dfrtp_1)
     2    0.009435    0.049843    0.252974    0.511144 v _554_/Q (sky130_fd_sc_hd__dfrtp_1)
                                                         r_ptr_gray_sync[4] (net)
                      0.049843    0.000230    0.511373 v _291_/A (sky130_fd_sc_hd__xor2_1)
     3    0.012201    0.201777    0.195160    0.706533 ^ _291_/X (sky130_fd_sc_hd__xor2_1)
                                                         _171_ (net)
                      0.201778    0.000292    0.706824 ^ _292_/B (sky130_fd_sc_hd__xnor2_1)
     3    0.010990    0.195893    0.124805    0.831630 ^ _292_/Y (sky130_fd_sc_hd__xnor2_1)
                                                         _172_ (net)
                      0.195894    0.000367    0.831997 ^ _293_/B (sky130_fd_sc_hd__xnor2_1)
     1    0.004955    0.111870    0.090254    0.922251 ^ _293_/Y (sky130_fd_sc_hd__xnor2_1)
                                                         _173_ (net)
                      0.111870    0.000163    0.922415 ^ _297_/S (sky130_fd_sc_hd__mux2_1)
     2    0.007110    0.054715    0.211240    1.133655 v _297_/X (sky130_fd_sc_hd__mux2_1)
                                                         _177_ (net)
                      0.054715    0.000193    1.133847 v _329_/A1 (sky130_fd_sc_hd__a21boi_2)
     3    0.018258    0.172662    0.172309    1.306157 ^ _329_/Y (sky130_fd_sc_hd__a21boi_2)
                                                         _198_ (net)
                      0.172665    0.000618    1.306774 ^ max_cap23/A (sky130_fd_sc_hd__buf_8)
    20    0.119718    0.148566    0.163296    1.470070 ^ max_cap23/X (sky130_fd_sc_hd__buf_8)
                                                         net23 (net)
                      0.148709    0.003779    1.473849 ^ _471_/C (sky130_fd_sc_hd__and4b_4)
     8    0.049236    0.138780    0.227908    1.701757 ^ _471_/X (sky130_fd_sc_hd__and4b_4)
                                                         _247_ (net)
                      0.138966    0.003435    1.705192 ^ _474_/S (sky130_fd_sc_hd__mux2_1)
     1    0.003035    0.038937    0.192952    1.898145 v _474_/X (sky130_fd_sc_hd__mux2_1)
                                                         _090_ (net)
                      0.038937    0.000094    1.898239 v _643_/D (sky130_fd_sc_hd__dfxtp_1)
                                              1.898239   data arrival time

                                 10.000000   10.000000   clock wclk (rise edge)
                                  0.000000   10.000000   clock source latency
     1    0.021811    0.000000    0.000000   10.000000 ^ wclk (in)
                                                         wclk (net)
                      0.002573    0.001286   10.001287 ^ clkbuf_0_wclk/A (sky130_fd_sc_hd__clkbuf_16)
    16    0.119684    0.103747    0.131487   10.132773 ^ clkbuf_0_wclk/X (sky130_fd_sc_hd__clkbuf_16)
                                                         clknet_0_wclk (net)
                      0.103986    0.004027   10.136800 ^ clkbuf_4_0_0_wclk/A (sky130_fd_sc_hd__clkbuf_8)
    12    0.035983    0.056849    0.122812   10.259612 ^ clkbuf_4_0_0_wclk/X (sky130_fd_sc_hd__clkbuf_8)
                                                         clknet_4_0_0_wclk (net)
                      0.056866    0.000937   10.260550 ^ _643_/CLK (sky130_fd_sc_hd__dfxtp_1)
                                  0.000000   10.260550   clock reconvergence pessimism
                                 -0.070085   10.190464   library setup time
                                             10.190464   data required time
---------------------------------------------------------------------------------------------
                                             10.190464   data required time
                                             -1.898239   data arrival time
---------------------------------------------------------------------------------------------
                                              8.292225   slack (MET)


Startpoint: _554_ (rising edge-triggered flip-flop clocked by wclk)
Endpoint: _577_ (rising edge-triggered flip-flop clocked by wclk)
Path Group: wclk
Path Type: max

Fanout         Cap        Slew       Delay        Time   Description
---------------------------------------------------------------------------------------------
                                  0.000000    0.000000   clock wclk (rise edge)
                                  0.000000    0.000000   clock source latency
     1    0.021811    0.000000    0.000000    0.000000 ^ wclk (in)
                                                         wclk (net)
                      0.002573    0.001286    0.001286 ^ clkbuf_0_wclk/A (sky130_fd_sc_hd__clkbuf_16)
    16    0.119684    0.103747    0.131486    0.132773 ^ clkbuf_0_wclk/X (sky130_fd_sc_hd__clkbuf_16)
                                                         clknet_0_wclk (net)
                      0.103842    0.002573    0.135346 ^ clkbuf_4_13_0_wclk/A (sky130_fd_sc_hd__clkbuf_8)
    10    0.035195    0.055923    0.122190    0.257536 ^ clkbuf_4_13_0_wclk/X (sky130_fd_sc_hd__clkbuf_8)
                                                         clknet_4_13_0_wclk (net)
                      0.055930    0.000634    0.258170 ^ _554_/CLK (sky130_fd_sc_hd__dfrtp_1)
     2    0.009435    0.049843    0.252974    0.511144 v _554_/Q (sky130_fd_sc_hd__dfrtp_1)
                                                         r_ptr_gray_sync[4] (net)
                      0.049843    0.000230    0.511373 v _291_/A (sky130_fd_sc_hd__xor2_1)
     3    0.012201    0.201777    0.195160    0.706533 ^ _291_/X (sky130_fd_sc_hd__xor2_1)
                                                         _171_ (net)
                      0.201778    0.000292    0.706824 ^ _292_/B (sky130_fd_sc_hd__xnor2_1)
     3    0.010990    0.195893    0.124805    0.831630 ^ _292_/Y (sky130_fd_sc_hd__xnor2_1)
                                                         _172_ (net)
                      0.195894    0.000367    0.831997 ^ _293_/B (sky130_fd_sc_hd__xnor2_1)
     1    0.004955    0.111870    0.090254    0.922251 ^ _293_/Y (sky130_fd_sc_hd__xnor2_1)
                                                         _173_ (net)
                      0.111870    0.000163    0.922415 ^ _297_/S (sky130_fd_sc_hd__mux2_1)
     2    0.007110    0.054715    0.211240    1.133655 v _297_/X (sky130_fd_sc_hd__mux2_1)
                                                         _177_ (net)
                      0.054715    0.000193    1.133847 v _329_/A1 (sky130_fd_sc_hd__a21boi_2)
     3    0.018258    0.172662    0.172309    1.306157 ^ _329_/Y (sky130_fd_sc_hd__a21boi_2)
                                                         _198_ (net)
                      0.172665    0.000618    1.306774 ^ max_cap23/A (sky130_fd_sc_hd__buf_8)
    20    0.119718    0.148566    0.163296    1.470070 ^ max_cap23/X (sky130_fd_sc_hd__buf_8)
                                                         net23 (net)
                      0.148747    0.004249    1.474319 ^ _406_/C (sky130_fd_sc_hd__and4bb_4)
     8    0.052688    0.146587    0.232295    1.706614 ^ _406_/X (sky130_fd_sc_hd__and4bb_4)
                                                         _238_ (net)
                      0.146591    0.001084    1.707698 ^ _408_/S (sky130_fd_sc_hd__mux2_1)
     1    0.002270    0.035964    0.188334    1.896032 v _408_/X (sky130_fd_sc_hd__mux2_1)
                                                         _033_ (net)
                      0.035964    0.000066    1.896099 v _577_/D (sky130_fd_sc_hd__dfxtp_1)
                                              1.896099   data arrival time

                                 10.000000   10.000000   clock wclk (rise edge)
                                  0.000000   10.000000   clock source latency
     1    0.021811    0.000000    0.000000   10.000000 ^ wclk (in)
                                                         wclk (net)
                      0.002573    0.001286   10.001287 ^ clkbuf_0_wclk/A (sky130_fd_sc_hd__clkbuf_16)
    16    0.119684    0.103747    0.131487   10.132773 ^ clkbuf_0_wclk/X (sky130_fd_sc_hd__clkbuf_16)
                                                         clknet_0_wclk (net)
                      0.103875    0.002970   10.135743 ^ clkbuf_4_15_0_wclk/A (sky130_fd_sc_hd__clkbuf_8)
     8    0.034329    0.054878    0.121361   10.257104 ^ clkbuf_4_15_0_wclk/X (sky130_fd_sc_hd__clkbuf_8)
                                                         clknet_4_15_0_wclk (net)
                      0.054892    0.000838   10.257942 ^ _577_/CLK (sky130_fd_sc_hd__dfxtp_1)
                                  0.000000   10.257942   clock reconvergence pessimism
                                 -0.069215   10.188727   library setup time
                                             10.188727   data required time
---------------------------------------------------------------------------------------------
                                             10.188727   data required time
                                             -1.896099   data arrival time
---------------------------------------------------------------------------------------------
                                              8.292629   slack (MET)


Startpoint: _554_ (rising edge-triggered flip-flop clocked by wclk)
Endpoint: _671_ (rising edge-triggered flip-flop clocked by wclk)
Path Group: wclk
Path Type: max

Fanout         Cap        Slew       Delay        Time   Description
---------------------------------------------------------------------------------------------
                                  0.000000    0.000000   clock wclk (rise edge)
                                  0.000000    0.000000   clock source latency
     1    0.021811    0.000000    0.000000    0.000000 ^ wclk (in)
                                                         wclk (net)
                      0.002573    0.001286    0.001286 ^ clkbuf_0_wclk/A (sky130_fd_sc_hd__clkbuf_16)
    16    0.119684    0.103747    0.131486    0.132773 ^ clkbuf_0_wclk/X (sky130_fd_sc_hd__clkbuf_16)
                                                         clknet_0_wclk (net)
                      0.103842    0.002573    0.135346 ^ clkbuf_4_13_0_wclk/A (sky130_fd_sc_hd__clkbuf_8)
    10    0.035195    0.055923    0.122190    0.257536 ^ clkbuf_4_13_0_wclk/X (sky130_fd_sc_hd__clkbuf_8)
                                                         clknet_4_13_0_wclk (net)
                      0.055930    0.000634    0.258170 ^ _554_/CLK (sky130_fd_sc_hd__dfrtp_1)
     2    0.009435    0.049843    0.252974    0.511144 v _554_/Q (sky130_fd_sc_hd__dfrtp_1)
                                                         r_ptr_gray_sync[4] (net)
                      0.049843    0.000230    0.511373 v _291_/A (sky130_fd_sc_hd__xor2_1)
     3    0.012201    0.201777    0.195160    0.706533 ^ _291_/X (sky130_fd_sc_hd__xor2_1)
                                                         _171_ (net)
                      0.201778    0.000292    0.706824 ^ _292_/B (sky130_fd_sc_hd__xnor2_1)
     3    0.010990    0.195893    0.124805    0.831630 ^ _292_/Y (sky130_fd_sc_hd__xnor2_1)
                                                         _172_ (net)
                      0.195894    0.000367    0.831997 ^ _293_/B (sky130_fd_sc_hd__xnor2_1)
     1    0.004955    0.111870    0.090254    0.922251 ^ _293_/Y (sky130_fd_sc_hd__xnor2_1)
                                                         _173_ (net)
                      0.111870    0.000163    0.922415 ^ _297_/S (sky130_fd_sc_hd__mux2_1)
     2    0.007110    0.054715    0.211240    1.133655 v _297_/X (sky130_fd_sc_hd__mux2_1)
                                                         _177_ (net)
                      0.054715    0.000193    1.133847 v _329_/A1 (sky130_fd_sc_hd__a21boi_2)
     3    0.018258    0.172662    0.172309    1.306157 ^ _329_/Y (sky130_fd_sc_hd__a21boi_2)
                                                         _198_ (net)
                      0.172665    0.000618    1.306774 ^ max_cap23/A (sky130_fd_sc_hd__buf_8)
    20    0.119718    0.148566    0.163296    1.470070 ^ max_cap23/X (sky130_fd_sc_hd__buf_8)
                                                         net23 (net)
                      0.148647    0.002863    1.472934 ^ _489_/C (sky130_fd_sc_hd__and4bb_4)
     8    0.053144    0.147241    0.232441    1.705374 ^ _489_/X (sky130_fd_sc_hd__and4bb_4)
                                                         _249_ (net)
                      0.147385    0.002956    1.708330 ^ _495_/S (sky130_fd_sc_hd__mux2_1)
     1    0.002276    0.035980    0.188384    1.896714 v _495_/X (sky130_fd_sc_hd__mux2_1)
                                                         _109_ (net)
                      0.035980    0.000065    1.896779 v _671_/D (sky130_fd_sc_hd__dfxtp_1)
                                              1.896779   data arrival time

                                 10.000000   10.000000   clock wclk (rise edge)
                                  0.000000   10.000000   clock source latency
     1    0.021811    0.000000    0.000000   10.000000 ^ wclk (in)
                                                         wclk (net)
                      0.002573    0.001286   10.001287 ^ clkbuf_0_wclk/A (sky130_fd_sc_hd__clkbuf_16)
    16    0.119684    0.103747    0.131487   10.132773 ^ clkbuf_0_wclk/X (sky130_fd_sc_hd__clkbuf_16)
                                                         clknet_0_wclk (net)
                      0.103855    0.002739   10.135512 ^ clkbuf_4_4_0_wclk/A (sky130_fd_sc_hd__clkbuf_8)
    10    0.035535    0.056318    0.122395   10.257907 ^ clkbuf_4_4_0_wclk/X (sky130_fd_sc_hd__clkbuf_8)
                                                         clknet_4_4_0_wclk (net)
                      0.056331    0.000845   10.258752 ^ _671_/CLK (sky130_fd_sc_hd__dfxtp_1)
                                  0.000000   10.258752   clock reconvergence pessimism
                                 -0.069082   10.189670   library setup time
                                             10.189670   data required time
---------------------------------------------------------------------------------------------
                                             10.189670   data required time
                                             -1.896779   data arrival time
---------------------------------------------------------------------------------------------
                                              8.292891   slack (MET)


Startpoint: _554_ (rising edge-triggered flip-flop clocked by wclk)
Endpoint: _642_ (rising edge-triggered flip-flop clocked by wclk)
Path Group: wclk
Path Type: max

Fanout         Cap        Slew       Delay        Time   Description
---------------------------------------------------------------------------------------------
                                  0.000000    0.000000   clock wclk (rise edge)
                                  0.000000    0.000000   clock source latency
     1    0.021811    0.000000    0.000000    0.000000 ^ wclk (in)
                                                         wclk (net)
                      0.002573    0.001286    0.001286 ^ clkbuf_0_wclk/A (sky130_fd_sc_hd__clkbuf_16)
    16    0.119684    0.103747    0.131486    0.132773 ^ clkbuf_0_wclk/X (sky130_fd_sc_hd__clkbuf_16)
                                                         clknet_0_wclk (net)
                      0.103842    0.002573    0.135346 ^ clkbuf_4_13_0_wclk/A (sky130_fd_sc_hd__clkbuf_8)
    10    0.035195    0.055923    0.122190    0.257536 ^ clkbuf_4_13_0_wclk/X (sky130_fd_sc_hd__clkbuf_8)
                                                         clknet_4_13_0_wclk (net)
                      0.055930    0.000634    0.258170 ^ _554_/CLK (sky130_fd_sc_hd__dfrtp_1)
     2    0.009435    0.049843    0.252974    0.511144 v _554_/Q (sky130_fd_sc_hd__dfrtp_1)
                                                         r_ptr_gray_sync[4] (net)
                      0.049843    0.000230    0.511373 v _291_/A (sky130_fd_sc_hd__xor2_1)
     3    0.012201    0.201777    0.195160    0.706533 ^ _291_/X (sky130_fd_sc_hd__xor2_1)
                                                         _171_ (net)
                      0.201778    0.000292    0.706824 ^ _292_/B (sky130_fd_sc_hd__xnor2_1)
     3    0.010990    0.195893    0.124805    0.831630 ^ _292_/Y (sky130_fd_sc_hd__xnor2_1)
                                                         _172_ (net)
                      0.195894    0.000367    0.831997 ^ _293_/B (sky130_fd_sc_hd__xnor2_1)
     1    0.004955    0.111870    0.090254    0.922251 ^ _293_/Y (sky130_fd_sc_hd__xnor2_1)
                                                         _173_ (net)
                      0.111870    0.000163    0.922415 ^ _297_/S (sky130_fd_sc_hd__mux2_1)
     2    0.007110    0.054715    0.211240    1.133655 v _297_/X (sky130_fd_sc_hd__mux2_1)
                                                         _177_ (net)
                      0.054715    0.000193    1.133847 v _329_/A1 (sky130_fd_sc_hd__a21boi_2)
     3    0.018258    0.172662    0.172309    1.306157 ^ _329_/Y (sky130_fd_sc_hd__a21boi_2)
                                                         _198_ (net)
                      0.172665    0.000618    1.306774 ^ max_cap23/A (sky130_fd_sc_hd__buf_8)
    20    0.119718    0.148566    0.163296    1.470070 ^ max_cap23/X (sky130_fd_sc_hd__buf_8)
                                                         net23 (net)
                      0.148709    0.003779    1.473849 ^ _471_/C (sky130_fd_sc_hd__and4b_4)
     8    0.049236    0.138780    0.227908    1.701757 ^ _471_/X (sky130_fd_sc_hd__and4b_4)
                                                         _247_ (net)
                      0.138788    0.001243    1.703000 ^ _473_/S (sky130_fd_sc_hd__mux2_1)
     1    0.003000    0.038780    0.192739    1.895738 v _473_/X (sky130_fd_sc_hd__mux2_1)
                                                         _089_ (net)
                      0.038780    0.000069    1.895807 v _642_/D (sky130_fd_sc_hd__dfxtp_1)
                                              1.895807   data arrival time

                                 10.000000   10.000000   clock wclk (rise edge)
                                  0.000000   10.000000   clock source latency
     1    0.021811    0.000000    0.000000   10.000000 ^ wclk (in)
                                                         wclk (net)
                      0.002573    0.001286   10.001287 ^ clkbuf_0_wclk/A (sky130_fd_sc_hd__clkbuf_16)
    16    0.119684    0.103747    0.131487   10.132773 ^ clkbuf_0_wclk/X (sky130_fd_sc_hd__clkbuf_16)
                                                         clknet_0_wclk (net)
                      0.103855    0.002739   10.135512 ^ clkbuf_4_4_0_wclk/A (sky130_fd_sc_hd__clkbuf_8)
    10    0.035535    0.056318    0.122395   10.257907 ^ clkbuf_4_4_0_wclk/X (sky130_fd_sc_hd__clkbuf_8)
                                                         clknet_4_4_0_wclk (net)
                      0.056333    0.000895   10.258802 ^ _642_/CLK (sky130_fd_sc_hd__dfxtp_1)
                                  0.000000   10.258802   clock reconvergence pessimism
                                 -0.070080   10.188722   library setup time
                                             10.188722   data required time
---------------------------------------------------------------------------------------------
                                             10.188722   data required time
                                             -1.895807   data arrival time
---------------------------------------------------------------------------------------------
                                              8.292914   slack (MET)


Startpoint: _554_ (rising edge-triggered flip-flop clocked by wclk)
Endpoint: _669_ (rising edge-triggered flip-flop clocked by wclk)
Path Group: wclk
Path Type: max

Fanout         Cap        Slew       Delay        Time   Description
---------------------------------------------------------------------------------------------
                                  0.000000    0.000000   clock wclk (rise edge)
                                  0.000000    0.000000   clock source latency
     1    0.021811    0.000000    0.000000    0.000000 ^ wclk (in)
                                                         wclk (net)
                      0.002573    0.001286    0.001286 ^ clkbuf_0_wclk/A (sky130_fd_sc_hd__clkbuf_16)
    16    0.119684    0.103747    0.131486    0.132773 ^ clkbuf_0_wclk/X (sky130_fd_sc_hd__clkbuf_16)
                                                         clknet_0_wclk (net)
                      0.103842    0.002573    0.135346 ^ clkbuf_4_13_0_wclk/A (sky130_fd_sc_hd__clkbuf_8)
    10    0.035195    0.055923    0.122190    0.257536 ^ clkbuf_4_13_0_wclk/X (sky130_fd_sc_hd__clkbuf_8)
                                                         clknet_4_13_0_wclk (net)
                      0.055930    0.000634    0.258170 ^ _554_/CLK (sky130_fd_sc_hd__dfrtp_1)
     2    0.009435    0.049843    0.252974    0.511144 v _554_/Q (sky130_fd_sc_hd__dfrtp_1)
                                                         r_ptr_gray_sync[4] (net)
                      0.049843    0.000230    0.511373 v _291_/A (sky130_fd_sc_hd__xor2_1)
     3    0.012201    0.201777    0.195160    0.706533 ^ _291_/X (sky130_fd_sc_hd__xor2_1)
                                                         _171_ (net)
                      0.201778    0.000292    0.706824 ^ _292_/B (sky130_fd_sc_hd__xnor2_1)
     3    0.010990    0.195893    0.124805    0.831630 ^ _292_/Y (sky130_fd_sc_hd__xnor2_1)
                                                         _172_ (net)
                      0.195894    0.000367    0.831997 ^ _293_/B (sky130_fd_sc_hd__xnor2_1)
     1    0.004955    0.111870    0.090254    0.922251 ^ _293_/Y (sky130_fd_sc_hd__xnor2_1)
                                                         _173_ (net)
                      0.111870    0.000163    0.922415 ^ _297_/S (sky130_fd_sc_hd__mux2_1)
     2    0.007110    0.054715    0.211240    1.133655 v _297_/X (sky130_fd_sc_hd__mux2_1)
                                                         _177_ (net)
                      0.054715    0.000193    1.133847 v _329_/A1 (sky130_fd_sc_hd__a21boi_2)
     3    0.018258    0.172662    0.172309    1.306157 ^ _329_/Y (sky130_fd_sc_hd__a21boi_2)
                                                         _198_ (net)
                      0.172665    0.000618    1.306774 ^ max_cap23/A (sky130_fd_sc_hd__buf_8)
    20    0.119718    0.148566    0.163296    1.470070 ^ max_cap23/X (sky130_fd_sc_hd__buf_8)
                                                         net23 (net)
                      0.148647    0.002863    1.472934 ^ _489_/C (sky130_fd_sc_hd__and4bb_4)
     8    0.053144    0.147241    0.232441    1.705374 ^ _489_/X (sky130_fd_sc_hd__and4bb_4)
                                                         _249_ (net)
                      0.147387    0.003001    1.708375 ^ _493_/S (sky130_fd_sc_hd__mux2_1)
     1    0.002247    0.035896    0.188202    1.896577 v _493_/X (sky130_fd_sc_hd__mux2_1)
                                                         _107_ (net)
                      0.035896    0.000066    1.896643 v _669_/D (sky130_fd_sc_hd__dfxtp_1)
                                              1.896643   data arrival time

                                 10.000000   10.000000   clock wclk (rise edge)
                                  0.000000   10.000000   clock source latency
     1    0.021811    0.000000    0.000000   10.000000 ^ wclk (in)
                                                         wclk (net)
                      0.002573    0.001286   10.001287 ^ clkbuf_0_wclk/A (sky130_fd_sc_hd__clkbuf_16)
    16    0.119684    0.103747    0.131487   10.132773 ^ clkbuf_0_wclk/X (sky130_fd_sc_hd__clkbuf_16)
                                                         clknet_0_wclk (net)
                      0.103855    0.002739   10.135512 ^ clkbuf_4_4_0_wclk/A (sky130_fd_sc_hd__clkbuf_8)
    10    0.035535    0.056318    0.122395   10.257907 ^ clkbuf_4_4_0_wclk/X (sky130_fd_sc_hd__clkbuf_8)
                                                         clknet_4_4_0_wclk (net)
                      0.056333    0.000898   10.258804 ^ _669_/CLK (sky130_fd_sc_hd__dfxtp_1)
                                  0.000000   10.258804   clock reconvergence pessimism
                                 -0.069052   10.189754   library setup time
                                             10.189754   data required time
---------------------------------------------------------------------------------------------
                                             10.189754   data required time
                                             -1.896643   data arrival time
---------------------------------------------------------------------------------------------
                                              8.293111   slack (MET)


Startpoint: _554_ (rising edge-triggered flip-flop clocked by wclk)
Endpoint: _567_ (rising edge-triggered flip-flop clocked by wclk)
Path Group: wclk
Path Type: max

Fanout         Cap        Slew       Delay        Time   Description
---------------------------------------------------------------------------------------------
                                  0.000000    0.000000   clock wclk (rise edge)
                                  0.000000    0.000000   clock source latency
     1    0.021811    0.000000    0.000000    0.000000 ^ wclk (in)
                                                         wclk (net)
                      0.002573    0.001286    0.001286 ^ clkbuf_0_wclk/A (sky130_fd_sc_hd__clkbuf_16)
    16    0.119684    0.103747    0.131486    0.132773 ^ clkbuf_0_wclk/X (sky130_fd_sc_hd__clkbuf_16)
                                                         clknet_0_wclk (net)
                      0.103842    0.002573    0.135346 ^ clkbuf_4_13_0_wclk/A (sky130_fd_sc_hd__clkbuf_8)
    10    0.035195    0.055923    0.122190    0.257536 ^ clkbuf_4_13_0_wclk/X (sky130_fd_sc_hd__clkbuf_8)
                                                         clknet_4_13_0_wclk (net)
                      0.055930    0.000634    0.258170 ^ _554_/CLK (sky130_fd_sc_hd__dfrtp_1)
     2    0.009435    0.049843    0.252974    0.511144 v _554_/Q (sky130_fd_sc_hd__dfrtp_1)
                                                         r_ptr_gray_sync[4] (net)
                      0.049843    0.000230    0.511373 v _291_/A (sky130_fd_sc_hd__xor2_1)
     3    0.012201    0.201777    0.195160    0.706533 ^ _291_/X (sky130_fd_sc_hd__xor2_1)
                                                         _171_ (net)
                      0.201778    0.000292    0.706824 ^ _292_/B (sky130_fd_sc_hd__xnor2_1)
     3    0.010990    0.195893    0.124805    0.831630 ^ _292_/Y (sky130_fd_sc_hd__xnor2_1)
                                                         _172_ (net)
                      0.195894    0.000367    0.831997 ^ _293_/B (sky130_fd_sc_hd__xnor2_1)
     1    0.004955    0.111870    0.090254    0.922251 ^ _293_/Y (sky130_fd_sc_hd__xnor2_1)
                                                         _173_ (net)
                      0.111870    0.000163    0.922415 ^ _297_/S (sky130_fd_sc_hd__mux2_1)
     2    0.007110    0.054715    0.211240    1.133655 v _297_/X (sky130_fd_sc_hd__mux2_1)
                                                         _177_ (net)
                      0.054715    0.000193    1.133847 v _329_/A1 (sky130_fd_sc_hd__a21boi_2)
     3    0.018258    0.172662    0.172309    1.306157 ^ _329_/Y (sky130_fd_sc_hd__a21boi_2)
                                                         _198_ (net)
                      0.172665    0.000618    1.306774 ^ max_cap23/A (sky130_fd_sc_hd__buf_8)
    20    0.119718    0.148566    0.163296    1.470070 ^ max_cap23/X (sky130_fd_sc_hd__buf_8)
                                                         net23 (net)
                      0.148718    0.003902    1.473972 ^ _388_/C (sky130_fd_sc_hd__and4b_4)
     8    0.050840    0.142894    0.231481    1.705453 ^ _388_/X (sky130_fd_sc_hd__and4b_4)
                                                         _236_ (net)
                      0.142925    0.002057    1.707510 ^ _396_/S (sky130_fd_sc_hd__mux2_1)
     1    0.002542    0.036994    0.189964    1.897475 v _396_/X (sky130_fd_sc_hd__mux2_1)
                                                         _023_ (net)
                      0.036994    0.000076    1.897551 v _567_/D (sky130_fd_sc_hd__dfxtp_1)
                                              1.897551   data arrival time

                                 10.000000   10.000000   clock wclk (rise edge)
                                  0.000000   10.000000   clock source latency
     1    0.021811    0.000000    0.000000   10.000000 ^ wclk (in)
                                                         wclk (net)
                      0.002573    0.001286   10.001287 ^ clkbuf_0_wclk/A (sky130_fd_sc_hd__clkbuf_16)
    16    0.119684    0.103747    0.131487   10.132773 ^ clkbuf_0_wclk/X (sky130_fd_sc_hd__clkbuf_16)
                                                         clknet_0_wclk (net)
                      0.103905    0.003298   10.136071 ^ clkbuf_4_8_0_wclk/A (sky130_fd_sc_hd__clkbuf_8)
    13    0.036805    0.057851    0.123616   10.259686 ^ clkbuf_4_8_0_wclk/X (sky130_fd_sc_hd__clkbuf_8)
                                                         clknet_4_8_0_wclk (net)
                      0.057858    0.000666   10.260353 ^ _567_/CLK (sky130_fd_sc_hd__dfxtp_1)
                                  0.000000   10.260353   clock reconvergence pessimism
                                 -0.069297   10.191056   library setup time
                                             10.191056   data required time
---------------------------------------------------------------------------------------------
                                             10.191056   data required time
                                             -1.897551   data arrival time
---------------------------------------------------------------------------------------------
                                              8.293506   slack (MET)


Startpoint: _554_ (rising edge-triggered flip-flop clocked by wclk)
Endpoint: _673_ (rising edge-triggered flip-flop clocked by wclk)
Path Group: wclk
Path Type: max

Fanout         Cap        Slew       Delay        Time   Description
---------------------------------------------------------------------------------------------
                                  0.000000    0.000000   clock wclk (rise edge)
                                  0.000000    0.000000   clock source latency
     1    0.021811    0.000000    0.000000    0.000000 ^ wclk (in)
                                                         wclk (net)
                      0.002573    0.001286    0.001286 ^ clkbuf_0_wclk/A (sky130_fd_sc_hd__clkbuf_16)
    16    0.119684    0.103747    0.131486    0.132773 ^ clkbuf_0_wclk/X (sky130_fd_sc_hd__clkbuf_16)
                                                         clknet_0_wclk (net)
                      0.103842    0.002573    0.135346 ^ clkbuf_4_13_0_wclk/A (sky130_fd_sc_hd__clkbuf_8)
    10    0.035195    0.055923    0.122190    0.257536 ^ clkbuf_4_13_0_wclk/X (sky130_fd_sc_hd__clkbuf_8)
                                                         clknet_4_13_0_wclk (net)
                      0.055930    0.000634    0.258170 ^ _554_/CLK (sky130_fd_sc_hd__dfrtp_1)
     2    0.009435    0.049843    0.252974    0.511144 v _554_/Q (sky130_fd_sc_hd__dfrtp_1)
                                                         r_ptr_gray_sync[4] (net)
                      0.049843    0.000230    0.511373 v _291_/A (sky130_fd_sc_hd__xor2_1)
     3    0.012201    0.201777    0.195160    0.706533 ^ _291_/X (sky130_fd_sc_hd__xor2_1)
                                                         _171_ (net)
                      0.201778    0.000292    0.706824 ^ _292_/B (sky130_fd_sc_hd__xnor2_1)
     3    0.010990    0.195893    0.124805    0.831630 ^ _292_/Y (sky130_fd_sc_hd__xnor2_1)
                                                         _172_ (net)
                      0.195894    0.000367    0.831997 ^ _293_/B (sky130_fd_sc_hd__xnor2_1)
     1    0.004955    0.111870    0.090254    0.922251 ^ _293_/Y (sky130_fd_sc_hd__xnor2_1)
                                                         _173_ (net)
                      0.111870    0.000163    0.922415 ^ _297_/S (sky130_fd_sc_hd__mux2_1)
     2    0.007110    0.054715    0.211240    1.133655 v _297_/X (sky130_fd_sc_hd__mux2_1)
                                                         _177_ (net)
                      0.054715    0.000193    1.133847 v _329_/A1 (sky130_fd_sc_hd__a21boi_2)
     3    0.018258    0.172662    0.172309    1.306157 ^ _329_/Y (sky130_fd_sc_hd__a21boi_2)
                                                         _198_ (net)
                      0.172665    0.000618    1.306774 ^ max_cap23/A (sky130_fd_sc_hd__buf_8)
    20    0.119718    0.148566    0.163296    1.470070 ^ max_cap23/X (sky130_fd_sc_hd__buf_8)
                                                         net23 (net)
                      0.148647    0.002863    1.472934 ^ _489_/C (sky130_fd_sc_hd__and4bb_4)
     8    0.053144    0.147241    0.232441    1.705374 ^ _489_/X (sky130_fd_sc_hd__and4bb_4)
                                                         _249_ (net)
                      0.147444    0.003813    1.709187 ^ _497_/S (sky130_fd_sc_hd__mux2_1)
     1    0.002262    0.035954    0.188299    1.897486 v _497_/X (sky130_fd_sc_hd__mux2_1)
                                                         _111_ (net)
                      0.035954    0.000065    1.897552 v _673_/D (sky130_fd_sc_hd__dfxtp_1)
                                              1.897552   data arrival time

                                 10.000000   10.000000   clock wclk (rise edge)
                                  0.000000   10.000000   clock source latency
     1    0.021811    0.000000    0.000000   10.000000 ^ wclk (in)
                                                         wclk (net)
                      0.002573    0.001286   10.001287 ^ clkbuf_0_wclk/A (sky130_fd_sc_hd__clkbuf_16)
    16    0.119684    0.103747    0.131487   10.132773 ^ clkbuf_0_wclk/X (sky130_fd_sc_hd__clkbuf_16)
                                                         clknet_0_wclk (net)
                      0.103937    0.003606   10.136379 ^ clkbuf_4_2_0_wclk/A (sky130_fd_sc_hd__clkbuf_8)
    12    0.036035    0.056886    0.122682   10.259062 ^ clkbuf_4_2_0_wclk/X (sky130_fd_sc_hd__clkbuf_8)
                                                         clknet_4_2_0_wclk (net)
                      0.056955    0.001750   10.260811 ^ _673_/CLK (sky130_fd_sc_hd__dfxtp_1)
                                  0.000000   10.260811   clock reconvergence pessimism
                                 -0.069012   10.191799   library setup time
                                             10.191799   data required time
---------------------------------------------------------------------------------------------
                                             10.191799   data required time
                                             -1.897552   data arrival time
---------------------------------------------------------------------------------------------
                                              8.294248   slack (MET)


Startpoint: _554_ (rising edge-triggered flip-flop clocked by wclk)
Endpoint: _641_ (rising edge-triggered flip-flop clocked by wclk)
Path Group: wclk
Path Type: max

Fanout         Cap        Slew       Delay        Time   Description
---------------------------------------------------------------------------------------------
                                  0.000000    0.000000   clock wclk (rise edge)
                                  0.000000    0.000000   clock source latency
     1    0.021811    0.000000    0.000000    0.000000 ^ wclk (in)
                                                         wclk (net)
                      0.002573    0.001286    0.001286 ^ clkbuf_0_wclk/A (sky130_fd_sc_hd__clkbuf_16)
    16    0.119684    0.103747    0.131486    0.132773 ^ clkbuf_0_wclk/X (sky130_fd_sc_hd__clkbuf_16)
                                                         clknet_0_wclk (net)
                      0.103842    0.002573    0.135346 ^ clkbuf_4_13_0_wclk/A (sky130_fd_sc_hd__clkbuf_8)
    10    0.035195    0.055923    0.122190    0.257536 ^ clkbuf_4_13_0_wclk/X (sky130_fd_sc_hd__clkbuf_8)
                                                         clknet_4_13_0_wclk (net)
                      0.055930    0.000634    0.258170 ^ _554_/CLK (sky130_fd_sc_hd__dfrtp_1)
     2    0.009435    0.049843    0.252974    0.511144 v _554_/Q (sky130_fd_sc_hd__dfrtp_1)
                                                         r_ptr_gray_sync[4] (net)
                      0.049843    0.000230    0.511373 v _291_/A (sky130_fd_sc_hd__xor2_1)
     3    0.012201    0.201777    0.195160    0.706533 ^ _291_/X (sky130_fd_sc_hd__xor2_1)
                                                         _171_ (net)
                      0.201778    0.000292    0.706824 ^ _292_/B (sky130_fd_sc_hd__xnor2_1)
     3    0.010990    0.195893    0.124805    0.831630 ^ _292_/Y (sky130_fd_sc_hd__xnor2_1)
                                                         _172_ (net)
                      0.195894    0.000367    0.831997 ^ _293_/B (sky130_fd_sc_hd__xnor2_1)
     1    0.004955    0.111870    0.090254    0.922251 ^ _293_/Y (sky130_fd_sc_hd__xnor2_1)
                                                         _173_ (net)
                      0.111870    0.000163    0.922415 ^ _297_/S (sky130_fd_sc_hd__mux2_1)
     2    0.007110    0.054715    0.211240    1.133655 v _297_/X (sky130_fd_sc_hd__mux2_1)
                                                         _177_ (net)
                      0.054715    0.000193    1.133847 v _329_/A1 (sky130_fd_sc_hd__a21boi_2)
     3    0.018258    0.172662    0.172309    1.306157 ^ _329_/Y (sky130_fd_sc_hd__a21boi_2)
                                                         _198_ (net)
                      0.172665    0.000618    1.306774 ^ max_cap23/A (sky130_fd_sc_hd__buf_8)
    20    0.119718    0.148566    0.163296    1.470070 ^ max_cap23/X (sky130_fd_sc_hd__buf_8)
                                                         net23 (net)
                      0.148709    0.003779    1.473849 ^ _471_/C (sky130_fd_sc_hd__and4b_4)
     8    0.049236    0.138780    0.227908    1.701757 ^ _471_/X (sky130_fd_sc_hd__and4b_4)
                                                         _247_ (net)
                      0.138791    0.001407    1.703165 ^ _472_/S (sky130_fd_sc_hd__mux2_1)
     1    0.002563    0.037075    0.190052    1.893217 v _472_/X (sky130_fd_sc_hd__mux2_1)
                                                         _088_ (net)
                      0.037075    0.000054    1.893270 v _641_/D (sky130_fd_sc_hd__dfxtp_1)
                                              1.893270   data arrival time

                                 10.000000   10.000000   clock wclk (rise edge)
                                  0.000000   10.000000   clock source latency
     1    0.021811    0.000000    0.000000   10.000000 ^ wclk (in)
                                                         wclk (net)
                      0.002573    0.001286   10.001287 ^ clkbuf_0_wclk/A (sky130_fd_sc_hd__clkbuf_16)
    16    0.119684    0.103747    0.131487   10.132773 ^ clkbuf_0_wclk/X (sky130_fd_sc_hd__clkbuf_16)
                                                         clknet_0_wclk (net)
                      0.103855    0.002739   10.135512 ^ clkbuf_4_4_0_wclk/A (sky130_fd_sc_hd__clkbuf_8)
    10    0.035535    0.056318    0.122395   10.257907 ^ clkbuf_4_4_0_wclk/X (sky130_fd_sc_hd__clkbuf_8)
                                                         clknet_4_4_0_wclk (net)
                      0.056329    0.000787   10.258694 ^ _641_/CLK (sky130_fd_sc_hd__dfxtp_1)
                                  0.000000   10.258694   clock reconvergence pessimism
                                 -0.069473   10.189221   library setup time
                                             10.189221   data required time
---------------------------------------------------------------------------------------------
                                             10.189221   data required time
                                             -1.893270   data arrival time
---------------------------------------------------------------------------------------------
                                              8.295951   slack (MET)


Startpoint: _554_ (rising edge-triggered flip-flop clocked by wclk)
Endpoint: _647_ (rising edge-triggered flip-flop clocked by wclk)
Path Group: wclk
Path Type: max

Fanout         Cap        Slew       Delay        Time   Description
---------------------------------------------------------------------------------------------
                                  0.000000    0.000000   clock wclk (rise edge)
                                  0.000000    0.000000   clock source latency
     1    0.021811    0.000000    0.000000    0.000000 ^ wclk (in)
                                                         wclk (net)
                      0.002573    0.001286    0.001286 ^ clkbuf_0_wclk/A (sky130_fd_sc_hd__clkbuf_16)
    16    0.119684    0.103747    0.131486    0.132773 ^ clkbuf_0_wclk/X (sky130_fd_sc_hd__clkbuf_16)
                                                         clknet_0_wclk (net)
                      0.103842    0.002573    0.135346 ^ clkbuf_4_13_0_wclk/A (sky130_fd_sc_hd__clkbuf_8)
    10    0.035195    0.055923    0.122190    0.257536 ^ clkbuf_4_13_0_wclk/X (sky130_fd_sc_hd__clkbuf_8)
                                                         clknet_4_13_0_wclk (net)
                      0.055930    0.000634    0.258170 ^ _554_/CLK (sky130_fd_sc_hd__dfrtp_1)
     2    0.009435    0.049843    0.252974    0.511144 v _554_/Q (sky130_fd_sc_hd__dfrtp_1)
                                                         r_ptr_gray_sync[4] (net)
                      0.049843    0.000230    0.511373 v _291_/A (sky130_fd_sc_hd__xor2_1)
     3    0.012201    0.201777    0.195160    0.706533 ^ _291_/X (sky130_fd_sc_hd__xor2_1)
                                                         _171_ (net)
                      0.201778    0.000292    0.706824 ^ _292_/B (sky130_fd_sc_hd__xnor2_1)
     3    0.010990    0.195893    0.124805    0.831630 ^ _292_/Y (sky130_fd_sc_hd__xnor2_1)
                                                         _172_ (net)
                      0.195894    0.000367    0.831997 ^ _293_/B (sky130_fd_sc_hd__xnor2_1)
     1    0.004955    0.111870    0.090254    0.922251 ^ _293_/Y (sky130_fd_sc_hd__xnor2_1)
                                                         _173_ (net)
                      0.111870    0.000163    0.922415 ^ _297_/S (sky130_fd_sc_hd__mux2_1)
     2    0.007110    0.054715    0.211240    1.133655 v _297_/X (sky130_fd_sc_hd__mux2_1)
                                                         _177_ (net)
                      0.054715    0.000193    1.133847 v _329_/A1 (sky130_fd_sc_hd__a21boi_2)
     3    0.018258    0.172662    0.172309    1.306157 ^ _329_/Y (sky130_fd_sc_hd__a21boi_2)
                                                         _198_ (net)
                      0.172665    0.000618    1.306774 ^ max_cap23/A (sky130_fd_sc_hd__buf_8)
    20    0.119718    0.148566    0.163296    1.470070 ^ max_cap23/X (sky130_fd_sc_hd__buf_8)
                                                         net23 (net)
                      0.148709    0.003779    1.473849 ^ _471_/C (sky130_fd_sc_hd__and4b_4)
     8    0.049236    0.138780    0.227908    1.701757 ^ _471_/X (sky130_fd_sc_hd__and4b_4)
                                                         _247_ (net)
                      0.138990    0.003738    1.705495 ^ _478_/S (sky130_fd_sc_hd__mux2_1)
     1    0.002460    0.036697    0.189415    1.894910 v _478_/X (sky130_fd_sc_hd__mux2_1)
                                                         _094_ (net)
                      0.036697    0.000071    1.894982 v _647_/D (sky130_fd_sc_hd__dfxtp_1)
                                              1.894982   data arrival time

                                 10.000000   10.000000   clock wclk (rise edge)
                                  0.000000   10.000000   clock source latency
     1    0.021811    0.000000    0.000000   10.000000 ^ wclk (in)
                                                         wclk (net)
                      0.002573    0.001286   10.001287 ^ clkbuf_0_wclk/A (sky130_fd_sc_hd__clkbuf_16)
    16    0.119684    0.103747    0.131487   10.132773 ^ clkbuf_0_wclk/X (sky130_fd_sc_hd__clkbuf_16)
                                                         clknet_0_wclk (net)
                      0.103937    0.003606   10.136379 ^ clkbuf_4_2_0_wclk/A (sky130_fd_sc_hd__clkbuf_8)
    12    0.036035    0.056886    0.122682   10.259062 ^ clkbuf_4_2_0_wclk/X (sky130_fd_sc_hd__clkbuf_8)
                                                         clknet_4_2_0_wclk (net)
                      0.056924    0.001353   10.260414 ^ _647_/CLK (sky130_fd_sc_hd__dfxtp_1)
                                  0.000000   10.260414   clock reconvergence pessimism
                                 -0.069281   10.191133   library setup time
                                             10.191133   data required time
---------------------------------------------------------------------------------------------
                                             10.191133   data required time
                                             -1.894982   data arrival time
---------------------------------------------------------------------------------------------
                                              8.296151   slack (MET)


Startpoint: _554_ (rising edge-triggered flip-flop clocked by wclk)
Endpoint: _563_ (rising edge-triggered flip-flop clocked by wclk)
Path Group: wclk
Path Type: max

Fanout         Cap        Slew       Delay        Time   Description
---------------------------------------------------------------------------------------------
                                  0.000000    0.000000   clock wclk (rise edge)
                                  0.000000    0.000000   clock source latency
     1    0.021811    0.000000    0.000000    0.000000 ^ wclk (in)
                                                         wclk (net)
                      0.002573    0.001286    0.001286 ^ clkbuf_0_wclk/A (sky130_fd_sc_hd__clkbuf_16)
    16    0.119684    0.103747    0.131486    0.132773 ^ clkbuf_0_wclk/X (sky130_fd_sc_hd__clkbuf_16)
                                                         clknet_0_wclk (net)
                      0.103842    0.002573    0.135346 ^ clkbuf_4_13_0_wclk/A (sky130_fd_sc_hd__clkbuf_8)
    10    0.035195    0.055923    0.122190    0.257536 ^ clkbuf_4_13_0_wclk/X (sky130_fd_sc_hd__clkbuf_8)
                                                         clknet_4_13_0_wclk (net)
                      0.055930    0.000634    0.258170 ^ _554_/CLK (sky130_fd_sc_hd__dfrtp_1)
     2    0.009435    0.049843    0.252974    0.511144 v _554_/Q (sky130_fd_sc_hd__dfrtp_1)
                                                         r_ptr_gray_sync[4] (net)
                      0.049843    0.000230    0.511373 v _291_/A (sky130_fd_sc_hd__xor2_1)
     3    0.012201    0.201777    0.195160    0.706533 ^ _291_/X (sky130_fd_sc_hd__xor2_1)
                                                         _171_ (net)
                      0.201778    0.000292    0.706824 ^ _292_/B (sky130_fd_sc_hd__xnor2_1)
     3    0.010990    0.195893    0.124805    0.831630 ^ _292_/Y (sky130_fd_sc_hd__xnor2_1)
                                                         _172_ (net)
                      0.195894    0.000367    0.831997 ^ _293_/B (sky130_fd_sc_hd__xnor2_1)
     1    0.004955    0.111870    0.090254    0.922251 ^ _293_/Y (sky130_fd_sc_hd__xnor2_1)
                                                         _173_ (net)
                      0.111870    0.000163    0.922415 ^ _297_/S (sky130_fd_sc_hd__mux2_1)
     2    0.007110    0.054715    0.211240    1.133655 v _297_/X (sky130_fd_sc_hd__mux2_1)
                                                         _177_ (net)
                      0.054715    0.000193    1.133847 v _329_/A1 (sky130_fd_sc_hd__a21boi_2)
     3    0.018258    0.172662    0.172309    1.306157 ^ _329_/Y (sky130_fd_sc_hd__a21boi_2)
                                                         _198_ (net)
                      0.172665    0.000618    1.306774 ^ max_cap23/A (sky130_fd_sc_hd__buf_8)
    20    0.119718    0.148566    0.163296    1.470070 ^ max_cap23/X (sky130_fd_sc_hd__buf_8)
                                                         net23 (net)
                      0.148718    0.003902    1.473972 ^ _388_/C (sky130_fd_sc_hd__and4b_4)
     8    0.050840    0.142894    0.231481    1.705453 ^ _388_/X (sky130_fd_sc_hd__and4b_4)
                                                         _236_ (net)
                      0.142905    0.001374    1.706827 ^ _392_/S (sky130_fd_sc_hd__mux2_1)
     1    0.002148    0.035538    0.187544    1.894372 v _392_/X (sky130_fd_sc_hd__mux2_1)
                                                         _019_ (net)
                      0.035538    0.000061    1.894433 v _563_/D (sky130_fd_sc_hd__dfxtp_1)
                                              1.894433   data arrival time

                                 10.000000   10.000000   clock wclk (rise edge)
                                  0.000000   10.000000   clock source latency
     1    0.021811    0.000000    0.000000   10.000000 ^ wclk (in)
                                                         wclk (net)
                      0.002573    0.001286   10.001287 ^ clkbuf_0_wclk/A (sky130_fd_sc_hd__clkbuf_16)
    16    0.119684    0.103747    0.131487   10.132773 ^ clkbuf_0_wclk/X (sky130_fd_sc_hd__clkbuf_16)
                                                         clknet_0_wclk (net)
                      0.103920    0.003438   10.136211 ^ clkbuf_4_11_0_wclk/A (sky130_fd_sc_hd__clkbuf_8)
    11    0.035993    0.056877    0.122907   10.259118 ^ clkbuf_4_11_0_wclk/X (sky130_fd_sc_hd__clkbuf_8)
                                                         clknet_4_11_0_wclk (net)
                      0.056878    0.000356   10.259475 ^ _563_/CLK (sky130_fd_sc_hd__dfxtp_1)
                                  0.000000   10.259475   clock reconvergence pessimism
                                 -0.068872   10.190602   library setup time
                                             10.190602   data required time
---------------------------------------------------------------------------------------------
                                             10.190602   data required time
                                             -1.894433   data arrival time
---------------------------------------------------------------------------------------------
                                              8.296169   slack (MET)


Startpoint: _554_ (rising edge-triggered flip-flop clocked by wclk)
Endpoint: _645_ (rising edge-triggered flip-flop clocked by wclk)
Path Group: wclk
Path Type: max

Fanout         Cap        Slew       Delay        Time   Description
---------------------------------------------------------------------------------------------
                                  0.000000    0.000000   clock wclk (rise edge)
                                  0.000000    0.000000   clock source latency
     1    0.021811    0.000000    0.000000    0.000000 ^ wclk (in)
                                                         wclk (net)
                      0.002573    0.001286    0.001286 ^ clkbuf_0_wclk/A (sky130_fd_sc_hd__clkbuf_16)
    16    0.119684    0.103747    0.131486    0.132773 ^ clkbuf_0_wclk/X (sky130_fd_sc_hd__clkbuf_16)
                                                         clknet_0_wclk (net)
                      0.103842    0.002573    0.135346 ^ clkbuf_4_13_0_wclk/A (sky130_fd_sc_hd__clkbuf_8)
    10    0.035195    0.055923    0.122190    0.257536 ^ clkbuf_4_13_0_wclk/X (sky130_fd_sc_hd__clkbuf_8)
                                                         clknet_4_13_0_wclk (net)
                      0.055930    0.000634    0.258170 ^ _554_/CLK (sky130_fd_sc_hd__dfrtp_1)
     2    0.009435    0.049843    0.252974    0.511144 v _554_/Q (sky130_fd_sc_hd__dfrtp_1)
                                                         r_ptr_gray_sync[4] (net)
                      0.049843    0.000230    0.511373 v _291_/A (sky130_fd_sc_hd__xor2_1)
     3    0.012201    0.201777    0.195160    0.706533 ^ _291_/X (sky130_fd_sc_hd__xor2_1)
                                                         _171_ (net)
                      0.201778    0.000292    0.706824 ^ _292_/B (sky130_fd_sc_hd__xnor2_1)
     3    0.010990    0.195893    0.124805    0.831630 ^ _292_/Y (sky130_fd_sc_hd__xnor2_1)
                                                         _172_ (net)
                      0.195894    0.000367    0.831997 ^ _293_/B (sky130_fd_sc_hd__xnor2_1)
     1    0.004955    0.111870    0.090254    0.922251 ^ _293_/Y (sky130_fd_sc_hd__xnor2_1)
                                                         _173_ (net)
                      0.111870    0.000163    0.922415 ^ _297_/S (sky130_fd_sc_hd__mux2_1)
     2    0.007110    0.054715    0.211240    1.133655 v _297_/X (sky130_fd_sc_hd__mux2_1)
                                                         _177_ (net)
                      0.054715    0.000193    1.133847 v _329_/A1 (sky130_fd_sc_hd__a21boi_2)
     3    0.018258    0.172662    0.172309    1.306157 ^ _329_/Y (sky130_fd_sc_hd__a21boi_2)
                                                         _198_ (net)
                      0.172665    0.000618    1.306774 ^ max_cap23/A (sky130_fd_sc_hd__buf_8)
    20    0.119718    0.148566    0.163296    1.470070 ^ max_cap23/X (sky130_fd_sc_hd__buf_8)
                                                         net23 (net)
                      0.148709    0.003779    1.473849 ^ _471_/C (sky130_fd_sc_hd__and4b_4)
     8    0.049236    0.138780    0.227908    1.701757 ^ _471_/X (sky130_fd_sc_hd__and4b_4)
                                                         _247_ (net)
                      0.138948    0.003186    1.704944 ^ _476_/S (sky130_fd_sc_hd__mux2_1)
     1    0.002440    0.036624    0.189293    1.894236 v _476_/X (sky130_fd_sc_hd__mux2_1)
                                                         _092_ (net)
                      0.036624    0.000071    1.894307 v _645_/D (sky130_fd_sc_hd__dfxtp_1)
                                              1.894307   data arrival time

                                 10.000000   10.000000   clock wclk (rise edge)
                                  0.000000   10.000000   clock source latency
     1    0.021811    0.000000    0.000000   10.000000 ^ wclk (in)
                                                         wclk (net)
                      0.002573    0.001286   10.001287 ^ clkbuf_0_wclk/A (sky130_fd_sc_hd__clkbuf_16)
    16    0.119684    0.103747    0.131487   10.132773 ^ clkbuf_0_wclk/X (sky130_fd_sc_hd__clkbuf_16)
                                                         clknet_0_wclk (net)
                      0.103986    0.004027   10.136800 ^ clkbuf_4_0_0_wclk/A (sky130_fd_sc_hd__clkbuf_8)
    12    0.035983    0.056849    0.122812   10.259612 ^ clkbuf_4_0_0_wclk/X (sky130_fd_sc_hd__clkbuf_8)
                                                         clknet_4_0_0_wclk (net)
                      0.056854    0.000576   10.260188 ^ _645_/CLK (sky130_fd_sc_hd__dfxtp_1)
                                  0.000000   10.260188   clock reconvergence pessimism
                                 -0.069261   10.190927   library setup time
                                             10.190927   data required time
---------------------------------------------------------------------------------------------
                                             10.190927   data required time
                                             -1.894307   data arrival time
---------------------------------------------------------------------------------------------
                                              8.296618   slack (MET)


Startpoint: _554_ (rising edge-triggered flip-flop clocked by wclk)
Endpoint: _646_ (rising edge-triggered flip-flop clocked by wclk)
Path Group: wclk
Path Type: max

Fanout         Cap        Slew       Delay        Time   Description
---------------------------------------------------------------------------------------------
                                  0.000000    0.000000   clock wclk (rise edge)
                                  0.000000    0.000000   clock source latency
     1    0.021811    0.000000    0.000000    0.000000 ^ wclk (in)
                                                         wclk (net)
                      0.002573    0.001286    0.001286 ^ clkbuf_0_wclk/A (sky130_fd_sc_hd__clkbuf_16)
    16    0.119684    0.103747    0.131486    0.132773 ^ clkbuf_0_wclk/X (sky130_fd_sc_hd__clkbuf_16)
                                                         clknet_0_wclk (net)
                      0.103842    0.002573    0.135346 ^ clkbuf_4_13_0_wclk/A (sky130_fd_sc_hd__clkbuf_8)
    10    0.035195    0.055923    0.122190    0.257536 ^ clkbuf_4_13_0_wclk/X (sky130_fd_sc_hd__clkbuf_8)
                                                         clknet_4_13_0_wclk (net)
                      0.055930    0.000634    0.258170 ^ _554_/CLK (sky130_fd_sc_hd__dfrtp_1)
     2    0.009435    0.049843    0.252974    0.511144 v _554_/Q (sky130_fd_sc_hd__dfrtp_1)
                                                         r_ptr_gray_sync[4] (net)
                      0.049843    0.000230    0.511373 v _291_/A (sky130_fd_sc_hd__xor2_1)
     3    0.012201    0.201777    0.195160    0.706533 ^ _291_/X (sky130_fd_sc_hd__xor2_1)
                                                         _171_ (net)
                      0.201778    0.000292    0.706824 ^ _292_/B (sky130_fd_sc_hd__xnor2_1)
     3    0.010990    0.195893    0.124805    0.831630 ^ _292_/Y (sky130_fd_sc_hd__xnor2_1)
                                                         _172_ (net)
                      0.195894    0.000367    0.831997 ^ _293_/B (sky130_fd_sc_hd__xnor2_1)
     1    0.004955    0.111870    0.090254    0.922251 ^ _293_/Y (sky130_fd_sc_hd__xnor2_1)
                                                         _173_ (net)
                      0.111870    0.000163    0.922415 ^ _297_/S (sky130_fd_sc_hd__mux2_1)
     2    0.007110    0.054715    0.211240    1.133655 v _297_/X (sky130_fd_sc_hd__mux2_1)
                                                         _177_ (net)
                      0.054715    0.000193    1.133847 v _329_/A1 (sky130_fd_sc_hd__a21boi_2)
     3    0.018258    0.172662    0.172309    1.306157 ^ _329_/Y (sky130_fd_sc_hd__a21boi_2)
                                                         _198_ (net)
                      0.172665    0.000618    1.306774 ^ max_cap23/A (sky130_fd_sc_hd__buf_8)
    20    0.119718    0.148566    0.163296    1.470070 ^ max_cap23/X (sky130_fd_sc_hd__buf_8)
                                                         net23 (net)
                      0.148709    0.003779    1.473849 ^ _471_/C (sky130_fd_sc_hd__and4b_4)
     8    0.049236    0.138780    0.227908    1.701757 ^ _471_/X (sky130_fd_sc_hd__and4b_4)
                                                         _247_ (net)
                      0.138904    0.002458    1.704215 ^ _477_/S (sky130_fd_sc_hd__mux2_1)
     1    0.002657    0.037428    0.190627    1.894842 v _477_/X (sky130_fd_sc_hd__mux2_1)
                                                         _093_ (net)
                      0.037428    0.000081    1.894922 v _646_/D (sky130_fd_sc_hd__dfxtp_1)
                                              1.894922   data arrival time

                                 10.000000   10.000000   clock wclk (rise edge)
                                  0.000000   10.000000   clock source latency
     1    0.021811    0.000000    0.000000   10.000000 ^ wclk (in)
                                                         wclk (net)
                      0.002573    0.001286   10.001287 ^ clkbuf_0_wclk/A (sky130_fd_sc_hd__clkbuf_16)
    16    0.119684    0.103747    0.131487   10.132773 ^ clkbuf_0_wclk/X (sky130_fd_sc_hd__clkbuf_16)
                                                         clknet_0_wclk (net)
                      0.103990    0.004063   10.136836 ^ clkbuf_4_1_0_wclk/A (sky130_fd_sc_hd__clkbuf_8)
    11    0.036799    0.057855    0.123721   10.260557 ^ clkbuf_4_1_0_wclk/X (sky130_fd_sc_hd__clkbuf_8)
                                                         clknet_4_1_0_wclk (net)
                      0.057860    0.000572   10.261129 ^ _646_/CLK (sky130_fd_sc_hd__dfxtp_1)
                                  0.000000   10.261129   clock reconvergence pessimism
                                 -0.069451   10.191678   library setup time
                                             10.191678   data required time
---------------------------------------------------------------------------------------------
                                             10.191678   data required time
                                             -1.894922   data arrival time
---------------------------------------------------------------------------------------------
                                              8.296756   slack (MET)


Startpoint: _554_ (rising edge-triggered flip-flop clocked by wclk)
Endpoint: _648_ (rising edge-triggered flip-flop clocked by wclk)
Path Group: wclk
Path Type: max

Fanout         Cap        Slew       Delay        Time   Description
---------------------------------------------------------------------------------------------
                                  0.000000    0.000000   clock wclk (rise edge)
                                  0.000000    0.000000   clock source latency
     1    0.021811    0.000000    0.000000    0.000000 ^ wclk (in)
                                                         wclk (net)
                      0.002573    0.001286    0.001286 ^ clkbuf_0_wclk/A (sky130_fd_sc_hd__clkbuf_16)
    16    0.119684    0.103747    0.131486    0.132773 ^ clkbuf_0_wclk/X (sky130_fd_sc_hd__clkbuf_16)
                                                         clknet_0_wclk (net)
                      0.103842    0.002573    0.135346 ^ clkbuf_4_13_0_wclk/A (sky130_fd_sc_hd__clkbuf_8)
    10    0.035195    0.055923    0.122190    0.257536 ^ clkbuf_4_13_0_wclk/X (sky130_fd_sc_hd__clkbuf_8)
                                                         clknet_4_13_0_wclk (net)
                      0.055930    0.000634    0.258170 ^ _554_/CLK (sky130_fd_sc_hd__dfrtp_1)
     2    0.009435    0.049843    0.252974    0.511144 v _554_/Q (sky130_fd_sc_hd__dfrtp_1)
                                                         r_ptr_gray_sync[4] (net)
                      0.049843    0.000230    0.511373 v _291_/A (sky130_fd_sc_hd__xor2_1)
     3    0.012201    0.201777    0.195160    0.706533 ^ _291_/X (sky130_fd_sc_hd__xor2_1)
                                                         _171_ (net)
                      0.201778    0.000292    0.706824 ^ _292_/B (sky130_fd_sc_hd__xnor2_1)
     3    0.010990    0.195893    0.124805    0.831630 ^ _292_/Y (sky130_fd_sc_hd__xnor2_1)
                                                         _172_ (net)
                      0.195894    0.000367    0.831997 ^ _293_/B (sky130_fd_sc_hd__xnor2_1)
     1    0.004955    0.111870    0.090254    0.922251 ^ _293_/Y (sky130_fd_sc_hd__xnor2_1)
                                                         _173_ (net)
                      0.111870    0.000163    0.922415 ^ _297_/S (sky130_fd_sc_hd__mux2_1)
     2    0.007110    0.054715    0.211240    1.133655 v _297_/X (sky130_fd_sc_hd__mux2_1)
                                                         _177_ (net)
                      0.054715    0.000193    1.133847 v _329_/A1 (sky130_fd_sc_hd__a21boi_2)
     3    0.018258    0.172662    0.172309    1.306157 ^ _329_/Y (sky130_fd_sc_hd__a21boi_2)
                                                         _198_ (net)
                      0.172665    0.000618    1.306774 ^ max_cap23/A (sky130_fd_sc_hd__buf_8)
    20    0.119718    0.148566    0.163296    1.470070 ^ max_cap23/X (sky130_fd_sc_hd__buf_8)
                                                         net23 (net)
                      0.148709    0.003779    1.473849 ^ _471_/C (sky130_fd_sc_hd__and4b_4)
     8    0.049236    0.138780    0.227908    1.701757 ^ _471_/X (sky130_fd_sc_hd__and4b_4)
                                                         _247_ (net)
                      0.138985    0.003678    1.705435 ^ _479_/S (sky130_fd_sc_hd__mux2_1)
     1    0.002315    0.036162    0.188525    1.893960 v _479_/X (sky130_fd_sc_hd__mux2_1)
                                                         _095_ (net)
                      0.036162    0.000067    1.894027 v _648_/D (sky130_fd_sc_hd__dfxtp_1)
                                              1.894027   data arrival time

                                 10.000000   10.000000   clock wclk (rise edge)
                                  0.000000   10.000000   clock source latency
     1    0.021811    0.000000    0.000000   10.000000 ^ wclk (in)
                                                         wclk (net)
                      0.002573    0.001286   10.001287 ^ clkbuf_0_wclk/A (sky130_fd_sc_hd__clkbuf_16)
    16    0.119684    0.103747    0.131487   10.132773 ^ clkbuf_0_wclk/X (sky130_fd_sc_hd__clkbuf_16)
                                                         clknet_0_wclk (net)
                      0.103937    0.003606   10.136379 ^ clkbuf_4_2_0_wclk/A (sky130_fd_sc_hd__clkbuf_8)
    12    0.036035    0.056886    0.122682   10.259062 ^ clkbuf_4_2_0_wclk/X (sky130_fd_sc_hd__clkbuf_8)
                                                         clknet_4_2_0_wclk (net)
                      0.056939    0.001558   10.260619 ^ _648_/CLK (sky130_fd_sc_hd__dfxtp_1)
                                  0.000000   10.260619   clock reconvergence pessimism
                                 -0.069088   10.191530   library setup time
                                             10.191530   data required time
---------------------------------------------------------------------------------------------
                                             10.191530   data required time
                                             -1.894027   data arrival time
---------------------------------------------------------------------------------------------
                                              8.297503   slack (MET)


Startpoint: _554_ (rising edge-triggered flip-flop clocked by wclk)
Endpoint: _531_ (rising edge-triggered flip-flop clocked by wclk)
Path Group: wclk
Path Type: max

Fanout         Cap        Slew       Delay        Time   Description
---------------------------------------------------------------------------------------------
                                  0.000000    0.000000   clock wclk (rise edge)
                                  0.000000    0.000000   clock source latency
     1    0.021811    0.000000    0.000000    0.000000 ^ wclk (in)
                                                         wclk (net)
                      0.002573    0.001286    0.001286 ^ clkbuf_0_wclk/A (sky130_fd_sc_hd__clkbuf_16)
    16    0.119684    0.103747    0.131486    0.132773 ^ clkbuf_0_wclk/X (sky130_fd_sc_hd__clkbuf_16)
                                                         clknet_0_wclk (net)
                      0.103842    0.002573    0.135346 ^ clkbuf_4_13_0_wclk/A (sky130_fd_sc_hd__clkbuf_8)
    10    0.035195    0.055923    0.122190    0.257536 ^ clkbuf_4_13_0_wclk/X (sky130_fd_sc_hd__clkbuf_8)
                                                         clknet_4_13_0_wclk (net)
                      0.055930    0.000634    0.258170 ^ _554_/CLK (sky130_fd_sc_hd__dfrtp_1)
     2    0.009435    0.049843    0.252974    0.511144 v _554_/Q (sky130_fd_sc_hd__dfrtp_1)
                                                         r_ptr_gray_sync[4] (net)
                      0.049843    0.000230    0.511373 v _291_/A (sky130_fd_sc_hd__xor2_1)
     3    0.012201    0.201777    0.195160    0.706533 ^ _291_/X (sky130_fd_sc_hd__xor2_1)
                                                         _171_ (net)
                      0.201778    0.000292    0.706824 ^ _292_/B (sky130_fd_sc_hd__xnor2_1)
     3    0.010990    0.195893    0.124805    0.831630 ^ _292_/Y (sky130_fd_sc_hd__xnor2_1)
                                                         _172_ (net)
                      0.195894    0.000367    0.831997 ^ _293_/B (sky130_fd_sc_hd__xnor2_1)
     1    0.004955    0.111870    0.090254    0.922251 ^ _293_/Y (sky130_fd_sc_hd__xnor2_1)
                                                         _173_ (net)
                      0.111870    0.000163    0.922415 ^ _297_/S (sky130_fd_sc_hd__mux2_1)
     2    0.007110    0.054715    0.211240    1.133655 v _297_/X (sky130_fd_sc_hd__mux2_1)
                                                         _177_ (net)
                      0.054715    0.000193    1.133847 v _329_/A1 (sky130_fd_sc_hd__a21boi_2)
     3    0.018258    0.172662    0.172309    1.306157 ^ _329_/Y (sky130_fd_sc_hd__a21boi_2)
                                                         _198_ (net)
                      0.172665    0.000618    1.306774 ^ max_cap23/A (sky130_fd_sc_hd__buf_8)
    20    0.119718    0.148566    0.163296    1.470070 ^ max_cap23/X (sky130_fd_sc_hd__buf_8)
                                                         net23 (net)
                      0.148703    0.003704    1.473774 ^ _379_/B (sky130_fd_sc_hd__nand4b_4)
     8    0.064862    0.193727    0.177111    1.650885 v _379_/Y (sky130_fd_sc_hd__nand4b_4)
                                                         _235_ (net)
                      0.193803    0.003055    1.653940 v _387_/S (sky130_fd_sc_hd__mux2_1)
     1    0.003185    0.039734    0.232493    1.886434 v _387_/X (sky130_fd_sc_hd__mux2_1)
                                                         _015_ (net)
                      0.039734    0.000094    1.886528 v _531_/D (sky130_fd_sc_hd__dfxtp_1)
                                              1.886528   data arrival time

                                 10.000000   10.000000   clock wclk (rise edge)
                                  0.000000   10.000000   clock source latency
     1    0.021811    0.000000    0.000000   10.000000 ^ wclk (in)
                                                         wclk (net)
                      0.002573    0.001286   10.001287 ^ clkbuf_0_wclk/A (sky130_fd_sc_hd__clkbuf_16)
    16    0.119684    0.103747    0.131487   10.132773 ^ clkbuf_0_wclk/X (sky130_fd_sc_hd__clkbuf_16)
                                                         clknet_0_wclk (net)
                      0.103934    0.003577   10.136350 ^ clkbuf_4_10_0_wclk/A (sky130_fd_sc_hd__clkbuf_8)
    12    0.035330    0.056067    0.122203   10.258553 ^ clkbuf_4_10_0_wclk/X (sky130_fd_sc_hd__clkbuf_8)
                                                         clknet_4_10_0_wclk (net)
                      0.056093    0.001116   10.259669 ^ _531_/CLK (sky130_fd_sc_hd__dfxtp_1)
                                  0.000000   10.259669   clock reconvergence pessimism
                                 -0.070444   10.189225   library setup time
                                             10.189225   data required time
---------------------------------------------------------------------------------------------
                                             10.189225   data required time
                                             -1.886528   data arrival time
---------------------------------------------------------------------------------------------
                                              8.302696   slack (MET)


Startpoint: _554_ (rising edge-triggered flip-flop clocked by wclk)
Endpoint: _526_ (rising edge-triggered flip-flop clocked by wclk)
Path Group: wclk
Path Type: max

Fanout         Cap        Slew       Delay        Time   Description
---------------------------------------------------------------------------------------------
                                  0.000000    0.000000   clock wclk (rise edge)
                                  0.000000    0.000000   clock source latency
     1    0.021811    0.000000    0.000000    0.000000 ^ wclk (in)
                                                         wclk (net)
                      0.002573    0.001286    0.001286 ^ clkbuf_0_wclk/A (sky130_fd_sc_hd__clkbuf_16)
    16    0.119684    0.103747    0.131486    0.132773 ^ clkbuf_0_wclk/X (sky130_fd_sc_hd__clkbuf_16)
                                                         clknet_0_wclk (net)
                      0.103842    0.002573    0.135346 ^ clkbuf_4_13_0_wclk/A (sky130_fd_sc_hd__clkbuf_8)
    10    0.035195    0.055923    0.122190    0.257536 ^ clkbuf_4_13_0_wclk/X (sky130_fd_sc_hd__clkbuf_8)
                                                         clknet_4_13_0_wclk (net)
                      0.055930    0.000634    0.258170 ^ _554_/CLK (sky130_fd_sc_hd__dfrtp_1)
     2    0.009435    0.049843    0.252974    0.511144 v _554_/Q (sky130_fd_sc_hd__dfrtp_1)
                                                         r_ptr_gray_sync[4] (net)
                      0.049843    0.000230    0.511373 v _291_/A (sky130_fd_sc_hd__xor2_1)
     3    0.012201    0.201777    0.195160    0.706533 ^ _291_/X (sky130_fd_sc_hd__xor2_1)
                                                         _171_ (net)
                      0.201778    0.000292    0.706824 ^ _292_/B (sky130_fd_sc_hd__xnor2_1)
     3    0.010990    0.195893    0.124805    0.831630 ^ _292_/Y (sky130_fd_sc_hd__xnor2_1)
                                                         _172_ (net)
                      0.195894    0.000367    0.831997 ^ _293_/B (sky130_fd_sc_hd__xnor2_1)
     1    0.004955    0.111870    0.090254    0.922251 ^ _293_/Y (sky130_fd_sc_hd__xnor2_1)
                                                         _173_ (net)
                      0.111870    0.000163    0.922415 ^ _297_/S (sky130_fd_sc_hd__mux2_1)
     2    0.007110    0.054715    0.211240    1.133655 v _297_/X (sky130_fd_sc_hd__mux2_1)
                                                         _177_ (net)
                      0.054715    0.000193    1.133847 v _329_/A1 (sky130_fd_sc_hd__a21boi_2)
     3    0.018258    0.172662    0.172309    1.306157 ^ _329_/Y (sky130_fd_sc_hd__a21boi_2)
                                                         _198_ (net)
                      0.172665    0.000618    1.306774 ^ max_cap23/A (sky130_fd_sc_hd__buf_8)
    20    0.119718    0.148566    0.163296    1.470070 ^ max_cap23/X (sky130_fd_sc_hd__buf_8)
                                                         net23 (net)
                      0.148703    0.003704    1.473774 ^ _379_/B (sky130_fd_sc_hd__nand4b_4)
     8    0.064862    0.193727    0.177111    1.650885 v _379_/Y (sky130_fd_sc_hd__nand4b_4)
                                                         _235_ (net)
                      0.193787    0.002722    1.653607 v _382_/S (sky130_fd_sc_hd__mux2_1)
     1    0.002978    0.038837    0.231218    1.884824 v _382_/X (sky130_fd_sc_hd__mux2_1)
                                                         _010_ (net)
                      0.038837    0.000092    1.884917 v _526_/D (sky130_fd_sc_hd__dfxtp_1)
                                              1.884917   data arrival time

                                 10.000000   10.000000   clock wclk (rise edge)
                                  0.000000   10.000000   clock source latency
     1    0.021811    0.000000    0.000000   10.000000 ^ wclk (in)
                                                         wclk (net)
                      0.002573    0.001286   10.001287 ^ clkbuf_0_wclk/A (sky130_fd_sc_hd__clkbuf_16)
    16    0.119684    0.103747    0.131487   10.132773 ^ clkbuf_0_wclk/X (sky130_fd_sc_hd__clkbuf_16)
                                                         clknet_0_wclk (net)
                      0.103905    0.003298   10.136071 ^ clkbuf_4_8_0_wclk/A (sky130_fd_sc_hd__clkbuf_8)
    13    0.036805    0.057851    0.123616   10.259686 ^ clkbuf_4_8_0_wclk/X (sky130_fd_sc_hd__clkbuf_8)
                                                         clknet_4_8_0_wclk (net)
                      0.057858    0.000655   10.260342 ^ _526_/CLK (sky130_fd_sc_hd__dfxtp_1)
                                  0.000000   10.260342   clock reconvergence pessimism
                                 -0.069954   10.190388   library setup time
                                             10.190388   data required time
---------------------------------------------------------------------------------------------
                                             10.190388   data required time
                                             -1.884917   data arrival time
---------------------------------------------------------------------------------------------
                                              8.305470   slack (MET)


Startpoint: _554_ (rising edge-triggered flip-flop clocked by wclk)
Endpoint: _528_ (rising edge-triggered flip-flop clocked by wclk)
Path Group: wclk
Path Type: max

Fanout         Cap        Slew       Delay        Time   Description
---------------------------------------------------------------------------------------------
                                  0.000000    0.000000   clock wclk (rise edge)
                                  0.000000    0.000000   clock source latency
     1    0.021811    0.000000    0.000000    0.000000 ^ wclk (in)
                                                         wclk (net)
                      0.002573    0.001286    0.001286 ^ clkbuf_0_wclk/A (sky130_fd_sc_hd__clkbuf_16)
    16    0.119684    0.103747    0.131486    0.132773 ^ clkbuf_0_wclk/X (sky130_fd_sc_hd__clkbuf_16)
                                                         clknet_0_wclk (net)
                      0.103842    0.002573    0.135346 ^ clkbuf_4_13_0_wclk/A (sky130_fd_sc_hd__clkbuf_8)
    10    0.035195    0.055923    0.122190    0.257536 ^ clkbuf_4_13_0_wclk/X (sky130_fd_sc_hd__clkbuf_8)
                                                         clknet_4_13_0_wclk (net)
                      0.055930    0.000634    0.258170 ^ _554_/CLK (sky130_fd_sc_hd__dfrtp_1)
     2    0.009435    0.049843    0.252974    0.511144 v _554_/Q (sky130_fd_sc_hd__dfrtp_1)
                                                         r_ptr_gray_sync[4] (net)
                      0.049843    0.000230    0.511373 v _291_/A (sky130_fd_sc_hd__xor2_1)
     3    0.012201    0.201777    0.195160    0.706533 ^ _291_/X (sky130_fd_sc_hd__xor2_1)
                                                         _171_ (net)
                      0.201778    0.000292    0.706824 ^ _292_/B (sky130_fd_sc_hd__xnor2_1)
     3    0.010990    0.195893    0.124805    0.831630 ^ _292_/Y (sky130_fd_sc_hd__xnor2_1)
                                                         _172_ (net)
                      0.195894    0.000367    0.831997 ^ _293_/B (sky130_fd_sc_hd__xnor2_1)
     1    0.004955    0.111870    0.090254    0.922251 ^ _293_/Y (sky130_fd_sc_hd__xnor2_1)
                                                         _173_ (net)
                      0.111870    0.000163    0.922415 ^ _297_/S (sky130_fd_sc_hd__mux2_1)
     2    0.007110    0.054715    0.211240    1.133655 v _297_/X (sky130_fd_sc_hd__mux2_1)
                                                         _177_ (net)
                      0.054715    0.000193    1.133847 v _329_/A1 (sky130_fd_sc_hd__a21boi_2)
     3    0.018258    0.172662    0.172309    1.306157 ^ _329_/Y (sky130_fd_sc_hd__a21boi_2)
                                                         _198_ (net)
                      0.172665    0.000618    1.306774 ^ max_cap23/A (sky130_fd_sc_hd__buf_8)
    20    0.119718    0.148566    0.163296    1.470070 ^ max_cap23/X (sky130_fd_sc_hd__buf_8)
                                                         net23 (net)
                      0.148703    0.003704    1.473774 ^ _379_/B (sky130_fd_sc_hd__nand4b_4)
     8    0.064862    0.193727    0.177111    1.650885 v _379_/Y (sky130_fd_sc_hd__nand4b_4)
                                                         _235_ (net)
                      0.193800    0.002991    1.653876 v _384_/S (sky130_fd_sc_hd__mux2_1)
     1    0.002677    0.037677    0.229393    1.883269 v _384_/X (sky130_fd_sc_hd__mux2_1)
                                                         _012_ (net)
                      0.037677    0.000081    1.883349 v _528_/D (sky130_fd_sc_hd__dfxtp_1)
                                              1.883349   data arrival time

                                 10.000000   10.000000   clock wclk (rise edge)
                                  0.000000   10.000000   clock source latency
     1    0.021811    0.000000    0.000000   10.000000 ^ wclk (in)
                                                         wclk (net)
                      0.002573    0.001286   10.001287 ^ clkbuf_0_wclk/A (sky130_fd_sc_hd__clkbuf_16)
    16    0.119684    0.103747    0.131487   10.132773 ^ clkbuf_0_wclk/X (sky130_fd_sc_hd__clkbuf_16)
                                                         clknet_0_wclk (net)
                      0.103934    0.003577   10.136350 ^ clkbuf_4_10_0_wclk/A (sky130_fd_sc_hd__clkbuf_8)
    12    0.035330    0.056067    0.122203   10.258553 ^ clkbuf_4_10_0_wclk/X (sky130_fd_sc_hd__clkbuf_8)
                                                         clknet_4_10_0_wclk (net)
                      0.056091    0.001076   10.259628 ^ _528_/CLK (sky130_fd_sc_hd__dfxtp_1)
                                  0.000000   10.259628   clock reconvergence pessimism
                                 -0.069710   10.189918   library setup time
                                             10.189918   data required time
---------------------------------------------------------------------------------------------
                                             10.189918   data required time
                                             -1.883349   data arrival time
---------------------------------------------------------------------------------------------
                                              8.306568   slack (MET)


Startpoint: _554_ (rising edge-triggered flip-flop clocked by wclk)
Endpoint: _524_ (rising edge-triggered flip-flop clocked by wclk)
Path Group: wclk
Path Type: max

Fanout         Cap        Slew       Delay        Time   Description
---------------------------------------------------------------------------------------------
                                  0.000000    0.000000   clock wclk (rise edge)
                                  0.000000    0.000000   clock source latency
     1    0.021811    0.000000    0.000000    0.000000 ^ wclk (in)
                                                         wclk (net)
                      0.002573    0.001286    0.001286 ^ clkbuf_0_wclk/A (sky130_fd_sc_hd__clkbuf_16)
    16    0.119684    0.103747    0.131486    0.132773 ^ clkbuf_0_wclk/X (sky130_fd_sc_hd__clkbuf_16)
                                                         clknet_0_wclk (net)
                      0.103842    0.002573    0.135346 ^ clkbuf_4_13_0_wclk/A (sky130_fd_sc_hd__clkbuf_8)
    10    0.035195    0.055923    0.122190    0.257536 ^ clkbuf_4_13_0_wclk/X (sky130_fd_sc_hd__clkbuf_8)
                                                         clknet_4_13_0_wclk (net)
                      0.055930    0.000634    0.258170 ^ _554_/CLK (sky130_fd_sc_hd__dfrtp_1)
     2    0.009435    0.049843    0.252974    0.511144 v _554_/Q (sky130_fd_sc_hd__dfrtp_1)
                                                         r_ptr_gray_sync[4] (net)
                      0.049843    0.000230    0.511373 v _291_/A (sky130_fd_sc_hd__xor2_1)
     3    0.012201    0.201777    0.195160    0.706533 ^ _291_/X (sky130_fd_sc_hd__xor2_1)
                                                         _171_ (net)
                      0.201778    0.000292    0.706824 ^ _292_/B (sky130_fd_sc_hd__xnor2_1)
     3    0.010990    0.195893    0.124805    0.831630 ^ _292_/Y (sky130_fd_sc_hd__xnor2_1)
                                                         _172_ (net)
                      0.195894    0.000367    0.831997 ^ _293_/B (sky130_fd_sc_hd__xnor2_1)
     1    0.004955    0.111870    0.090254    0.922251 ^ _293_/Y (sky130_fd_sc_hd__xnor2_1)
                                                         _173_ (net)
                      0.111870    0.000163    0.922415 ^ _297_/S (sky130_fd_sc_hd__mux2_1)
     2    0.007110    0.054715    0.211240    1.133655 v _297_/X (sky130_fd_sc_hd__mux2_1)
                                                         _177_ (net)
                      0.054715    0.000193    1.133847 v _329_/A1 (sky130_fd_sc_hd__a21boi_2)
     3    0.018258    0.172662    0.172309    1.306157 ^ _329_/Y (sky130_fd_sc_hd__a21boi_2)
                                                         _198_ (net)
                      0.172665    0.000618    1.306774 ^ max_cap23/A (sky130_fd_sc_hd__buf_8)
    20    0.119718    0.148566    0.163296    1.470070 ^ max_cap23/X (sky130_fd_sc_hd__buf_8)
                                                         net23 (net)
                      0.148703    0.003704    1.473774 ^ _379_/B (sky130_fd_sc_hd__nand4b_4)
     8    0.064862    0.193727    0.177111    1.650885 v _379_/Y (sky130_fd_sc_hd__nand4b_4)
                                                         _235_ (net)
                      0.193734    0.000948    1.651833 v _380_/S (sky130_fd_sc_hd__mux2_1)
     1    0.002415    0.036611    0.227776    1.879610 v _380_/X (sky130_fd_sc_hd__mux2_1)
                                                         _008_ (net)
                      0.036611    0.000069    1.879679 v _524_/D (sky130_fd_sc_hd__dfxtp_1)
                                              1.879679   data arrival time

                                 10.000000   10.000000   clock wclk (rise edge)
                                  0.000000   10.000000   clock source latency
     1    0.021811    0.000000    0.000000   10.000000 ^ wclk (in)
                                                         wclk (net)
                      0.002573    0.001286   10.001287 ^ clkbuf_0_wclk/A (sky130_fd_sc_hd__clkbuf_16)
    16    0.119684    0.103747    0.131487   10.132773 ^ clkbuf_0_wclk/X (sky130_fd_sc_hd__clkbuf_16)
                                                         clknet_0_wclk (net)
                      0.103831    0.002413   10.135186 ^ clkbuf_4_6_0_wclk/A (sky130_fd_sc_hd__clkbuf_8)
     8    0.033994    0.054491    0.121156   10.256342 ^ clkbuf_4_6_0_wclk/X (sky130_fd_sc_hd__clkbuf_8)
                                                         clknet_4_6_0_wclk (net)
                      0.054503    0.000764   10.257106 ^ _524_/CLK (sky130_fd_sc_hd__dfxtp_1)
                                  0.000000   10.257106   clock reconvergence pessimism
                                 -0.069483   10.187623   library setup time
                                             10.187623   data required time
---------------------------------------------------------------------------------------------
                                             10.187623   data required time
                                             -1.879679   data arrival time
---------------------------------------------------------------------------------------------
                                              8.307944   slack (MET)


Startpoint: _554_ (rising edge-triggered flip-flop clocked by wclk)
Endpoint: _525_ (rising edge-triggered flip-flop clocked by wclk)
Path Group: wclk
Path Type: max

Fanout         Cap        Slew       Delay        Time   Description
---------------------------------------------------------------------------------------------
                                  0.000000    0.000000   clock wclk (rise edge)
                                  0.000000    0.000000   clock source latency
     1    0.021811    0.000000    0.000000    0.000000 ^ wclk (in)
                                                         wclk (net)
                      0.002573    0.001286    0.001286 ^ clkbuf_0_wclk/A (sky130_fd_sc_hd__clkbuf_16)
    16    0.119684    0.103747    0.131486    0.132773 ^ clkbuf_0_wclk/X (sky130_fd_sc_hd__clkbuf_16)
                                                         clknet_0_wclk (net)
                      0.103842    0.002573    0.135346 ^ clkbuf_4_13_0_wclk/A (sky130_fd_sc_hd__clkbuf_8)
    10    0.035195    0.055923    0.122190    0.257536 ^ clkbuf_4_13_0_wclk/X (sky130_fd_sc_hd__clkbuf_8)
                                                         clknet_4_13_0_wclk (net)
                      0.055930    0.000634    0.258170 ^ _554_/CLK (sky130_fd_sc_hd__dfrtp_1)
     2    0.009435    0.049843    0.252974    0.511144 v _554_/Q (sky130_fd_sc_hd__dfrtp_1)
                                                         r_ptr_gray_sync[4] (net)
                      0.049843    0.000230    0.511373 v _291_/A (sky130_fd_sc_hd__xor2_1)
     3    0.012201    0.201777    0.195160    0.706533 ^ _291_/X (sky130_fd_sc_hd__xor2_1)
                                                         _171_ (net)
                      0.201778    0.000292    0.706824 ^ _292_/B (sky130_fd_sc_hd__xnor2_1)
     3    0.010990    0.195893    0.124805    0.831630 ^ _292_/Y (sky130_fd_sc_hd__xnor2_1)
                                                         _172_ (net)
                      0.195894    0.000367    0.831997 ^ _293_/B (sky130_fd_sc_hd__xnor2_1)
     1    0.004955    0.111870    0.090254    0.922251 ^ _293_/Y (sky130_fd_sc_hd__xnor2_1)
                                                         _173_ (net)
                      0.111870    0.000163    0.922415 ^ _297_/S (sky130_fd_sc_hd__mux2_1)
     2    0.007110    0.054715    0.211240    1.133655 v _297_/X (sky130_fd_sc_hd__mux2_1)
                                                         _177_ (net)
                      0.054715    0.000193    1.133847 v _329_/A1 (sky130_fd_sc_hd__a21boi_2)
     3    0.018258    0.172662    0.172309    1.306157 ^ _329_/Y (sky130_fd_sc_hd__a21boi_2)
                                                         _198_ (net)
                      0.172665    0.000618    1.306774 ^ max_cap23/A (sky130_fd_sc_hd__buf_8)
    20    0.119718    0.148566    0.163296    1.470070 ^ max_cap23/X (sky130_fd_sc_hd__buf_8)
                                                         net23 (net)
                      0.148703    0.003704    1.473774 ^ _379_/B (sky130_fd_sc_hd__nand4b_4)
     8    0.064862    0.193727    0.177111    1.650885 v _379_/Y (sky130_fd_sc_hd__nand4b_4)
                                                         _235_ (net)
                      0.193743    0.001442    1.652327 v _381_/S (sky130_fd_sc_hd__mux2_1)
     1    0.002378    0.036511    0.227551    1.879877 v _381_/X (sky130_fd_sc_hd__mux2_1)
                                                         _009_ (net)
                      0.036511    0.000067    1.879944 v _525_/D (sky130_fd_sc_hd__dfxtp_1)
                                              1.879944   data arrival time

                                 10.000000   10.000000   clock wclk (rise edge)
                                  0.000000   10.000000   clock source latency
     1    0.021811    0.000000    0.000000   10.000000 ^ wclk (in)
                                                         wclk (net)
                      0.002573    0.001286   10.001287 ^ clkbuf_0_wclk/A (sky130_fd_sc_hd__clkbuf_16)
    16    0.119684    0.103747    0.131487   10.132773 ^ clkbuf_0_wclk/X (sky130_fd_sc_hd__clkbuf_16)
                                                         clknet_0_wclk (net)
                      0.103875    0.002970   10.135743 ^ clkbuf_4_15_0_wclk/A (sky130_fd_sc_hd__clkbuf_8)
     8    0.034329    0.054878    0.121361   10.257104 ^ clkbuf_4_15_0_wclk/X (sky130_fd_sc_hd__clkbuf_8)
                                                         clknet_4_15_0_wclk (net)
                      0.054886    0.000681   10.257785 ^ _525_/CLK (sky130_fd_sc_hd__dfxtp_1)
                                  0.000000   10.257785   clock reconvergence pessimism
                                 -0.069410   10.188375   library setup time
                                             10.188375   data required time
---------------------------------------------------------------------------------------------
                                             10.188375   data required time
                                             -1.879944   data arrival time
---------------------------------------------------------------------------------------------
                                              8.308431   slack (MET)


Startpoint: _554_ (rising edge-triggered flip-flop clocked by wclk)
Endpoint: _650_ (rising edge-triggered flip-flop clocked by wclk)
Path Group: wclk
Path Type: max

Fanout         Cap        Slew       Delay        Time   Description
---------------------------------------------------------------------------------------------
                                  0.000000    0.000000   clock wclk (rise edge)
                                  0.000000    0.000000   clock source latency
     1    0.021811    0.000000    0.000000    0.000000 ^ wclk (in)
                                                         wclk (net)
                      0.002573    0.001286    0.001286 ^ clkbuf_0_wclk/A (sky130_fd_sc_hd__clkbuf_16)
    16    0.119684    0.103747    0.131486    0.132773 ^ clkbuf_0_wclk/X (sky130_fd_sc_hd__clkbuf_16)
                                                         clknet_0_wclk (net)
                      0.103842    0.002573    0.135346 ^ clkbuf_4_13_0_wclk/A (sky130_fd_sc_hd__clkbuf_8)
    10    0.035195    0.055923    0.122190    0.257536 ^ clkbuf_4_13_0_wclk/X (sky130_fd_sc_hd__clkbuf_8)
                                                         clknet_4_13_0_wclk (net)
                      0.055930    0.000634    0.258170 ^ _554_/CLK (sky130_fd_sc_hd__dfrtp_1)
     2    0.009435    0.049843    0.252974    0.511144 v _554_/Q (sky130_fd_sc_hd__dfrtp_1)
                                                         r_ptr_gray_sync[4] (net)
                      0.049843    0.000230    0.511373 v _291_/A (sky130_fd_sc_hd__xor2_1)
     3    0.012201    0.201777    0.195160    0.706533 ^ _291_/X (sky130_fd_sc_hd__xor2_1)
                                                         _171_ (net)
                      0.201778    0.000292    0.706824 ^ _292_/B (sky130_fd_sc_hd__xnor2_1)
     3    0.010990    0.195893    0.124805    0.831630 ^ _292_/Y (sky130_fd_sc_hd__xnor2_1)
                                                         _172_ (net)
                      0.195894    0.000367    0.831997 ^ _293_/B (sky130_fd_sc_hd__xnor2_1)
     1    0.004955    0.111870    0.090254    0.922251 ^ _293_/Y (sky130_fd_sc_hd__xnor2_1)
                                                         _173_ (net)
                      0.111870    0.000163    0.922415 ^ _297_/S (sky130_fd_sc_hd__mux2_1)
     2    0.007110    0.054715    0.211240    1.133655 v _297_/X (sky130_fd_sc_hd__mux2_1)
                                                         _177_ (net)
                      0.054715    0.000193    1.133847 v _329_/A1 (sky130_fd_sc_hd__a21boi_2)
     3    0.018258    0.172662    0.172309    1.306157 ^ _329_/Y (sky130_fd_sc_hd__a21boi_2)
                                                         _198_ (net)
                      0.172665    0.000618    1.306774 ^ max_cap23/A (sky130_fd_sc_hd__buf_8)
    20    0.119718    0.148566    0.163296    1.470070 ^ max_cap23/X (sky130_fd_sc_hd__buf_8)
                                                         net23 (net)
                      0.148723    0.003962    1.474032 ^ _480_/C (sky130_fd_sc_hd__nand4_4)
     8    0.060280    0.200461    0.162659    1.636692 v _480_/Y (sky130_fd_sc_hd__nand4_4)
                                                         _248_ (net)
                      0.200480    0.001516    1.638207 v _482_/S (sky130_fd_sc_hd__mux2_1)
     1    0.003698    0.042078    0.237784    1.875991 v _482_/X (sky130_fd_sc_hd__mux2_1)
                                                         _097_ (net)
                      0.042078    0.000127    1.876118 v _650_/D (sky130_fd_sc_hd__dfxtp_1)
                                              1.876118   data arrival time

                                 10.000000   10.000000   clock wclk (rise edge)
                                  0.000000   10.000000   clock source latency
     1    0.021811    0.000000    0.000000   10.000000 ^ wclk (in)
                                                         wclk (net)
                      0.002573    0.001286   10.001287 ^ clkbuf_0_wclk/A (sky130_fd_sc_hd__clkbuf_16)
    16    0.119684    0.103747    0.131487   10.132773 ^ clkbuf_0_wclk/X (sky130_fd_sc_hd__clkbuf_16)
                                                         clknet_0_wclk (net)
                      0.103831    0.002413   10.135186 ^ clkbuf_4_6_0_wclk/A (sky130_fd_sc_hd__clkbuf_8)
     8    0.033994    0.054491    0.121156   10.256342 ^ clkbuf_4_6_0_wclk/X (sky130_fd_sc_hd__clkbuf_8)
                                                         clknet_4_6_0_wclk (net)
                      0.054495    0.000473   10.256815 ^ _650_/CLK (sky130_fd_sc_hd__dfxtp_1)
                                  0.000000   10.256815   clock reconvergence pessimism
                                 -0.071434   10.185381   library setup time
                                             10.185381   data required time
---------------------------------------------------------------------------------------------
                                             10.185381   data required time
                                             -1.876118   data arrival time
---------------------------------------------------------------------------------------------
                                              8.309263   slack (MET)


Startpoint: _554_ (rising edge-triggered flip-flop clocked by wclk)
Endpoint: _529_ (rising edge-triggered flip-flop clocked by wclk)
Path Group: wclk
Path Type: max

Fanout         Cap        Slew       Delay        Time   Description
---------------------------------------------------------------------------------------------
                                  0.000000    0.000000   clock wclk (rise edge)
                                  0.000000    0.000000   clock source latency
     1    0.021811    0.000000    0.000000    0.000000 ^ wclk (in)
                                                         wclk (net)
                      0.002573    0.001286    0.001286 ^ clkbuf_0_wclk/A (sky130_fd_sc_hd__clkbuf_16)
    16    0.119684    0.103747    0.131486    0.132773 ^ clkbuf_0_wclk/X (sky130_fd_sc_hd__clkbuf_16)
                                                         clknet_0_wclk (net)
                      0.103842    0.002573    0.135346 ^ clkbuf_4_13_0_wclk/A (sky130_fd_sc_hd__clkbuf_8)
    10    0.035195    0.055923    0.122190    0.257536 ^ clkbuf_4_13_0_wclk/X (sky130_fd_sc_hd__clkbuf_8)
                                                         clknet_4_13_0_wclk (net)
                      0.055930    0.000634    0.258170 ^ _554_/CLK (sky130_fd_sc_hd__dfrtp_1)
     2    0.009435    0.049843    0.252974    0.511144 v _554_/Q (sky130_fd_sc_hd__dfrtp_1)
                                                         r_ptr_gray_sync[4] (net)
                      0.049843    0.000230    0.511373 v _291_/A (sky130_fd_sc_hd__xor2_1)
     3    0.012201    0.201777    0.195160    0.706533 ^ _291_/X (sky130_fd_sc_hd__xor2_1)
                                                         _171_ (net)
                      0.201778    0.000292    0.706824 ^ _292_/B (sky130_fd_sc_hd__xnor2_1)
     3    0.010990    0.195893    0.124805    0.831630 ^ _292_/Y (sky130_fd_sc_hd__xnor2_1)
                                                         _172_ (net)
                      0.195894    0.000367    0.831997 ^ _293_/B (sky130_fd_sc_hd__xnor2_1)
     1    0.004955    0.111870    0.090254    0.922251 ^ _293_/Y (sky130_fd_sc_hd__xnor2_1)
                                                         _173_ (net)
                      0.111870    0.000163    0.922415 ^ _297_/S (sky130_fd_sc_hd__mux2_1)
     2    0.007110    0.054715    0.211240    1.133655 v _297_/X (sky130_fd_sc_hd__mux2_1)
                                                         _177_ (net)
                      0.054715    0.000193    1.133847 v _329_/A1 (sky130_fd_sc_hd__a21boi_2)
     3    0.018258    0.172662    0.172309    1.306157 ^ _329_/Y (sky130_fd_sc_hd__a21boi_2)
                                                         _198_ (net)
                      0.172665    0.000618    1.306774 ^ max_cap23/A (sky130_fd_sc_hd__buf_8)
    20    0.119718    0.148566    0.163296    1.470070 ^ max_cap23/X (sky130_fd_sc_hd__buf_8)
                                                         net23 (net)
                      0.148703    0.003704    1.473774 ^ _379_/B (sky130_fd_sc_hd__nand4b_4)
     8    0.064862    0.193727    0.177111    1.650885 v _379_/Y (sky130_fd_sc_hd__nand4b_4)
                                                         _235_ (net)
                      0.193773    0.002381    1.653266 v _385_/S (sky130_fd_sc_hd__mux2_1)
     1    0.002404    0.036583    0.227722    1.880987 v _385_/X (sky130_fd_sc_hd__mux2_1)
                                                         _013_ (net)
                      0.036583    0.000070    1.881058 v _529_/D (sky130_fd_sc_hd__dfxtp_1)
                                              1.881058   data arrival time

                                 10.000000   10.000000   clock wclk (rise edge)
                                  0.000000   10.000000   clock source latency
     1    0.021811    0.000000    0.000000   10.000000 ^ wclk (in)
                                                         wclk (net)
                      0.002573    0.001286   10.001287 ^ clkbuf_0_wclk/A (sky130_fd_sc_hd__clkbuf_16)
    16    0.119684    0.103747    0.131487   10.132773 ^ clkbuf_0_wclk/X (sky130_fd_sc_hd__clkbuf_16)
                                                         clknet_0_wclk (net)
                      0.103905    0.003298   10.136071 ^ clkbuf_4_8_0_wclk/A (sky130_fd_sc_hd__clkbuf_8)
    13    0.036805    0.057851    0.123616   10.259686 ^ clkbuf_4_8_0_wclk/X (sky130_fd_sc_hd__clkbuf_8)
                                                         clknet_4_8_0_wclk (net)
                      0.057864    0.000829   10.260515 ^ _529_/CLK (sky130_fd_sc_hd__dfxtp_1)
                                  0.000000   10.260515   clock reconvergence pessimism
                                 -0.069149   10.191366   library setup time
                                             10.191366   data required time
---------------------------------------------------------------------------------------------
                                             10.191366   data required time
                                             -1.881058   data arrival time
---------------------------------------------------------------------------------------------
                                              8.310309   slack (MET)


Startpoint: _554_ (rising edge-triggered flip-flop clocked by wclk)
Endpoint: _527_ (rising edge-triggered flip-flop clocked by wclk)
Path Group: wclk
Path Type: max

Fanout         Cap        Slew       Delay        Time   Description
---------------------------------------------------------------------------------------------
                                  0.000000    0.000000   clock wclk (rise edge)
                                  0.000000    0.000000   clock source latency
     1    0.021811    0.000000    0.000000    0.000000 ^ wclk (in)
                                                         wclk (net)
                      0.002573    0.001286    0.001286 ^ clkbuf_0_wclk/A (sky130_fd_sc_hd__clkbuf_16)
    16    0.119684    0.103747    0.131486    0.132773 ^ clkbuf_0_wclk/X (sky130_fd_sc_hd__clkbuf_16)
                                                         clknet_0_wclk (net)
                      0.103842    0.002573    0.135346 ^ clkbuf_4_13_0_wclk/A (sky130_fd_sc_hd__clkbuf_8)
    10    0.035195    0.055923    0.122190    0.257536 ^ clkbuf_4_13_0_wclk/X (sky130_fd_sc_hd__clkbuf_8)
                                                         clknet_4_13_0_wclk (net)
                      0.055930    0.000634    0.258170 ^ _554_/CLK (sky130_fd_sc_hd__dfrtp_1)
     2    0.009435    0.049843    0.252974    0.511144 v _554_/Q (sky130_fd_sc_hd__dfrtp_1)
                                                         r_ptr_gray_sync[4] (net)
                      0.049843    0.000230    0.511373 v _291_/A (sky130_fd_sc_hd__xor2_1)
     3    0.012201    0.201777    0.195160    0.706533 ^ _291_/X (sky130_fd_sc_hd__xor2_1)
                                                         _171_ (net)
                      0.201778    0.000292    0.706824 ^ _292_/B (sky130_fd_sc_hd__xnor2_1)
     3    0.010990    0.195893    0.124805    0.831630 ^ _292_/Y (sky130_fd_sc_hd__xnor2_1)
                                                         _172_ (net)
                      0.195894    0.000367    0.831997 ^ _293_/B (sky130_fd_sc_hd__xnor2_1)
     1    0.004955    0.111870    0.090254    0.922251 ^ _293_/Y (sky130_fd_sc_hd__xnor2_1)
                                                         _173_ (net)
                      0.111870    0.000163    0.922415 ^ _297_/S (sky130_fd_sc_hd__mux2_1)
     2    0.007110    0.054715    0.211240    1.133655 v _297_/X (sky130_fd_sc_hd__mux2_1)
                                                         _177_ (net)
                      0.054715    0.000193    1.133847 v _329_/A1 (sky130_fd_sc_hd__a21boi_2)
     3    0.018258    0.172662    0.172309    1.306157 ^ _329_/Y (sky130_fd_sc_hd__a21boi_2)
                                                         _198_ (net)
                      0.172665    0.000618    1.306774 ^ max_cap23/A (sky130_fd_sc_hd__buf_8)
    20    0.119718    0.148566    0.163296    1.470070 ^ max_cap23/X (sky130_fd_sc_hd__buf_8)
                                                         net23 (net)
                      0.148703    0.003704    1.473774 ^ _379_/B (sky130_fd_sc_hd__nand4b_4)
     8    0.064862    0.193727    0.177111    1.650885 v _379_/Y (sky130_fd_sc_hd__nand4b_4)
                                                         _235_ (net)
                      0.193751    0.001724    1.652609 v _383_/S (sky130_fd_sc_hd__mux2_1)
     1    0.002050    0.035408    0.225557    1.878167 v _383_/X (sky130_fd_sc_hd__mux2_1)
                                                         _011_ (net)
                      0.035408    0.000057    1.878224 v _527_/D (sky130_fd_sc_hd__dfxtp_1)
                                              1.878224   data arrival time

                                 10.000000   10.000000   clock wclk (rise edge)
                                  0.000000   10.000000   clock source latency
     1    0.021811    0.000000    0.000000   10.000000 ^ wclk (in)
                                                         wclk (net)
                      0.002573    0.001286   10.001287 ^ clkbuf_0_wclk/A (sky130_fd_sc_hd__clkbuf_16)
    16    0.119684    0.103747    0.131487   10.132773 ^ clkbuf_0_wclk/X (sky130_fd_sc_hd__clkbuf_16)
                                                         clknet_0_wclk (net)
                      0.103884    0.003075   10.135848 ^ clkbuf_4_14_0_wclk/A (sky130_fd_sc_hd__clkbuf_8)
     9    0.034233    0.054760    0.121259   10.257108 ^ clkbuf_4_14_0_wclk/X (sky130_fd_sc_hd__clkbuf_8)
                                                         clknet_4_14_0_wclk (net)
                      0.054779    0.000948   10.258055 ^ _527_/CLK (sky130_fd_sc_hd__dfxtp_1)
                                  0.000000   10.258055   clock reconvergence pessimism
                                 -0.069027   10.189029   library setup time
                                             10.189029   data required time
---------------------------------------------------------------------------------------------
                                             10.189029   data required time
                                             -1.878224   data arrival time
---------------------------------------------------------------------------------------------
                                              8.310804   slack (MET)


Startpoint: _554_ (rising edge-triggered flip-flop clocked by wclk)
Endpoint: _530_ (rising edge-triggered flip-flop clocked by wclk)
Path Group: wclk
Path Type: max

Fanout         Cap        Slew       Delay        Time   Description
---------------------------------------------------------------------------------------------
                                  0.000000    0.000000   clock wclk (rise edge)
                                  0.000000    0.000000   clock source latency
     1    0.021811    0.000000    0.000000    0.000000 ^ wclk (in)
                                                         wclk (net)
                      0.002573    0.001286    0.001286 ^ clkbuf_0_wclk/A (sky130_fd_sc_hd__clkbuf_16)
    16    0.119684    0.103747    0.131486    0.132773 ^ clkbuf_0_wclk/X (sky130_fd_sc_hd__clkbuf_16)
                                                         clknet_0_wclk (net)
                      0.103842    0.002573    0.135346 ^ clkbuf_4_13_0_wclk/A (sky130_fd_sc_hd__clkbuf_8)
    10    0.035195    0.055923    0.122190    0.257536 ^ clkbuf_4_13_0_wclk/X (sky130_fd_sc_hd__clkbuf_8)
                                                         clknet_4_13_0_wclk (net)
                      0.055930    0.000634    0.258170 ^ _554_/CLK (sky130_fd_sc_hd__dfrtp_1)
     2    0.009435    0.049843    0.252974    0.511144 v _554_/Q (sky130_fd_sc_hd__dfrtp_1)
                                                         r_ptr_gray_sync[4] (net)
                      0.049843    0.000230    0.511373 v _291_/A (sky130_fd_sc_hd__xor2_1)
     3    0.012201    0.201777    0.195160    0.706533 ^ _291_/X (sky130_fd_sc_hd__xor2_1)
                                                         _171_ (net)
                      0.201778    0.000292    0.706824 ^ _292_/B (sky130_fd_sc_hd__xnor2_1)
     3    0.010990    0.195893    0.124805    0.831630 ^ _292_/Y (sky130_fd_sc_hd__xnor2_1)
                                                         _172_ (net)
                      0.195894    0.000367    0.831997 ^ _293_/B (sky130_fd_sc_hd__xnor2_1)
     1    0.004955    0.111870    0.090254    0.922251 ^ _293_/Y (sky130_fd_sc_hd__xnor2_1)
                                                         _173_ (net)
                      0.111870    0.000163    0.922415 ^ _297_/S (sky130_fd_sc_hd__mux2_1)
     2    0.007110    0.054715    0.211240    1.133655 v _297_/X (sky130_fd_sc_hd__mux2_1)
                                                         _177_ (net)
                      0.054715    0.000193    1.133847 v _329_/A1 (sky130_fd_sc_hd__a21boi_2)
     3    0.018258    0.172662    0.172309    1.306157 ^ _329_/Y (sky130_fd_sc_hd__a21boi_2)
                                                         _198_ (net)
                      0.172665    0.000618    1.306774 ^ max_cap23/A (sky130_fd_sc_hd__buf_8)
    20    0.119718    0.148566    0.163296    1.470070 ^ max_cap23/X (sky130_fd_sc_hd__buf_8)
                                                         net23 (net)
                      0.148703    0.003704    1.473774 ^ _379_/B (sky130_fd_sc_hd__nand4b_4)
     8    0.064862    0.193727    0.177111    1.650885 v _379_/Y (sky130_fd_sc_hd__nand4b_4)
                                                         _235_ (net)
                      0.193755    0.001886    1.652771 v _386_/S (sky130_fd_sc_hd__mux2_1)
     1    0.002160    0.035804    0.226226    1.878997 v _386_/X (sky130_fd_sc_hd__mux2_1)
                                                         _014_ (net)
                      0.035804    0.000061    1.879058 v _530_/D (sky130_fd_sc_hd__dfxtp_1)
                                              1.879058   data arrival time

                                 10.000000   10.000000   clock wclk (rise edge)
                                  0.000000   10.000000   clock source latency
     1    0.021811    0.000000    0.000000   10.000000 ^ wclk (in)
                                                         wclk (net)
                      0.002573    0.001286   10.001287 ^ clkbuf_0_wclk/A (sky130_fd_sc_hd__clkbuf_16)
    16    0.119684    0.103747    0.131487   10.132773 ^ clkbuf_0_wclk/X (sky130_fd_sc_hd__clkbuf_16)
                                                         clknet_0_wclk (net)
                      0.103920    0.003438   10.136211 ^ clkbuf_4_11_0_wclk/A (sky130_fd_sc_hd__clkbuf_8)
    11    0.035993    0.056877    0.122907   10.259118 ^ clkbuf_4_11_0_wclk/X (sky130_fd_sc_hd__clkbuf_8)
                                                         clknet_4_11_0_wclk (net)
                      0.056894    0.000933   10.260051 ^ _530_/CLK (sky130_fd_sc_hd__dfxtp_1)
                                  0.000000   10.260051   clock reconvergence pessimism
                                 -0.068965   10.191087   library setup time
                                             10.191087   data required time
---------------------------------------------------------------------------------------------
                                             10.191087   data required time
                                             -1.879058   data arrival time
---------------------------------------------------------------------------------------------
                                              8.312029   slack (MET)


Startpoint: _554_ (rising edge-triggered flip-flop clocked by wclk)
Endpoint: _603_ (rising edge-triggered flip-flop clocked by wclk)
Path Group: wclk
Path Type: max

Fanout         Cap        Slew       Delay        Time   Description
---------------------------------------------------------------------------------------------
                                  0.000000    0.000000   clock wclk (rise edge)
                                  0.000000    0.000000   clock source latency
     1    0.021811    0.000000    0.000000    0.000000 ^ wclk (in)
                                                         wclk (net)
                      0.002573    0.001286    0.001286 ^ clkbuf_0_wclk/A (sky130_fd_sc_hd__clkbuf_16)
    16    0.119684    0.103747    0.131486    0.132773 ^ clkbuf_0_wclk/X (sky130_fd_sc_hd__clkbuf_16)
                                                         clknet_0_wclk (net)
                      0.103842    0.002573    0.135346 ^ clkbuf_4_13_0_wclk/A (sky130_fd_sc_hd__clkbuf_8)
    10    0.035195    0.055923    0.122190    0.257536 ^ clkbuf_4_13_0_wclk/X (sky130_fd_sc_hd__clkbuf_8)
                                                         clknet_4_13_0_wclk (net)
                      0.055930    0.000634    0.258170 ^ _554_/CLK (sky130_fd_sc_hd__dfrtp_1)
     2    0.009435    0.049843    0.252974    0.511144 v _554_/Q (sky130_fd_sc_hd__dfrtp_1)
                                                         r_ptr_gray_sync[4] (net)
                      0.049843    0.000230    0.511373 v _291_/A (sky130_fd_sc_hd__xor2_1)
     3    0.012201    0.201777    0.195160    0.706533 ^ _291_/X (sky130_fd_sc_hd__xor2_1)
                                                         _171_ (net)
                      0.201778    0.000292    0.706824 ^ _292_/B (sky130_fd_sc_hd__xnor2_1)
     3    0.010990    0.195893    0.124805    0.831630 ^ _292_/Y (sky130_fd_sc_hd__xnor2_1)
                                                         _172_ (net)
                      0.195894    0.000367    0.831997 ^ _293_/B (sky130_fd_sc_hd__xnor2_1)
     1    0.004955    0.111870    0.090254    0.922251 ^ _293_/Y (sky130_fd_sc_hd__xnor2_1)
                                                         _173_ (net)
                      0.111870    0.000163    0.922415 ^ _297_/S (sky130_fd_sc_hd__mux2_1)
     2    0.007110    0.054715    0.211240    1.133655 v _297_/X (sky130_fd_sc_hd__mux2_1)
                                                         _177_ (net)
                      0.054715    0.000193    1.133847 v _329_/A1 (sky130_fd_sc_hd__a21boi_2)
     3    0.018258    0.172662    0.172309    1.306157 ^ _329_/Y (sky130_fd_sc_hd__a21boi_2)
                                                         _198_ (net)
                      0.172665    0.000618    1.306774 ^ max_cap23/A (sky130_fd_sc_hd__buf_8)
    20    0.119718    0.148566    0.163296    1.470070 ^ max_cap23/X (sky130_fd_sc_hd__buf_8)
                                                         net23 (net)
                      0.148713    0.003833    1.473904 ^ _434_/C (sky130_fd_sc_hd__nand4_4)
     8    0.055989    0.191024    0.154941    1.628844 v _434_/Y (sky130_fd_sc_hd__nand4_4)
                                                         _242_ (net)
                      0.191082    0.002540    1.631384 v _438_/S (sky130_fd_sc_hd__mux2_1)
     1    0.004312    0.044094    0.237680    1.869065 v _438_/X (sky130_fd_sc_hd__mux2_1)
                                                         _059_ (net)
                      0.044094    0.000165    1.869230 v _603_/D (sky130_fd_sc_hd__dfxtp_1)
                                              1.869230   data arrival time

                                 10.000000   10.000000   clock wclk (rise edge)
                                  0.000000   10.000000   clock source latency
     1    0.021811    0.000000    0.000000   10.000000 ^ wclk (in)
                                                         wclk (net)
                      0.002573    0.001286   10.001287 ^ clkbuf_0_wclk/A (sky130_fd_sc_hd__clkbuf_16)
    16    0.119684    0.103747    0.131487   10.132773 ^ clkbuf_0_wclk/X (sky130_fd_sc_hd__clkbuf_16)
                                                         clknet_0_wclk (net)
                      0.103939    0.003623   10.136396 ^ clkbuf_4_3_0_wclk/A (sky130_fd_sc_hd__clkbuf_8)
    10    0.030341    0.050141    0.117939   10.254334 ^ clkbuf_4_3_0_wclk/X (sky130_fd_sc_hd__clkbuf_8)
                                                         clknet_4_3_0_wclk (net)
                      0.050146    0.000534   10.254869 ^ _603_/CLK (sky130_fd_sc_hd__dfxtp_1)
                                  0.000000   10.254869   clock reconvergence pessimism
                                 -0.072573   10.182295   library setup time
                                             10.182295   data required time
---------------------------------------------------------------------------------------------
                                             10.182295   data required time
                                             -1.869230   data arrival time
---------------------------------------------------------------------------------------------
                                              8.313066   slack (MET)


Startpoint: _554_ (rising edge-triggered flip-flop clocked by wclk)
Endpoint: _683_ (rising edge-triggered flip-flop clocked by wclk)
Path Group: wclk
Path Type: max

Fanout         Cap        Slew       Delay        Time   Description
---------------------------------------------------------------------------------------------
                                  0.000000    0.000000   clock wclk (rise edge)
                                  0.000000    0.000000   clock source latency
     1    0.021811    0.000000    0.000000    0.000000 ^ wclk (in)
                                                         wclk (net)
                      0.002573    0.001286    0.001286 ^ clkbuf_0_wclk/A (sky130_fd_sc_hd__clkbuf_16)
    16    0.119684    0.103747    0.131486    0.132773 ^ clkbuf_0_wclk/X (sky130_fd_sc_hd__clkbuf_16)
                                                         clknet_0_wclk (net)
                      0.103842    0.002573    0.135346 ^ clkbuf_4_13_0_wclk/A (sky130_fd_sc_hd__clkbuf_8)
    10    0.035195    0.055923    0.122190    0.257536 ^ clkbuf_4_13_0_wclk/X (sky130_fd_sc_hd__clkbuf_8)
                                                         clknet_4_13_0_wclk (net)
                      0.055930    0.000634    0.258170 ^ _554_/CLK (sky130_fd_sc_hd__dfrtp_1)
     2    0.009435    0.049843    0.252974    0.511144 v _554_/Q (sky130_fd_sc_hd__dfrtp_1)
                                                         r_ptr_gray_sync[4] (net)
                      0.049843    0.000230    0.511373 v _291_/A (sky130_fd_sc_hd__xor2_1)
     3    0.012201    0.201777    0.195160    0.706533 ^ _291_/X (sky130_fd_sc_hd__xor2_1)
                                                         _171_ (net)
                      0.201778    0.000292    0.706824 ^ _292_/B (sky130_fd_sc_hd__xnor2_1)
     3    0.010990    0.195893    0.124805    0.831630 ^ _292_/Y (sky130_fd_sc_hd__xnor2_1)
                                                         _172_ (net)
                      0.195894    0.000367    0.831997 ^ _293_/B (sky130_fd_sc_hd__xnor2_1)
     1    0.004955    0.111870    0.090254    0.922251 ^ _293_/Y (sky130_fd_sc_hd__xnor2_1)
                                                         _173_ (net)
                      0.111870    0.000163    0.922415 ^ _297_/S (sky130_fd_sc_hd__mux2_1)
     2    0.007110    0.054715    0.211240    1.133655 v _297_/X (sky130_fd_sc_hd__mux2_1)
                                                         _177_ (net)
                      0.054715    0.000193    1.133847 v _329_/A1 (sky130_fd_sc_hd__a21boi_2)
     3    0.018258    0.172662    0.172309    1.306157 ^ _329_/Y (sky130_fd_sc_hd__a21boi_2)
                                                         _198_ (net)
                      0.172665    0.000618    1.306774 ^ max_cap23/A (sky130_fd_sc_hd__buf_8)
    20    0.119718    0.148566    0.163296    1.470070 ^ max_cap23/X (sky130_fd_sc_hd__buf_8)
                                                         net23 (net)
                      0.148749    0.004272    1.474343 ^ _340_/C (sky130_fd_sc_hd__nand4_4)
    10    0.059886    0.199677    0.161195    1.635537 v _340_/Y (sky130_fd_sc_hd__nand4_4)
                                                         _204_ (net)
                      0.199748    0.002913    1.638450 v _508_/S (sky130_fd_sc_hd__mux2_1)
     1    0.003128    0.039530    0.234075    1.872525 v _508_/X (sky130_fd_sc_hd__mux2_1)
                                                         _121_ (net)
                      0.039530    0.000101    1.872625 v _683_/D (sky130_fd_sc_hd__dfxtp_1)
                                              1.872625   data arrival time

                                 10.000000   10.000000   clock wclk (rise edge)
                                  0.000000   10.000000   clock source latency
     1    0.021811    0.000000    0.000000   10.000000 ^ wclk (in)
                                                         wclk (net)
                      0.002573    0.001286   10.001287 ^ clkbuf_0_wclk/A (sky130_fd_sc_hd__clkbuf_16)
    16    0.119684    0.103747    0.131487   10.132773 ^ clkbuf_0_wclk/X (sky130_fd_sc_hd__clkbuf_16)
                                                         clknet_0_wclk (net)
                      0.103875    0.002970   10.135743 ^ clkbuf_4_15_0_wclk/A (sky130_fd_sc_hd__clkbuf_8)
     8    0.034329    0.054878    0.121361   10.257104 ^ clkbuf_4_15_0_wclk/X (sky130_fd_sc_hd__clkbuf_8)
                                                         clknet_4_15_0_wclk (net)
                      0.054888    0.000736   10.257840 ^ _683_/CLK (sky130_fd_sc_hd__dfxtp_1)
                                  0.000000   10.257840   clock reconvergence pessimism
                                 -0.070487   10.187352   library setup time
                                             10.187352   data required time
---------------------------------------------------------------------------------------------
                                             10.187352   data required time
                                             -1.872625   data arrival time
---------------------------------------------------------------------------------------------
                                              8.314727   slack (MET)


Startpoint: _554_ (rising edge-triggered flip-flop clocked by wclk)
Endpoint: _654_ (rising edge-triggered flip-flop clocked by wclk)
Path Group: wclk
Path Type: max

Fanout         Cap        Slew       Delay        Time   Description
---------------------------------------------------------------------------------------------
                                  0.000000    0.000000   clock wclk (rise edge)
                                  0.000000    0.000000   clock source latency
     1    0.021811    0.000000    0.000000    0.000000 ^ wclk (in)
                                                         wclk (net)
                      0.002573    0.001286    0.001286 ^ clkbuf_0_wclk/A (sky130_fd_sc_hd__clkbuf_16)
    16    0.119684    0.103747    0.131486    0.132773 ^ clkbuf_0_wclk/X (sky130_fd_sc_hd__clkbuf_16)
                                                         clknet_0_wclk (net)
                      0.103842    0.002573    0.135346 ^ clkbuf_4_13_0_wclk/A (sky130_fd_sc_hd__clkbuf_8)
    10    0.035195    0.055923    0.122190    0.257536 ^ clkbuf_4_13_0_wclk/X (sky130_fd_sc_hd__clkbuf_8)
                                                         clknet_4_13_0_wclk (net)
                      0.055930    0.000634    0.258170 ^ _554_/CLK (sky130_fd_sc_hd__dfrtp_1)
     2    0.009435    0.049843    0.252974    0.511144 v _554_/Q (sky130_fd_sc_hd__dfrtp_1)
                                                         r_ptr_gray_sync[4] (net)
                      0.049843    0.000230    0.511373 v _291_/A (sky130_fd_sc_hd__xor2_1)
     3    0.012201    0.201777    0.195160    0.706533 ^ _291_/X (sky130_fd_sc_hd__xor2_1)
                                                         _171_ (net)
                      0.201778    0.000292    0.706824 ^ _292_/B (sky130_fd_sc_hd__xnor2_1)
     3    0.010990    0.195893    0.124805    0.831630 ^ _292_/Y (sky130_fd_sc_hd__xnor2_1)
                                                         _172_ (net)
                      0.195894    0.000367    0.831997 ^ _293_/B (sky130_fd_sc_hd__xnor2_1)
     1    0.004955    0.111870    0.090254    0.922251 ^ _293_/Y (sky130_fd_sc_hd__xnor2_1)
                                                         _173_ (net)
                      0.111870    0.000163    0.922415 ^ _297_/S (sky130_fd_sc_hd__mux2_1)
     2    0.007110    0.054715    0.211240    1.133655 v _297_/X (sky130_fd_sc_hd__mux2_1)
                                                         _177_ (net)
                      0.054715    0.000193    1.133847 v _329_/A1 (sky130_fd_sc_hd__a21boi_2)
     3    0.018258    0.172662    0.172309    1.306157 ^ _329_/Y (sky130_fd_sc_hd__a21boi_2)
                                                         _198_ (net)
                      0.172665    0.000618    1.306774 ^ max_cap23/A (sky130_fd_sc_hd__buf_8)
    20    0.119718    0.148566    0.163296    1.470070 ^ max_cap23/X (sky130_fd_sc_hd__buf_8)
                                                         net23 (net)
                      0.148723    0.003962    1.474032 ^ _480_/C (sky130_fd_sc_hd__nand4_4)
     8    0.060280    0.200461    0.162659    1.636692 v _480_/Y (sky130_fd_sc_hd__nand4_4)
                                                         _248_ (net)
                      0.200540    0.003065    1.639756 v _486_/S (sky130_fd_sc_hd__mux2_1)
     1    0.003295    0.040267    0.235353    1.875109 v _486_/X (sky130_fd_sc_hd__mux2_1)
                                                         _101_ (net)
                      0.040267    0.000107    1.875216 v _654_/D (sky130_fd_sc_hd__dfxtp_1)
                                              1.875216   data arrival time

                                 10.000000   10.000000   clock wclk (rise edge)
                                  0.000000   10.000000   clock source latency
     1    0.021811    0.000000    0.000000   10.000000 ^ wclk (in)
                                                         wclk (net)
                      0.002573    0.001286   10.001287 ^ clkbuf_0_wclk/A (sky130_fd_sc_hd__clkbuf_16)
    16    0.119684    0.103747    0.131487   10.132773 ^ clkbuf_0_wclk/X (sky130_fd_sc_hd__clkbuf_16)
                                                         clknet_0_wclk (net)
                      0.103990    0.004063   10.136836 ^ clkbuf_4_1_0_wclk/A (sky130_fd_sc_hd__clkbuf_8)
    11    0.036799    0.057855    0.123721   10.260557 ^ clkbuf_4_1_0_wclk/X (sky130_fd_sc_hd__clkbuf_8)
                                                         clknet_4_1_0_wclk (net)
                      0.057863    0.000665   10.261223 ^ _654_/CLK (sky130_fd_sc_hd__dfxtp_1)
                                  0.000000   10.261223   clock reconvergence pessimism
                                 -0.070464   10.190759   library setup time
                                             10.190759   data required time
---------------------------------------------------------------------------------------------
                                             10.190759   data required time
                                             -1.875216   data arrival time
---------------------------------------------------------------------------------------------
                                              8.315542   slack (MET)


Startpoint: _554_ (rising edge-triggered flip-flop clocked by wclk)
Endpoint: _686_ (rising edge-triggered flip-flop clocked by wclk)
Path Group: wclk
Path Type: max

Fanout         Cap        Slew       Delay        Time   Description
---------------------------------------------------------------------------------------------
                                  0.000000    0.000000   clock wclk (rise edge)
                                  0.000000    0.000000   clock source latency
     1    0.021811    0.000000    0.000000    0.000000 ^ wclk (in)
                                                         wclk (net)
                      0.002573    0.001286    0.001286 ^ clkbuf_0_wclk/A (sky130_fd_sc_hd__clkbuf_16)
    16    0.119684    0.103747    0.131486    0.132773 ^ clkbuf_0_wclk/X (sky130_fd_sc_hd__clkbuf_16)
                                                         clknet_0_wclk (net)
                      0.103842    0.002573    0.135346 ^ clkbuf_4_13_0_wclk/A (sky130_fd_sc_hd__clkbuf_8)
    10    0.035195    0.055923    0.122190    0.257536 ^ clkbuf_4_13_0_wclk/X (sky130_fd_sc_hd__clkbuf_8)
                                                         clknet_4_13_0_wclk (net)
                      0.055930    0.000634    0.258170 ^ _554_/CLK (sky130_fd_sc_hd__dfrtp_1)
     2    0.009435    0.049843    0.252974    0.511144 v _554_/Q (sky130_fd_sc_hd__dfrtp_1)
                                                         r_ptr_gray_sync[4] (net)
                      0.049843    0.000230    0.511373 v _291_/A (sky130_fd_sc_hd__xor2_1)
     3    0.012201    0.201777    0.195160    0.706533 ^ _291_/X (sky130_fd_sc_hd__xor2_1)
                                                         _171_ (net)
                      0.201778    0.000292    0.706824 ^ _292_/B (sky130_fd_sc_hd__xnor2_1)
     3    0.010990    0.195893    0.124805    0.831630 ^ _292_/Y (sky130_fd_sc_hd__xnor2_1)
                                                         _172_ (net)
                      0.195894    0.000367    0.831997 ^ _293_/B (sky130_fd_sc_hd__xnor2_1)
     1    0.004955    0.111870    0.090254    0.922251 ^ _293_/Y (sky130_fd_sc_hd__xnor2_1)
                                                         _173_ (net)
                      0.111870    0.000163    0.922415 ^ _297_/S (sky130_fd_sc_hd__mux2_1)
     2    0.007110    0.054715    0.211240    1.133655 v _297_/X (sky130_fd_sc_hd__mux2_1)
                                                         _177_ (net)
                      0.054715    0.000193    1.133847 v _329_/A1 (sky130_fd_sc_hd__a21boi_2)
     3    0.018258    0.172662    0.172309    1.306157 ^ _329_/Y (sky130_fd_sc_hd__a21boi_2)
                                                         _198_ (net)
                      0.172665    0.000618    1.306774 ^ max_cap23/A (sky130_fd_sc_hd__buf_8)
    20    0.119718    0.148566    0.163296    1.470070 ^ max_cap23/X (sky130_fd_sc_hd__buf_8)
                                                         net23 (net)
                      0.148749    0.004272    1.474343 ^ _340_/C (sky130_fd_sc_hd__nand4_4)
    10    0.059886    0.199677    0.161195    1.635537 v _340_/Y (sky130_fd_sc_hd__nand4_4)
                                                         _204_ (net)
                      0.199808    0.003950    1.639488 v _511_/S (sky130_fd_sc_hd__mux2_1)
     1    0.002509    0.037116    0.230326    1.869814 v _511_/X (sky130_fd_sc_hd__mux2_1)
                                                         _124_ (net)
                      0.037116    0.000075    1.869889 v _686_/D (sky130_fd_sc_hd__dfxtp_1)
                                              1.869889   data arrival time

                                 10.000000   10.000000   clock wclk (rise edge)
                                  0.000000   10.000000   clock source latency
     1    0.021811    0.000000    0.000000   10.000000 ^ wclk (in)
                                                         wclk (net)
                      0.002573    0.001286   10.001287 ^ clkbuf_0_wclk/A (sky130_fd_sc_hd__clkbuf_16)
    16    0.119684    0.103747    0.131487   10.132773 ^ clkbuf_0_wclk/X (sky130_fd_sc_hd__clkbuf_16)
                                                         clknet_0_wclk (net)
                      0.103898    0.003217   10.135990 ^ clkbuf_4_9_0_wclk/A (sky130_fd_sc_hd__clkbuf_8)
     9    0.031545    0.051576    0.119020   10.255011 ^ clkbuf_4_9_0_wclk/X (sky130_fd_sc_hd__clkbuf_8)
                                                         clknet_4_9_0_wclk (net)
                      0.051580    0.000516   10.255527 ^ _686_/CLK (sky130_fd_sc_hd__dfxtp_1)
                                  0.000000   10.255527   clock reconvergence pessimism
                                 -0.069945   10.185581   library setup time
                                             10.185581   data required time
---------------------------------------------------------------------------------------------
                                             10.185581   data required time
                                             -1.869889   data arrival time
---------------------------------------------------------------------------------------------
                                              8.315692   slack (MET)


Startpoint: _554_ (rising edge-triggered flip-flop clocked by wclk)
Endpoint: _649_ (rising edge-triggered flip-flop clocked by wclk)
Path Group: wclk
Path Type: max

Fanout         Cap        Slew       Delay        Time   Description
---------------------------------------------------------------------------------------------
                                  0.000000    0.000000   clock wclk (rise edge)
                                  0.000000    0.000000   clock source latency
     1    0.021811    0.000000    0.000000    0.000000 ^ wclk (in)
                                                         wclk (net)
                      0.002573    0.001286    0.001286 ^ clkbuf_0_wclk/A (sky130_fd_sc_hd__clkbuf_16)
    16    0.119684    0.103747    0.131486    0.132773 ^ clkbuf_0_wclk/X (sky130_fd_sc_hd__clkbuf_16)
                                                         clknet_0_wclk (net)
                      0.103842    0.002573    0.135346 ^ clkbuf_4_13_0_wclk/A (sky130_fd_sc_hd__clkbuf_8)
    10    0.035195    0.055923    0.122190    0.257536 ^ clkbuf_4_13_0_wclk/X (sky130_fd_sc_hd__clkbuf_8)
                                                         clknet_4_13_0_wclk (net)
                      0.055930    0.000634    0.258170 ^ _554_/CLK (sky130_fd_sc_hd__dfrtp_1)
     2    0.009435    0.049843    0.252974    0.511144 v _554_/Q (sky130_fd_sc_hd__dfrtp_1)
                                                         r_ptr_gray_sync[4] (net)
                      0.049843    0.000230    0.511373 v _291_/A (sky130_fd_sc_hd__xor2_1)
     3    0.012201    0.201777    0.195160    0.706533 ^ _291_/X (sky130_fd_sc_hd__xor2_1)
                                                         _171_ (net)
                      0.201778    0.000292    0.706824 ^ _292_/B (sky130_fd_sc_hd__xnor2_1)
     3    0.010990    0.195893    0.124805    0.831630 ^ _292_/Y (sky130_fd_sc_hd__xnor2_1)
                                                         _172_ (net)
                      0.195894    0.000367    0.831997 ^ _293_/B (sky130_fd_sc_hd__xnor2_1)
     1    0.004955    0.111870    0.090254    0.922251 ^ _293_/Y (sky130_fd_sc_hd__xnor2_1)
                                                         _173_ (net)
                      0.111870    0.000163    0.922415 ^ _297_/S (sky130_fd_sc_hd__mux2_1)
     2    0.007110    0.054715    0.211240    1.133655 v _297_/X (sky130_fd_sc_hd__mux2_1)
                                                         _177_ (net)
                      0.054715    0.000193    1.133847 v _329_/A1 (sky130_fd_sc_hd__a21boi_2)
     3    0.018258    0.172662    0.172309    1.306157 ^ _329_/Y (sky130_fd_sc_hd__a21boi_2)
                                                         _198_ (net)
                      0.172665    0.000618    1.306774 ^ max_cap23/A (sky130_fd_sc_hd__buf_8)
    20    0.119718    0.148566    0.163296    1.470070 ^ max_cap23/X (sky130_fd_sc_hd__buf_8)
                                                         net23 (net)
                      0.148723    0.003962    1.474032 ^ _480_/C (sky130_fd_sc_hd__nand4_4)
     8    0.060280    0.200461    0.162659    1.636692 v _480_/Y (sky130_fd_sc_hd__nand4_4)
                                                         _248_ (net)
                      0.200517    0.002595    1.639287 v _481_/S (sky130_fd_sc_hd__mux2_1)
     1    0.002599    0.037446    0.231104    1.870390 v _481_/X (sky130_fd_sc_hd__mux2_1)
                                                         _096_ (net)
                      0.037446    0.000077    1.870467 v _649_/D (sky130_fd_sc_hd__dfxtp_1)
                                              1.870467   data arrival time

                                 10.000000   10.000000   clock wclk (rise edge)
                                  0.000000   10.000000   clock source latency
     1    0.021811    0.000000    0.000000   10.000000 ^ wclk (in)
                                                         wclk (net)
                      0.002573    0.001286   10.001287 ^ clkbuf_0_wclk/A (sky130_fd_sc_hd__clkbuf_16)
    16    0.119684    0.103747    0.131487   10.132773 ^ clkbuf_0_wclk/X (sky130_fd_sc_hd__clkbuf_16)
                                                         clknet_0_wclk (net)
                      0.103845    0.002608   10.135381 ^ clkbuf_4_5_0_wclk/A (sky130_fd_sc_hd__clkbuf_8)
     8    0.033301    0.053662    0.120536   10.255918 ^ clkbuf_4_5_0_wclk/X (sky130_fd_sc_hd__clkbuf_8)
                                                         clknet_4_5_0_wclk (net)
                      0.053673    0.000742   10.256659 ^ _649_/CLK (sky130_fd_sc_hd__dfxtp_1)
                                  0.000000   10.256659   clock reconvergence pessimism
                                 -0.069861   10.186798   library setup time
                                             10.186798   data required time
---------------------------------------------------------------------------------------------
                                             10.186798   data required time
                                             -1.870467   data arrival time
---------------------------------------------------------------------------------------------
                                              8.316331   slack (MET)


Startpoint: _554_ (rising edge-triggered flip-flop clocked by wclk)
Endpoint: _688_ (rising edge-triggered flip-flop clocked by wclk)
Path Group: wclk
Path Type: max

Fanout         Cap        Slew       Delay        Time   Description
---------------------------------------------------------------------------------------------
                                  0.000000    0.000000   clock wclk (rise edge)
                                  0.000000    0.000000   clock source latency
     1    0.021811    0.000000    0.000000    0.000000 ^ wclk (in)
                                                         wclk (net)
                      0.002573    0.001286    0.001286 ^ clkbuf_0_wclk/A (sky130_fd_sc_hd__clkbuf_16)
    16    0.119684    0.103747    0.131486    0.132773 ^ clkbuf_0_wclk/X (sky130_fd_sc_hd__clkbuf_16)
                                                         clknet_0_wclk (net)
                      0.103842    0.002573    0.135346 ^ clkbuf_4_13_0_wclk/A (sky130_fd_sc_hd__clkbuf_8)
    10    0.035195    0.055923    0.122190    0.257536 ^ clkbuf_4_13_0_wclk/X (sky130_fd_sc_hd__clkbuf_8)
                                                         clknet_4_13_0_wclk (net)
                      0.055930    0.000634    0.258170 ^ _554_/CLK (sky130_fd_sc_hd__dfrtp_1)
     2    0.009435    0.049843    0.252974    0.511144 v _554_/Q (sky130_fd_sc_hd__dfrtp_1)
                                                         r_ptr_gray_sync[4] (net)
                      0.049843    0.000230    0.511373 v _291_/A (sky130_fd_sc_hd__xor2_1)
     3    0.012201    0.201777    0.195160    0.706533 ^ _291_/X (sky130_fd_sc_hd__xor2_1)
                                                         _171_ (net)
                      0.201778    0.000292    0.706824 ^ _292_/B (sky130_fd_sc_hd__xnor2_1)
     3    0.010990    0.195893    0.124805    0.831630 ^ _292_/Y (sky130_fd_sc_hd__xnor2_1)
                                                         _172_ (net)
                      0.195894    0.000367    0.831997 ^ _293_/B (sky130_fd_sc_hd__xnor2_1)
     1    0.004955    0.111870    0.090254    0.922251 ^ _293_/Y (sky130_fd_sc_hd__xnor2_1)
                                                         _173_ (net)
                      0.111870    0.000163    0.922415 ^ _297_/S (sky130_fd_sc_hd__mux2_1)
     2    0.007110    0.054715    0.211240    1.133655 v _297_/X (sky130_fd_sc_hd__mux2_1)
                                                         _177_ (net)
                      0.054715    0.000193    1.133847 v _329_/A1 (sky130_fd_sc_hd__a21boi_2)
     3    0.018258    0.172662    0.172309    1.306157 ^ _329_/Y (sky130_fd_sc_hd__a21boi_2)
                                                         _198_ (net)
                      0.172665    0.000618    1.306774 ^ max_cap23/A (sky130_fd_sc_hd__buf_8)
    20    0.119718    0.148566    0.163296    1.470070 ^ max_cap23/X (sky130_fd_sc_hd__buf_8)
                                                         net23 (net)
                      0.148749    0.004272    1.474343 ^ _340_/C (sky130_fd_sc_hd__nand4_4)
    10    0.059886    0.199677    0.161195    1.635537 v _340_/Y (sky130_fd_sc_hd__nand4_4)
                                                         _204_ (net)
                      0.199866    0.004748    1.640285 v _513_/S (sky130_fd_sc_hd__mux2_1)
     1    0.002798    0.038163    0.232105    1.872390 v _513_/X (sky130_fd_sc_hd__mux2_1)
                                                         _126_ (net)
                      0.038163    0.000087    1.872476 v _688_/D (sky130_fd_sc_hd__dfxtp_1)
                                              1.872476   data arrival time

                                 10.000000   10.000000   clock wclk (rise edge)
                                  0.000000   10.000000   clock source latency
     1    0.021811    0.000000    0.000000   10.000000 ^ wclk (in)
                                                         wclk (net)
                      0.002573    0.001286   10.001287 ^ clkbuf_0_wclk/A (sky130_fd_sc_hd__clkbuf_16)
    16    0.119684    0.103747    0.131487   10.132773 ^ clkbuf_0_wclk/X (sky130_fd_sc_hd__clkbuf_16)
                                                         clknet_0_wclk (net)
                      0.103934    0.003577   10.136350 ^ clkbuf_4_10_0_wclk/A (sky130_fd_sc_hd__clkbuf_8)
    12    0.035330    0.056067    0.122203   10.258553 ^ clkbuf_4_10_0_wclk/X (sky130_fd_sc_hd__clkbuf_8)
                                                         clknet_4_10_0_wclk (net)
                      0.056069    0.000479   10.259031 ^ _688_/CLK (sky130_fd_sc_hd__dfxtp_1)
                                  0.000000   10.259031   clock reconvergence pessimism
                                 -0.069886   10.189145   library setup time
                                             10.189145   data required time
---------------------------------------------------------------------------------------------
                                             10.189145   data required time
                                             -1.872476   data arrival time
---------------------------------------------------------------------------------------------
                                              8.316669   slack (MET)


Startpoint: _554_ (rising edge-triggered flip-flop clocked by wclk)
Endpoint: _687_ (rising edge-triggered flip-flop clocked by wclk)
Path Group: wclk
Path Type: max

Fanout         Cap        Slew       Delay        Time   Description
---------------------------------------------------------------------------------------------
                                  0.000000    0.000000   clock wclk (rise edge)
                                  0.000000    0.000000   clock source latency
     1    0.021811    0.000000    0.000000    0.000000 ^ wclk (in)
                                                         wclk (net)
                      0.002573    0.001286    0.001286 ^ clkbuf_0_wclk/A (sky130_fd_sc_hd__clkbuf_16)
    16    0.119684    0.103747    0.131486    0.132773 ^ clkbuf_0_wclk/X (sky130_fd_sc_hd__clkbuf_16)
                                                         clknet_0_wclk (net)
                      0.103842    0.002573    0.135346 ^ clkbuf_4_13_0_wclk/A (sky130_fd_sc_hd__clkbuf_8)
    10    0.035195    0.055923    0.122190    0.257536 ^ clkbuf_4_13_0_wclk/X (sky130_fd_sc_hd__clkbuf_8)
                                                         clknet_4_13_0_wclk (net)
                      0.055930    0.000634    0.258170 ^ _554_/CLK (sky130_fd_sc_hd__dfrtp_1)
     2    0.009435    0.049843    0.252974    0.511144 v _554_/Q (sky130_fd_sc_hd__dfrtp_1)
                                                         r_ptr_gray_sync[4] (net)
                      0.049843    0.000230    0.511373 v _291_/A (sky130_fd_sc_hd__xor2_1)
     3    0.012201    0.201777    0.195160    0.706533 ^ _291_/X (sky130_fd_sc_hd__xor2_1)
                                                         _171_ (net)
                      0.201778    0.000292    0.706824 ^ _292_/B (sky130_fd_sc_hd__xnor2_1)
     3    0.010990    0.195893    0.124805    0.831630 ^ _292_/Y (sky130_fd_sc_hd__xnor2_1)
                                                         _172_ (net)
                      0.195894    0.000367    0.831997 ^ _293_/B (sky130_fd_sc_hd__xnor2_1)
     1    0.004955    0.111870    0.090254    0.922251 ^ _293_/Y (sky130_fd_sc_hd__xnor2_1)
                                                         _173_ (net)
                      0.111870    0.000163    0.922415 ^ _297_/S (sky130_fd_sc_hd__mux2_1)
     2    0.007110    0.054715    0.211240    1.133655 v _297_/X (sky130_fd_sc_hd__mux2_1)
                                                         _177_ (net)
                      0.054715    0.000193    1.133847 v _329_/A1 (sky130_fd_sc_hd__a21boi_2)
     3    0.018258    0.172662    0.172309    1.306157 ^ _329_/Y (sky130_fd_sc_hd__a21boi_2)
                                                         _198_ (net)
                      0.172665    0.000618    1.306774 ^ max_cap23/A (sky130_fd_sc_hd__buf_8)
    20    0.119718    0.148566    0.163296    1.470070 ^ max_cap23/X (sky130_fd_sc_hd__buf_8)
                                                         net23 (net)
                      0.148749    0.004272    1.474343 ^ _340_/C (sky130_fd_sc_hd__nand4_4)
    10    0.059886    0.199677    0.161195    1.635537 v _340_/Y (sky130_fd_sc_hd__nand4_4)
                                                         _204_ (net)
                      0.199842    0.004426    1.639963 v _512_/S (sky130_fd_sc_hd__mux2_1)
     1    0.002296    0.036344    0.229035    1.868999 v _512_/X (sky130_fd_sc_hd__mux2_1)
                                                         _125_ (net)
                      0.036344    0.000064    1.869063 v _687_/D (sky130_fd_sc_hd__dfxtp_1)
                                              1.869063   data arrival time

                                 10.000000   10.000000   clock wclk (rise edge)
                                  0.000000   10.000000   clock source latency
     1    0.021811    0.000000    0.000000   10.000000 ^ wclk (in)
                                                         wclk (net)
                      0.002573    0.001286   10.001287 ^ clkbuf_0_wclk/A (sky130_fd_sc_hd__clkbuf_16)
    16    0.119684    0.103747    0.131487   10.132773 ^ clkbuf_0_wclk/X (sky130_fd_sc_hd__clkbuf_16)
                                                         clknet_0_wclk (net)
                      0.103898    0.003217   10.135990 ^ clkbuf_4_9_0_wclk/A (sky130_fd_sc_hd__clkbuf_8)
     9    0.031545    0.051576    0.119020   10.255011 ^ clkbuf_4_9_0_wclk/X (sky130_fd_sc_hd__clkbuf_8)
                                                         clknet_4_9_0_wclk (net)
                      0.051581    0.000558   10.255569 ^ _687_/CLK (sky130_fd_sc_hd__dfxtp_1)
                                  0.000000   10.255569   clock reconvergence pessimism
                                 -0.069669   10.185900   library setup time
                                             10.185900   data required time
---------------------------------------------------------------------------------------------
                                             10.185900   data required time
                                             -1.869063   data arrival time
---------------------------------------------------------------------------------------------
                                              8.316837   slack (MET)


Startpoint: _554_ (rising edge-triggered flip-flop clocked by wclk)
Endpoint: _652_ (rising edge-triggered flip-flop clocked by wclk)
Path Group: wclk
Path Type: max

Fanout         Cap        Slew       Delay        Time   Description
---------------------------------------------------------------------------------------------
                                  0.000000    0.000000   clock wclk (rise edge)
                                  0.000000    0.000000   clock source latency
     1    0.021811    0.000000    0.000000    0.000000 ^ wclk (in)
                                                         wclk (net)
                      0.002573    0.001286    0.001286 ^ clkbuf_0_wclk/A (sky130_fd_sc_hd__clkbuf_16)
    16    0.119684    0.103747    0.131486    0.132773 ^ clkbuf_0_wclk/X (sky130_fd_sc_hd__clkbuf_16)
                                                         clknet_0_wclk (net)
                      0.103842    0.002573    0.135346 ^ clkbuf_4_13_0_wclk/A (sky130_fd_sc_hd__clkbuf_8)
    10    0.035195    0.055923    0.122190    0.257536 ^ clkbuf_4_13_0_wclk/X (sky130_fd_sc_hd__clkbuf_8)
                                                         clknet_4_13_0_wclk (net)
                      0.055930    0.000634    0.258170 ^ _554_/CLK (sky130_fd_sc_hd__dfrtp_1)
     2    0.009435    0.049843    0.252974    0.511144 v _554_/Q (sky130_fd_sc_hd__dfrtp_1)
                                                         r_ptr_gray_sync[4] (net)
                      0.049843    0.000230    0.511373 v _291_/A (sky130_fd_sc_hd__xor2_1)
     3    0.012201    0.201777    0.195160    0.706533 ^ _291_/X (sky130_fd_sc_hd__xor2_1)
                                                         _171_ (net)
                      0.201778    0.000292    0.706824 ^ _292_/B (sky130_fd_sc_hd__xnor2_1)
     3    0.010990    0.195893    0.124805    0.831630 ^ _292_/Y (sky130_fd_sc_hd__xnor2_1)
                                                         _172_ (net)
                      0.195894    0.000367    0.831997 ^ _293_/B (sky130_fd_sc_hd__xnor2_1)
     1    0.004955    0.111870    0.090254    0.922251 ^ _293_/Y (sky130_fd_sc_hd__xnor2_1)
                                                         _173_ (net)
                      0.111870    0.000163    0.922415 ^ _297_/S (sky130_fd_sc_hd__mux2_1)
     2    0.007110    0.054715    0.211240    1.133655 v _297_/X (sky130_fd_sc_hd__mux2_1)
                                                         _177_ (net)
                      0.054715    0.000193    1.133847 v _329_/A1 (sky130_fd_sc_hd__a21boi_2)
     3    0.018258    0.172662    0.172309    1.306157 ^ _329_/Y (sky130_fd_sc_hd__a21boi_2)
                                                         _198_ (net)
                      0.172665    0.000618    1.306774 ^ max_cap23/A (sky130_fd_sc_hd__buf_8)
    20    0.119718    0.148566    0.163296    1.470070 ^ max_cap23/X (sky130_fd_sc_hd__buf_8)
                                                         net23 (net)
                      0.148723    0.003962    1.474032 ^ _480_/C (sky130_fd_sc_hd__nand4_4)
     8    0.060280    0.200461    0.162659    1.636692 v _480_/Y (sky130_fd_sc_hd__nand4_4)
                                                         _248_ (net)
                      0.200481    0.001541    1.638233 v _484_/S (sky130_fd_sc_hd__mux2_1)
     1    0.002334    0.036450    0.229474    1.867707 v _484_/X (sky130_fd_sc_hd__mux2_1)
                                                         _099_ (net)
                      0.036450    0.000069    1.867776 v _652_/D (sky130_fd_sc_hd__dfxtp_1)
                                              1.867776   data arrival time

                                 10.000000   10.000000   clock wclk (rise edge)
                                  0.000000   10.000000   clock source latency
     1    0.021811    0.000000    0.000000   10.000000 ^ wclk (in)
                                                         wclk (net)
                      0.002573    0.001286   10.001287 ^ clkbuf_0_wclk/A (sky130_fd_sc_hd__clkbuf_16)
    16    0.119684    0.103747    0.131487   10.132773 ^ clkbuf_0_wclk/X (sky130_fd_sc_hd__clkbuf_16)
                                                         clknet_0_wclk (net)
                      0.103939    0.003623   10.136396 ^ clkbuf_4_3_0_wclk/A (sky130_fd_sc_hd__clkbuf_8)
    10    0.030341    0.050141    0.117939   10.254334 ^ clkbuf_4_3_0_wclk/X (sky130_fd_sc_hd__clkbuf_8)
                                                         clknet_4_3_0_wclk (net)
                      0.050145    0.000508   10.254843 ^ _652_/CLK (sky130_fd_sc_hd__dfxtp_1)
                                  0.000000   10.254843   clock reconvergence pessimism
                                 -0.069845   10.184998   library setup time
                                             10.184998   data required time
---------------------------------------------------------------------------------------------
                                             10.184998   data required time
                                             -1.867776   data arrival time
---------------------------------------------------------------------------------------------
                                              8.317221   slack (MET)


Startpoint: _554_ (rising edge-triggered flip-flop clocked by wclk)
Endpoint: _651_ (rising edge-triggered flip-flop clocked by wclk)
Path Group: wclk
Path Type: max

Fanout         Cap        Slew       Delay        Time   Description
---------------------------------------------------------------------------------------------
                                  0.000000    0.000000   clock wclk (rise edge)
                                  0.000000    0.000000   clock source latency
     1    0.021811    0.000000    0.000000    0.000000 ^ wclk (in)
                                                         wclk (net)
                      0.002573    0.001286    0.001286 ^ clkbuf_0_wclk/A (sky130_fd_sc_hd__clkbuf_16)
    16    0.119684    0.103747    0.131486    0.132773 ^ clkbuf_0_wclk/X (sky130_fd_sc_hd__clkbuf_16)
                                                         clknet_0_wclk (net)
                      0.103842    0.002573    0.135346 ^ clkbuf_4_13_0_wclk/A (sky130_fd_sc_hd__clkbuf_8)
    10    0.035195    0.055923    0.122190    0.257536 ^ clkbuf_4_13_0_wclk/X (sky130_fd_sc_hd__clkbuf_8)
                                                         clknet_4_13_0_wclk (net)
                      0.055930    0.000634    0.258170 ^ _554_/CLK (sky130_fd_sc_hd__dfrtp_1)
     2    0.009435    0.049843    0.252974    0.511144 v _554_/Q (sky130_fd_sc_hd__dfrtp_1)
                                                         r_ptr_gray_sync[4] (net)
                      0.049843    0.000230    0.511373 v _291_/A (sky130_fd_sc_hd__xor2_1)
     3    0.012201    0.201777    0.195160    0.706533 ^ _291_/X (sky130_fd_sc_hd__xor2_1)
                                                         _171_ (net)
                      0.201778    0.000292    0.706824 ^ _292_/B (sky130_fd_sc_hd__xnor2_1)
     3    0.010990    0.195893    0.124805    0.831630 ^ _292_/Y (sky130_fd_sc_hd__xnor2_1)
                                                         _172_ (net)
                      0.195894    0.000367    0.831997 ^ _293_/B (sky130_fd_sc_hd__xnor2_1)
     1    0.004955    0.111870    0.090254    0.922251 ^ _293_/Y (sky130_fd_sc_hd__xnor2_1)
                                                         _173_ (net)
                      0.111870    0.000163    0.922415 ^ _297_/S (sky130_fd_sc_hd__mux2_1)
     2    0.007110    0.054715    0.211240    1.133655 v _297_/X (sky130_fd_sc_hd__mux2_1)
                                                         _177_ (net)
                      0.054715    0.000193    1.133847 v _329_/A1 (sky130_fd_sc_hd__a21boi_2)
     3    0.018258    0.172662    0.172309    1.306157 ^ _329_/Y (sky130_fd_sc_hd__a21boi_2)
                                                         _198_ (net)
                      0.172665    0.000618    1.306774 ^ max_cap23/A (sky130_fd_sc_hd__buf_8)
    20    0.119718    0.148566    0.163296    1.470070 ^ max_cap23/X (sky130_fd_sc_hd__buf_8)
                                                         net23 (net)
                      0.148723    0.003962    1.474032 ^ _480_/C (sky130_fd_sc_hd__nand4_4)
     8    0.060280    0.200461    0.162659    1.636692 v _480_/Y (sky130_fd_sc_hd__nand4_4)
                                                         _248_ (net)
                      0.200565    0.003512    1.640204 v _483_/S (sky130_fd_sc_hd__mux2_1)
     1    0.002800    0.038174    0.232345    1.872549 v _483_/X (sky130_fd_sc_hd__mux2_1)
                                                         _098_ (net)
                      0.038174    0.000085    1.872635 v _651_/D (sky130_fd_sc_hd__dfxtp_1)
                                              1.872635   data arrival time

                                 10.000000   10.000000   clock wclk (rise edge)
                                  0.000000   10.000000   clock source latency
     1    0.021811    0.000000    0.000000   10.000000 ^ wclk (in)
                                                         wclk (net)
                      0.002573    0.001286   10.001287 ^ clkbuf_0_wclk/A (sky130_fd_sc_hd__clkbuf_16)
    16    0.119684    0.103747    0.131487   10.132773 ^ clkbuf_0_wclk/X (sky130_fd_sc_hd__clkbuf_16)
                                                         clknet_0_wclk (net)
                      0.103986    0.004027   10.136800 ^ clkbuf_4_0_0_wclk/A (sky130_fd_sc_hd__clkbuf_8)
    12    0.035983    0.056849    0.122812   10.259612 ^ clkbuf_4_0_0_wclk/X (sky130_fd_sc_hd__clkbuf_8)
                                                         clknet_4_0_0_wclk (net)
                      0.056877    0.001147   10.260758 ^ _651_/CLK (sky130_fd_sc_hd__dfxtp_1)
                                  0.000000   10.260758   clock reconvergence pessimism
                                 -0.069812   10.190947   library setup time
                                             10.190947   data required time
---------------------------------------------------------------------------------------------
                                             10.190947   data required time
                                             -1.872635   data arrival time
---------------------------------------------------------------------------------------------
                                              8.318313   slack (MET)


Startpoint: _554_ (rising edge-triggered flip-flop clocked by wclk)
Endpoint: _682_ (rising edge-triggered flip-flop clocked by wclk)
Path Group: wclk
Path Type: max

Fanout         Cap        Slew       Delay        Time   Description
---------------------------------------------------------------------------------------------
                                  0.000000    0.000000   clock wclk (rise edge)
                                  0.000000    0.000000   clock source latency
     1    0.021811    0.000000    0.000000    0.000000 ^ wclk (in)
                                                         wclk (net)
                      0.002573    0.001286    0.001286 ^ clkbuf_0_wclk/A (sky130_fd_sc_hd__clkbuf_16)
    16    0.119684    0.103747    0.131486    0.132773 ^ clkbuf_0_wclk/X (sky130_fd_sc_hd__clkbuf_16)
                                                         clknet_0_wclk (net)
                      0.103842    0.002573    0.135346 ^ clkbuf_4_13_0_wclk/A (sky130_fd_sc_hd__clkbuf_8)
    10    0.035195    0.055923    0.122190    0.257536 ^ clkbuf_4_13_0_wclk/X (sky130_fd_sc_hd__clkbuf_8)
                                                         clknet_4_13_0_wclk (net)
                      0.055930    0.000634    0.258170 ^ _554_/CLK (sky130_fd_sc_hd__dfrtp_1)
     2    0.009435    0.049843    0.252974    0.511144 v _554_/Q (sky130_fd_sc_hd__dfrtp_1)
                                                         r_ptr_gray_sync[4] (net)
                      0.049843    0.000230    0.511373 v _291_/A (sky130_fd_sc_hd__xor2_1)
     3    0.012201    0.201777    0.195160    0.706533 ^ _291_/X (sky130_fd_sc_hd__xor2_1)
                                                         _171_ (net)
                      0.201778    0.000292    0.706824 ^ _292_/B (sky130_fd_sc_hd__xnor2_1)
     3    0.010990    0.195893    0.124805    0.831630 ^ _292_/Y (sky130_fd_sc_hd__xnor2_1)
                                                         _172_ (net)
                      0.195894    0.000367    0.831997 ^ _293_/B (sky130_fd_sc_hd__xnor2_1)
     1    0.004955    0.111870    0.090254    0.922251 ^ _293_/Y (sky130_fd_sc_hd__xnor2_1)
                                                         _173_ (net)
                      0.111870    0.000163    0.922415 ^ _297_/S (sky130_fd_sc_hd__mux2_1)
     2    0.007110    0.054715    0.211240    1.133655 v _297_/X (sky130_fd_sc_hd__mux2_1)
                                                         _177_ (net)
                      0.054715    0.000193    1.133847 v _329_/A1 (sky130_fd_sc_hd__a21boi_2)
     3    0.018258    0.172662    0.172309    1.306157 ^ _329_/Y (sky130_fd_sc_hd__a21boi_2)
                                                         _198_ (net)
                      0.172665    0.000618    1.306774 ^ max_cap23/A (sky130_fd_sc_hd__buf_8)
    20    0.119718    0.148566    0.163296    1.470070 ^ max_cap23/X (sky130_fd_sc_hd__buf_8)
                                                         net23 (net)
                      0.148749    0.004272    1.474343 ^ _340_/C (sky130_fd_sc_hd__nand4_4)
    10    0.059886    0.199677    0.161195    1.635537 v _340_/Y (sky130_fd_sc_hd__nand4_4)
                                                         _204_ (net)
                      0.199752    0.003005    1.638542 v _507_/S (sky130_fd_sc_hd__mux2_1)
     1    0.002503    0.037092    0.230270    1.868812 v _507_/X (sky130_fd_sc_hd__mux2_1)
                                                         _120_ (net)
                      0.037092    0.000073    1.868886 v _682_/D (sky130_fd_sc_hd__dfxtp_1)
                                              1.868886   data arrival time

                                 10.000000   10.000000   clock wclk (rise edge)
                                  0.000000   10.000000   clock source latency
     1    0.021811    0.000000    0.000000   10.000000 ^ wclk (in)
                                                         wclk (net)
                      0.002573    0.001286   10.001287 ^ clkbuf_0_wclk/A (sky130_fd_sc_hd__clkbuf_16)
    16    0.119684    0.103747    0.131487   10.132773 ^ clkbuf_0_wclk/X (sky130_fd_sc_hd__clkbuf_16)
                                                         clknet_0_wclk (net)
                      0.103884    0.003075   10.135848 ^ clkbuf_4_14_0_wclk/A (sky130_fd_sc_hd__clkbuf_8)
     9    0.034233    0.054760    0.121259   10.257108 ^ clkbuf_4_14_0_wclk/X (sky130_fd_sc_hd__clkbuf_8)
                                                         clknet_4_14_0_wclk (net)
                      0.054774    0.000815   10.257923 ^ _682_/CLK (sky130_fd_sc_hd__dfxtp_1)
                                  0.000000   10.257923   clock reconvergence pessimism
                                 -0.069629   10.188294   library setup time
                                             10.188294   data required time
---------------------------------------------------------------------------------------------
                                             10.188294   data required time
                                             -1.868886   data arrival time
---------------------------------------------------------------------------------------------
                                              8.319408   slack (MET)


Startpoint: _554_ (rising edge-triggered flip-flop clocked by wclk)
Endpoint: _653_ (rising edge-triggered flip-flop clocked by wclk)
Path Group: wclk
Path Type: max

Fanout         Cap        Slew       Delay        Time   Description
---------------------------------------------------------------------------------------------
                                  0.000000    0.000000   clock wclk (rise edge)
                                  0.000000    0.000000   clock source latency
     1    0.021811    0.000000    0.000000    0.000000 ^ wclk (in)
                                                         wclk (net)
                      0.002573    0.001286    0.001286 ^ clkbuf_0_wclk/A (sky130_fd_sc_hd__clkbuf_16)
    16    0.119684    0.103747    0.131486    0.132773 ^ clkbuf_0_wclk/X (sky130_fd_sc_hd__clkbuf_16)
                                                         clknet_0_wclk (net)
                      0.103842    0.002573    0.135346 ^ clkbuf_4_13_0_wclk/A (sky130_fd_sc_hd__clkbuf_8)
    10    0.035195    0.055923    0.122190    0.257536 ^ clkbuf_4_13_0_wclk/X (sky130_fd_sc_hd__clkbuf_8)
                                                         clknet_4_13_0_wclk (net)
                      0.055930    0.000634    0.258170 ^ _554_/CLK (sky130_fd_sc_hd__dfrtp_1)
     2    0.009435    0.049843    0.252974    0.511144 v _554_/Q (sky130_fd_sc_hd__dfrtp_1)
                                                         r_ptr_gray_sync[4] (net)
                      0.049843    0.000230    0.511373 v _291_/A (sky130_fd_sc_hd__xor2_1)
     3    0.012201    0.201777    0.195160    0.706533 ^ _291_/X (sky130_fd_sc_hd__xor2_1)
                                                         _171_ (net)
                      0.201778    0.000292    0.706824 ^ _292_/B (sky130_fd_sc_hd__xnor2_1)
     3    0.010990    0.195893    0.124805    0.831630 ^ _292_/Y (sky130_fd_sc_hd__xnor2_1)
                                                         _172_ (net)
                      0.195894    0.000367    0.831997 ^ _293_/B (sky130_fd_sc_hd__xnor2_1)
     1    0.004955    0.111870    0.090254    0.922251 ^ _293_/Y (sky130_fd_sc_hd__xnor2_1)
                                                         _173_ (net)
                      0.111870    0.000163    0.922415 ^ _297_/S (sky130_fd_sc_hd__mux2_1)
     2    0.007110    0.054715    0.211240    1.133655 v _297_/X (sky130_fd_sc_hd__mux2_1)
                                                         _177_ (net)
                      0.054715    0.000193    1.133847 v _329_/A1 (sky130_fd_sc_hd__a21boi_2)
     3    0.018258    0.172662    0.172309    1.306157 ^ _329_/Y (sky130_fd_sc_hd__a21boi_2)
                                                         _198_ (net)
                      0.172665    0.000618    1.306774 ^ max_cap23/A (sky130_fd_sc_hd__buf_8)
    20    0.119718    0.148566    0.163296    1.470070 ^ max_cap23/X (sky130_fd_sc_hd__buf_8)
                                                         net23 (net)
                      0.148723    0.003962    1.474032 ^ _480_/C (sky130_fd_sc_hd__nand4_4)
     8    0.060280    0.200461    0.162659    1.636692 v _480_/Y (sky130_fd_sc_hd__nand4_4)
                                                         _248_ (net)
                      0.200557    0.003377    1.640069 v _485_/S (sky130_fd_sc_hd__mux2_1)
     1    0.002700    0.037810    0.231729    1.871797 v _485_/X (sky130_fd_sc_hd__mux2_1)
                                                         _100_ (net)
                      0.037810    0.000082    1.871880 v _653_/D (sky130_fd_sc_hd__dfxtp_1)
                                              1.871880   data arrival time

                                 10.000000   10.000000   clock wclk (rise edge)
                                  0.000000   10.000000   clock source latency
     1    0.021811    0.000000    0.000000   10.000000 ^ wclk (in)
                                                         wclk (net)
                      0.002573    0.001286   10.001287 ^ clkbuf_0_wclk/A (sky130_fd_sc_hd__clkbuf_16)
    16    0.119684    0.103747    0.131487   10.132773 ^ clkbuf_0_wclk/X (sky130_fd_sc_hd__clkbuf_16)
                                                         clknet_0_wclk (net)
                      0.103990    0.004063   10.136836 ^ clkbuf_4_1_0_wclk/A (sky130_fd_sc_hd__clkbuf_8)
    11    0.036799    0.057855    0.123721   10.260557 ^ clkbuf_4_1_0_wclk/X (sky130_fd_sc_hd__clkbuf_8)
                                                         clknet_4_1_0_wclk (net)
                      0.057864    0.000700   10.261257 ^ _653_/CLK (sky130_fd_sc_hd__dfxtp_1)
                                  0.000000   10.261257   clock reconvergence pessimism
                                 -0.069587   10.191670   library setup time
                                             10.191670   data required time
---------------------------------------------------------------------------------------------
                                             10.191670   data required time
                                             -1.871880   data arrival time
---------------------------------------------------------------------------------------------
                                              8.319791   slack (MET)


Startpoint: _554_ (rising edge-triggered flip-flop clocked by wclk)
Endpoint: _679_ (rising edge-triggered flip-flop clocked by wclk)
Path Group: wclk
Path Type: max

Fanout         Cap        Slew       Delay        Time   Description
---------------------------------------------------------------------------------------------
                                  0.000000    0.000000   clock wclk (rise edge)
                                  0.000000    0.000000   clock source latency
     1    0.021811    0.000000    0.000000    0.000000 ^ wclk (in)
                                                         wclk (net)
                      0.002573    0.001286    0.001286 ^ clkbuf_0_wclk/A (sky130_fd_sc_hd__clkbuf_16)
    16    0.119684    0.103747    0.131486    0.132773 ^ clkbuf_0_wclk/X (sky130_fd_sc_hd__clkbuf_16)
                                                         clknet_0_wclk (net)
                      0.103842    0.002573    0.135346 ^ clkbuf_4_13_0_wclk/A (sky130_fd_sc_hd__clkbuf_8)
    10    0.035195    0.055923    0.122190    0.257536 ^ clkbuf_4_13_0_wclk/X (sky130_fd_sc_hd__clkbuf_8)
                                                         clknet_4_13_0_wclk (net)
                      0.055930    0.000634    0.258170 ^ _554_/CLK (sky130_fd_sc_hd__dfrtp_1)
     2    0.009435    0.049843    0.252974    0.511144 v _554_/Q (sky130_fd_sc_hd__dfrtp_1)
                                                         r_ptr_gray_sync[4] (net)
                      0.049843    0.000230    0.511373 v _291_/A (sky130_fd_sc_hd__xor2_1)
     3    0.012201    0.201777    0.195160    0.706533 ^ _291_/X (sky130_fd_sc_hd__xor2_1)
                                                         _171_ (net)
                      0.201778    0.000292    0.706824 ^ _292_/B (sky130_fd_sc_hd__xnor2_1)
     3    0.010990    0.195893    0.124805    0.831630 ^ _292_/Y (sky130_fd_sc_hd__xnor2_1)
                                                         _172_ (net)
                      0.195894    0.000367    0.831997 ^ _293_/B (sky130_fd_sc_hd__xnor2_1)
     1    0.004955    0.111870    0.090254    0.922251 ^ _293_/Y (sky130_fd_sc_hd__xnor2_1)
                                                         _173_ (net)
                      0.111870    0.000163    0.922415 ^ _297_/S (sky130_fd_sc_hd__mux2_1)
     2    0.007110    0.054715    0.211240    1.133655 v _297_/X (sky130_fd_sc_hd__mux2_1)
                                                         _177_ (net)
                      0.054715    0.000193    1.133847 v _329_/A1 (sky130_fd_sc_hd__a21boi_2)
     3    0.018258    0.172662    0.172309    1.306157 ^ _329_/Y (sky130_fd_sc_hd__a21boi_2)
                                                         _198_ (net)
                      0.172665    0.000618    1.306774 ^ max_cap23/A (sky130_fd_sc_hd__buf_8)
    20    0.119718    0.148566    0.163296    1.470070 ^ max_cap23/X (sky130_fd_sc_hd__buf_8)
                                                         net23 (net)
                      0.148736    0.004111    1.474181 ^ _498_/B (sky130_fd_sc_hd__nand4b_4)
     8    0.057368    0.175028    0.164062    1.638243 v _498_/Y (sky130_fd_sc_hd__nand4b_4)
                                                         _250_ (net)
                      0.175065    0.002039    1.640282 v _504_/S (sky130_fd_sc_hd__mux2_1)
     1    0.003396    0.040528    0.227660    1.867942 v _504_/X (sky130_fd_sc_hd__mux2_1)
                                                         _117_ (net)
                      0.040528    0.000108    1.868050 v _679_/D (sky130_fd_sc_hd__dfxtp_1)
                                              1.868050   data arrival time

                                 10.000000   10.000000   clock wclk (rise edge)
                                  0.000000   10.000000   clock source latency
     1    0.021811    0.000000    0.000000   10.000000 ^ wclk (in)
                                                         wclk (net)
                      0.002573    0.001286   10.001287 ^ clkbuf_0_wclk/A (sky130_fd_sc_hd__clkbuf_16)
    16    0.119684    0.103747    0.131487   10.132773 ^ clkbuf_0_wclk/X (sky130_fd_sc_hd__clkbuf_16)
                                                         clknet_0_wclk (net)
                      0.103855    0.002739   10.135512 ^ clkbuf_4_4_0_wclk/A (sky130_fd_sc_hd__clkbuf_8)
    10    0.035535    0.056318    0.122395   10.257907 ^ clkbuf_4_4_0_wclk/X (sky130_fd_sc_hd__clkbuf_8)
                                                         clknet_4_4_0_wclk (net)
                      0.056336    0.000965   10.258871 ^ _679_/CLK (sky130_fd_sc_hd__dfxtp_1)
                                  0.000000   10.258871   clock reconvergence pessimism
                                 -0.070704   10.188168   library setup time
                                             10.188168   data required time
---------------------------------------------------------------------------------------------
                                             10.188168   data required time
                                             -1.868050   data arrival time
---------------------------------------------------------------------------------------------
                                              8.320118   slack (MET)


Startpoint: _554_ (rising edge-triggered flip-flop clocked by wclk)
Endpoint: _674_ (rising edge-triggered flip-flop clocked by wclk)
Path Group: wclk
Path Type: max

Fanout         Cap        Slew       Delay        Time   Description
---------------------------------------------------------------------------------------------
                                  0.000000    0.000000   clock wclk (rise edge)
                                  0.000000    0.000000   clock source latency
     1    0.021811    0.000000    0.000000    0.000000 ^ wclk (in)
                                                         wclk (net)
                      0.002573    0.001286    0.001286 ^ clkbuf_0_wclk/A (sky130_fd_sc_hd__clkbuf_16)
    16    0.119684    0.103747    0.131486    0.132773 ^ clkbuf_0_wclk/X (sky130_fd_sc_hd__clkbuf_16)
                                                         clknet_0_wclk (net)
                      0.103842    0.002573    0.135346 ^ clkbuf_4_13_0_wclk/A (sky130_fd_sc_hd__clkbuf_8)
    10    0.035195    0.055923    0.122190    0.257536 ^ clkbuf_4_13_0_wclk/X (sky130_fd_sc_hd__clkbuf_8)
                                                         clknet_4_13_0_wclk (net)
                      0.055930    0.000634    0.258170 ^ _554_/CLK (sky130_fd_sc_hd__dfrtp_1)
     2    0.009435    0.049843    0.252974    0.511144 v _554_/Q (sky130_fd_sc_hd__dfrtp_1)
                                                         r_ptr_gray_sync[4] (net)
                      0.049843    0.000230    0.511373 v _291_/A (sky130_fd_sc_hd__xor2_1)
     3    0.012201    0.201777    0.195160    0.706533 ^ _291_/X (sky130_fd_sc_hd__xor2_1)
                                                         _171_ (net)
                      0.201778    0.000292    0.706824 ^ _292_/B (sky130_fd_sc_hd__xnor2_1)
     3    0.010990    0.195893    0.124805    0.831630 ^ _292_/Y (sky130_fd_sc_hd__xnor2_1)
                                                         _172_ (net)
                      0.195894    0.000367    0.831997 ^ _293_/B (sky130_fd_sc_hd__xnor2_1)
     1    0.004955    0.111870    0.090254    0.922251 ^ _293_/Y (sky130_fd_sc_hd__xnor2_1)
                                                         _173_ (net)
                      0.111870    0.000163    0.922415 ^ _297_/S (sky130_fd_sc_hd__mux2_1)
     2    0.007110    0.054715    0.211240    1.133655 v _297_/X (sky130_fd_sc_hd__mux2_1)
                                                         _177_ (net)
                      0.054715    0.000193    1.133847 v _329_/A1 (sky130_fd_sc_hd__a21boi_2)
     3    0.018258    0.172662    0.172309    1.306157 ^ _329_/Y (sky130_fd_sc_hd__a21boi_2)
                                                         _198_ (net)
                      0.172665    0.000618    1.306774 ^ max_cap23/A (sky130_fd_sc_hd__buf_8)
    20    0.119718    0.148566    0.163296    1.470070 ^ max_cap23/X (sky130_fd_sc_hd__buf_8)
                                                         net23 (net)
                      0.148736    0.004111    1.474181 ^ _498_/B (sky130_fd_sc_hd__nand4b_4)
     8    0.057368    0.175028    0.164062    1.638243 v _498_/Y (sky130_fd_sc_hd__nand4b_4)
                                                         _250_ (net)
                      0.175053    0.001661    1.639904 v _499_/S (sky130_fd_sc_hd__mux2_1)
     1    0.003116    0.039292    0.225949    1.865853 v _499_/X (sky130_fd_sc_hd__mux2_1)
                                                         _112_ (net)
                      0.039292    0.000097    1.865950 v _674_/D (sky130_fd_sc_hd__dfxtp_1)
                                              1.865950   data arrival time

                                 10.000000   10.000000   clock wclk (rise edge)
                                  0.000000   10.000000   clock source latency
     1    0.021811    0.000000    0.000000   10.000000 ^ wclk (in)
                                                         wclk (net)
                      0.002573    0.001286   10.001287 ^ clkbuf_0_wclk/A (sky130_fd_sc_hd__clkbuf_16)
    16    0.119684    0.103747    0.131487   10.132773 ^ clkbuf_0_wclk/X (sky130_fd_sc_hd__clkbuf_16)
                                                         clknet_0_wclk (net)
                      0.103845    0.002608   10.135381 ^ clkbuf_4_5_0_wclk/A (sky130_fd_sc_hd__clkbuf_8)
     8    0.033301    0.053662    0.120536   10.255918 ^ clkbuf_4_5_0_wclk/X (sky130_fd_sc_hd__clkbuf_8)
                                                         clknet_4_5_0_wclk (net)
                      0.053674    0.000779   10.256697 ^ _674_/CLK (sky130_fd_sc_hd__dfxtp_1)
                                  0.000000   10.256697   clock reconvergence pessimism
                                 -0.070519   10.186176   library setup time
                                             10.186176   data required time
---------------------------------------------------------------------------------------------
                                             10.186176   data required time
                                             -1.865950   data arrival time
---------------------------------------------------------------------------------------------
                                              8.320227   slack (MET)


Startpoint: _554_ (rising edge-triggered flip-flop clocked by wclk)
Endpoint: _689_ (rising edge-triggered flip-flop clocked by wclk)
Path Group: wclk
Path Type: max

Fanout         Cap        Slew       Delay        Time   Description
---------------------------------------------------------------------------------------------
                                  0.000000    0.000000   clock wclk (rise edge)
                                  0.000000    0.000000   clock source latency
     1    0.021811    0.000000    0.000000    0.000000 ^ wclk (in)
                                                         wclk (net)
                      0.002573    0.001286    0.001286 ^ clkbuf_0_wclk/A (sky130_fd_sc_hd__clkbuf_16)
    16    0.119684    0.103747    0.131486    0.132773 ^ clkbuf_0_wclk/X (sky130_fd_sc_hd__clkbuf_16)
                                                         clknet_0_wclk (net)
                      0.103842    0.002573    0.135346 ^ clkbuf_4_13_0_wclk/A (sky130_fd_sc_hd__clkbuf_8)
    10    0.035195    0.055923    0.122190    0.257536 ^ clkbuf_4_13_0_wclk/X (sky130_fd_sc_hd__clkbuf_8)
                                                         clknet_4_13_0_wclk (net)
                      0.055930    0.000634    0.258170 ^ _554_/CLK (sky130_fd_sc_hd__dfrtp_1)
     2    0.009435    0.049843    0.252974    0.511144 v _554_/Q (sky130_fd_sc_hd__dfrtp_1)
                                                         r_ptr_gray_sync[4] (net)
                      0.049843    0.000230    0.511373 v _291_/A (sky130_fd_sc_hd__xor2_1)
     3    0.012201    0.201777    0.195160    0.706533 ^ _291_/X (sky130_fd_sc_hd__xor2_1)
                                                         _171_ (net)
                      0.201778    0.000292    0.706824 ^ _292_/B (sky130_fd_sc_hd__xnor2_1)
     3    0.010990    0.195893    0.124805    0.831630 ^ _292_/Y (sky130_fd_sc_hd__xnor2_1)
                                                         _172_ (net)
                      0.195894    0.000367    0.831997 ^ _293_/B (sky130_fd_sc_hd__xnor2_1)
     1    0.004955    0.111870    0.090254    0.922251 ^ _293_/Y (sky130_fd_sc_hd__xnor2_1)
                                                         _173_ (net)
                      0.111870    0.000163    0.922415 ^ _297_/S (sky130_fd_sc_hd__mux2_1)
     2    0.007110    0.054715    0.211240    1.133655 v _297_/X (sky130_fd_sc_hd__mux2_1)
                                                         _177_ (net)
                      0.054715    0.000193    1.133847 v _329_/A1 (sky130_fd_sc_hd__a21boi_2)
     3    0.018258    0.172662    0.172309    1.306157 ^ _329_/Y (sky130_fd_sc_hd__a21boi_2)
                                                         _198_ (net)
                      0.172665    0.000618    1.306774 ^ max_cap23/A (sky130_fd_sc_hd__buf_8)
    20    0.119718    0.148566    0.163296    1.470070 ^ max_cap23/X (sky130_fd_sc_hd__buf_8)
                                                         net23 (net)
                      0.148749    0.004272    1.474343 ^ _340_/C (sky130_fd_sc_hd__nand4_4)
    10    0.059886    0.199677    0.161195    1.635537 v _340_/Y (sky130_fd_sc_hd__nand4_4)
                                                         _204_ (net)
                      0.199848    0.004508    1.640045 v _514_/S (sky130_fd_sc_hd__mux2_1)
     1    0.002501    0.037088    0.230289    1.870334 v _514_/X (sky130_fd_sc_hd__mux2_1)
                                                         _127_ (net)
                      0.037088    0.000075    1.870409 v _689_/D (sky130_fd_sc_hd__dfxtp_1)
                                              1.870409   data arrival time

                                 10.000000   10.000000   clock wclk (rise edge)
                                  0.000000   10.000000   clock source latency
     1    0.021811    0.000000    0.000000   10.000000 ^ wclk (in)
                                                         wclk (net)
                      0.002573    0.001286   10.001287 ^ clkbuf_0_wclk/A (sky130_fd_sc_hd__clkbuf_16)
    16    0.119684    0.103747    0.131487   10.132773 ^ clkbuf_0_wclk/X (sky130_fd_sc_hd__clkbuf_16)
                                                         clknet_0_wclk (net)
                      0.103905    0.003298   10.136071 ^ clkbuf_4_8_0_wclk/A (sky130_fd_sc_hd__clkbuf_8)
    13    0.036805    0.057851    0.123616   10.259686 ^ clkbuf_4_8_0_wclk/X (sky130_fd_sc_hd__clkbuf_8)
                                                         clknet_4_8_0_wclk (net)
                      0.057858    0.000656   10.260344 ^ _689_/CLK (sky130_fd_sc_hd__dfxtp_1)
                                  0.000000   10.260344   clock reconvergence pessimism
                                 -0.069330   10.191012   library setup time
                                             10.191012   data required time
---------------------------------------------------------------------------------------------
                                             10.191012   data required time
                                             -1.870409   data arrival time
---------------------------------------------------------------------------------------------
                                              8.320603   slack (MET)


Startpoint: _554_ (rising edge-triggered flip-flop clocked by wclk)
Endpoint: _684_ (rising edge-triggered flip-flop clocked by wclk)
Path Group: wclk
Path Type: max

Fanout         Cap        Slew       Delay        Time   Description
---------------------------------------------------------------------------------------------
                                  0.000000    0.000000   clock wclk (rise edge)
                                  0.000000    0.000000   clock source latency
     1    0.021811    0.000000    0.000000    0.000000 ^ wclk (in)
                                                         wclk (net)
                      0.002573    0.001286    0.001286 ^ clkbuf_0_wclk/A (sky130_fd_sc_hd__clkbuf_16)
    16    0.119684    0.103747    0.131486    0.132773 ^ clkbuf_0_wclk/X (sky130_fd_sc_hd__clkbuf_16)
                                                         clknet_0_wclk (net)
                      0.103842    0.002573    0.135346 ^ clkbuf_4_13_0_wclk/A (sky130_fd_sc_hd__clkbuf_8)
    10    0.035195    0.055923    0.122190    0.257536 ^ clkbuf_4_13_0_wclk/X (sky130_fd_sc_hd__clkbuf_8)
                                                         clknet_4_13_0_wclk (net)
                      0.055930    0.000634    0.258170 ^ _554_/CLK (sky130_fd_sc_hd__dfrtp_1)
     2    0.009435    0.049843    0.252974    0.511144 v _554_/Q (sky130_fd_sc_hd__dfrtp_1)
                                                         r_ptr_gray_sync[4] (net)
                      0.049843    0.000230    0.511373 v _291_/A (sky130_fd_sc_hd__xor2_1)
     3    0.012201    0.201777    0.195160    0.706533 ^ _291_/X (sky130_fd_sc_hd__xor2_1)
                                                         _171_ (net)
                      0.201778    0.000292    0.706824 ^ _292_/B (sky130_fd_sc_hd__xnor2_1)
     3    0.010990    0.195893    0.124805    0.831630 ^ _292_/Y (sky130_fd_sc_hd__xnor2_1)
                                                         _172_ (net)
                      0.195894    0.000367    0.831997 ^ _293_/B (sky130_fd_sc_hd__xnor2_1)
     1    0.004955    0.111870    0.090254    0.922251 ^ _293_/Y (sky130_fd_sc_hd__xnor2_1)
                                                         _173_ (net)
                      0.111870    0.000163    0.922415 ^ _297_/S (sky130_fd_sc_hd__mux2_1)
     2    0.007110    0.054715    0.211240    1.133655 v _297_/X (sky130_fd_sc_hd__mux2_1)
                                                         _177_ (net)
                      0.054715    0.000193    1.133847 v _329_/A1 (sky130_fd_sc_hd__a21boi_2)
     3    0.018258    0.172662    0.172309    1.306157 ^ _329_/Y (sky130_fd_sc_hd__a21boi_2)
                                                         _198_ (net)
                      0.172665    0.000618    1.306774 ^ max_cap23/A (sky130_fd_sc_hd__buf_8)
    20    0.119718    0.148566    0.163296    1.470070 ^ max_cap23/X (sky130_fd_sc_hd__buf_8)
                                                         net23 (net)
                      0.148749    0.004272    1.474343 ^ _340_/C (sky130_fd_sc_hd__nand4_4)
    10    0.059886    0.199677    0.161195    1.635537 v _340_/Y (sky130_fd_sc_hd__nand4_4)
                                                         _204_ (net)
                      0.199867    0.004752    1.640290 v _509_/S (sky130_fd_sc_hd__mux2_1)
     1    0.002352    0.036494    0.229389    1.869678 v _509_/X (sky130_fd_sc_hd__mux2_1)
                                                         _122_ (net)
                      0.036494    0.000068    1.869747 v _684_/D (sky130_fd_sc_hd__dfxtp_1)
                                              1.869747   data arrival time

                                 10.000000   10.000000   clock wclk (rise edge)
                                  0.000000   10.000000   clock source latency
     1    0.021811    0.000000    0.000000   10.000000 ^ wclk (in)
                                                         wclk (net)
                      0.002573    0.001286   10.001287 ^ clkbuf_0_wclk/A (sky130_fd_sc_hd__clkbuf_16)
    16    0.119684    0.103747    0.131487   10.132773 ^ clkbuf_0_wclk/X (sky130_fd_sc_hd__clkbuf_16)
                                                         clknet_0_wclk (net)
                      0.103905    0.003298   10.136071 ^ clkbuf_4_8_0_wclk/A (sky130_fd_sc_hd__clkbuf_8)
    13    0.036805    0.057851    0.123616   10.259686 ^ clkbuf_4_8_0_wclk/X (sky130_fd_sc_hd__clkbuf_8)
                                                         clknet_4_8_0_wclk (net)
                      0.057859    0.000692   10.260379 ^ _684_/CLK (sky130_fd_sc_hd__dfxtp_1)
                                  0.000000   10.260379   clock reconvergence pessimism
                                 -0.069118   10.191260   library setup time
                                             10.191260   data required time
---------------------------------------------------------------------------------------------
                                             10.191260   data required time
                                             -1.869747   data arrival time
---------------------------------------------------------------------------------------------
                                              8.321514   slack (MET)


Startpoint: _554_ (rising edge-triggered flip-flop clocked by wclk)
Endpoint: _680_ (rising edge-triggered flip-flop clocked by wclk)
Path Group: wclk
Path Type: max

Fanout         Cap        Slew       Delay        Time   Description
---------------------------------------------------------------------------------------------
                                  0.000000    0.000000   clock wclk (rise edge)
                                  0.000000    0.000000   clock source latency
     1    0.021811    0.000000    0.000000    0.000000 ^ wclk (in)
                                                         wclk (net)
                      0.002573    0.001286    0.001286 ^ clkbuf_0_wclk/A (sky130_fd_sc_hd__clkbuf_16)
    16    0.119684    0.103747    0.131486    0.132773 ^ clkbuf_0_wclk/X (sky130_fd_sc_hd__clkbuf_16)
                                                         clknet_0_wclk (net)
                      0.103842    0.002573    0.135346 ^ clkbuf_4_13_0_wclk/A (sky130_fd_sc_hd__clkbuf_8)
    10    0.035195    0.055923    0.122190    0.257536 ^ clkbuf_4_13_0_wclk/X (sky130_fd_sc_hd__clkbuf_8)
                                                         clknet_4_13_0_wclk (net)
                      0.055930    0.000634    0.258170 ^ _554_/CLK (sky130_fd_sc_hd__dfrtp_1)
     2    0.009435    0.049843    0.252974    0.511144 v _554_/Q (sky130_fd_sc_hd__dfrtp_1)
                                                         r_ptr_gray_sync[4] (net)
                      0.049843    0.000230    0.511373 v _291_/A (sky130_fd_sc_hd__xor2_1)
     3    0.012201    0.201777    0.195160    0.706533 ^ _291_/X (sky130_fd_sc_hd__xor2_1)
                                                         _171_ (net)
                      0.201778    0.000292    0.706824 ^ _292_/B (sky130_fd_sc_hd__xnor2_1)
     3    0.010990    0.195893    0.124805    0.831630 ^ _292_/Y (sky130_fd_sc_hd__xnor2_1)
                                                         _172_ (net)
                      0.195894    0.000367    0.831997 ^ _293_/B (sky130_fd_sc_hd__xnor2_1)
     1    0.004955    0.111870    0.090254    0.922251 ^ _293_/Y (sky130_fd_sc_hd__xnor2_1)
                                                         _173_ (net)
                      0.111870    0.000163    0.922415 ^ _297_/S (sky130_fd_sc_hd__mux2_1)
     2    0.007110    0.054715    0.211240    1.133655 v _297_/X (sky130_fd_sc_hd__mux2_1)
                                                         _177_ (net)
                      0.054715    0.000193    1.133847 v _329_/A1 (sky130_fd_sc_hd__a21boi_2)
     3    0.018258    0.172662    0.172309    1.306157 ^ _329_/Y (sky130_fd_sc_hd__a21boi_2)
                                                         _198_ (net)
                      0.172665    0.000618    1.306774 ^ max_cap23/A (sky130_fd_sc_hd__buf_8)
    20    0.119718    0.148566    0.163296    1.470070 ^ max_cap23/X (sky130_fd_sc_hd__buf_8)
                                                         net23 (net)
                      0.148736    0.004111    1.474181 ^ _498_/B (sky130_fd_sc_hd__nand4b_4)
     8    0.057368    0.175028    0.164062    1.638243 v _498_/Y (sky130_fd_sc_hd__nand4b_4)
                                                         _250_ (net)
                      0.175076    0.002304    1.640547 v _505_/S (sky130_fd_sc_hd__mux2_1)
     1    0.002558    0.037100    0.222568    1.863115 v _505_/X (sky130_fd_sc_hd__mux2_1)
                                                         _118_ (net)
                      0.037100    0.000076    1.863190 v _680_/D (sky130_fd_sc_hd__dfxtp_1)
                                              1.863190   data arrival time

                                 10.000000   10.000000   clock wclk (rise edge)
                                  0.000000   10.000000   clock source latency
     1    0.021811    0.000000    0.000000   10.000000 ^ wclk (in)
                                                         wclk (net)
                      0.002573    0.001286   10.001287 ^ clkbuf_0_wclk/A (sky130_fd_sc_hd__clkbuf_16)
    16    0.119684    0.103747    0.131487   10.132773 ^ clkbuf_0_wclk/X (sky130_fd_sc_hd__clkbuf_16)
                                                         clknet_0_wclk (net)
                      0.103939    0.003623   10.136396 ^ clkbuf_4_3_0_wclk/A (sky130_fd_sc_hd__clkbuf_8)
    10    0.030341    0.050141    0.117939   10.254334 ^ clkbuf_4_3_0_wclk/X (sky130_fd_sc_hd__clkbuf_8)
                                                         clknet_4_3_0_wclk (net)
                      0.050145    0.000508   10.254843 ^ _680_/CLK (sky130_fd_sc_hd__dfxtp_1)
                                  0.000000   10.254843   clock reconvergence pessimism
                                 -0.070077   10.184765   library setup time
                                             10.184765   data required time
---------------------------------------------------------------------------------------------
                                             10.184765   data required time
                                             -1.863190   data arrival time
---------------------------------------------------------------------------------------------
                                              8.321575   slack (MET)


Startpoint: _554_ (rising edge-triggered flip-flop clocked by wclk)
Endpoint: _655_ (rising edge-triggered flip-flop clocked by wclk)
Path Group: wclk
Path Type: max

Fanout         Cap        Slew       Delay        Time   Description
---------------------------------------------------------------------------------------------
                                  0.000000    0.000000   clock wclk (rise edge)
                                  0.000000    0.000000   clock source latency
     1    0.021811    0.000000    0.000000    0.000000 ^ wclk (in)
                                                         wclk (net)
                      0.002573    0.001286    0.001286 ^ clkbuf_0_wclk/A (sky130_fd_sc_hd__clkbuf_16)
    16    0.119684    0.103747    0.131486    0.132773 ^ clkbuf_0_wclk/X (sky130_fd_sc_hd__clkbuf_16)
                                                         clknet_0_wclk (net)
                      0.103842    0.002573    0.135346 ^ clkbuf_4_13_0_wclk/A (sky130_fd_sc_hd__clkbuf_8)
    10    0.035195    0.055923    0.122190    0.257536 ^ clkbuf_4_13_0_wclk/X (sky130_fd_sc_hd__clkbuf_8)
                                                         clknet_4_13_0_wclk (net)
                      0.055930    0.000634    0.258170 ^ _554_/CLK (sky130_fd_sc_hd__dfrtp_1)
     2    0.009435    0.049843    0.252974    0.511144 v _554_/Q (sky130_fd_sc_hd__dfrtp_1)
                                                         r_ptr_gray_sync[4] (net)
                      0.049843    0.000230    0.511373 v _291_/A (sky130_fd_sc_hd__xor2_1)
     3    0.012201    0.201777    0.195160    0.706533 ^ _291_/X (sky130_fd_sc_hd__xor2_1)
                                                         _171_ (net)
                      0.201778    0.000292    0.706824 ^ _292_/B (sky130_fd_sc_hd__xnor2_1)
     3    0.010990    0.195893    0.124805    0.831630 ^ _292_/Y (sky130_fd_sc_hd__xnor2_1)
                                                         _172_ (net)
                      0.195894    0.000367    0.831997 ^ _293_/B (sky130_fd_sc_hd__xnor2_1)
     1    0.004955    0.111870    0.090254    0.922251 ^ _293_/Y (sky130_fd_sc_hd__xnor2_1)
                                                         _173_ (net)
                      0.111870    0.000163    0.922415 ^ _297_/S (sky130_fd_sc_hd__mux2_1)
     2    0.007110    0.054715    0.211240    1.133655 v _297_/X (sky130_fd_sc_hd__mux2_1)
                                                         _177_ (net)
                      0.054715    0.000193    1.133847 v _329_/A1 (sky130_fd_sc_hd__a21boi_2)
     3    0.018258    0.172662    0.172309    1.306157 ^ _329_/Y (sky130_fd_sc_hd__a21boi_2)
                                                         _198_ (net)
                      0.172665    0.000618    1.306774 ^ max_cap23/A (sky130_fd_sc_hd__buf_8)
    20    0.119718    0.148566    0.163296    1.470070 ^ max_cap23/X (sky130_fd_sc_hd__buf_8)
                                                         net23 (net)
                      0.148723    0.003962    1.474032 ^ _480_/C (sky130_fd_sc_hd__nand4_4)
     8    0.060280    0.200461    0.162659    1.636692 v _480_/Y (sky130_fd_sc_hd__nand4_4)
                                                         _248_ (net)
                      0.200491    0.001891    1.638582 v _487_/S (sky130_fd_sc_hd__mux2_1)
     1    0.002443    0.036744    0.230147    1.868730 v _487_/X (sky130_fd_sc_hd__mux2_1)
                                                         _102_ (net)
                      0.036744    0.000072    1.868802 v _655_/D (sky130_fd_sc_hd__dfxtp_1)
                                              1.868802   data arrival time

                                 10.000000   10.000000   clock wclk (rise edge)
                                  0.000000   10.000000   clock source latency
     1    0.021811    0.000000    0.000000   10.000000 ^ wclk (in)
                                                         wclk (net)
                      0.002573    0.001286   10.001287 ^ clkbuf_0_wclk/A (sky130_fd_sc_hd__clkbuf_16)
    16    0.119684    0.103747    0.131487   10.132773 ^ clkbuf_0_wclk/X (sky130_fd_sc_hd__clkbuf_16)
                                                         clknet_0_wclk (net)
                      0.103937    0.003606   10.136379 ^ clkbuf_4_2_0_wclk/A (sky130_fd_sc_hd__clkbuf_8)
    12    0.036035    0.056886    0.122682   10.259062 ^ clkbuf_4_2_0_wclk/X (sky130_fd_sc_hd__clkbuf_8)
                                                         clknet_4_2_0_wclk (net)
                      0.056893    0.000710   10.259771 ^ _655_/CLK (sky130_fd_sc_hd__dfxtp_1)
                                  0.000000   10.259771   clock reconvergence pessimism
                                 -0.069300   10.190471   library setup time
                                             10.190471   data required time
---------------------------------------------------------------------------------------------
                                             10.190471   data required time
                                             -1.868802   data arrival time
---------------------------------------------------------------------------------------------
                                              8.321669   slack (MET)


Startpoint: _554_ (rising edge-triggered flip-flop clocked by wclk)
Endpoint: _677_ (rising edge-triggered flip-flop clocked by wclk)
Path Group: wclk
Path Type: max

Fanout         Cap        Slew       Delay        Time   Description
---------------------------------------------------------------------------------------------
                                  0.000000    0.000000   clock wclk (rise edge)
                                  0.000000    0.000000   clock source latency
     1    0.021811    0.000000    0.000000    0.000000 ^ wclk (in)
                                                         wclk (net)
                      0.002573    0.001286    0.001286 ^ clkbuf_0_wclk/A (sky130_fd_sc_hd__clkbuf_16)
    16    0.119684    0.103747    0.131486    0.132773 ^ clkbuf_0_wclk/X (sky130_fd_sc_hd__clkbuf_16)
                                                         clknet_0_wclk (net)
                      0.103842    0.002573    0.135346 ^ clkbuf_4_13_0_wclk/A (sky130_fd_sc_hd__clkbuf_8)
    10    0.035195    0.055923    0.122190    0.257536 ^ clkbuf_4_13_0_wclk/X (sky130_fd_sc_hd__clkbuf_8)
                                                         clknet_4_13_0_wclk (net)
                      0.055930    0.000634    0.258170 ^ _554_/CLK (sky130_fd_sc_hd__dfrtp_1)
     2    0.009435    0.049843    0.252974    0.511144 v _554_/Q (sky130_fd_sc_hd__dfrtp_1)
                                                         r_ptr_gray_sync[4] (net)
                      0.049843    0.000230    0.511373 v _291_/A (sky130_fd_sc_hd__xor2_1)
     3    0.012201    0.201777    0.195160    0.706533 ^ _291_/X (sky130_fd_sc_hd__xor2_1)
                                                         _171_ (net)
                      0.201778    0.000292    0.706824 ^ _292_/B (sky130_fd_sc_hd__xnor2_1)
     3    0.010990    0.195893    0.124805    0.831630 ^ _292_/Y (sky130_fd_sc_hd__xnor2_1)
                                                         _172_ (net)
                      0.195894    0.000367    0.831997 ^ _293_/B (sky130_fd_sc_hd__xnor2_1)
     1    0.004955    0.111870    0.090254    0.922251 ^ _293_/Y (sky130_fd_sc_hd__xnor2_1)
                                                         _173_ (net)
                      0.111870    0.000163    0.922415 ^ _297_/S (sky130_fd_sc_hd__mux2_1)
     2    0.007110    0.054715    0.211240    1.133655 v _297_/X (sky130_fd_sc_hd__mux2_1)
                                                         _177_ (net)
                      0.054715    0.000193    1.133847 v _329_/A1 (sky130_fd_sc_hd__a21boi_2)
     3    0.018258    0.172662    0.172309    1.306157 ^ _329_/Y (sky130_fd_sc_hd__a21boi_2)
                                                         _198_ (net)
                      0.172665    0.000618    1.306774 ^ max_cap23/A (sky130_fd_sc_hd__buf_8)
    20    0.119718    0.148566    0.163296    1.470070 ^ max_cap23/X (sky130_fd_sc_hd__buf_8)
                                                         net23 (net)
                      0.148736    0.004111    1.474181 ^ _498_/B (sky130_fd_sc_hd__nand4b_4)
     8    0.057368    0.175028    0.164062    1.638243 v _498_/Y (sky130_fd_sc_hd__nand4b_4)
                                                         _250_ (net)
                      0.175050    0.001567    1.639809 v _502_/S (sky130_fd_sc_hd__mux2_1)
     1    0.002990    0.038748    0.225181    1.864990 v _502_/X (sky130_fd_sc_hd__mux2_1)
                                                         _115_ (net)
                      0.038748    0.000095    1.865085 v _677_/D (sky130_fd_sc_hd__dfxtp_1)
                                              1.865085   data arrival time

                                 10.000000   10.000000   clock wclk (rise edge)
                                  0.000000   10.000000   clock source latency
     1    0.021811    0.000000    0.000000   10.000000 ^ wclk (in)
                                                         wclk (net)
                      0.002573    0.001286   10.001287 ^ clkbuf_0_wclk/A (sky130_fd_sc_hd__clkbuf_16)
    16    0.119684    0.103747    0.131487   10.132773 ^ clkbuf_0_wclk/X (sky130_fd_sc_hd__clkbuf_16)
                                                         clknet_0_wclk (net)
                      0.103831    0.002413   10.135186 ^ clkbuf_4_6_0_wclk/A (sky130_fd_sc_hd__clkbuf_8)
     8    0.033994    0.054491    0.121156   10.256342 ^ clkbuf_4_6_0_wclk/X (sky130_fd_sc_hd__clkbuf_8)
                                                         clknet_4_6_0_wclk (net)
                      0.054503    0.000766   10.257108 ^ _677_/CLK (sky130_fd_sc_hd__dfxtp_1)
                                  0.000000   10.257108   clock reconvergence pessimism
                                 -0.070245   10.186862   library setup time
                                             10.186862   data required time
---------------------------------------------------------------------------------------------
                                             10.186862   data required time
                                             -1.865085   data arrival time
---------------------------------------------------------------------------------------------
                                              8.321777   slack (MET)


Startpoint: _554_ (rising edge-triggered flip-flop clocked by wclk)
Endpoint: _685_ (rising edge-triggered flip-flop clocked by wclk)
Path Group: wclk
Path Type: max

Fanout         Cap        Slew       Delay        Time   Description
---------------------------------------------------------------------------------------------
                                  0.000000    0.000000   clock wclk (rise edge)
                                  0.000000    0.000000   clock source latency
     1    0.021811    0.000000    0.000000    0.000000 ^ wclk (in)
                                                         wclk (net)
                      0.002573    0.001286    0.001286 ^ clkbuf_0_wclk/A (sky130_fd_sc_hd__clkbuf_16)
    16    0.119684    0.103747    0.131486    0.132773 ^ clkbuf_0_wclk/X (sky130_fd_sc_hd__clkbuf_16)
                                                         clknet_0_wclk (net)
                      0.103842    0.002573    0.135346 ^ clkbuf_4_13_0_wclk/A (sky130_fd_sc_hd__clkbuf_8)
    10    0.035195    0.055923    0.122190    0.257536 ^ clkbuf_4_13_0_wclk/X (sky130_fd_sc_hd__clkbuf_8)
                                                         clknet_4_13_0_wclk (net)
                      0.055930    0.000634    0.258170 ^ _554_/CLK (sky130_fd_sc_hd__dfrtp_1)
     2    0.009435    0.049843    0.252974    0.511144 v _554_/Q (sky130_fd_sc_hd__dfrtp_1)
                                                         r_ptr_gray_sync[4] (net)
                      0.049843    0.000230    0.511373 v _291_/A (sky130_fd_sc_hd__xor2_1)
     3    0.012201    0.201777    0.195160    0.706533 ^ _291_/X (sky130_fd_sc_hd__xor2_1)
                                                         _171_ (net)
                      0.201778    0.000292    0.706824 ^ _292_/B (sky130_fd_sc_hd__xnor2_1)
     3    0.010990    0.195893    0.124805    0.831630 ^ _292_/Y (sky130_fd_sc_hd__xnor2_1)
                                                         _172_ (net)
                      0.195894    0.000367    0.831997 ^ _293_/B (sky130_fd_sc_hd__xnor2_1)
     1    0.004955    0.111870    0.090254    0.922251 ^ _293_/Y (sky130_fd_sc_hd__xnor2_1)
                                                         _173_ (net)
                      0.111870    0.000163    0.922415 ^ _297_/S (sky130_fd_sc_hd__mux2_1)
     2    0.007110    0.054715    0.211240    1.133655 v _297_/X (sky130_fd_sc_hd__mux2_1)
                                                         _177_ (net)
                      0.054715    0.000193    1.133847 v _329_/A1 (sky130_fd_sc_hd__a21boi_2)
     3    0.018258    0.172662    0.172309    1.306157 ^ _329_/Y (sky130_fd_sc_hd__a21boi_2)
                                                         _198_ (net)
                      0.172665    0.000618    1.306774 ^ max_cap23/A (sky130_fd_sc_hd__buf_8)
    20    0.119718    0.148566    0.163296    1.470070 ^ max_cap23/X (sky130_fd_sc_hd__buf_8)
                                                         net23 (net)
                      0.148749    0.004272    1.474343 ^ _340_/C (sky130_fd_sc_hd__nand4_4)
    10    0.059886    0.199677    0.161195    1.635537 v _340_/Y (sky130_fd_sc_hd__nand4_4)
                                                         _204_ (net)
                      0.199810    0.003980    1.639517 v _510_/S (sky130_fd_sc_hd__mux2_1)
     1    0.002308    0.036389    0.229098    1.868615 v _510_/X (sky130_fd_sc_hd__mux2_1)
                                                         _123_ (net)
                      0.036389    0.000067    1.868682 v _685_/D (sky130_fd_sc_hd__dfxtp_1)
                                              1.868682   data arrival time

                                 10.000000   10.000000   clock wclk (rise edge)
                                  0.000000   10.000000   clock source latency
     1    0.021811    0.000000    0.000000   10.000000 ^ wclk (in)
                                                         wclk (net)
                      0.002573    0.001286   10.001287 ^ clkbuf_0_wclk/A (sky130_fd_sc_hd__clkbuf_16)
    16    0.119684    0.103747    0.131487   10.132773 ^ clkbuf_0_wclk/X (sky130_fd_sc_hd__clkbuf_16)
                                                         clknet_0_wclk (net)
                      0.103920    0.003438   10.136211 ^ clkbuf_4_11_0_wclk/A (sky130_fd_sc_hd__clkbuf_8)
    11    0.035993    0.056877    0.122907   10.259118 ^ clkbuf_4_11_0_wclk/X (sky130_fd_sc_hd__clkbuf_8)
                                                         clknet_4_11_0_wclk (net)
                      0.056881    0.000526   10.259645 ^ _685_/CLK (sky130_fd_sc_hd__dfxtp_1)
                                  0.000000   10.259645   clock reconvergence pessimism
                                 -0.069175   10.190469   library setup time
                                             10.190469   data required time
---------------------------------------------------------------------------------------------
                                             10.190469   data required time
                                             -1.868682   data arrival time
---------------------------------------------------------------------------------------------
                                              8.321787   slack (MET)


Startpoint: _554_ (rising edge-triggered flip-flop clocked by wclk)
Endpoint: _656_ (rising edge-triggered flip-flop clocked by wclk)
Path Group: wclk
Path Type: max

Fanout         Cap        Slew       Delay        Time   Description
---------------------------------------------------------------------------------------------
                                  0.000000    0.000000   clock wclk (rise edge)
                                  0.000000    0.000000   clock source latency
     1    0.021811    0.000000    0.000000    0.000000 ^ wclk (in)
                                                         wclk (net)
                      0.002573    0.001286    0.001286 ^ clkbuf_0_wclk/A (sky130_fd_sc_hd__clkbuf_16)
    16    0.119684    0.103747    0.131486    0.132773 ^ clkbuf_0_wclk/X (sky130_fd_sc_hd__clkbuf_16)
                                                         clknet_0_wclk (net)
                      0.103842    0.002573    0.135346 ^ clkbuf_4_13_0_wclk/A (sky130_fd_sc_hd__clkbuf_8)
    10    0.035195    0.055923    0.122190    0.257536 ^ clkbuf_4_13_0_wclk/X (sky130_fd_sc_hd__clkbuf_8)
                                                         clknet_4_13_0_wclk (net)
                      0.055930    0.000634    0.258170 ^ _554_/CLK (sky130_fd_sc_hd__dfrtp_1)
     2    0.009435    0.049843    0.252974    0.511144 v _554_/Q (sky130_fd_sc_hd__dfrtp_1)
                                                         r_ptr_gray_sync[4] (net)
                      0.049843    0.000230    0.511373 v _291_/A (sky130_fd_sc_hd__xor2_1)
     3    0.012201    0.201777    0.195160    0.706533 ^ _291_/X (sky130_fd_sc_hd__xor2_1)
                                                         _171_ (net)
                      0.201778    0.000292    0.706824 ^ _292_/B (sky130_fd_sc_hd__xnor2_1)
     3    0.010990    0.195893    0.124805    0.831630 ^ _292_/Y (sky130_fd_sc_hd__xnor2_1)
                                                         _172_ (net)
                      0.195894    0.000367    0.831997 ^ _293_/B (sky130_fd_sc_hd__xnor2_1)
     1    0.004955    0.111870    0.090254    0.922251 ^ _293_/Y (sky130_fd_sc_hd__xnor2_1)
                                                         _173_ (net)
                      0.111870    0.000163    0.922415 ^ _297_/S (sky130_fd_sc_hd__mux2_1)
     2    0.007110    0.054715    0.211240    1.133655 v _297_/X (sky130_fd_sc_hd__mux2_1)
                                                         _177_ (net)
                      0.054715    0.000193    1.133847 v _329_/A1 (sky130_fd_sc_hd__a21boi_2)
     3    0.018258    0.172662    0.172309    1.306157 ^ _329_/Y (sky130_fd_sc_hd__a21boi_2)
                                                         _198_ (net)
                      0.172665    0.000618    1.306774 ^ max_cap23/A (sky130_fd_sc_hd__buf_8)
    20    0.119718    0.148566    0.163296    1.470070 ^ max_cap23/X (sky130_fd_sc_hd__buf_8)
                                                         net23 (net)
                      0.148723    0.003962    1.474032 ^ _480_/C (sky130_fd_sc_hd__nand4_4)
     8    0.060280    0.200461    0.162659    1.636692 v _480_/Y (sky130_fd_sc_hd__nand4_4)
                                                         _248_ (net)
                      0.200494    0.002004    1.638696 v _488_/S (sky130_fd_sc_hd__mux2_1)
     1    0.002534    0.037211    0.230701    1.869396 v _488_/X (sky130_fd_sc_hd__mux2_1)
                                                         _103_ (net)
                      0.037211    0.000074    1.869470 v _656_/D (sky130_fd_sc_hd__dfxtp_1)
                                              1.869470   data arrival time

                                 10.000000   10.000000   clock wclk (rise edge)
                                  0.000000   10.000000   clock source latency
     1    0.021811    0.000000    0.000000   10.000000 ^ wclk (in)
                                                         wclk (net)
                      0.002573    0.001286   10.001287 ^ clkbuf_0_wclk/A (sky130_fd_sc_hd__clkbuf_16)
    16    0.119684    0.103747    0.131487   10.132773 ^ clkbuf_0_wclk/X (sky130_fd_sc_hd__clkbuf_16)
                                                         clknet_0_wclk (net)
                      0.103937    0.003606   10.136379 ^ clkbuf_4_2_0_wclk/A (sky130_fd_sc_hd__clkbuf_8)
    12    0.036035    0.056886    0.122682   10.259062 ^ clkbuf_4_2_0_wclk/X (sky130_fd_sc_hd__clkbuf_8)
                                                         clknet_4_2_0_wclk (net)
                      0.056955    0.001752   10.260814 ^ _656_/CLK (sky130_fd_sc_hd__dfxtp_1)
                                  0.000000   10.260814   clock reconvergence pessimism
                                 -0.069461   10.191353   library setup time
                                             10.191353   data required time
---------------------------------------------------------------------------------------------
                                             10.191353   data required time
                                             -1.869470   data arrival time
---------------------------------------------------------------------------------------------
                                              8.321882   slack (MET)


Startpoint: _554_ (rising edge-triggered flip-flop clocked by wclk)
Endpoint: _676_ (rising edge-triggered flip-flop clocked by wclk)
Path Group: wclk
Path Type: max

Fanout         Cap        Slew       Delay        Time   Description
---------------------------------------------------------------------------------------------
                                  0.000000    0.000000   clock wclk (rise edge)
                                  0.000000    0.000000   clock source latency
     1    0.021811    0.000000    0.000000    0.000000 ^ wclk (in)
                                                         wclk (net)
                      0.002573    0.001286    0.001286 ^ clkbuf_0_wclk/A (sky130_fd_sc_hd__clkbuf_16)
    16    0.119684    0.103747    0.131486    0.132773 ^ clkbuf_0_wclk/X (sky130_fd_sc_hd__clkbuf_16)
                                                         clknet_0_wclk (net)
                      0.103842    0.002573    0.135346 ^ clkbuf_4_13_0_wclk/A (sky130_fd_sc_hd__clkbuf_8)
    10    0.035195    0.055923    0.122190    0.257536 ^ clkbuf_4_13_0_wclk/X (sky130_fd_sc_hd__clkbuf_8)
                                                         clknet_4_13_0_wclk (net)
                      0.055930    0.000634    0.258170 ^ _554_/CLK (sky130_fd_sc_hd__dfrtp_1)
     2    0.009435    0.049843    0.252974    0.511144 v _554_/Q (sky130_fd_sc_hd__dfrtp_1)
                                                         r_ptr_gray_sync[4] (net)
                      0.049843    0.000230    0.511373 v _291_/A (sky130_fd_sc_hd__xor2_1)
     3    0.012201    0.201777    0.195160    0.706533 ^ _291_/X (sky130_fd_sc_hd__xor2_1)
                                                         _171_ (net)
                      0.201778    0.000292    0.706824 ^ _292_/B (sky130_fd_sc_hd__xnor2_1)
     3    0.010990    0.195893    0.124805    0.831630 ^ _292_/Y (sky130_fd_sc_hd__xnor2_1)
                                                         _172_ (net)
                      0.195894    0.000367    0.831997 ^ _293_/B (sky130_fd_sc_hd__xnor2_1)
     1    0.004955    0.111870    0.090254    0.922251 ^ _293_/Y (sky130_fd_sc_hd__xnor2_1)
                                                         _173_ (net)
                      0.111870    0.000163    0.922415 ^ _297_/S (sky130_fd_sc_hd__mux2_1)
     2    0.007110    0.054715    0.211240    1.133655 v _297_/X (sky130_fd_sc_hd__mux2_1)
                                                         _177_ (net)
                      0.054715    0.000193    1.133847 v _329_/A1 (sky130_fd_sc_hd__a21boi_2)
     3    0.018258    0.172662    0.172309    1.306157 ^ _329_/Y (sky130_fd_sc_hd__a21boi_2)
                                                         _198_ (net)
                      0.172665    0.000618    1.306774 ^ max_cap23/A (sky130_fd_sc_hd__buf_8)
    20    0.119718    0.148566    0.163296    1.470070 ^ max_cap23/X (sky130_fd_sc_hd__buf_8)
                                                         net23 (net)
                      0.148736    0.004111    1.474181 ^ _498_/B (sky130_fd_sc_hd__nand4b_4)
     8    0.057368    0.175028    0.164062    1.638243 v _498_/Y (sky130_fd_sc_hd__nand4b_4)
                                                         _250_ (net)
                      0.175088    0.002567    1.640809 v _501_/S (sky130_fd_sc_hd__mux2_1)
     1    0.003201    0.039663    0.226476    1.867285 v _501_/X (sky130_fd_sc_hd__mux2_1)
                                                         _114_ (net)
                      0.039663    0.000102    1.867387 v _676_/D (sky130_fd_sc_hd__dfxtp_1)
                                              1.867387   data arrival time

                                 10.000000   10.000000   clock wclk (rise edge)
                                  0.000000   10.000000   clock source latency
     1    0.021811    0.000000    0.000000   10.000000 ^ wclk (in)
                                                         wclk (net)
                      0.002573    0.001286   10.001287 ^ clkbuf_0_wclk/A (sky130_fd_sc_hd__clkbuf_16)
    16    0.119684    0.103747    0.131487   10.132773 ^ clkbuf_0_wclk/X (sky130_fd_sc_hd__clkbuf_16)
                                                         clknet_0_wclk (net)
                      0.103986    0.004027   10.136800 ^ clkbuf_4_0_0_wclk/A (sky130_fd_sc_hd__clkbuf_8)
    12    0.035983    0.056849    0.122812   10.259612 ^ clkbuf_4_0_0_wclk/X (sky130_fd_sc_hd__clkbuf_8)
                                                         clknet_4_0_0_wclk (net)
                      0.056880    0.001203   10.260815 ^ _676_/CLK (sky130_fd_sc_hd__dfxtp_1)
                                  0.000000   10.260815   clock reconvergence pessimism
                                 -0.070343   10.190472   library setup time
                                             10.190472   data required time
---------------------------------------------------------------------------------------------
                                             10.190472   data required time
                                             -1.867387   data arrival time
---------------------------------------------------------------------------------------------
                                              8.323085   slack (MET)


Startpoint: _554_ (rising edge-triggered flip-flop clocked by wclk)
Endpoint: _681_ (rising edge-triggered flip-flop clocked by wclk)
Path Group: wclk
Path Type: max

Fanout         Cap        Slew       Delay        Time   Description
---------------------------------------------------------------------------------------------
                                  0.000000    0.000000   clock wclk (rise edge)
                                  0.000000    0.000000   clock source latency
     1    0.021811    0.000000    0.000000    0.000000 ^ wclk (in)
                                                         wclk (net)
                      0.002573    0.001286    0.001286 ^ clkbuf_0_wclk/A (sky130_fd_sc_hd__clkbuf_16)
    16    0.119684    0.103747    0.131486    0.132773 ^ clkbuf_0_wclk/X (sky130_fd_sc_hd__clkbuf_16)
                                                         clknet_0_wclk (net)
                      0.103842    0.002573    0.135346 ^ clkbuf_4_13_0_wclk/A (sky130_fd_sc_hd__clkbuf_8)
    10    0.035195    0.055923    0.122190    0.257536 ^ clkbuf_4_13_0_wclk/X (sky130_fd_sc_hd__clkbuf_8)
                                                         clknet_4_13_0_wclk (net)
                      0.055930    0.000634    0.258170 ^ _554_/CLK (sky130_fd_sc_hd__dfrtp_1)
     2    0.009435    0.049843    0.252974    0.511144 v _554_/Q (sky130_fd_sc_hd__dfrtp_1)
                                                         r_ptr_gray_sync[4] (net)
                      0.049843    0.000230    0.511373 v _291_/A (sky130_fd_sc_hd__xor2_1)
     3    0.012201    0.201777    0.195160    0.706533 ^ _291_/X (sky130_fd_sc_hd__xor2_1)
                                                         _171_ (net)
                      0.201778    0.000292    0.706824 ^ _292_/B (sky130_fd_sc_hd__xnor2_1)
     3    0.010990    0.195893    0.124805    0.831630 ^ _292_/Y (sky130_fd_sc_hd__xnor2_1)
                                                         _172_ (net)
                      0.195894    0.000367    0.831997 ^ _293_/B (sky130_fd_sc_hd__xnor2_1)
     1    0.004955    0.111870    0.090254    0.922251 ^ _293_/Y (sky130_fd_sc_hd__xnor2_1)
                                                         _173_ (net)
                      0.111870    0.000163    0.922415 ^ _297_/S (sky130_fd_sc_hd__mux2_1)
     2    0.007110    0.054715    0.211240    1.133655 v _297_/X (sky130_fd_sc_hd__mux2_1)
                                                         _177_ (net)
                      0.054715    0.000193    1.133847 v _329_/A1 (sky130_fd_sc_hd__a21boi_2)
     3    0.018258    0.172662    0.172309    1.306157 ^ _329_/Y (sky130_fd_sc_hd__a21boi_2)
                                                         _198_ (net)
                      0.172665    0.000618    1.306774 ^ max_cap23/A (sky130_fd_sc_hd__buf_8)
    20    0.119718    0.148566    0.163296    1.470070 ^ max_cap23/X (sky130_fd_sc_hd__buf_8)
                                                         net23 (net)
                      0.148736    0.004111    1.474181 ^ _498_/B (sky130_fd_sc_hd__nand4b_4)
     8    0.057368    0.175028    0.164062    1.638243 v _498_/Y (sky130_fd_sc_hd__nand4b_4)
                                                         _250_ (net)
                      0.175077    0.002339    1.640581 v _506_/S (sky130_fd_sc_hd__mux2_1)
     1    0.002322    0.036207    0.221129    1.861711 v _506_/X (sky130_fd_sc_hd__mux2_1)
                                                         _119_ (net)
                      0.036207    0.000067    1.861778 v _681_/D (sky130_fd_sc_hd__dfxtp_1)
                                              1.861778   data arrival time

                                 10.000000   10.000000   clock wclk (rise edge)
                                  0.000000   10.000000   clock source latency
     1    0.021811    0.000000    0.000000   10.000000 ^ wclk (in)
                                                         wclk (net)
                      0.002573    0.001286   10.001287 ^ clkbuf_0_wclk/A (sky130_fd_sc_hd__clkbuf_16)
    16    0.119684    0.103747    0.131487   10.132773 ^ clkbuf_0_wclk/X (sky130_fd_sc_hd__clkbuf_16)
                                                         clknet_0_wclk (net)
                      0.103939    0.003623   10.136396 ^ clkbuf_4_3_0_wclk/A (sky130_fd_sc_hd__clkbuf_8)
    10    0.030341    0.050141    0.117939   10.254334 ^ clkbuf_4_3_0_wclk/X (sky130_fd_sc_hd__clkbuf_8)
                                                         clknet_4_3_0_wclk (net)
                      0.050146    0.000527   10.254861 ^ _681_/CLK (sky130_fd_sc_hd__dfxtp_1)
                                  0.000000   10.254861   clock reconvergence pessimism
                                 -0.069758   10.185102   library setup time
                                             10.185102   data required time
---------------------------------------------------------------------------------------------
                                             10.185102   data required time
                                             -1.861778   data arrival time
---------------------------------------------------------------------------------------------
                                              8.323325   slack (MET)


Startpoint: _554_ (rising edge-triggered flip-flop clocked by wclk)
Endpoint: _675_ (rising edge-triggered flip-flop clocked by wclk)
Path Group: wclk
Path Type: max

Fanout         Cap        Slew       Delay        Time   Description
---------------------------------------------------------------------------------------------
                                  0.000000    0.000000   clock wclk (rise edge)
                                  0.000000    0.000000   clock source latency
     1    0.021811    0.000000    0.000000    0.000000 ^ wclk (in)
                                                         wclk (net)
                      0.002573    0.001286    0.001286 ^ clkbuf_0_wclk/A (sky130_fd_sc_hd__clkbuf_16)
    16    0.119684    0.103747    0.131486    0.132773 ^ clkbuf_0_wclk/X (sky130_fd_sc_hd__clkbuf_16)
                                                         clknet_0_wclk (net)
                      0.103842    0.002573    0.135346 ^ clkbuf_4_13_0_wclk/A (sky130_fd_sc_hd__clkbuf_8)
    10    0.035195    0.055923    0.122190    0.257536 ^ clkbuf_4_13_0_wclk/X (sky130_fd_sc_hd__clkbuf_8)
                                                         clknet_4_13_0_wclk (net)
                      0.055930    0.000634    0.258170 ^ _554_/CLK (sky130_fd_sc_hd__dfrtp_1)
     2    0.009435    0.049843    0.252974    0.511144 v _554_/Q (sky130_fd_sc_hd__dfrtp_1)
                                                         r_ptr_gray_sync[4] (net)
                      0.049843    0.000230    0.511373 v _291_/A (sky130_fd_sc_hd__xor2_1)
     3    0.012201    0.201777    0.195160    0.706533 ^ _291_/X (sky130_fd_sc_hd__xor2_1)
                                                         _171_ (net)
                      0.201778    0.000292    0.706824 ^ _292_/B (sky130_fd_sc_hd__xnor2_1)
     3    0.010990    0.195893    0.124805    0.831630 ^ _292_/Y (sky130_fd_sc_hd__xnor2_1)
                                                         _172_ (net)
                      0.195894    0.000367    0.831997 ^ _293_/B (sky130_fd_sc_hd__xnor2_1)
     1    0.004955    0.111870    0.090254    0.922251 ^ _293_/Y (sky130_fd_sc_hd__xnor2_1)
                                                         _173_ (net)
                      0.111870    0.000163    0.922415 ^ _297_/S (sky130_fd_sc_hd__mux2_1)
     2    0.007110    0.054715    0.211240    1.133655 v _297_/X (sky130_fd_sc_hd__mux2_1)
                                                         _177_ (net)
                      0.054715    0.000193    1.133847 v _329_/A1 (sky130_fd_sc_hd__a21boi_2)
     3    0.018258    0.172662    0.172309    1.306157 ^ _329_/Y (sky130_fd_sc_hd__a21boi_2)
                                                         _198_ (net)
                      0.172665    0.000618    1.306774 ^ max_cap23/A (sky130_fd_sc_hd__buf_8)
    20    0.119718    0.148566    0.163296    1.470070 ^ max_cap23/X (sky130_fd_sc_hd__buf_8)
                                                         net23 (net)
                      0.148736    0.004111    1.474181 ^ _498_/B (sky130_fd_sc_hd__nand4b_4)
     8    0.057368    0.175028    0.164062    1.638243 v _498_/Y (sky130_fd_sc_hd__nand4b_4)
                                                         _250_ (net)
                      0.175039    0.001107    1.639349 v _500_/S (sky130_fd_sc_hd__mux2_1)
     1    0.002577    0.037168    0.222669    1.862018 v _500_/X (sky130_fd_sc_hd__mux2_1)
                                                         _113_ (net)
                      0.037168    0.000079    1.862097 v _675_/D (sky130_fd_sc_hd__dfxtp_1)
                                              1.862097   data arrival time

                                 10.000000   10.000000   clock wclk (rise edge)
                                  0.000000   10.000000   clock source latency
     1    0.021811    0.000000    0.000000   10.000000 ^ wclk (in)
                                                         wclk (net)
                      0.002573    0.001286   10.001287 ^ clkbuf_0_wclk/A (sky130_fd_sc_hd__clkbuf_16)
    16    0.119684    0.103747    0.131487   10.132773 ^ clkbuf_0_wclk/X (sky130_fd_sc_hd__clkbuf_16)
                                                         clknet_0_wclk (net)
                      0.103831    0.002413   10.135186 ^ clkbuf_4_6_0_wclk/A (sky130_fd_sc_hd__clkbuf_8)
     8    0.033994    0.054491    0.121156   10.256342 ^ clkbuf_4_6_0_wclk/X (sky130_fd_sc_hd__clkbuf_8)
                                                         clknet_4_6_0_wclk (net)
                      0.054494    0.000443   10.256785 ^ _675_/CLK (sky130_fd_sc_hd__dfxtp_1)
                                  0.000000   10.256785   clock reconvergence pessimism
                                 -0.069683   10.187102   library setup time
                                             10.187102   data required time
---------------------------------------------------------------------------------------------
                                             10.187102   data required time
                                             -1.862097   data arrival time
---------------------------------------------------------------------------------------------
                                              8.325005   slack (MET)


Startpoint: _554_ (rising edge-triggered flip-flop clocked by wclk)
Endpoint: _602_ (rising edge-triggered flip-flop clocked by wclk)
Path Group: wclk
Path Type: max

Fanout         Cap        Slew       Delay        Time   Description
---------------------------------------------------------------------------------------------
                                  0.000000    0.000000   clock wclk (rise edge)
                                  0.000000    0.000000   clock source latency
     1    0.021811    0.000000    0.000000    0.000000 ^ wclk (in)
                                                         wclk (net)
                      0.002573    0.001286    0.001286 ^ clkbuf_0_wclk/A (sky130_fd_sc_hd__clkbuf_16)
    16    0.119684    0.103747    0.131486    0.132773 ^ clkbuf_0_wclk/X (sky130_fd_sc_hd__clkbuf_16)
                                                         clknet_0_wclk (net)
                      0.103842    0.002573    0.135346 ^ clkbuf_4_13_0_wclk/A (sky130_fd_sc_hd__clkbuf_8)
    10    0.035195    0.055923    0.122190    0.257536 ^ clkbuf_4_13_0_wclk/X (sky130_fd_sc_hd__clkbuf_8)
                                                         clknet_4_13_0_wclk (net)
                      0.055930    0.000634    0.258170 ^ _554_/CLK (sky130_fd_sc_hd__dfrtp_1)
     2    0.009435    0.049843    0.252974    0.511144 v _554_/Q (sky130_fd_sc_hd__dfrtp_1)
                                                         r_ptr_gray_sync[4] (net)
                      0.049843    0.000230    0.511373 v _291_/A (sky130_fd_sc_hd__xor2_1)
     3    0.012201    0.201777    0.195160    0.706533 ^ _291_/X (sky130_fd_sc_hd__xor2_1)
                                                         _171_ (net)
                      0.201778    0.000292    0.706824 ^ _292_/B (sky130_fd_sc_hd__xnor2_1)
     3    0.010990    0.195893    0.124805    0.831630 ^ _292_/Y (sky130_fd_sc_hd__xnor2_1)
                                                         _172_ (net)
                      0.195894    0.000367    0.831997 ^ _293_/B (sky130_fd_sc_hd__xnor2_1)
     1    0.004955    0.111870    0.090254    0.922251 ^ _293_/Y (sky130_fd_sc_hd__xnor2_1)
                                                         _173_ (net)
                      0.111870    0.000163    0.922415 ^ _297_/S (sky130_fd_sc_hd__mux2_1)
     2    0.007110    0.054715    0.211240    1.133655 v _297_/X (sky130_fd_sc_hd__mux2_1)
                                                         _177_ (net)
                      0.054715    0.000193    1.133847 v _329_/A1 (sky130_fd_sc_hd__a21boi_2)
     3    0.018258    0.172662    0.172309    1.306157 ^ _329_/Y (sky130_fd_sc_hd__a21boi_2)
                                                         _198_ (net)
                      0.172665    0.000618    1.306774 ^ max_cap23/A (sky130_fd_sc_hd__buf_8)
    20    0.119718    0.148566    0.163296    1.470070 ^ max_cap23/X (sky130_fd_sc_hd__buf_8)
                                                         net23 (net)
                      0.148713    0.003833    1.473904 ^ _434_/C (sky130_fd_sc_hd__nand4_4)
     8    0.055989    0.191024    0.154941    1.628844 v _434_/Y (sky130_fd_sc_hd__nand4_4)
                                                         _242_ (net)
                      0.191154    0.003825    1.632669 v _437_/S (sky130_fd_sc_hd__mux2_1)
     1    0.002646    0.037544    0.228346    1.861015 v _437_/X (sky130_fd_sc_hd__mux2_1)
                                                         _058_ (net)
                      0.037544    0.000076    1.861091 v _602_/D (sky130_fd_sc_hd__dfxtp_1)
                                              1.861091   data arrival time

                                 10.000000   10.000000   clock wclk (rise edge)
                                  0.000000   10.000000   clock source latency
     1    0.021811    0.000000    0.000000   10.000000 ^ wclk (in)
                                                         wclk (net)
                      0.002573    0.001286   10.001287 ^ clkbuf_0_wclk/A (sky130_fd_sc_hd__clkbuf_16)
    16    0.119684    0.103747    0.131487   10.132773 ^ clkbuf_0_wclk/X (sky130_fd_sc_hd__clkbuf_16)
                                                         clknet_0_wclk (net)
                      0.103986    0.004027   10.136800 ^ clkbuf_4_0_0_wclk/A (sky130_fd_sc_hd__clkbuf_8)
    12    0.035983    0.056849    0.122812   10.259612 ^ clkbuf_4_0_0_wclk/X (sky130_fd_sc_hd__clkbuf_8)
                                                         clknet_4_0_0_wclk (net)
                      0.056868    0.000974   10.260587 ^ _602_/CLK (sky130_fd_sc_hd__dfxtp_1)
                                  0.000000   10.260587   clock reconvergence pessimism
                                 -0.069588   10.190999   library setup time
                                             10.190999   data required time
---------------------------------------------------------------------------------------------
                                             10.190999   data required time
                                             -1.861091   data arrival time
---------------------------------------------------------------------------------------------
                                              8.329907   slack (MET)


Startpoint: _554_ (rising edge-triggered flip-flop clocked by wclk)
Endpoint: _600_ (rising edge-triggered flip-flop clocked by wclk)
Path Group: wclk
Path Type: max

Fanout         Cap        Slew       Delay        Time   Description
---------------------------------------------------------------------------------------------
                                  0.000000    0.000000   clock wclk (rise edge)
                                  0.000000    0.000000   clock source latency
     1    0.021811    0.000000    0.000000    0.000000 ^ wclk (in)
                                                         wclk (net)
                      0.002573    0.001286    0.001286 ^ clkbuf_0_wclk/A (sky130_fd_sc_hd__clkbuf_16)
    16    0.119684    0.103747    0.131486    0.132773 ^ clkbuf_0_wclk/X (sky130_fd_sc_hd__clkbuf_16)
                                                         clknet_0_wclk (net)
                      0.103842    0.002573    0.135346 ^ clkbuf_4_13_0_wclk/A (sky130_fd_sc_hd__clkbuf_8)
    10    0.035195    0.055923    0.122190    0.257536 ^ clkbuf_4_13_0_wclk/X (sky130_fd_sc_hd__clkbuf_8)
                                                         clknet_4_13_0_wclk (net)
                      0.055930    0.000634    0.258170 ^ _554_/CLK (sky130_fd_sc_hd__dfrtp_1)
     2    0.009435    0.049843    0.252974    0.511144 v _554_/Q (sky130_fd_sc_hd__dfrtp_1)
                                                         r_ptr_gray_sync[4] (net)
                      0.049843    0.000230    0.511373 v _291_/A (sky130_fd_sc_hd__xor2_1)
     3    0.012201    0.201777    0.195160    0.706533 ^ _291_/X (sky130_fd_sc_hd__xor2_1)
                                                         _171_ (net)
                      0.201778    0.000292    0.706824 ^ _292_/B (sky130_fd_sc_hd__xnor2_1)
     3    0.010990    0.195893    0.124805    0.831630 ^ _292_/Y (sky130_fd_sc_hd__xnor2_1)
                                                         _172_ (net)
                      0.195894    0.000367    0.831997 ^ _293_/B (sky130_fd_sc_hd__xnor2_1)
     1    0.004955    0.111870    0.090254    0.922251 ^ _293_/Y (sky130_fd_sc_hd__xnor2_1)
                                                         _173_ (net)
                      0.111870    0.000163    0.922415 ^ _297_/S (sky130_fd_sc_hd__mux2_1)
     2    0.007110    0.054715    0.211240    1.133655 v _297_/X (sky130_fd_sc_hd__mux2_1)
                                                         _177_ (net)
                      0.054715    0.000193    1.133847 v _329_/A1 (sky130_fd_sc_hd__a21boi_2)
     3    0.018258    0.172662    0.172309    1.306157 ^ _329_/Y (sky130_fd_sc_hd__a21boi_2)
                                                         _198_ (net)
                      0.172665    0.000618    1.306774 ^ max_cap23/A (sky130_fd_sc_hd__buf_8)
    20    0.119718    0.148566    0.163296    1.470070 ^ max_cap23/X (sky130_fd_sc_hd__buf_8)
                                                         net23 (net)
                      0.148713    0.003833    1.473904 ^ _434_/C (sky130_fd_sc_hd__nand4_4)
     8    0.055989    0.191024    0.154941    1.628844 v _434_/Y (sky130_fd_sc_hd__nand4_4)
                                                         _242_ (net)
                      0.191050    0.001702    1.630546 v _435_/S (sky130_fd_sc_hd__mux2_1)
     1    0.002560    0.037229    0.227790    1.858336 v _435_/X (sky130_fd_sc_hd__mux2_1)
                                                         _056_ (net)
                      0.037229    0.000056    1.858392 v _600_/D (sky130_fd_sc_hd__dfxtp_1)
                                              1.858392   data arrival time

                                 10.000000   10.000000   clock wclk (rise edge)
                                  0.000000   10.000000   clock source latency
     1    0.021811    0.000000    0.000000   10.000000 ^ wclk (in)
                                                         wclk (net)
                      0.002573    0.001286   10.001287 ^ clkbuf_0_wclk/A (sky130_fd_sc_hd__clkbuf_16)
    16    0.119684    0.103747    0.131487   10.132773 ^ clkbuf_0_wclk/X (sky130_fd_sc_hd__clkbuf_16)
                                                         clknet_0_wclk (net)
                      0.103855    0.002739   10.135512 ^ clkbuf_4_4_0_wclk/A (sky130_fd_sc_hd__clkbuf_8)
    10    0.035535    0.056318    0.122395   10.257907 ^ clkbuf_4_4_0_wclk/X (sky130_fd_sc_hd__clkbuf_8)
                                                         clknet_4_4_0_wclk (net)
                      0.056328    0.000759   10.258666 ^ _600_/CLK (sky130_fd_sc_hd__dfxtp_1)
                                  0.000000   10.258666   clock reconvergence pessimism
                                 -0.069528   10.189138   library setup time
                                             10.189138   data required time
---------------------------------------------------------------------------------------------
                                             10.189138   data required time
                                             -1.858392   data arrival time
---------------------------------------------------------------------------------------------
                                              8.330747   slack (MET)


Startpoint: _554_ (rising edge-triggered flip-flop clocked by wclk)
Endpoint: _590_ (rising edge-triggered flip-flop clocked by wclk)
Path Group: wclk
Path Type: max

Fanout         Cap        Slew       Delay        Time   Description
---------------------------------------------------------------------------------------------
                                  0.000000    0.000000   clock wclk (rise edge)
                                  0.000000    0.000000   clock source latency
     1    0.021811    0.000000    0.000000    0.000000 ^ wclk (in)
                                                         wclk (net)
                      0.002573    0.001286    0.001286 ^ clkbuf_0_wclk/A (sky130_fd_sc_hd__clkbuf_16)
    16    0.119684    0.103747    0.131486    0.132773 ^ clkbuf_0_wclk/X (sky130_fd_sc_hd__clkbuf_16)
                                                         clknet_0_wclk (net)
                      0.103842    0.002573    0.135346 ^ clkbuf_4_13_0_wclk/A (sky130_fd_sc_hd__clkbuf_8)
    10    0.035195    0.055923    0.122190    0.257536 ^ clkbuf_4_13_0_wclk/X (sky130_fd_sc_hd__clkbuf_8)
                                                         clknet_4_13_0_wclk (net)
                      0.055930    0.000634    0.258170 ^ _554_/CLK (sky130_fd_sc_hd__dfrtp_1)
     2    0.009435    0.049843    0.252974    0.511144 v _554_/Q (sky130_fd_sc_hd__dfrtp_1)
                                                         r_ptr_gray_sync[4] (net)
                      0.049843    0.000230    0.511373 v _291_/A (sky130_fd_sc_hd__xor2_1)
     3    0.012201    0.201777    0.195160    0.706533 ^ _291_/X (sky130_fd_sc_hd__xor2_1)
                                                         _171_ (net)
                      0.201778    0.000292    0.706824 ^ _292_/B (sky130_fd_sc_hd__xnor2_1)
     3    0.010990    0.195893    0.124805    0.831630 ^ _292_/Y (sky130_fd_sc_hd__xnor2_1)
                                                         _172_ (net)
                      0.195894    0.000367    0.831997 ^ _293_/B (sky130_fd_sc_hd__xnor2_1)
     1    0.004955    0.111870    0.090254    0.922251 ^ _293_/Y (sky130_fd_sc_hd__xnor2_1)
                                                         _173_ (net)
                      0.111870    0.000163    0.922415 ^ _297_/S (sky130_fd_sc_hd__mux2_1)
     2    0.007110    0.054715    0.211240    1.133655 v _297_/X (sky130_fd_sc_hd__mux2_1)
                                                         _177_ (net)
                      0.054715    0.000193    1.133847 v _329_/A1 (sky130_fd_sc_hd__a21boi_2)
     3    0.018258    0.172662    0.172309    1.306157 ^ _329_/Y (sky130_fd_sc_hd__a21boi_2)
                                                         _198_ (net)
                      0.172665    0.000618    1.306774 ^ max_cap23/A (sky130_fd_sc_hd__buf_8)
    20    0.119718    0.148566    0.163296    1.470070 ^ max_cap23/X (sky130_fd_sc_hd__buf_8)
                                                         net23 (net)
                      0.148719    0.003906    1.473976 ^ _415_/C (sky130_fd_sc_hd__nand4_4)
     8    0.053665    0.185515    0.149880    1.623856 v _415_/Y (sky130_fd_sc_hd__nand4_4)
                                                         _239_ (net)
                      0.185722    0.004715    1.628571 v _422_/S (sky130_fd_sc_hd__mux2_1)
     1    0.003229    0.039865    0.230118    1.858689 v _422_/X (sky130_fd_sc_hd__mux2_1)
                                                         _046_ (net)
                      0.039865    0.000104    1.858792 v _590_/D (sky130_fd_sc_hd__dfxtp_1)
                                              1.858792   data arrival time

                                 10.000000   10.000000   clock wclk (rise edge)
                                  0.000000   10.000000   clock source latency
     1    0.021811    0.000000    0.000000   10.000000 ^ wclk (in)
                                                         wclk (net)
                      0.002573    0.001286   10.001287 ^ clkbuf_0_wclk/A (sky130_fd_sc_hd__clkbuf_16)
    16    0.119684    0.103747    0.131487   10.132773 ^ clkbuf_0_wclk/X (sky130_fd_sc_hd__clkbuf_16)
                                                         clknet_0_wclk (net)
                      0.103920    0.003438   10.136211 ^ clkbuf_4_11_0_wclk/A (sky130_fd_sc_hd__clkbuf_8)
    11    0.035993    0.056877    0.122907   10.259118 ^ clkbuf_4_11_0_wclk/X (sky130_fd_sc_hd__clkbuf_8)
                                                         clknet_4_11_0_wclk (net)
                      0.056896    0.000960   10.260078 ^ _590_/CLK (sky130_fd_sc_hd__dfxtp_1)
                                  0.000000   10.260078   clock reconvergence pessimism
                                 -0.070414   10.189665   library setup time
                                             10.189665   data required time
---------------------------------------------------------------------------------------------
                                             10.189665   data required time
                                             -1.858792   data arrival time
---------------------------------------------------------------------------------------------
                                              8.330873   slack (MET)


Startpoint: _554_ (rising edge-triggered flip-flop clocked by wclk)
Endpoint: _588_ (rising edge-triggered flip-flop clocked by wclk)
Path Group: wclk
Path Type: max

Fanout         Cap        Slew       Delay        Time   Description
---------------------------------------------------------------------------------------------
                                  0.000000    0.000000   clock wclk (rise edge)
                                  0.000000    0.000000   clock source latency
     1    0.021811    0.000000    0.000000    0.000000 ^ wclk (in)
                                                         wclk (net)
                      0.002573    0.001286    0.001286 ^ clkbuf_0_wclk/A (sky130_fd_sc_hd__clkbuf_16)
    16    0.119684    0.103747    0.131486    0.132773 ^ clkbuf_0_wclk/X (sky130_fd_sc_hd__clkbuf_16)
                                                         clknet_0_wclk (net)
                      0.103842    0.002573    0.135346 ^ clkbuf_4_13_0_wclk/A (sky130_fd_sc_hd__clkbuf_8)
    10    0.035195    0.055923    0.122190    0.257536 ^ clkbuf_4_13_0_wclk/X (sky130_fd_sc_hd__clkbuf_8)
                                                         clknet_4_13_0_wclk (net)
                      0.055930    0.000634    0.258170 ^ _554_/CLK (sky130_fd_sc_hd__dfrtp_1)
     2    0.009435    0.049843    0.252974    0.511144 v _554_/Q (sky130_fd_sc_hd__dfrtp_1)
                                                         r_ptr_gray_sync[4] (net)
                      0.049843    0.000230    0.511373 v _291_/A (sky130_fd_sc_hd__xor2_1)
     3    0.012201    0.201777    0.195160    0.706533 ^ _291_/X (sky130_fd_sc_hd__xor2_1)
                                                         _171_ (net)
                      0.201778    0.000292    0.706824 ^ _292_/B (sky130_fd_sc_hd__xnor2_1)
     3    0.010990    0.195893    0.124805    0.831630 ^ _292_/Y (sky130_fd_sc_hd__xnor2_1)
                                                         _172_ (net)
                      0.195894    0.000367    0.831997 ^ _293_/B (sky130_fd_sc_hd__xnor2_1)
     1    0.004955    0.111870    0.090254    0.922251 ^ _293_/Y (sky130_fd_sc_hd__xnor2_1)
                                                         _173_ (net)
                      0.111870    0.000163    0.922415 ^ _297_/S (sky130_fd_sc_hd__mux2_1)
     2    0.007110    0.054715    0.211240    1.133655 v _297_/X (sky130_fd_sc_hd__mux2_1)
                                                         _177_ (net)
                      0.054715    0.000193    1.133847 v _329_/A1 (sky130_fd_sc_hd__a21boi_2)
     3    0.018258    0.172662    0.172309    1.306157 ^ _329_/Y (sky130_fd_sc_hd__a21boi_2)
                                                         _198_ (net)
                      0.172665    0.000618    1.306774 ^ max_cap23/A (sky130_fd_sc_hd__buf_8)
    20    0.119718    0.148566    0.163296    1.470070 ^ max_cap23/X (sky130_fd_sc_hd__buf_8)
                                                         net23 (net)
                      0.148719    0.003906    1.473976 ^ _415_/C (sky130_fd_sc_hd__nand4_4)
     8    0.053665    0.185515    0.149880    1.623856 v _415_/Y (sky130_fd_sc_hd__nand4_4)
                                                         _239_ (net)
                      0.185807    0.005653    1.629509 v _420_/S (sky130_fd_sc_hd__mux2_1)
     1    0.003015    0.038936    0.228843    1.858352 v _420_/X (sky130_fd_sc_hd__mux2_1)
                                                         _044_ (net)
                      0.038936    0.000094    1.858446 v _588_/D (sky130_fd_sc_hd__dfxtp_1)
                                              1.858446   data arrival time

                                 10.000000   10.000000   clock wclk (rise edge)
                                  0.000000   10.000000   clock source latency
     1    0.021811    0.000000    0.000000   10.000000 ^ wclk (in)
                                                         wclk (net)
                      0.002573    0.001286   10.001287 ^ clkbuf_0_wclk/A (sky130_fd_sc_hd__clkbuf_16)
    16    0.119684    0.103747    0.131487   10.132773 ^ clkbuf_0_wclk/X (sky130_fd_sc_hd__clkbuf_16)
                                                         clknet_0_wclk (net)
                      0.103934    0.003577   10.136350 ^ clkbuf_4_10_0_wclk/A (sky130_fd_sc_hd__clkbuf_8)
    12    0.035330    0.056067    0.122203   10.258553 ^ clkbuf_4_10_0_wclk/X (sky130_fd_sc_hd__clkbuf_8)
                                                         clknet_4_10_0_wclk (net)
                      0.056091    0.001073   10.259625 ^ _588_/CLK (sky130_fd_sc_hd__dfxtp_1)
                                  0.000000   10.259625   clock reconvergence pessimism
                                 -0.070159   10.189466   library setup time
                                             10.189466   data required time
---------------------------------------------------------------------------------------------
                                             10.189466   data required time
                                             -1.858446   data arrival time
---------------------------------------------------------------------------------------------
                                              8.331020   slack (MET)


Startpoint: _554_ (rising edge-triggered flip-flop clocked by wclk)
Endpoint: _678_ (rising edge-triggered flip-flop clocked by wclk)
Path Group: wclk
Path Type: max

Fanout         Cap        Slew       Delay        Time   Description
---------------------------------------------------------------------------------------------
                                  0.000000    0.000000   clock wclk (rise edge)
                                  0.000000    0.000000   clock source latency
     1    0.021811    0.000000    0.000000    0.000000 ^ wclk (in)
                                                         wclk (net)
                      0.002573    0.001286    0.001286 ^ clkbuf_0_wclk/A (sky130_fd_sc_hd__clkbuf_16)
    16    0.119684    0.103747    0.131486    0.132773 ^ clkbuf_0_wclk/X (sky130_fd_sc_hd__clkbuf_16)
                                                         clknet_0_wclk (net)
                      0.103842    0.002573    0.135346 ^ clkbuf_4_13_0_wclk/A (sky130_fd_sc_hd__clkbuf_8)
    10    0.035195    0.055923    0.122190    0.257536 ^ clkbuf_4_13_0_wclk/X (sky130_fd_sc_hd__clkbuf_8)
                                                         clknet_4_13_0_wclk (net)
                      0.055930    0.000634    0.258170 ^ _554_/CLK (sky130_fd_sc_hd__dfrtp_1)
     2    0.009435    0.049843    0.252974    0.511144 v _554_/Q (sky130_fd_sc_hd__dfrtp_1)
                                                         r_ptr_gray_sync[4] (net)
                      0.049843    0.000230    0.511373 v _291_/A (sky130_fd_sc_hd__xor2_1)
     3    0.012201    0.201777    0.195160    0.706533 ^ _291_/X (sky130_fd_sc_hd__xor2_1)
                                                         _171_ (net)
                      0.201778    0.000292    0.706824 ^ _292_/B (sky130_fd_sc_hd__xnor2_1)
     3    0.010990    0.195893    0.124805    0.831630 ^ _292_/Y (sky130_fd_sc_hd__xnor2_1)
                                                         _172_ (net)
                      0.195894    0.000367    0.831997 ^ _293_/B (sky130_fd_sc_hd__xnor2_1)
     1    0.004955    0.111870    0.090254    0.922251 ^ _293_/Y (sky130_fd_sc_hd__xnor2_1)
                                                         _173_ (net)
                      0.111870    0.000163    0.922415 ^ _297_/S (sky130_fd_sc_hd__mux2_1)
     2    0.007110    0.054715    0.211240    1.133655 v _297_/X (sky130_fd_sc_hd__mux2_1)
                                                         _177_ (net)
                      0.054715    0.000193    1.133847 v _329_/A1 (sky130_fd_sc_hd__a21boi_2)
     3    0.018258    0.172662    0.172309    1.306157 ^ _329_/Y (sky130_fd_sc_hd__a21boi_2)
                                                         _198_ (net)
                      0.172665    0.000618    1.306774 ^ max_cap23/A (sky130_fd_sc_hd__buf_8)
    20    0.119718    0.148566    0.163296    1.470070 ^ max_cap23/X (sky130_fd_sc_hd__buf_8)
                                                         net23 (net)
                      0.148736    0.004111    1.474181 ^ _498_/B (sky130_fd_sc_hd__nand4b_4)
     8    0.057368    0.175028    0.164062    1.638243 v _498_/Y (sky130_fd_sc_hd__nand4b_4)
                                                         _250_ (net)
                      0.175070    0.002164    1.640406 v _503_/S (sky130_fd_sc_hd__mux2_1)
     1    0.002257    0.036005    0.220732    1.861138 v _503_/X (sky130_fd_sc_hd__mux2_1)
                                                         _116_ (net)
                      0.036005    0.000065    1.861203 v _678_/D (sky130_fd_sc_hd__dfxtp_1)
                                              1.861203   data arrival time

                                 10.000000   10.000000   clock wclk (rise edge)
                                  0.000000   10.000000   clock source latency
     1    0.021811    0.000000    0.000000   10.000000 ^ wclk (in)
                                                         wclk (net)
                      0.002573    0.001286   10.001287 ^ clkbuf_0_wclk/A (sky130_fd_sc_hd__clkbuf_16)
    16    0.119684    0.103747    0.131487   10.132773 ^ clkbuf_0_wclk/X (sky130_fd_sc_hd__clkbuf_16)
                                                         clknet_0_wclk (net)
                      0.103990    0.004063   10.136836 ^ clkbuf_4_1_0_wclk/A (sky130_fd_sc_hd__clkbuf_8)
    11    0.036799    0.057855    0.123721   10.260557 ^ clkbuf_4_1_0_wclk/X (sky130_fd_sc_hd__clkbuf_8)
                                                         clknet_4_1_0_wclk (net)
                      0.057863    0.000673   10.261230 ^ _678_/CLK (sky130_fd_sc_hd__dfxtp_1)
                                  0.000000   10.261230   clock reconvergence pessimism
                                 -0.068943   10.192287   library setup time
                                             10.192287   data required time
---------------------------------------------------------------------------------------------
                                             10.192287   data required time
                                             -1.861203   data arrival time
---------------------------------------------------------------------------------------------
                                              8.331084   slack (MET)


Startpoint: _554_ (rising edge-triggered flip-flop clocked by wclk)
Endpoint: _601_ (rising edge-triggered flip-flop clocked by wclk)
Path Group: wclk
Path Type: max

Fanout         Cap        Slew       Delay        Time   Description
---------------------------------------------------------------------------------------------
                                  0.000000    0.000000   clock wclk (rise edge)
                                  0.000000    0.000000   clock source latency
     1    0.021811    0.000000    0.000000    0.000000 ^ wclk (in)
                                                         wclk (net)
                      0.002573    0.001286    0.001286 ^ clkbuf_0_wclk/A (sky130_fd_sc_hd__clkbuf_16)
    16    0.119684    0.103747    0.131486    0.132773 ^ clkbuf_0_wclk/X (sky130_fd_sc_hd__clkbuf_16)
                                                         clknet_0_wclk (net)
                      0.103842    0.002573    0.135346 ^ clkbuf_4_13_0_wclk/A (sky130_fd_sc_hd__clkbuf_8)
    10    0.035195    0.055923    0.122190    0.257536 ^ clkbuf_4_13_0_wclk/X (sky130_fd_sc_hd__clkbuf_8)
                                                         clknet_4_13_0_wclk (net)
                      0.055930    0.000634    0.258170 ^ _554_/CLK (sky130_fd_sc_hd__dfrtp_1)
     2    0.009435    0.049843    0.252974    0.511144 v _554_/Q (sky130_fd_sc_hd__dfrtp_1)
                                                         r_ptr_gray_sync[4] (net)
                      0.049843    0.000230    0.511373 v _291_/A (sky130_fd_sc_hd__xor2_1)
     3    0.012201    0.201777    0.195160    0.706533 ^ _291_/X (sky130_fd_sc_hd__xor2_1)
                                                         _171_ (net)
                      0.201778    0.000292    0.706824 ^ _292_/B (sky130_fd_sc_hd__xnor2_1)
     3    0.010990    0.195893    0.124805    0.831630 ^ _292_/Y (sky130_fd_sc_hd__xnor2_1)
                                                         _172_ (net)
                      0.195894    0.000367    0.831997 ^ _293_/B (sky130_fd_sc_hd__xnor2_1)
     1    0.004955    0.111870    0.090254    0.922251 ^ _293_/Y (sky130_fd_sc_hd__xnor2_1)
                                                         _173_ (net)
                      0.111870    0.000163    0.922415 ^ _297_/S (sky130_fd_sc_hd__mux2_1)
     2    0.007110    0.054715    0.211240    1.133655 v _297_/X (sky130_fd_sc_hd__mux2_1)
                                                         _177_ (net)
                      0.054715    0.000193    1.133847 v _329_/A1 (sky130_fd_sc_hd__a21boi_2)
     3    0.018258    0.172662    0.172309    1.306157 ^ _329_/Y (sky130_fd_sc_hd__a21boi_2)
                                                         _198_ (net)
                      0.172665    0.000618    1.306774 ^ max_cap23/A (sky130_fd_sc_hd__buf_8)
    20    0.119718    0.148566    0.163296    1.470070 ^ max_cap23/X (sky130_fd_sc_hd__buf_8)
                                                         net23 (net)
                      0.148713    0.003833    1.473904 ^ _434_/C (sky130_fd_sc_hd__nand4_4)
     8    0.055989    0.191024    0.154941    1.628844 v _434_/Y (sky130_fd_sc_hd__nand4_4)
                                                         _242_ (net)
                      0.191047    0.001616    1.630461 v _436_/S (sky130_fd_sc_hd__mux2_1)
     1    0.002164    0.035797    0.225369    1.855830 v _436_/X (sky130_fd_sc_hd__mux2_1)
                                                         _057_ (net)
                      0.035797    0.000061    1.855890 v _601_/D (sky130_fd_sc_hd__dfxtp_1)
                                              1.855890   data arrival time

                                 10.000000   10.000000   clock wclk (rise edge)
                                  0.000000   10.000000   clock source latency
     1    0.021811    0.000000    0.000000   10.000000 ^ wclk (in)
                                                         wclk (net)
                      0.002573    0.001286   10.001287 ^ clkbuf_0_wclk/A (sky130_fd_sc_hd__clkbuf_16)
    16    0.119684    0.103747    0.131487   10.132773 ^ clkbuf_0_wclk/X (sky130_fd_sc_hd__clkbuf_16)
                                                         clknet_0_wclk (net)
                      0.103831    0.002413   10.135186 ^ clkbuf_4_6_0_wclk/A (sky130_fd_sc_hd__clkbuf_8)
     8    0.033994    0.054491    0.121156   10.256342 ^ clkbuf_4_6_0_wclk/X (sky130_fd_sc_hd__clkbuf_8)
                                                         clknet_4_6_0_wclk (net)
                      0.054499    0.000657   10.256999 ^ _601_/CLK (sky130_fd_sc_hd__dfxtp_1)
                                  0.000000   10.256999   clock reconvergence pessimism
                                 -0.069193   10.187806   library setup time
                                             10.187806   data required time
---------------------------------------------------------------------------------------------
                                             10.187806   data required time
                                             -1.855890   data arrival time
---------------------------------------------------------------------------------------------
                                              8.331916   slack (MET)


Startpoint: _554_ (rising edge-triggered flip-flop clocked by wclk)
Endpoint: _606_ (rising edge-triggered flip-flop clocked by wclk)
Path Group: wclk
Path Type: max

Fanout         Cap        Slew       Delay        Time   Description
---------------------------------------------------------------------------------------------
                                  0.000000    0.000000   clock wclk (rise edge)
                                  0.000000    0.000000   clock source latency
     1    0.021811    0.000000    0.000000    0.000000 ^ wclk (in)
                                                         wclk (net)
                      0.002573    0.001286    0.001286 ^ clkbuf_0_wclk/A (sky130_fd_sc_hd__clkbuf_16)
    16    0.119684    0.103747    0.131486    0.132773 ^ clkbuf_0_wclk/X (sky130_fd_sc_hd__clkbuf_16)
                                                         clknet_0_wclk (net)
                      0.103842    0.002573    0.135346 ^ clkbuf_4_13_0_wclk/A (sky130_fd_sc_hd__clkbuf_8)
    10    0.035195    0.055923    0.122190    0.257536 ^ clkbuf_4_13_0_wclk/X (sky130_fd_sc_hd__clkbuf_8)
                                                         clknet_4_13_0_wclk (net)
                      0.055930    0.000634    0.258170 ^ _554_/CLK (sky130_fd_sc_hd__dfrtp_1)
     2    0.009435    0.049843    0.252974    0.511144 v _554_/Q (sky130_fd_sc_hd__dfrtp_1)
                                                         r_ptr_gray_sync[4] (net)
                      0.049843    0.000230    0.511373 v _291_/A (sky130_fd_sc_hd__xor2_1)
     3    0.012201    0.201777    0.195160    0.706533 ^ _291_/X (sky130_fd_sc_hd__xor2_1)
                                                         _171_ (net)
                      0.201778    0.000292    0.706824 ^ _292_/B (sky130_fd_sc_hd__xnor2_1)
     3    0.010990    0.195893    0.124805    0.831630 ^ _292_/Y (sky130_fd_sc_hd__xnor2_1)
                                                         _172_ (net)
                      0.195894    0.000367    0.831997 ^ _293_/B (sky130_fd_sc_hd__xnor2_1)
     1    0.004955    0.111870    0.090254    0.922251 ^ _293_/Y (sky130_fd_sc_hd__xnor2_1)
                                                         _173_ (net)
                      0.111870    0.000163    0.922415 ^ _297_/S (sky130_fd_sc_hd__mux2_1)
     2    0.007110    0.054715    0.211240    1.133655 v _297_/X (sky130_fd_sc_hd__mux2_1)
                                                         _177_ (net)
                      0.054715    0.000193    1.133847 v _329_/A1 (sky130_fd_sc_hd__a21boi_2)
     3    0.018258    0.172662    0.172309    1.306157 ^ _329_/Y (sky130_fd_sc_hd__a21boi_2)
                                                         _198_ (net)
                      0.172665    0.000618    1.306774 ^ max_cap23/A (sky130_fd_sc_hd__buf_8)
    20    0.119718    0.148566    0.163296    1.470070 ^ max_cap23/X (sky130_fd_sc_hd__buf_8)
                                                         net23 (net)
                      0.148713    0.003833    1.473904 ^ _434_/C (sky130_fd_sc_hd__nand4_4)
     8    0.055989    0.191024    0.154941    1.628844 v _434_/Y (sky130_fd_sc_hd__nand4_4)
                                                         _242_ (net)
                      0.191133    0.003492    1.632336 v _441_/S (sky130_fd_sc_hd__mux2_1)
     1    0.002332    0.036369    0.226423    1.858759 v _441_/X (sky130_fd_sc_hd__mux2_1)
                                                         _062_ (net)
                      0.036369    0.000068    1.858827 v _606_/D (sky130_fd_sc_hd__dfxtp_1)
                                              1.858827   data arrival time

                                 10.000000   10.000000   clock wclk (rise edge)
                                  0.000000   10.000000   clock source latency
     1    0.021811    0.000000    0.000000   10.000000 ^ wclk (in)
                                                         wclk (net)
                      0.002573    0.001286   10.001287 ^ clkbuf_0_wclk/A (sky130_fd_sc_hd__clkbuf_16)
    16    0.119684    0.103747    0.131487   10.132773 ^ clkbuf_0_wclk/X (sky130_fd_sc_hd__clkbuf_16)
                                                         clknet_0_wclk (net)
                      0.103937    0.003606   10.136379 ^ clkbuf_4_2_0_wclk/A (sky130_fd_sc_hd__clkbuf_8)
    12    0.036035    0.056886    0.122682   10.259062 ^ clkbuf_4_2_0_wclk/X (sky130_fd_sc_hd__clkbuf_8)
                                                         clknet_4_2_0_wclk (net)
                      0.056914    0.001196   10.260258 ^ _606_/CLK (sky130_fd_sc_hd__dfxtp_1)
                                  0.000000   10.260258   clock reconvergence pessimism
                                 -0.069164   10.191093   library setup time
                                             10.191093   data required time
---------------------------------------------------------------------------------------------
                                             10.191093   data required time
                                             -1.858827   data arrival time
---------------------------------------------------------------------------------------------
                                              8.332267   slack (MET)


Startpoint: _554_ (rising edge-triggered flip-flop clocked by wclk)
Endpoint: _607_ (rising edge-triggered flip-flop clocked by wclk)
Path Group: wclk
Path Type: max

Fanout         Cap        Slew       Delay        Time   Description
---------------------------------------------------------------------------------------------
                                  0.000000    0.000000   clock wclk (rise edge)
                                  0.000000    0.000000   clock source latency
     1    0.021811    0.000000    0.000000    0.000000 ^ wclk (in)
                                                         wclk (net)
                      0.002573    0.001286    0.001286 ^ clkbuf_0_wclk/A (sky130_fd_sc_hd__clkbuf_16)
    16    0.119684    0.103747    0.131486    0.132773 ^ clkbuf_0_wclk/X (sky130_fd_sc_hd__clkbuf_16)
                                                         clknet_0_wclk (net)
                      0.103842    0.002573    0.135346 ^ clkbuf_4_13_0_wclk/A (sky130_fd_sc_hd__clkbuf_8)
    10    0.035195    0.055923    0.122190    0.257536 ^ clkbuf_4_13_0_wclk/X (sky130_fd_sc_hd__clkbuf_8)
                                                         clknet_4_13_0_wclk (net)
                      0.055930    0.000634    0.258170 ^ _554_/CLK (sky130_fd_sc_hd__dfrtp_1)
     2    0.009435    0.049843    0.252974    0.511144 v _554_/Q (sky130_fd_sc_hd__dfrtp_1)
                                                         r_ptr_gray_sync[4] (net)
                      0.049843    0.000230    0.511373 v _291_/A (sky130_fd_sc_hd__xor2_1)
     3    0.012201    0.201777    0.195160    0.706533 ^ _291_/X (sky130_fd_sc_hd__xor2_1)
                                                         _171_ (net)
                      0.201778    0.000292    0.706824 ^ _292_/B (sky130_fd_sc_hd__xnor2_1)
     3    0.010990    0.195893    0.124805    0.831630 ^ _292_/Y (sky130_fd_sc_hd__xnor2_1)
                                                         _172_ (net)
                      0.195894    0.000367    0.831997 ^ _293_/B (sky130_fd_sc_hd__xnor2_1)
     1    0.004955    0.111870    0.090254    0.922251 ^ _293_/Y (sky130_fd_sc_hd__xnor2_1)
                                                         _173_ (net)
                      0.111870    0.000163    0.922415 ^ _297_/S (sky130_fd_sc_hd__mux2_1)
     2    0.007110    0.054715    0.211240    1.133655 v _297_/X (sky130_fd_sc_hd__mux2_1)
                                                         _177_ (net)
                      0.054715    0.000193    1.133847 v _329_/A1 (sky130_fd_sc_hd__a21boi_2)
     3    0.018258    0.172662    0.172309    1.306157 ^ _329_/Y (sky130_fd_sc_hd__a21boi_2)
                                                         _198_ (net)
                      0.172665    0.000618    1.306774 ^ max_cap23/A (sky130_fd_sc_hd__buf_8)
    20    0.119718    0.148566    0.163296    1.470070 ^ max_cap23/X (sky130_fd_sc_hd__buf_8)
                                                         net23 (net)
                      0.148713    0.003833    1.473904 ^ _434_/C (sky130_fd_sc_hd__nand4_4)
     8    0.055989    0.191024    0.154941    1.628844 v _434_/Y (sky130_fd_sc_hd__nand4_4)
                                                         _242_ (net)
                      0.191137    0.003562    1.632407 v _442_/S (sky130_fd_sc_hd__mux2_1)
     1    0.002349    0.036414    0.226529    1.858936 v _442_/X (sky130_fd_sc_hd__mux2_1)
                                                         _063_ (net)
                      0.036414    0.000067    1.859004 v _607_/D (sky130_fd_sc_hd__dfxtp_1)
                                              1.859004   data arrival time

                                 10.000000   10.000000   clock wclk (rise edge)
                                  0.000000   10.000000   clock source latency
     1    0.021811    0.000000    0.000000   10.000000 ^ wclk (in)
                                                         wclk (net)
                      0.002573    0.001286   10.001287 ^ clkbuf_0_wclk/A (sky130_fd_sc_hd__clkbuf_16)
    16    0.119684    0.103747    0.131487   10.132773 ^ clkbuf_0_wclk/X (sky130_fd_sc_hd__clkbuf_16)
                                                         clknet_0_wclk (net)
                      0.103937    0.003606   10.136379 ^ clkbuf_4_2_0_wclk/A (sky130_fd_sc_hd__clkbuf_8)
    12    0.036035    0.056886    0.122682   10.259062 ^ clkbuf_4_2_0_wclk/X (sky130_fd_sc_hd__clkbuf_8)
                                                         clknet_4_2_0_wclk (net)
                      0.056934    0.001494   10.260555 ^ _607_/CLK (sky130_fd_sc_hd__dfxtp_1)
                                  0.000000   10.260555   clock reconvergence pessimism
                                 -0.069178   10.191377   library setup time
                                             10.191377   data required time
---------------------------------------------------------------------------------------------
                                             10.191377   data required time
                                             -1.859004   data arrival time
---------------------------------------------------------------------------------------------
                                              8.332374   slack (MET)


Startpoint: _554_ (rising edge-triggered flip-flop clocked by wclk)
Endpoint: _605_ (rising edge-triggered flip-flop clocked by wclk)
Path Group: wclk
Path Type: max

Fanout         Cap        Slew       Delay        Time   Description
---------------------------------------------------------------------------------------------
                                  0.000000    0.000000   clock wclk (rise edge)
                                  0.000000    0.000000   clock source latency
     1    0.021811    0.000000    0.000000    0.000000 ^ wclk (in)
                                                         wclk (net)
                      0.002573    0.001286    0.001286 ^ clkbuf_0_wclk/A (sky130_fd_sc_hd__clkbuf_16)
    16    0.119684    0.103747    0.131486    0.132773 ^ clkbuf_0_wclk/X (sky130_fd_sc_hd__clkbuf_16)
                                                         clknet_0_wclk (net)
                      0.103842    0.002573    0.135346 ^ clkbuf_4_13_0_wclk/A (sky130_fd_sc_hd__clkbuf_8)
    10    0.035195    0.055923    0.122190    0.257536 ^ clkbuf_4_13_0_wclk/X (sky130_fd_sc_hd__clkbuf_8)
                                                         clknet_4_13_0_wclk (net)
                      0.055930    0.000634    0.258170 ^ _554_/CLK (sky130_fd_sc_hd__dfrtp_1)
     2    0.009435    0.049843    0.252974    0.511144 v _554_/Q (sky130_fd_sc_hd__dfrtp_1)
                                                         r_ptr_gray_sync[4] (net)
                      0.049843    0.000230    0.511373 v _291_/A (sky130_fd_sc_hd__xor2_1)
     3    0.012201    0.201777    0.195160    0.706533 ^ _291_/X (sky130_fd_sc_hd__xor2_1)
                                                         _171_ (net)
                      0.201778    0.000292    0.706824 ^ _292_/B (sky130_fd_sc_hd__xnor2_1)
     3    0.010990    0.195893    0.124805    0.831630 ^ _292_/Y (sky130_fd_sc_hd__xnor2_1)
                                                         _172_ (net)
                      0.195894    0.000367    0.831997 ^ _293_/B (sky130_fd_sc_hd__xnor2_1)
     1    0.004955    0.111870    0.090254    0.922251 ^ _293_/Y (sky130_fd_sc_hd__xnor2_1)
                                                         _173_ (net)
                      0.111870    0.000163    0.922415 ^ _297_/S (sky130_fd_sc_hd__mux2_1)
     2    0.007110    0.054715    0.211240    1.133655 v _297_/X (sky130_fd_sc_hd__mux2_1)
                                                         _177_ (net)
                      0.054715    0.000193    1.133847 v _329_/A1 (sky130_fd_sc_hd__a21boi_2)
     3    0.018258    0.172662    0.172309    1.306157 ^ _329_/Y (sky130_fd_sc_hd__a21boi_2)
                                                         _198_ (net)
                      0.172665    0.000618    1.306774 ^ max_cap23/A (sky130_fd_sc_hd__buf_8)
    20    0.119718    0.148566    0.163296    1.470070 ^ max_cap23/X (sky130_fd_sc_hd__buf_8)
                                                         net23 (net)
                      0.148713    0.003833    1.473904 ^ _434_/C (sky130_fd_sc_hd__nand4_4)
     8    0.055989    0.191024    0.154941    1.628844 v _434_/Y (sky130_fd_sc_hd__nand4_4)
                                                         _242_ (net)
                      0.191060    0.002013    1.630857 v _440_/S (sky130_fd_sc_hd__mux2_1)
     1    0.002622    0.037457    0.228163    1.859021 v _440_/X (sky130_fd_sc_hd__mux2_1)
                                                         _061_ (net)
                      0.037457    0.000079    1.859100 v _605_/D (sky130_fd_sc_hd__dfxtp_1)
                                              1.859100   data arrival time

                                 10.000000   10.000000   clock wclk (rise edge)
                                  0.000000   10.000000   clock source latency
     1    0.021811    0.000000    0.000000   10.000000 ^ wclk (in)
                                                         wclk (net)
                      0.002573    0.001286   10.001287 ^ clkbuf_0_wclk/A (sky130_fd_sc_hd__clkbuf_16)
    16    0.119684    0.103747    0.131487   10.132773 ^ clkbuf_0_wclk/X (sky130_fd_sc_hd__clkbuf_16)
                                                         clknet_0_wclk (net)
                      0.103990    0.004063   10.136836 ^ clkbuf_4_1_0_wclk/A (sky130_fd_sc_hd__clkbuf_8)
    11    0.036799    0.057855    0.123721   10.260557 ^ clkbuf_4_1_0_wclk/X (sky130_fd_sc_hd__clkbuf_8)
                                                         clknet_4_1_0_wclk (net)
                      0.057858    0.000472   10.261028 ^ _605_/CLK (sky130_fd_sc_hd__dfxtp_1)
                                  0.000000   10.261028   clock reconvergence pessimism
                                 -0.069462   10.191567   library setup time
                                             10.191567   data required time
---------------------------------------------------------------------------------------------
                                             10.191567   data required time
                                             -1.859100   data arrival time
---------------------------------------------------------------------------------------------
                                              8.332467   slack (MET)


Startpoint: _554_ (rising edge-triggered flip-flop clocked by wclk)
Endpoint: _584_ (rising edge-triggered flip-flop clocked by wclk)
Path Group: wclk
Path Type: max

Fanout         Cap        Slew       Delay        Time   Description
---------------------------------------------------------------------------------------------
                                  0.000000    0.000000   clock wclk (rise edge)
                                  0.000000    0.000000   clock source latency
     1    0.021811    0.000000    0.000000    0.000000 ^ wclk (in)
                                                         wclk (net)
                      0.002573    0.001286    0.001286 ^ clkbuf_0_wclk/A (sky130_fd_sc_hd__clkbuf_16)
    16    0.119684    0.103747    0.131486    0.132773 ^ clkbuf_0_wclk/X (sky130_fd_sc_hd__clkbuf_16)
                                                         clknet_0_wclk (net)
                      0.103842    0.002573    0.135346 ^ clkbuf_4_13_0_wclk/A (sky130_fd_sc_hd__clkbuf_8)
    10    0.035195    0.055923    0.122190    0.257536 ^ clkbuf_4_13_0_wclk/X (sky130_fd_sc_hd__clkbuf_8)
                                                         clknet_4_13_0_wclk (net)
                      0.055930    0.000634    0.258170 ^ _554_/CLK (sky130_fd_sc_hd__dfrtp_1)
     2    0.009435    0.049843    0.252974    0.511144 v _554_/Q (sky130_fd_sc_hd__dfrtp_1)
                                                         r_ptr_gray_sync[4] (net)
                      0.049843    0.000230    0.511373 v _291_/A (sky130_fd_sc_hd__xor2_1)
     3    0.012201    0.201777    0.195160    0.706533 ^ _291_/X (sky130_fd_sc_hd__xor2_1)
                                                         _171_ (net)
                      0.201778    0.000292    0.706824 ^ _292_/B (sky130_fd_sc_hd__xnor2_1)
     3    0.010990    0.195893    0.124805    0.831630 ^ _292_/Y (sky130_fd_sc_hd__xnor2_1)
                                                         _172_ (net)
                      0.195894    0.000367    0.831997 ^ _293_/B (sky130_fd_sc_hd__xnor2_1)
     1    0.004955    0.111870    0.090254    0.922251 ^ _293_/Y (sky130_fd_sc_hd__xnor2_1)
                                                         _173_ (net)
                      0.111870    0.000163    0.922415 ^ _297_/S (sky130_fd_sc_hd__mux2_1)
     2    0.007110    0.054715    0.211240    1.133655 v _297_/X (sky130_fd_sc_hd__mux2_1)
                                                         _177_ (net)
                      0.054715    0.000193    1.133847 v _329_/A1 (sky130_fd_sc_hd__a21boi_2)
     3    0.018258    0.172662    0.172309    1.306157 ^ _329_/Y (sky130_fd_sc_hd__a21boi_2)
                                                         _198_ (net)
                      0.172665    0.000618    1.306774 ^ max_cap23/A (sky130_fd_sc_hd__buf_8)
    20    0.119718    0.148566    0.163296    1.470070 ^ max_cap23/X (sky130_fd_sc_hd__buf_8)
                                                         net23 (net)
                      0.148719    0.003906    1.473976 ^ _415_/C (sky130_fd_sc_hd__nand4_4)
     8    0.053665    0.185515    0.149880    1.623856 v _415_/Y (sky130_fd_sc_hd__nand4_4)
                                                         _239_ (net)
                      0.185521    0.000834    1.624690 v _416_/S (sky130_fd_sc_hd__mux2_1)
     1    0.003042    0.039050    0.228912    1.853603 v _416_/X (sky130_fd_sc_hd__mux2_1)
                                                         _040_ (net)
                      0.039050    0.000095    1.853698 v _584_/D (sky130_fd_sc_hd__dfxtp_1)
                                              1.853698   data arrival time

                                 10.000000   10.000000   clock wclk (rise edge)
                                  0.000000   10.000000   clock source latency
     1    0.021811    0.000000    0.000000   10.000000 ^ wclk (in)
                                                         wclk (net)
                      0.002573    0.001286   10.001287 ^ clkbuf_0_wclk/A (sky130_fd_sc_hd__clkbuf_16)
    16    0.119684    0.103747    0.131487   10.132773 ^ clkbuf_0_wclk/X (sky130_fd_sc_hd__clkbuf_16)
                                                         clknet_0_wclk (net)
                      0.103830    0.002401   10.135174 ^ clkbuf_4_12_0_wclk/A (sky130_fd_sc_hd__clkbuf_8)
     8    0.033217    0.053510    0.120131   10.255305 ^ clkbuf_4_12_0_wclk/X (sky130_fd_sc_hd__clkbuf_8)
                                                         clknet_4_12_0_wclk (net)
                      0.053556    0.001392   10.256697 ^ _584_/CLK (sky130_fd_sc_hd__dfxtp_1)
                                  0.000000   10.256697   clock reconvergence pessimism
                                 -0.070444   10.186253   library setup time
                                             10.186253   data required time
---------------------------------------------------------------------------------------------
                                             10.186253   data required time
                                             -1.853698   data arrival time
---------------------------------------------------------------------------------------------
                                              8.332556   slack (MET)


Startpoint: _554_ (rising edge-triggered flip-flop clocked by wclk)
Endpoint: _585_ (rising edge-triggered flip-flop clocked by wclk)
Path Group: wclk
Path Type: max

Fanout         Cap        Slew       Delay        Time   Description
---------------------------------------------------------------------------------------------
                                  0.000000    0.000000   clock wclk (rise edge)
                                  0.000000    0.000000   clock source latency
     1    0.021811    0.000000    0.000000    0.000000 ^ wclk (in)
                                                         wclk (net)
                      0.002573    0.001286    0.001286 ^ clkbuf_0_wclk/A (sky130_fd_sc_hd__clkbuf_16)
    16    0.119684    0.103747    0.131486    0.132773 ^ clkbuf_0_wclk/X (sky130_fd_sc_hd__clkbuf_16)
                                                         clknet_0_wclk (net)
                      0.103842    0.002573    0.135346 ^ clkbuf_4_13_0_wclk/A (sky130_fd_sc_hd__clkbuf_8)
    10    0.035195    0.055923    0.122190    0.257536 ^ clkbuf_4_13_0_wclk/X (sky130_fd_sc_hd__clkbuf_8)
                                                         clknet_4_13_0_wclk (net)
                      0.055930    0.000634    0.258170 ^ _554_/CLK (sky130_fd_sc_hd__dfrtp_1)
     2    0.009435    0.049843    0.252974    0.511144 v _554_/Q (sky130_fd_sc_hd__dfrtp_1)
                                                         r_ptr_gray_sync[4] (net)
                      0.049843    0.000230    0.511373 v _291_/A (sky130_fd_sc_hd__xor2_1)
     3    0.012201    0.201777    0.195160    0.706533 ^ _291_/X (sky130_fd_sc_hd__xor2_1)
                                                         _171_ (net)
                      0.201778    0.000292    0.706824 ^ _292_/B (sky130_fd_sc_hd__xnor2_1)
     3    0.010990    0.195893    0.124805    0.831630 ^ _292_/Y (sky130_fd_sc_hd__xnor2_1)
                                                         _172_ (net)
                      0.195894    0.000367    0.831997 ^ _293_/B (sky130_fd_sc_hd__xnor2_1)
     1    0.004955    0.111870    0.090254    0.922251 ^ _293_/Y (sky130_fd_sc_hd__xnor2_1)
                                                         _173_ (net)
                      0.111870    0.000163    0.922415 ^ _297_/S (sky130_fd_sc_hd__mux2_1)
     2    0.007110    0.054715    0.211240    1.133655 v _297_/X (sky130_fd_sc_hd__mux2_1)
                                                         _177_ (net)
                      0.054715    0.000193    1.133847 v _329_/A1 (sky130_fd_sc_hd__a21boi_2)
     3    0.018258    0.172662    0.172309    1.306157 ^ _329_/Y (sky130_fd_sc_hd__a21boi_2)
                                                         _198_ (net)
                      0.172665    0.000618    1.306774 ^ max_cap23/A (sky130_fd_sc_hd__buf_8)
    20    0.119718    0.148566    0.163296    1.470070 ^ max_cap23/X (sky130_fd_sc_hd__buf_8)
                                                         net23 (net)
                      0.148719    0.003906    1.473976 ^ _415_/C (sky130_fd_sc_hd__nand4_4)
     8    0.053665    0.185515    0.149880    1.623856 v _415_/Y (sky130_fd_sc_hd__nand4_4)
                                                         _239_ (net)
                      0.185581    0.002656    1.626512 v _417_/S (sky130_fd_sc_hd__mux2_1)
     1    0.002906    0.038468    0.228113    1.854625 v _417_/X (sky130_fd_sc_hd__mux2_1)
                                                         _041_ (net)
                      0.038468    0.000068    1.854692 v _585_/D (sky130_fd_sc_hd__dfxtp_1)
                                              1.854692   data arrival time

                                 10.000000   10.000000   clock wclk (rise edge)
                                  0.000000   10.000000   clock source latency
     1    0.021811    0.000000    0.000000   10.000000 ^ wclk (in)
                                                         wclk (net)
                      0.002573    0.001286   10.001287 ^ clkbuf_0_wclk/A (sky130_fd_sc_hd__clkbuf_16)
    16    0.119684    0.103747    0.131487   10.132773 ^ clkbuf_0_wclk/X (sky130_fd_sc_hd__clkbuf_16)
                                                         clknet_0_wclk (net)
                      0.103875    0.002970   10.135743 ^ clkbuf_4_15_0_wclk/A (sky130_fd_sc_hd__clkbuf_8)
     8    0.034329    0.054878    0.121361   10.257104 ^ clkbuf_4_15_0_wclk/X (sky130_fd_sc_hd__clkbuf_8)
                                                         clknet_4_15_0_wclk (net)
                      0.054885    0.000647   10.257751 ^ _585_/CLK (sky130_fd_sc_hd__dfxtp_1)
                                  0.000000   10.257751   clock reconvergence pessimism
                                 -0.070109   10.187643   library setup time
                                             10.187643   data required time
---------------------------------------------------------------------------------------------
                                             10.187643   data required time
                                             -1.854692   data arrival time
---------------------------------------------------------------------------------------------
                                              8.332951   slack (MET)


Startpoint: _554_ (rising edge-triggered flip-flop clocked by wclk)
Endpoint: _586_ (rising edge-triggered flip-flop clocked by wclk)
Path Group: wclk
Path Type: max

Fanout         Cap        Slew       Delay        Time   Description
---------------------------------------------------------------------------------------------
                                  0.000000    0.000000   clock wclk (rise edge)
                                  0.000000    0.000000   clock source latency
     1    0.021811    0.000000    0.000000    0.000000 ^ wclk (in)
                                                         wclk (net)
                      0.002573    0.001286    0.001286 ^ clkbuf_0_wclk/A (sky130_fd_sc_hd__clkbuf_16)
    16    0.119684    0.103747    0.131486    0.132773 ^ clkbuf_0_wclk/X (sky130_fd_sc_hd__clkbuf_16)
                                                         clknet_0_wclk (net)
                      0.103842    0.002573    0.135346 ^ clkbuf_4_13_0_wclk/A (sky130_fd_sc_hd__clkbuf_8)
    10    0.035195    0.055923    0.122190    0.257536 ^ clkbuf_4_13_0_wclk/X (sky130_fd_sc_hd__clkbuf_8)
                                                         clknet_4_13_0_wclk (net)
                      0.055930    0.000634    0.258170 ^ _554_/CLK (sky130_fd_sc_hd__dfrtp_1)
     2    0.009435    0.049843    0.252974    0.511144 v _554_/Q (sky130_fd_sc_hd__dfrtp_1)
                                                         r_ptr_gray_sync[4] (net)
                      0.049843    0.000230    0.511373 v _291_/A (sky130_fd_sc_hd__xor2_1)
     3    0.012201    0.201777    0.195160    0.706533 ^ _291_/X (sky130_fd_sc_hd__xor2_1)
                                                         _171_ (net)
                      0.201778    0.000292    0.706824 ^ _292_/B (sky130_fd_sc_hd__xnor2_1)
     3    0.010990    0.195893    0.124805    0.831630 ^ _292_/Y (sky130_fd_sc_hd__xnor2_1)
                                                         _172_ (net)
                      0.195894    0.000367    0.831997 ^ _293_/B (sky130_fd_sc_hd__xnor2_1)
     1    0.004955    0.111870    0.090254    0.922251 ^ _293_/Y (sky130_fd_sc_hd__xnor2_1)
                                                         _173_ (net)
                      0.111870    0.000163    0.922415 ^ _297_/S (sky130_fd_sc_hd__mux2_1)
     2    0.007110    0.054715    0.211240    1.133655 v _297_/X (sky130_fd_sc_hd__mux2_1)
                                                         _177_ (net)
                      0.054715    0.000193    1.133847 v _329_/A1 (sky130_fd_sc_hd__a21boi_2)
     3    0.018258    0.172662    0.172309    1.306157 ^ _329_/Y (sky130_fd_sc_hd__a21boi_2)
                                                         _198_ (net)
                      0.172665    0.000618    1.306774 ^ max_cap23/A (sky130_fd_sc_hd__buf_8)
    20    0.119718    0.148566    0.163296    1.470070 ^ max_cap23/X (sky130_fd_sc_hd__buf_8)
                                                         net23 (net)
                      0.148719    0.003906    1.473976 ^ _415_/C (sky130_fd_sc_hd__nand4_4)
     8    0.053665    0.185515    0.149880    1.623856 v _415_/Y (sky130_fd_sc_hd__nand4_4)
                                                         _239_ (net)
                      0.185812    0.005706    1.629562 v _418_/S (sky130_fd_sc_hd__mux2_1)
     1    0.002810    0.038097    0.227596    1.857157 v _418_/X (sky130_fd_sc_hd__mux2_1)
                                                         _042_ (net)
                      0.038097    0.000088    1.857246 v _586_/D (sky130_fd_sc_hd__dfxtp_1)
                                              1.857246   data arrival time

                                 10.000000   10.000000   clock wclk (rise edge)
                                  0.000000   10.000000   clock source latency
     1    0.021811    0.000000    0.000000   10.000000 ^ wclk (in)
                                                         wclk (net)
                      0.002573    0.001286   10.001287 ^ clkbuf_0_wclk/A (sky130_fd_sc_hd__clkbuf_16)
    16    0.119684    0.103747    0.131487   10.132773 ^ clkbuf_0_wclk/X (sky130_fd_sc_hd__clkbuf_16)
                                                         clknet_0_wclk (net)
                      0.103905    0.003298   10.136071 ^ clkbuf_4_8_0_wclk/A (sky130_fd_sc_hd__clkbuf_8)
    13    0.036805    0.057851    0.123616   10.259686 ^ clkbuf_4_8_0_wclk/X (sky130_fd_sc_hd__clkbuf_8)
                                                         clknet_4_8_0_wclk (net)
                      0.057863    0.000790   10.260476 ^ _586_/CLK (sky130_fd_sc_hd__dfxtp_1)
                                  0.000000   10.260476   clock reconvergence pessimism
                                 -0.069690   10.190787   library setup time
                                             10.190787   data required time
---------------------------------------------------------------------------------------------
                                             10.190787   data required time
                                             -1.857246   data arrival time
---------------------------------------------------------------------------------------------
                                              8.333542   slack (MET)


Startpoint: _554_ (rising edge-triggered flip-flop clocked by wclk)
Endpoint: _604_ (rising edge-triggered flip-flop clocked by wclk)
Path Group: wclk
Path Type: max

Fanout         Cap        Slew       Delay        Time   Description
---------------------------------------------------------------------------------------------
                                  0.000000    0.000000   clock wclk (rise edge)
                                  0.000000    0.000000   clock source latency
     1    0.021811    0.000000    0.000000    0.000000 ^ wclk (in)
                                                         wclk (net)
                      0.002573    0.001286    0.001286 ^ clkbuf_0_wclk/A (sky130_fd_sc_hd__clkbuf_16)
    16    0.119684    0.103747    0.131486    0.132773 ^ clkbuf_0_wclk/X (sky130_fd_sc_hd__clkbuf_16)
                                                         clknet_0_wclk (net)
                      0.103842    0.002573    0.135346 ^ clkbuf_4_13_0_wclk/A (sky130_fd_sc_hd__clkbuf_8)
    10    0.035195    0.055923    0.122190    0.257536 ^ clkbuf_4_13_0_wclk/X (sky130_fd_sc_hd__clkbuf_8)
                                                         clknet_4_13_0_wclk (net)
                      0.055930    0.000634    0.258170 ^ _554_/CLK (sky130_fd_sc_hd__dfrtp_1)
     2    0.009435    0.049843    0.252974    0.511144 v _554_/Q (sky130_fd_sc_hd__dfrtp_1)
                                                         r_ptr_gray_sync[4] (net)
                      0.049843    0.000230    0.511373 v _291_/A (sky130_fd_sc_hd__xor2_1)
     3    0.012201    0.201777    0.195160    0.706533 ^ _291_/X (sky130_fd_sc_hd__xor2_1)
                                                         _171_ (net)
                      0.201778    0.000292    0.706824 ^ _292_/B (sky130_fd_sc_hd__xnor2_1)
     3    0.010990    0.195893    0.124805    0.831630 ^ _292_/Y (sky130_fd_sc_hd__xnor2_1)
                                                         _172_ (net)
                      0.195894    0.000367    0.831997 ^ _293_/B (sky130_fd_sc_hd__xnor2_1)
     1    0.004955    0.111870    0.090254    0.922251 ^ _293_/Y (sky130_fd_sc_hd__xnor2_1)
                                                         _173_ (net)
                      0.111870    0.000163    0.922415 ^ _297_/S (sky130_fd_sc_hd__mux2_1)
     2    0.007110    0.054715    0.211240    1.133655 v _297_/X (sky130_fd_sc_hd__mux2_1)
                                                         _177_ (net)
                      0.054715    0.000193    1.133847 v _329_/A1 (sky130_fd_sc_hd__a21boi_2)
     3    0.018258    0.172662    0.172309    1.306157 ^ _329_/Y (sky130_fd_sc_hd__a21boi_2)
                                                         _198_ (net)
                      0.172665    0.000618    1.306774 ^ max_cap23/A (sky130_fd_sc_hd__buf_8)
    20    0.119718    0.148566    0.163296    1.470070 ^ max_cap23/X (sky130_fd_sc_hd__buf_8)
                                                         net23 (net)
                      0.148713    0.003833    1.473904 ^ _434_/C (sky130_fd_sc_hd__nand4_4)
     8    0.055989    0.191024    0.154941    1.628844 v _434_/Y (sky130_fd_sc_hd__nand4_4)
                                                         _242_ (net)
                      0.191065    0.002138    1.630982 v _439_/S (sky130_fd_sc_hd__mux2_1)
     1    0.002283    0.036227    0.226097    1.857079 v _439_/X (sky130_fd_sc_hd__mux2_1)
                                                         _060_ (net)
                      0.036227    0.000067    1.857146 v _604_/D (sky130_fd_sc_hd__dfxtp_1)
                                              1.857146   data arrival time

                                 10.000000   10.000000   clock wclk (rise edge)
                                  0.000000   10.000000   clock source latency
     1    0.021811    0.000000    0.000000   10.000000 ^ wclk (in)
                                                         wclk (net)
                      0.002573    0.001286   10.001287 ^ clkbuf_0_wclk/A (sky130_fd_sc_hd__clkbuf_16)
    16    0.119684    0.103747    0.131487   10.132773 ^ clkbuf_0_wclk/X (sky130_fd_sc_hd__clkbuf_16)
                                                         clknet_0_wclk (net)
                      0.103986    0.004027   10.136800 ^ clkbuf_4_0_0_wclk/A (sky130_fd_sc_hd__clkbuf_8)
    12    0.035983    0.056849    0.122812   10.259612 ^ clkbuf_4_0_0_wclk/X (sky130_fd_sc_hd__clkbuf_8)
                                                         clknet_4_0_0_wclk (net)
                      0.056855    0.000617   10.260229 ^ _604_/CLK (sky130_fd_sc_hd__dfxtp_1)
                                  0.000000   10.260229   clock reconvergence pessimism
                                 -0.069120   10.191110   library setup time
                                             10.191110   data required time
---------------------------------------------------------------------------------------------
                                             10.191110   data required time
                                             -1.857146   data arrival time
---------------------------------------------------------------------------------------------
                                              8.333964   slack (MET)


Startpoint: _554_ (rising edge-triggered flip-flop clocked by wclk)
Endpoint: _589_ (rising edge-triggered flip-flop clocked by wclk)
Path Group: wclk
Path Type: max

Fanout         Cap        Slew       Delay        Time   Description
---------------------------------------------------------------------------------------------
                                  0.000000    0.000000   clock wclk (rise edge)
                                  0.000000    0.000000   clock source latency
     1    0.021811    0.000000    0.000000    0.000000 ^ wclk (in)
                                                         wclk (net)
                      0.002573    0.001286    0.001286 ^ clkbuf_0_wclk/A (sky130_fd_sc_hd__clkbuf_16)
    16    0.119684    0.103747    0.131486    0.132773 ^ clkbuf_0_wclk/X (sky130_fd_sc_hd__clkbuf_16)
                                                         clknet_0_wclk (net)
                      0.103842    0.002573    0.135346 ^ clkbuf_4_13_0_wclk/A (sky130_fd_sc_hd__clkbuf_8)
    10    0.035195    0.055923    0.122190    0.257536 ^ clkbuf_4_13_0_wclk/X (sky130_fd_sc_hd__clkbuf_8)
                                                         clknet_4_13_0_wclk (net)
                      0.055930    0.000634    0.258170 ^ _554_/CLK (sky130_fd_sc_hd__dfrtp_1)
     2    0.009435    0.049843    0.252974    0.511144 v _554_/Q (sky130_fd_sc_hd__dfrtp_1)
                                                         r_ptr_gray_sync[4] (net)
                      0.049843    0.000230    0.511373 v _291_/A (sky130_fd_sc_hd__xor2_1)
     3    0.012201    0.201777    0.195160    0.706533 ^ _291_/X (sky130_fd_sc_hd__xor2_1)
                                                         _171_ (net)
                      0.201778    0.000292    0.706824 ^ _292_/B (sky130_fd_sc_hd__xnor2_1)
     3    0.010990    0.195893    0.124805    0.831630 ^ _292_/Y (sky130_fd_sc_hd__xnor2_1)
                                                         _172_ (net)
                      0.195894    0.000367    0.831997 ^ _293_/B (sky130_fd_sc_hd__xnor2_1)
     1    0.004955    0.111870    0.090254    0.922251 ^ _293_/Y (sky130_fd_sc_hd__xnor2_1)
                                                         _173_ (net)
                      0.111870    0.000163    0.922415 ^ _297_/S (sky130_fd_sc_hd__mux2_1)
     2    0.007110    0.054715    0.211240    1.133655 v _297_/X (sky130_fd_sc_hd__mux2_1)
                                                         _177_ (net)
                      0.054715    0.000193    1.133847 v _329_/A1 (sky130_fd_sc_hd__a21boi_2)
     3    0.018258    0.172662    0.172309    1.306157 ^ _329_/Y (sky130_fd_sc_hd__a21boi_2)
                                                         _198_ (net)
                      0.172665    0.000618    1.306774 ^ max_cap23/A (sky130_fd_sc_hd__buf_8)
    20    0.119718    0.148566    0.163296    1.470070 ^ max_cap23/X (sky130_fd_sc_hd__buf_8)
                                                         net23 (net)
                      0.148719    0.003906    1.473976 ^ _415_/C (sky130_fd_sc_hd__nand4_4)
     8    0.053665    0.185515    0.149880    1.623856 v _415_/Y (sky130_fd_sc_hd__nand4_4)
                                                         _239_ (net)
                      0.185822    0.005809    1.629665 v _421_/S (sky130_fd_sc_hd__mux2_1)
     1    0.002662    0.037559    0.226700    1.856365 v _421_/X (sky130_fd_sc_hd__mux2_1)
                                                         _045_ (net)
                      0.037559    0.000079    1.856444 v _589_/D (sky130_fd_sc_hd__dfxtp_1)
                                              1.856444   data arrival time

                                 10.000000   10.000000   clock wclk (rise edge)
                                  0.000000   10.000000   clock source latency
     1    0.021811    0.000000    0.000000   10.000000 ^ wclk (in)
                                                         wclk (net)
                      0.002573    0.001286   10.001287 ^ clkbuf_0_wclk/A (sky130_fd_sc_hd__clkbuf_16)
    16    0.119684    0.103747    0.131487   10.132773 ^ clkbuf_0_wclk/X (sky130_fd_sc_hd__clkbuf_16)
                                                         clknet_0_wclk (net)
                      0.103905    0.003298   10.136071 ^ clkbuf_4_8_0_wclk/A (sky130_fd_sc_hd__clkbuf_8)
    13    0.036805    0.057851    0.123616   10.259686 ^ clkbuf_4_8_0_wclk/X (sky130_fd_sc_hd__clkbuf_8)
                                                         clknet_4_8_0_wclk (net)
                      0.057867    0.000893   10.260579 ^ _589_/CLK (sky130_fd_sc_hd__dfxtp_1)
                                  0.000000   10.260579   clock reconvergence pessimism
                                 -0.069497   10.191082   library setup time
                                             10.191082   data required time
---------------------------------------------------------------------------------------------
                                             10.191082   data required time
                                             -1.856444   data arrival time
---------------------------------------------------------------------------------------------
                                              8.334638   slack (MET)


Startpoint: _554_ (rising edge-triggered flip-flop clocked by wclk)
Endpoint: _572_ (rising edge-triggered flip-flop clocked by wclk)
Path Group: wclk
Path Type: max

Fanout         Cap        Slew       Delay        Time   Description
---------------------------------------------------------------------------------------------
                                  0.000000    0.000000   clock wclk (rise edge)
                                  0.000000    0.000000   clock source latency
     1    0.021811    0.000000    0.000000    0.000000 ^ wclk (in)
                                                         wclk (net)
                      0.002573    0.001286    0.001286 ^ clkbuf_0_wclk/A (sky130_fd_sc_hd__clkbuf_16)
    16    0.119684    0.103747    0.131486    0.132773 ^ clkbuf_0_wclk/X (sky130_fd_sc_hd__clkbuf_16)
                                                         clknet_0_wclk (net)
                      0.103842    0.002573    0.135346 ^ clkbuf_4_13_0_wclk/A (sky130_fd_sc_hd__clkbuf_8)
    10    0.035195    0.055923    0.122190    0.257536 ^ clkbuf_4_13_0_wclk/X (sky130_fd_sc_hd__clkbuf_8)
                                                         clknet_4_13_0_wclk (net)
                      0.055930    0.000634    0.258170 ^ _554_/CLK (sky130_fd_sc_hd__dfrtp_1)
     2    0.009435    0.049843    0.252974    0.511144 v _554_/Q (sky130_fd_sc_hd__dfrtp_1)
                                                         r_ptr_gray_sync[4] (net)
                      0.049843    0.000230    0.511373 v _291_/A (sky130_fd_sc_hd__xor2_1)
     3    0.012201    0.201777    0.195160    0.706533 ^ _291_/X (sky130_fd_sc_hd__xor2_1)
                                                         _171_ (net)
                      0.201778    0.000292    0.706824 ^ _292_/B (sky130_fd_sc_hd__xnor2_1)
     3    0.010990    0.195893    0.124805    0.831630 ^ _292_/Y (sky130_fd_sc_hd__xnor2_1)
                                                         _172_ (net)
                      0.195894    0.000367    0.831997 ^ _293_/B (sky130_fd_sc_hd__xnor2_1)
     1    0.004955    0.111870    0.090254    0.922251 ^ _293_/Y (sky130_fd_sc_hd__xnor2_1)
                                                         _173_ (net)
                      0.111870    0.000163    0.922415 ^ _297_/S (sky130_fd_sc_hd__mux2_1)
     2    0.007110    0.054715    0.211240    1.133655 v _297_/X (sky130_fd_sc_hd__mux2_1)
                                                         _177_ (net)
                      0.054715    0.000193    1.133847 v _329_/A1 (sky130_fd_sc_hd__a21boi_2)
     3    0.018258    0.172662    0.172309    1.306157 ^ _329_/Y (sky130_fd_sc_hd__a21boi_2)
                                                         _198_ (net)
                      0.172665    0.000618    1.306774 ^ max_cap23/A (sky130_fd_sc_hd__buf_8)
    20    0.119718    0.148566    0.163296    1.470070 ^ max_cap23/X (sky130_fd_sc_hd__buf_8)
                                                         net23 (net)
                      0.148711    0.003813    1.473883 ^ _397_/B (sky130_fd_sc_hd__nand4b_4)
     8    0.050515    0.160723    0.151009    1.624892 v _397_/Y (sky130_fd_sc_hd__nand4b_4)
                                                         _237_ (net)
                      0.160780    0.002465    1.627357 v _402_/S (sky130_fd_sc_hd__mux2_1)
     1    0.003625    0.041587    0.224388    1.851746 v _402_/X (sky130_fd_sc_hd__mux2_1)
                                                         _028_ (net)
                      0.041587    0.000120    1.851866 v _572_/D (sky130_fd_sc_hd__dfxtp_1)
                                              1.851866   data arrival time

                                 10.000000   10.000000   clock wclk (rise edge)
                                  0.000000   10.000000   clock source latency
     1    0.021811    0.000000    0.000000   10.000000 ^ wclk (in)
                                                         wclk (net)
                      0.002573    0.001286   10.001287 ^ clkbuf_0_wclk/A (sky130_fd_sc_hd__clkbuf_16)
    16    0.119684    0.103747    0.131487   10.132773 ^ clkbuf_0_wclk/X (sky130_fd_sc_hd__clkbuf_16)
                                                         clknet_0_wclk (net)
                      0.103884    0.003075   10.135848 ^ clkbuf_4_14_0_wclk/A (sky130_fd_sc_hd__clkbuf_8)
     9    0.034233    0.054760    0.121259   10.257108 ^ clkbuf_4_14_0_wclk/X (sky130_fd_sc_hd__clkbuf_8)
                                                         clknet_4_14_0_wclk (net)
                      0.054772    0.000773   10.257880 ^ _572_/CLK (sky130_fd_sc_hd__dfxtp_1)
                                  0.000000   10.257880   clock reconvergence pessimism
                                 -0.071232   10.186648   library setup time
                                             10.186648   data required time
---------------------------------------------------------------------------------------------
                                             10.186648   data required time
                                             -1.851866   data arrival time
---------------------------------------------------------------------------------------------
                                              8.334782   slack (MET)


Startpoint: _554_ (rising edge-triggered flip-flop clocked by wclk)
Endpoint: _570_ (rising edge-triggered flip-flop clocked by wclk)
Path Group: wclk
Path Type: max

Fanout         Cap        Slew       Delay        Time   Description
---------------------------------------------------------------------------------------------
                                  0.000000    0.000000   clock wclk (rise edge)
                                  0.000000    0.000000   clock source latency
     1    0.021811    0.000000    0.000000    0.000000 ^ wclk (in)
                                                         wclk (net)
                      0.002573    0.001286    0.001286 ^ clkbuf_0_wclk/A (sky130_fd_sc_hd__clkbuf_16)
    16    0.119684    0.103747    0.131486    0.132773 ^ clkbuf_0_wclk/X (sky130_fd_sc_hd__clkbuf_16)
                                                         clknet_0_wclk (net)
                      0.103842    0.002573    0.135346 ^ clkbuf_4_13_0_wclk/A (sky130_fd_sc_hd__clkbuf_8)
    10    0.035195    0.055923    0.122190    0.257536 ^ clkbuf_4_13_0_wclk/X (sky130_fd_sc_hd__clkbuf_8)
                                                         clknet_4_13_0_wclk (net)
                      0.055930    0.000634    0.258170 ^ _554_/CLK (sky130_fd_sc_hd__dfrtp_1)
     2    0.009435    0.049843    0.252974    0.511144 v _554_/Q (sky130_fd_sc_hd__dfrtp_1)
                                                         r_ptr_gray_sync[4] (net)
                      0.049843    0.000230    0.511373 v _291_/A (sky130_fd_sc_hd__xor2_1)
     3    0.012201    0.201777    0.195160    0.706533 ^ _291_/X (sky130_fd_sc_hd__xor2_1)
                                                         _171_ (net)
                      0.201778    0.000292    0.706824 ^ _292_/B (sky130_fd_sc_hd__xnor2_1)
     3    0.010990    0.195893    0.124805    0.831630 ^ _292_/Y (sky130_fd_sc_hd__xnor2_1)
                                                         _172_ (net)
                      0.195894    0.000367    0.831997 ^ _293_/B (sky130_fd_sc_hd__xnor2_1)
     1    0.004955    0.111870    0.090254    0.922251 ^ _293_/Y (sky130_fd_sc_hd__xnor2_1)
                                                         _173_ (net)
                      0.111870    0.000163    0.922415 ^ _297_/S (sky130_fd_sc_hd__mux2_1)
     2    0.007110    0.054715    0.211240    1.133655 v _297_/X (sky130_fd_sc_hd__mux2_1)
                                                         _177_ (net)
                      0.054715    0.000193    1.133847 v _329_/A1 (sky130_fd_sc_hd__a21boi_2)
     3    0.018258    0.172662    0.172309    1.306157 ^ _329_/Y (sky130_fd_sc_hd__a21boi_2)
                                                         _198_ (net)
                      0.172665    0.000618    1.306774 ^ max_cap23/A (sky130_fd_sc_hd__buf_8)
    20    0.119718    0.148566    0.163296    1.470070 ^ max_cap23/X (sky130_fd_sc_hd__buf_8)
                                                         net23 (net)
                      0.148711    0.003813    1.473883 ^ _397_/B (sky130_fd_sc_hd__nand4b_4)
     8    0.050515    0.160723    0.151009    1.624892 v _397_/Y (sky130_fd_sc_hd__nand4b_4)
                                                         _237_ (net)
                      0.160801    0.002881    1.627773 v _400_/S (sky130_fd_sc_hd__mux2_1)
     1    0.003138    0.039372    0.221437    1.849210 v _400_/X (sky130_fd_sc_hd__mux2_1)
                                                         _026_ (net)
                      0.039372    0.000100    1.849310 v _570_/D (sky130_fd_sc_hd__dfxtp_1)
                                              1.849310   data arrival time

                                 10.000000   10.000000   clock wclk (rise edge)
                                  0.000000   10.000000   clock source latency
     1    0.021811    0.000000    0.000000   10.000000 ^ wclk (in)
                                                         wclk (net)
                      0.002573    0.001286   10.001287 ^ clkbuf_0_wclk/A (sky130_fd_sc_hd__clkbuf_16)
    16    0.119684    0.103747    0.131487   10.132773 ^ clkbuf_0_wclk/X (sky130_fd_sc_hd__clkbuf_16)
                                                         clknet_0_wclk (net)
                      0.103898    0.003217   10.135990 ^ clkbuf_4_9_0_wclk/A (sky130_fd_sc_hd__clkbuf_8)
     9    0.031545    0.051576    0.119020   10.255011 ^ clkbuf_4_9_0_wclk/X (sky130_fd_sc_hd__clkbuf_8)
                                                         clknet_4_9_0_wclk (net)
                      0.051579    0.000461   10.255471 ^ _570_/CLK (sky130_fd_sc_hd__dfxtp_1)
                                  0.000000   10.255471   clock reconvergence pessimism
                                 -0.070750   10.184722   library setup time
                                             10.184722   data required time
---------------------------------------------------------------------------------------------
                                             10.184722   data required time
                                             -1.849310   data arrival time
---------------------------------------------------------------------------------------------
                                              8.335412   slack (MET)


Startpoint: _554_ (rising edge-triggered flip-flop clocked by wclk)
Endpoint: _591_ (rising edge-triggered flip-flop clocked by wclk)
Path Group: wclk
Path Type: max

Fanout         Cap        Slew       Delay        Time   Description
---------------------------------------------------------------------------------------------
                                  0.000000    0.000000   clock wclk (rise edge)
                                  0.000000    0.000000   clock source latency
     1    0.021811    0.000000    0.000000    0.000000 ^ wclk (in)
                                                         wclk (net)
                      0.002573    0.001286    0.001286 ^ clkbuf_0_wclk/A (sky130_fd_sc_hd__clkbuf_16)
    16    0.119684    0.103747    0.131486    0.132773 ^ clkbuf_0_wclk/X (sky130_fd_sc_hd__clkbuf_16)
                                                         clknet_0_wclk (net)
                      0.103842    0.002573    0.135346 ^ clkbuf_4_13_0_wclk/A (sky130_fd_sc_hd__clkbuf_8)
    10    0.035195    0.055923    0.122190    0.257536 ^ clkbuf_4_13_0_wclk/X (sky130_fd_sc_hd__clkbuf_8)
                                                         clknet_4_13_0_wclk (net)
                      0.055930    0.000634    0.258170 ^ _554_/CLK (sky130_fd_sc_hd__dfrtp_1)
     2    0.009435    0.049843    0.252974    0.511144 v _554_/Q (sky130_fd_sc_hd__dfrtp_1)
                                                         r_ptr_gray_sync[4] (net)
                      0.049843    0.000230    0.511373 v _291_/A (sky130_fd_sc_hd__xor2_1)
     3    0.012201    0.201777    0.195160    0.706533 ^ _291_/X (sky130_fd_sc_hd__xor2_1)
                                                         _171_ (net)
                      0.201778    0.000292    0.706824 ^ _292_/B (sky130_fd_sc_hd__xnor2_1)
     3    0.010990    0.195893    0.124805    0.831630 ^ _292_/Y (sky130_fd_sc_hd__xnor2_1)
                                                         _172_ (net)
                      0.195894    0.000367    0.831997 ^ _293_/B (sky130_fd_sc_hd__xnor2_1)
     1    0.004955    0.111870    0.090254    0.922251 ^ _293_/Y (sky130_fd_sc_hd__xnor2_1)
                                                         _173_ (net)
                      0.111870    0.000163    0.922415 ^ _297_/S (sky130_fd_sc_hd__mux2_1)
     2    0.007110    0.054715    0.211240    1.133655 v _297_/X (sky130_fd_sc_hd__mux2_1)
                                                         _177_ (net)
                      0.054715    0.000193    1.133847 v _329_/A1 (sky130_fd_sc_hd__a21boi_2)
     3    0.018258    0.172662    0.172309    1.306157 ^ _329_/Y (sky130_fd_sc_hd__a21boi_2)
                                                         _198_ (net)
                      0.172665    0.000618    1.306774 ^ max_cap23/A (sky130_fd_sc_hd__buf_8)
    20    0.119718    0.148566    0.163296    1.470070 ^ max_cap23/X (sky130_fd_sc_hd__buf_8)
                                                         net23 (net)
                      0.148719    0.003906    1.473976 ^ _415_/C (sky130_fd_sc_hd__nand4_4)
     8    0.053665    0.185515    0.149880    1.623856 v _415_/Y (sky130_fd_sc_hd__nand4_4)
                                                         _239_ (net)
                      0.185782    0.005393    1.629249 v _423_/S (sky130_fd_sc_hd__mux2_1)
     1    0.002242    0.036039    0.224132    1.853382 v _423_/X (sky130_fd_sc_hd__mux2_1)
                                                         _047_ (net)
                      0.036039    0.000064    1.853445 v _591_/D (sky130_fd_sc_hd__dfxtp_1)
                                              1.853445   data arrival time

                                 10.000000   10.000000   clock wclk (rise edge)
                                  0.000000   10.000000   clock source latency
     1    0.021811    0.000000    0.000000   10.000000 ^ wclk (in)
                                                         wclk (net)
                      0.002573    0.001286   10.001287 ^ clkbuf_0_wclk/A (sky130_fd_sc_hd__clkbuf_16)
    16    0.119684    0.103747    0.131487   10.132773 ^ clkbuf_0_wclk/X (sky130_fd_sc_hd__clkbuf_16)
                                                         clknet_0_wclk (net)
                      0.103934    0.003577   10.136350 ^ clkbuf_4_10_0_wclk/A (sky130_fd_sc_hd__clkbuf_8)
    12    0.035330    0.056067    0.122203   10.258553 ^ clkbuf_4_10_0_wclk/X (sky130_fd_sc_hd__clkbuf_8)
                                                         clknet_4_10_0_wclk (net)
                      0.056092    0.001090   10.259643 ^ _591_/CLK (sky130_fd_sc_hd__dfxtp_1)
                                  0.000000   10.259643   clock reconvergence pessimism
                                 -0.069126   10.190516   library setup time
                                             10.190516   data required time
---------------------------------------------------------------------------------------------
                                             10.190516   data required time
                                             -1.853445   data arrival time
---------------------------------------------------------------------------------------------
                                              8.337070   slack (MET)


Startpoint: _554_ (rising edge-triggered flip-flop clocked by wclk)
Endpoint: _587_ (rising edge-triggered flip-flop clocked by wclk)
Path Group: wclk
Path Type: max

Fanout         Cap        Slew       Delay        Time   Description
---------------------------------------------------------------------------------------------
                                  0.000000    0.000000   clock wclk (rise edge)
                                  0.000000    0.000000   clock source latency
     1    0.021811    0.000000    0.000000    0.000000 ^ wclk (in)
                                                         wclk (net)
                      0.002573    0.001286    0.001286 ^ clkbuf_0_wclk/A (sky130_fd_sc_hd__clkbuf_16)
    16    0.119684    0.103747    0.131486    0.132773 ^ clkbuf_0_wclk/X (sky130_fd_sc_hd__clkbuf_16)
                                                         clknet_0_wclk (net)
                      0.103842    0.002573    0.135346 ^ clkbuf_4_13_0_wclk/A (sky130_fd_sc_hd__clkbuf_8)
    10    0.035195    0.055923    0.122190    0.257536 ^ clkbuf_4_13_0_wclk/X (sky130_fd_sc_hd__clkbuf_8)
                                                         clknet_4_13_0_wclk (net)
                      0.055930    0.000634    0.258170 ^ _554_/CLK (sky130_fd_sc_hd__dfrtp_1)
     2    0.009435    0.049843    0.252974    0.511144 v _554_/Q (sky130_fd_sc_hd__dfrtp_1)
                                                         r_ptr_gray_sync[4] (net)
                      0.049843    0.000230    0.511373 v _291_/A (sky130_fd_sc_hd__xor2_1)
     3    0.012201    0.201777    0.195160    0.706533 ^ _291_/X (sky130_fd_sc_hd__xor2_1)
                                                         _171_ (net)
                      0.201778    0.000292    0.706824 ^ _292_/B (sky130_fd_sc_hd__xnor2_1)
     3    0.010990    0.195893    0.124805    0.831630 ^ _292_/Y (sky130_fd_sc_hd__xnor2_1)
                                                         _172_ (net)
                      0.195894    0.000367    0.831997 ^ _293_/B (sky130_fd_sc_hd__xnor2_1)
     1    0.004955    0.111870    0.090254    0.922251 ^ _293_/Y (sky130_fd_sc_hd__xnor2_1)
                                                         _173_ (net)
                      0.111870    0.000163    0.922415 ^ _297_/S (sky130_fd_sc_hd__mux2_1)
     2    0.007110    0.054715    0.211240    1.133655 v _297_/X (sky130_fd_sc_hd__mux2_1)
                                                         _177_ (net)
                      0.054715    0.000193    1.133847 v _329_/A1 (sky130_fd_sc_hd__a21boi_2)
     3    0.018258    0.172662    0.172309    1.306157 ^ _329_/Y (sky130_fd_sc_hd__a21boi_2)
                                                         _198_ (net)
                      0.172665    0.000618    1.306774 ^ max_cap23/A (sky130_fd_sc_hd__buf_8)
    20    0.119718    0.148566    0.163296    1.470070 ^ max_cap23/X (sky130_fd_sc_hd__buf_8)
                                                         net23 (net)
                      0.148719    0.003906    1.473976 ^ _415_/C (sky130_fd_sc_hd__nand4_4)
     8    0.053665    0.185515    0.149880    1.623856 v _415_/Y (sky130_fd_sc_hd__nand4_4)
                                                         _239_ (net)
                      0.185656    0.003879    1.627735 v _419_/S (sky130_fd_sc_hd__mux2_1)
     1    0.002178    0.035806    0.223701    1.851436 v _419_/X (sky130_fd_sc_hd__mux2_1)
                                                         _043_ (net)
                      0.035806    0.000062    1.851498 v _587_/D (sky130_fd_sc_hd__dfxtp_1)
                                              1.851498   data arrival time

                                 10.000000   10.000000   clock wclk (rise edge)
                                  0.000000   10.000000   clock source latency
     1    0.021811    0.000000    0.000000   10.000000 ^ wclk (in)
                                                         wclk (net)
                      0.002573    0.001286   10.001287 ^ clkbuf_0_wclk/A (sky130_fd_sc_hd__clkbuf_16)
    16    0.119684    0.103747    0.131487   10.132773 ^ clkbuf_0_wclk/X (sky130_fd_sc_hd__clkbuf_16)
                                                         clknet_0_wclk (net)
                      0.103920    0.003438   10.136211 ^ clkbuf_4_11_0_wclk/A (sky130_fd_sc_hd__clkbuf_8)
    11    0.035993    0.056877    0.122907   10.259118 ^ clkbuf_4_11_0_wclk/X (sky130_fd_sc_hd__clkbuf_8)
                                                         clknet_4_11_0_wclk (net)
                      0.056885    0.000674   10.259792 ^ _587_/CLK (sky130_fd_sc_hd__dfxtp_1)
                                  0.000000   10.259792   clock reconvergence pessimism
                                 -0.068966   10.190826   library setup time
                                             10.190826   data required time
---------------------------------------------------------------------------------------------
                                             10.190826   data required time
                                             -1.851498   data arrival time
---------------------------------------------------------------------------------------------
                                              8.339329   slack (MET)


Startpoint: _554_ (rising edge-triggered flip-flop clocked by wclk)
Endpoint: _575_ (rising edge-triggered flip-flop clocked by wclk)
Path Group: wclk
Path Type: max

Fanout         Cap        Slew       Delay        Time   Description
---------------------------------------------------------------------------------------------
                                  0.000000    0.000000   clock wclk (rise edge)
                                  0.000000    0.000000   clock source latency
     1    0.021811    0.000000    0.000000    0.000000 ^ wclk (in)
                                                         wclk (net)
                      0.002573    0.001286    0.001286 ^ clkbuf_0_wclk/A (sky130_fd_sc_hd__clkbuf_16)
    16    0.119684    0.103747    0.131486    0.132773 ^ clkbuf_0_wclk/X (sky130_fd_sc_hd__clkbuf_16)
                                                         clknet_0_wclk (net)
                      0.103842    0.002573    0.135346 ^ clkbuf_4_13_0_wclk/A (sky130_fd_sc_hd__clkbuf_8)
    10    0.035195    0.055923    0.122190    0.257536 ^ clkbuf_4_13_0_wclk/X (sky130_fd_sc_hd__clkbuf_8)
                                                         clknet_4_13_0_wclk (net)
                      0.055930    0.000634    0.258170 ^ _554_/CLK (sky130_fd_sc_hd__dfrtp_1)
     2    0.009435    0.049843    0.252974    0.511144 v _554_/Q (sky130_fd_sc_hd__dfrtp_1)
                                                         r_ptr_gray_sync[4] (net)
                      0.049843    0.000230    0.511373 v _291_/A (sky130_fd_sc_hd__xor2_1)
     3    0.012201    0.201777    0.195160    0.706533 ^ _291_/X (sky130_fd_sc_hd__xor2_1)
                                                         _171_ (net)
                      0.201778    0.000292    0.706824 ^ _292_/B (sky130_fd_sc_hd__xnor2_1)
     3    0.010990    0.195893    0.124805    0.831630 ^ _292_/Y (sky130_fd_sc_hd__xnor2_1)
                                                         _172_ (net)
                      0.195894    0.000367    0.831997 ^ _293_/B (sky130_fd_sc_hd__xnor2_1)
     1    0.004955    0.111870    0.090254    0.922251 ^ _293_/Y (sky130_fd_sc_hd__xnor2_1)
                                                         _173_ (net)
                      0.111870    0.000163    0.922415 ^ _297_/S (sky130_fd_sc_hd__mux2_1)
     2    0.007110    0.054715    0.211240    1.133655 v _297_/X (sky130_fd_sc_hd__mux2_1)
                                                         _177_ (net)
                      0.054715    0.000193    1.133847 v _329_/A1 (sky130_fd_sc_hd__a21boi_2)
     3    0.018258    0.172662    0.172309    1.306157 ^ _329_/Y (sky130_fd_sc_hd__a21boi_2)
                                                         _198_ (net)
                      0.172665    0.000618    1.306774 ^ max_cap23/A (sky130_fd_sc_hd__buf_8)
    20    0.119718    0.148566    0.163296    1.470070 ^ max_cap23/X (sky130_fd_sc_hd__buf_8)
                                                         net23 (net)
                      0.148711    0.003813    1.473883 ^ _397_/B (sky130_fd_sc_hd__nand4b_4)
     8    0.050515    0.160723    0.151009    1.624892 v _397_/Y (sky130_fd_sc_hd__nand4b_4)
                                                         _237_ (net)
                      0.160800    0.002854    1.627746 v _405_/S (sky130_fd_sc_hd__mux2_1)
     1    0.003200    0.039646    0.221808    1.849553 v _405_/X (sky130_fd_sc_hd__mux2_1)
                                                         _031_ (net)
                      0.039646    0.000106    1.849660 v _575_/D (sky130_fd_sc_hd__dfxtp_1)
                                              1.849660   data arrival time

                                 10.000000   10.000000   clock wclk (rise edge)
                                  0.000000   10.000000   clock source latency
     1    0.021811    0.000000    0.000000   10.000000 ^ wclk (in)
                                                         wclk (net)
                      0.002573    0.001286   10.001287 ^ clkbuf_0_wclk/A (sky130_fd_sc_hd__clkbuf_16)
    16    0.119684    0.103747    0.131487   10.132773 ^ clkbuf_0_wclk/X (sky130_fd_sc_hd__clkbuf_16)
                                                         clknet_0_wclk (net)
                      0.103920    0.003438   10.136211 ^ clkbuf_4_11_0_wclk/A (sky130_fd_sc_hd__clkbuf_8)
    11    0.035993    0.056877    0.122907   10.259118 ^ clkbuf_4_11_0_wclk/X (sky130_fd_sc_hd__clkbuf_8)
                                                         clknet_4_11_0_wclk (net)
                      0.056883    0.000615   10.259733 ^ _575_/CLK (sky130_fd_sc_hd__dfxtp_1)
                                  0.000000   10.259733   clock reconvergence pessimism
                                 -0.070336   10.189396   library setup time
                                             10.189396   data required time
---------------------------------------------------------------------------------------------
                                             10.189396   data required time
                                             -1.849660   data arrival time
---------------------------------------------------------------------------------------------
                                              8.339736   slack (MET)


Startpoint: _554_ (rising edge-triggered flip-flop clocked by wclk)
Endpoint: _571_ (rising edge-triggered flip-flop clocked by wclk)
Path Group: wclk
Path Type: max

Fanout         Cap        Slew       Delay        Time   Description
---------------------------------------------------------------------------------------------
                                  0.000000    0.000000   clock wclk (rise edge)
                                  0.000000    0.000000   clock source latency
     1    0.021811    0.000000    0.000000    0.000000 ^ wclk (in)
                                                         wclk (net)
                      0.002573    0.001286    0.001286 ^ clkbuf_0_wclk/A (sky130_fd_sc_hd__clkbuf_16)
    16    0.119684    0.103747    0.131486    0.132773 ^ clkbuf_0_wclk/X (sky130_fd_sc_hd__clkbuf_16)
                                                         clknet_0_wclk (net)
                      0.103842    0.002573    0.135346 ^ clkbuf_4_13_0_wclk/A (sky130_fd_sc_hd__clkbuf_8)
    10    0.035195    0.055923    0.122190    0.257536 ^ clkbuf_4_13_0_wclk/X (sky130_fd_sc_hd__clkbuf_8)
                                                         clknet_4_13_0_wclk (net)
                      0.055930    0.000634    0.258170 ^ _554_/CLK (sky130_fd_sc_hd__dfrtp_1)
     2    0.009435    0.049843    0.252974    0.511144 v _554_/Q (sky130_fd_sc_hd__dfrtp_1)
                                                         r_ptr_gray_sync[4] (net)
                      0.049843    0.000230    0.511373 v _291_/A (sky130_fd_sc_hd__xor2_1)
     3    0.012201    0.201777    0.195160    0.706533 ^ _291_/X (sky130_fd_sc_hd__xor2_1)
                                                         _171_ (net)
                      0.201778    0.000292    0.706824 ^ _292_/B (sky130_fd_sc_hd__xnor2_1)
     3    0.010990    0.195893    0.124805    0.831630 ^ _292_/Y (sky130_fd_sc_hd__xnor2_1)
                                                         _172_ (net)
                      0.195894    0.000367    0.831997 ^ _293_/B (sky130_fd_sc_hd__xnor2_1)
     1    0.004955    0.111870    0.090254    0.922251 ^ _293_/Y (sky130_fd_sc_hd__xnor2_1)
                                                         _173_ (net)
                      0.111870    0.000163    0.922415 ^ _297_/S (sky130_fd_sc_hd__mux2_1)
     2    0.007110    0.054715    0.211240    1.133655 v _297_/X (sky130_fd_sc_hd__mux2_1)
                                                         _177_ (net)
                      0.054715    0.000193    1.133847 v _329_/A1 (sky130_fd_sc_hd__a21boi_2)
     3    0.018258    0.172662    0.172309    1.306157 ^ _329_/Y (sky130_fd_sc_hd__a21boi_2)
                                                         _198_ (net)
                      0.172665    0.000618    1.306774 ^ max_cap23/A (sky130_fd_sc_hd__buf_8)
    20    0.119718    0.148566    0.163296    1.470070 ^ max_cap23/X (sky130_fd_sc_hd__buf_8)
                                                         net23 (net)
                      0.148711    0.003813    1.473883 ^ _397_/B (sky130_fd_sc_hd__nand4b_4)
     8    0.050515    0.160723    0.151009    1.624892 v _397_/Y (sky130_fd_sc_hd__nand4b_4)
                                                         _237_ (net)
                      0.160784    0.002549    1.627442 v _401_/S (sky130_fd_sc_hd__mux2_1)
     1    0.002930    0.038455    0.220171    1.847613 v _401_/X (sky130_fd_sc_hd__mux2_1)
                                                         _027_ (net)
                      0.038455    0.000090    1.847703 v _571_/D (sky130_fd_sc_hd__dfxtp_1)
                                              1.847703   data arrival time

                                 10.000000   10.000000   clock wclk (rise edge)
                                  0.000000   10.000000   clock source latency
     1    0.021811    0.000000    0.000000   10.000000 ^ wclk (in)
                                                         wclk (net)
                      0.002573    0.001286   10.001287 ^ clkbuf_0_wclk/A (sky130_fd_sc_hd__clkbuf_16)
    16    0.119684    0.103747    0.131487   10.132773 ^ clkbuf_0_wclk/X (sky130_fd_sc_hd__clkbuf_16)
                                                         clknet_0_wclk (net)
                      0.103884    0.003075   10.135848 ^ clkbuf_4_14_0_wclk/A (sky130_fd_sc_hd__clkbuf_8)
     9    0.034233    0.054760    0.121259   10.257108 ^ clkbuf_4_14_0_wclk/X (sky130_fd_sc_hd__clkbuf_8)
                                                         clknet_4_14_0_wclk (net)
                      0.054773    0.000811   10.257918 ^ _571_/CLK (sky130_fd_sc_hd__dfxtp_1)
                                  0.000000   10.257918   clock reconvergence pessimism
                                 -0.070115   10.187804   library setup time
                                             10.187804   data required time
---------------------------------------------------------------------------------------------
                                             10.187804   data required time
                                             -1.847703   data arrival time
---------------------------------------------------------------------------------------------
                                              8.340101   slack (MET)


Startpoint: _554_ (rising edge-triggered flip-flop clocked by wclk)
Endpoint: _636_ (rising edge-triggered flip-flop clocked by wclk)
Path Group: wclk
Path Type: max

Fanout         Cap        Slew       Delay        Time   Description
---------------------------------------------------------------------------------------------
                                  0.000000    0.000000   clock wclk (rise edge)
                                  0.000000    0.000000   clock source latency
     1    0.021811    0.000000    0.000000    0.000000 ^ wclk (in)
                                                         wclk (net)
                      0.002573    0.001286    0.001286 ^ clkbuf_0_wclk/A (sky130_fd_sc_hd__clkbuf_16)
    16    0.119684    0.103747    0.131486    0.132773 ^ clkbuf_0_wclk/X (sky130_fd_sc_hd__clkbuf_16)
                                                         clknet_0_wclk (net)
                      0.103842    0.002573    0.135346 ^ clkbuf_4_13_0_wclk/A (sky130_fd_sc_hd__clkbuf_8)
    10    0.035195    0.055923    0.122190    0.257536 ^ clkbuf_4_13_0_wclk/X (sky130_fd_sc_hd__clkbuf_8)
                                                         clknet_4_13_0_wclk (net)
                      0.055930    0.000634    0.258170 ^ _554_/CLK (sky130_fd_sc_hd__dfrtp_1)
     2    0.009435    0.049843    0.252974    0.511144 v _554_/Q (sky130_fd_sc_hd__dfrtp_1)
                                                         r_ptr_gray_sync[4] (net)
                      0.049843    0.000230    0.511373 v _291_/A (sky130_fd_sc_hd__xor2_1)
     3    0.012201    0.201777    0.195160    0.706533 ^ _291_/X (sky130_fd_sc_hd__xor2_1)
                                                         _171_ (net)
                      0.201778    0.000292    0.706824 ^ _292_/B (sky130_fd_sc_hd__xnor2_1)
     3    0.010990    0.195893    0.124805    0.831630 ^ _292_/Y (sky130_fd_sc_hd__xnor2_1)
                                                         _172_ (net)
                      0.195894    0.000367    0.831997 ^ _293_/B (sky130_fd_sc_hd__xnor2_1)
     1    0.004955    0.111870    0.090254    0.922251 ^ _293_/Y (sky130_fd_sc_hd__xnor2_1)
                                                         _173_ (net)
                      0.111870    0.000163    0.922415 ^ _297_/S (sky130_fd_sc_hd__mux2_1)
     2    0.007110    0.054715    0.211240    1.133655 v _297_/X (sky130_fd_sc_hd__mux2_1)
                                                         _177_ (net)
                      0.054715    0.000193    1.133847 v _329_/A1 (sky130_fd_sc_hd__a21boi_2)
     3    0.018258    0.172662    0.172309    1.306157 ^ _329_/Y (sky130_fd_sc_hd__a21boi_2)
                                                         _198_ (net)
                      0.172665    0.000618    1.306774 ^ max_cap23/A (sky130_fd_sc_hd__buf_8)
    20    0.119718    0.148566    0.163296    1.470070 ^ max_cap23/X (sky130_fd_sc_hd__buf_8)
                                                         net23 (net)
                      0.148695    0.003593    1.473663 ^ _462_/B (sky130_fd_sc_hd__nand4b_4)
     8    0.048182    0.155260    0.146523    1.620186 v _462_/Y (sky130_fd_sc_hd__nand4b_4)
                                                         _246_ (net)
                      0.155289    0.001727    1.621914 v _466_/S (sky130_fd_sc_hd__mux2_1)
     1    0.003368    0.040406    0.221036    1.842950 v _466_/X (sky130_fd_sc_hd__mux2_1)
                                                         _083_ (net)
                      0.040406    0.000106    1.843056 v _636_/D (sky130_fd_sc_hd__dfxtp_1)
                                              1.843056   data arrival time

                                 10.000000   10.000000   clock wclk (rise edge)
                                  0.000000   10.000000   clock source latency
     1    0.021811    0.000000    0.000000   10.000000 ^ wclk (in)
                                                         wclk (net)
                      0.002573    0.001286   10.001287 ^ clkbuf_0_wclk/A (sky130_fd_sc_hd__clkbuf_16)
    16    0.119684    0.103747    0.131487   10.132773 ^ clkbuf_0_wclk/X (sky130_fd_sc_hd__clkbuf_16)
                                                         clknet_0_wclk (net)
                      0.103939    0.003623   10.136396 ^ clkbuf_4_3_0_wclk/A (sky130_fd_sc_hd__clkbuf_8)
    10    0.030341    0.050141    0.117939   10.254334 ^ clkbuf_4_3_0_wclk/X (sky130_fd_sc_hd__clkbuf_8)
                                                         clknet_4_3_0_wclk (net)
                      0.050146    0.000525   10.254860 ^ _636_/CLK (sky130_fd_sc_hd__dfxtp_1)
                                  0.000000   10.254860   clock reconvergence pessimism
                                 -0.071257   10.183602   library setup time
                                             10.183602   data required time
---------------------------------------------------------------------------------------------
                                             10.183602   data required time
                                             -1.843056   data arrival time
---------------------------------------------------------------------------------------------
                                              8.340547   slack (MET)


Startpoint: _554_ (rising edge-triggered flip-flop clocked by wclk)
Endpoint: _573_ (rising edge-triggered flip-flop clocked by wclk)
Path Group: wclk
Path Type: max

Fanout         Cap        Slew       Delay        Time   Description
---------------------------------------------------------------------------------------------
                                  0.000000    0.000000   clock wclk (rise edge)
                                  0.000000    0.000000   clock source latency
     1    0.021811    0.000000    0.000000    0.000000 ^ wclk (in)
                                                         wclk (net)
                      0.002573    0.001286    0.001286 ^ clkbuf_0_wclk/A (sky130_fd_sc_hd__clkbuf_16)
    16    0.119684    0.103747    0.131486    0.132773 ^ clkbuf_0_wclk/X (sky130_fd_sc_hd__clkbuf_16)
                                                         clknet_0_wclk (net)
                      0.103842    0.002573    0.135346 ^ clkbuf_4_13_0_wclk/A (sky130_fd_sc_hd__clkbuf_8)
    10    0.035195    0.055923    0.122190    0.257536 ^ clkbuf_4_13_0_wclk/X (sky130_fd_sc_hd__clkbuf_8)
                                                         clknet_4_13_0_wclk (net)
                      0.055930    0.000634    0.258170 ^ _554_/CLK (sky130_fd_sc_hd__dfrtp_1)
     2    0.009435    0.049843    0.252974    0.511144 v _554_/Q (sky130_fd_sc_hd__dfrtp_1)
                                                         r_ptr_gray_sync[4] (net)
                      0.049843    0.000230    0.511373 v _291_/A (sky130_fd_sc_hd__xor2_1)
     3    0.012201    0.201777    0.195160    0.706533 ^ _291_/X (sky130_fd_sc_hd__xor2_1)
                                                         _171_ (net)
                      0.201778    0.000292    0.706824 ^ _292_/B (sky130_fd_sc_hd__xnor2_1)
     3    0.010990    0.195893    0.124805    0.831630 ^ _292_/Y (sky130_fd_sc_hd__xnor2_1)
                                                         _172_ (net)
                      0.195894    0.000367    0.831997 ^ _293_/B (sky130_fd_sc_hd__xnor2_1)
     1    0.004955    0.111870    0.090254    0.922251 ^ _293_/Y (sky130_fd_sc_hd__xnor2_1)
                                                         _173_ (net)
                      0.111870    0.000163    0.922415 ^ _297_/S (sky130_fd_sc_hd__mux2_1)
     2    0.007110    0.054715    0.211240    1.133655 v _297_/X (sky130_fd_sc_hd__mux2_1)
                                                         _177_ (net)
                      0.054715    0.000193    1.133847 v _329_/A1 (sky130_fd_sc_hd__a21boi_2)
     3    0.018258    0.172662    0.172309    1.306157 ^ _329_/Y (sky130_fd_sc_hd__a21boi_2)
                                                         _198_ (net)
                      0.172665    0.000618    1.306774 ^ max_cap23/A (sky130_fd_sc_hd__buf_8)
    20    0.119718    0.148566    0.163296    1.470070 ^ max_cap23/X (sky130_fd_sc_hd__buf_8)
                                                         net23 (net)
                      0.148711    0.003813    1.473883 ^ _397_/B (sky130_fd_sc_hd__nand4b_4)
     8    0.050515    0.160723    0.151009    1.624892 v _397_/Y (sky130_fd_sc_hd__nand4b_4)
                                                         _237_ (net)
                      0.160787    0.002616    1.627508 v _403_/S (sky130_fd_sc_hd__mux2_1)
     1    0.002411    0.036485    0.217016    1.844525 v _403_/X (sky130_fd_sc_hd__mux2_1)
                                                         _029_ (net)
                      0.036485    0.000071    1.844596 v _573_/D (sky130_fd_sc_hd__dfxtp_1)
                                              1.844596   data arrival time

                                 10.000000   10.000000   clock wclk (rise edge)
                                  0.000000   10.000000   clock source latency
     1    0.021811    0.000000    0.000000   10.000000 ^ wclk (in)
                                                         wclk (net)
                      0.002573    0.001286   10.001287 ^ clkbuf_0_wclk/A (sky130_fd_sc_hd__clkbuf_16)
    16    0.119684    0.103747    0.131487   10.132773 ^ clkbuf_0_wclk/X (sky130_fd_sc_hd__clkbuf_16)
                                                         clknet_0_wclk (net)
                      0.103898    0.003217   10.135990 ^ clkbuf_4_9_0_wclk/A (sky130_fd_sc_hd__clkbuf_8)
     9    0.031545    0.051576    0.119020   10.255011 ^ clkbuf_4_9_0_wclk/X (sky130_fd_sc_hd__clkbuf_8)
                                                         clknet_4_9_0_wclk (net)
                      0.051579    0.000473   10.255483 ^ _573_/CLK (sky130_fd_sc_hd__dfxtp_1)
                                  0.000000   10.255483   clock reconvergence pessimism
                                 -0.069720   10.185763   library setup time
                                             10.185763   data required time
---------------------------------------------------------------------------------------------
                                             10.185763   data required time
                                             -1.844596   data arrival time
---------------------------------------------------------------------------------------------
                                              8.341168   slack (MET)


Startpoint: _554_ (rising edge-triggered flip-flop clocked by wclk)
Endpoint: _574_ (rising edge-triggered flip-flop clocked by wclk)
Path Group: wclk
Path Type: max

Fanout         Cap        Slew       Delay        Time   Description
---------------------------------------------------------------------------------------------
                                  0.000000    0.000000   clock wclk (rise edge)
                                  0.000000    0.000000   clock source latency
     1    0.021811    0.000000    0.000000    0.000000 ^ wclk (in)
                                                         wclk (net)
                      0.002573    0.001286    0.001286 ^ clkbuf_0_wclk/A (sky130_fd_sc_hd__clkbuf_16)
    16    0.119684    0.103747    0.131486    0.132773 ^ clkbuf_0_wclk/X (sky130_fd_sc_hd__clkbuf_16)
                                                         clknet_0_wclk (net)
                      0.103842    0.002573    0.135346 ^ clkbuf_4_13_0_wclk/A (sky130_fd_sc_hd__clkbuf_8)
    10    0.035195    0.055923    0.122190    0.257536 ^ clkbuf_4_13_0_wclk/X (sky130_fd_sc_hd__clkbuf_8)
                                                         clknet_4_13_0_wclk (net)
                      0.055930    0.000634    0.258170 ^ _554_/CLK (sky130_fd_sc_hd__dfrtp_1)
     2    0.009435    0.049843    0.252974    0.511144 v _554_/Q (sky130_fd_sc_hd__dfrtp_1)
                                                         r_ptr_gray_sync[4] (net)
                      0.049843    0.000230    0.511373 v _291_/A (sky130_fd_sc_hd__xor2_1)
     3    0.012201    0.201777    0.195160    0.706533 ^ _291_/X (sky130_fd_sc_hd__xor2_1)
                                                         _171_ (net)
                      0.201778    0.000292    0.706824 ^ _292_/B (sky130_fd_sc_hd__xnor2_1)
     3    0.010990    0.195893    0.124805    0.831630 ^ _292_/Y (sky130_fd_sc_hd__xnor2_1)
                                                         _172_ (net)
                      0.195894    0.000367    0.831997 ^ _293_/B (sky130_fd_sc_hd__xnor2_1)
     1    0.004955    0.111870    0.090254    0.922251 ^ _293_/Y (sky130_fd_sc_hd__xnor2_1)
                                                         _173_ (net)
                      0.111870    0.000163    0.922415 ^ _297_/S (sky130_fd_sc_hd__mux2_1)
     2    0.007110    0.054715    0.211240    1.133655 v _297_/X (sky130_fd_sc_hd__mux2_1)
                                                         _177_ (net)
                      0.054715    0.000193    1.133847 v _329_/A1 (sky130_fd_sc_hd__a21boi_2)
     3    0.018258    0.172662    0.172309    1.306157 ^ _329_/Y (sky130_fd_sc_hd__a21boi_2)
                                                         _198_ (net)
                      0.172665    0.000618    1.306774 ^ max_cap23/A (sky130_fd_sc_hd__buf_8)
    20    0.119718    0.148566    0.163296    1.470070 ^ max_cap23/X (sky130_fd_sc_hd__buf_8)
                                                         net23 (net)
                      0.148711    0.003813    1.473883 ^ _397_/B (sky130_fd_sc_hd__nand4b_4)
     8    0.050515    0.160723    0.151009    1.624892 v _397_/Y (sky130_fd_sc_hd__nand4b_4)
                                                         _237_ (net)
                      0.160794    0.002746    1.627638 v _404_/S (sky130_fd_sc_hd__mux2_1)
     1    0.002924    0.038427    0.220146    1.847784 v _404_/X (sky130_fd_sc_hd__mux2_1)
                                                         _030_ (net)
                      0.038427    0.000065    1.847849 v _574_/D (sky130_fd_sc_hd__dfxtp_1)
                                              1.847849   data arrival time

                                 10.000000   10.000000   clock wclk (rise edge)
                                  0.000000   10.000000   clock source latency
     1    0.021811    0.000000    0.000000   10.000000 ^ wclk (in)
                                                         wclk (net)
                      0.002573    0.001286   10.001287 ^ clkbuf_0_wclk/A (sky130_fd_sc_hd__clkbuf_16)
    16    0.119684    0.103747    0.131487   10.132773 ^ clkbuf_0_wclk/X (sky130_fd_sc_hd__clkbuf_16)
                                                         clknet_0_wclk (net)
                      0.103920    0.003438   10.136211 ^ clkbuf_4_11_0_wclk/A (sky130_fd_sc_hd__clkbuf_8)
    11    0.035993    0.056877    0.122907   10.259118 ^ clkbuf_4_11_0_wclk/X (sky130_fd_sc_hd__clkbuf_8)
                                                         clknet_4_11_0_wclk (net)
                      0.056895    0.000937   10.260056 ^ _574_/CLK (sky130_fd_sc_hd__dfxtp_1)
                                  0.000000   10.260056   clock reconvergence pessimism
                                 -0.069901   10.190155   library setup time
                                             10.190155   data required time
---------------------------------------------------------------------------------------------
                                             10.190155   data required time
                                             -1.847849   data arrival time
---------------------------------------------------------------------------------------------
                                              8.342306   slack (MET)


Startpoint: _554_ (rising edge-triggered flip-flop clocked by wclk)
Endpoint: _568_ (rising edge-triggered flip-flop clocked by wclk)
Path Group: wclk
Path Type: max

Fanout         Cap        Slew       Delay        Time   Description
---------------------------------------------------------------------------------------------
                                  0.000000    0.000000   clock wclk (rise edge)
                                  0.000000    0.000000   clock source latency
     1    0.021811    0.000000    0.000000    0.000000 ^ wclk (in)
                                                         wclk (net)
                      0.002573    0.001286    0.001286 ^ clkbuf_0_wclk/A (sky130_fd_sc_hd__clkbuf_16)
    16    0.119684    0.103747    0.131486    0.132773 ^ clkbuf_0_wclk/X (sky130_fd_sc_hd__clkbuf_16)
                                                         clknet_0_wclk (net)
                      0.103842    0.002573    0.135346 ^ clkbuf_4_13_0_wclk/A (sky130_fd_sc_hd__clkbuf_8)
    10    0.035195    0.055923    0.122190    0.257536 ^ clkbuf_4_13_0_wclk/X (sky130_fd_sc_hd__clkbuf_8)
                                                         clknet_4_13_0_wclk (net)
                      0.055930    0.000634    0.258170 ^ _554_/CLK (sky130_fd_sc_hd__dfrtp_1)
     2    0.009435    0.049843    0.252974    0.511144 v _554_/Q (sky130_fd_sc_hd__dfrtp_1)
                                                         r_ptr_gray_sync[4] (net)
                      0.049843    0.000230    0.511373 v _291_/A (sky130_fd_sc_hd__xor2_1)
     3    0.012201    0.201777    0.195160    0.706533 ^ _291_/X (sky130_fd_sc_hd__xor2_1)
                                                         _171_ (net)
                      0.201778    0.000292    0.706824 ^ _292_/B (sky130_fd_sc_hd__xnor2_1)
     3    0.010990    0.195893    0.124805    0.831630 ^ _292_/Y (sky130_fd_sc_hd__xnor2_1)
                                                         _172_ (net)
                      0.195894    0.000367    0.831997 ^ _293_/B (sky130_fd_sc_hd__xnor2_1)
     1    0.004955    0.111870    0.090254    0.922251 ^ _293_/Y (sky130_fd_sc_hd__xnor2_1)
                                                         _173_ (net)
                      0.111870    0.000163    0.922415 ^ _297_/S (sky130_fd_sc_hd__mux2_1)
     2    0.007110    0.054715    0.211240    1.133655 v _297_/X (sky130_fd_sc_hd__mux2_1)
                                                         _177_ (net)
                      0.054715    0.000193    1.133847 v _329_/A1 (sky130_fd_sc_hd__a21boi_2)
     3    0.018258    0.172662    0.172309    1.306157 ^ _329_/Y (sky130_fd_sc_hd__a21boi_2)
                                                         _198_ (net)
                      0.172665    0.000618    1.306774 ^ max_cap23/A (sky130_fd_sc_hd__buf_8)
    20    0.119718    0.148566    0.163296    1.470070 ^ max_cap23/X (sky130_fd_sc_hd__buf_8)
                                                         net23 (net)
                      0.148711    0.003813    1.473883 ^ _397_/B (sky130_fd_sc_hd__nand4b_4)
     8    0.050515    0.160723    0.151009    1.624892 v _397_/Y (sky130_fd_sc_hd__nand4b_4)
                                                         _237_ (net)
                      0.160743    0.001495    1.626387 v _398_/S (sky130_fd_sc_hd__mux2_1)
     1    0.002479    0.036740    0.217420    1.843806 v _398_/X (sky130_fd_sc_hd__mux2_1)
                                                         _024_ (net)
                      0.036740    0.000073    1.843880 v _568_/D (sky130_fd_sc_hd__dfxtp_1)
                                              1.843880   data arrival time

                                 10.000000   10.000000   clock wclk (rise edge)
                                  0.000000   10.000000   clock source latency
     1    0.021811    0.000000    0.000000   10.000000 ^ wclk (in)
                                                         wclk (net)
                      0.002573    0.001286   10.001287 ^ clkbuf_0_wclk/A (sky130_fd_sc_hd__clkbuf_16)
    16    0.119684    0.103747    0.131487   10.132773 ^ clkbuf_0_wclk/X (sky130_fd_sc_hd__clkbuf_16)
                                                         clknet_0_wclk (net)
                      0.103830    0.002401   10.135174 ^ clkbuf_4_12_0_wclk/A (sky130_fd_sc_hd__clkbuf_8)
     8    0.033217    0.053510    0.120131   10.255305 ^ clkbuf_4_12_0_wclk/X (sky130_fd_sc_hd__clkbuf_8)
                                                         clknet_4_12_0_wclk (net)
                      0.053515    0.000599   10.255904 ^ _568_/CLK (sky130_fd_sc_hd__dfxtp_1)
                                  0.000000   10.255904   clock reconvergence pessimism
                                 -0.069624   10.186279   library setup time
                                             10.186279   data required time
---------------------------------------------------------------------------------------------
                                             10.186279   data required time
                                             -1.843880   data arrival time
---------------------------------------------------------------------------------------------
                                              8.342400   slack (MET)


Startpoint: _554_ (rising edge-triggered flip-flop clocked by wclk)
Endpoint: _639_ (rising edge-triggered flip-flop clocked by wclk)
Path Group: wclk
Path Type: max

Fanout         Cap        Slew       Delay        Time   Description
---------------------------------------------------------------------------------------------
                                  0.000000    0.000000   clock wclk (rise edge)
                                  0.000000    0.000000   clock source latency
     1    0.021811    0.000000    0.000000    0.000000 ^ wclk (in)
                                                         wclk (net)
                      0.002573    0.001286    0.001286 ^ clkbuf_0_wclk/A (sky130_fd_sc_hd__clkbuf_16)
    16    0.119684    0.103747    0.131486    0.132773 ^ clkbuf_0_wclk/X (sky130_fd_sc_hd__clkbuf_16)
                                                         clknet_0_wclk (net)
                      0.103842    0.002573    0.135346 ^ clkbuf_4_13_0_wclk/A (sky130_fd_sc_hd__clkbuf_8)
    10    0.035195    0.055923    0.122190    0.257536 ^ clkbuf_4_13_0_wclk/X (sky130_fd_sc_hd__clkbuf_8)
                                                         clknet_4_13_0_wclk (net)
                      0.055930    0.000634    0.258170 ^ _554_/CLK (sky130_fd_sc_hd__dfrtp_1)
     2    0.009435    0.049843    0.252974    0.511144 v _554_/Q (sky130_fd_sc_hd__dfrtp_1)
                                                         r_ptr_gray_sync[4] (net)
                      0.049843    0.000230    0.511373 v _291_/A (sky130_fd_sc_hd__xor2_1)
     3    0.012201    0.201777    0.195160    0.706533 ^ _291_/X (sky130_fd_sc_hd__xor2_1)
                                                         _171_ (net)
                      0.201778    0.000292    0.706824 ^ _292_/B (sky130_fd_sc_hd__xnor2_1)
     3    0.010990    0.195893    0.124805    0.831630 ^ _292_/Y (sky130_fd_sc_hd__xnor2_1)
                                                         _172_ (net)
                      0.195894    0.000367    0.831997 ^ _293_/B (sky130_fd_sc_hd__xnor2_1)
     1    0.004955    0.111870    0.090254    0.922251 ^ _293_/Y (sky130_fd_sc_hd__xnor2_1)
                                                         _173_ (net)
                      0.111870    0.000163    0.922415 ^ _297_/S (sky130_fd_sc_hd__mux2_1)
     2    0.007110    0.054715    0.211240    1.133655 v _297_/X (sky130_fd_sc_hd__mux2_1)
                                                         _177_ (net)
                      0.054715    0.000193    1.133847 v _329_/A1 (sky130_fd_sc_hd__a21boi_2)
     3    0.018258    0.172662    0.172309    1.306157 ^ _329_/Y (sky130_fd_sc_hd__a21boi_2)
                                                         _198_ (net)
                      0.172665    0.000618    1.306774 ^ max_cap23/A (sky130_fd_sc_hd__buf_8)
    20    0.119718    0.148566    0.163296    1.470070 ^ max_cap23/X (sky130_fd_sc_hd__buf_8)
                                                         net23 (net)
                      0.148695    0.003593    1.473663 ^ _462_/B (sky130_fd_sc_hd__nand4b_4)
     8    0.048182    0.155260    0.146523    1.620186 v _462_/Y (sky130_fd_sc_hd__nand4b_4)
                                                         _246_ (net)
                      0.155370    0.003327    1.623514 v _469_/S (sky130_fd_sc_hd__mux2_1)
     1    0.003329    0.040229    0.220825    1.844339 v _469_/X (sky130_fd_sc_hd__mux2_1)
                                                         _086_ (net)
                      0.040229    0.000105    1.844444 v _639_/D (sky130_fd_sc_hd__dfxtp_1)
                                              1.844444   data arrival time

                                 10.000000   10.000000   clock wclk (rise edge)
                                  0.000000   10.000000   clock source latency
     1    0.021811    0.000000    0.000000   10.000000 ^ wclk (in)
                                                         wclk (net)
                      0.002573    0.001286   10.001287 ^ clkbuf_0_wclk/A (sky130_fd_sc_hd__clkbuf_16)
    16    0.119684    0.103747    0.131487   10.132773 ^ clkbuf_0_wclk/X (sky130_fd_sc_hd__clkbuf_16)
                                                         clknet_0_wclk (net)
                      0.103937    0.003606   10.136379 ^ clkbuf_4_2_0_wclk/A (sky130_fd_sc_hd__clkbuf_8)
    12    0.036035    0.056886    0.122682   10.259062 ^ clkbuf_4_2_0_wclk/X (sky130_fd_sc_hd__clkbuf_8)
                                                         clknet_4_2_0_wclk (net)
                      0.056893    0.000711   10.259772 ^ _639_/CLK (sky130_fd_sc_hd__dfxtp_1)
                                  0.000000   10.259772   clock reconvergence pessimism
                                 -0.070544   10.189228   library setup time
                                             10.189228   data required time
---------------------------------------------------------------------------------------------
                                             10.189228   data required time
                                             -1.844444   data arrival time
---------------------------------------------------------------------------------------------
                                              8.344785   slack (MET)


Startpoint: _554_ (rising edge-triggered flip-flop clocked by wclk)
Endpoint: _635_ (rising edge-triggered flip-flop clocked by wclk)
Path Group: wclk
Path Type: max

Fanout         Cap        Slew       Delay        Time   Description
---------------------------------------------------------------------------------------------
                                  0.000000    0.000000   clock wclk (rise edge)
                                  0.000000    0.000000   clock source latency
     1    0.021811    0.000000    0.000000    0.000000 ^ wclk (in)
                                                         wclk (net)
                      0.002573    0.001286    0.001286 ^ clkbuf_0_wclk/A (sky130_fd_sc_hd__clkbuf_16)
    16    0.119684    0.103747    0.131486    0.132773 ^ clkbuf_0_wclk/X (sky130_fd_sc_hd__clkbuf_16)
                                                         clknet_0_wclk (net)
                      0.103842    0.002573    0.135346 ^ clkbuf_4_13_0_wclk/A (sky130_fd_sc_hd__clkbuf_8)
    10    0.035195    0.055923    0.122190    0.257536 ^ clkbuf_4_13_0_wclk/X (sky130_fd_sc_hd__clkbuf_8)
                                                         clknet_4_13_0_wclk (net)
                      0.055930    0.000634    0.258170 ^ _554_/CLK (sky130_fd_sc_hd__dfrtp_1)
     2    0.009435    0.049843    0.252974    0.511144 v _554_/Q (sky130_fd_sc_hd__dfrtp_1)
                                                         r_ptr_gray_sync[4] (net)
                      0.049843    0.000230    0.511373 v _291_/A (sky130_fd_sc_hd__xor2_1)
     3    0.012201    0.201777    0.195160    0.706533 ^ _291_/X (sky130_fd_sc_hd__xor2_1)
                                                         _171_ (net)
                      0.201778    0.000292    0.706824 ^ _292_/B (sky130_fd_sc_hd__xnor2_1)
     3    0.010990    0.195893    0.124805    0.831630 ^ _292_/Y (sky130_fd_sc_hd__xnor2_1)
                                                         _172_ (net)
                      0.195894    0.000367    0.831997 ^ _293_/B (sky130_fd_sc_hd__xnor2_1)
     1    0.004955    0.111870    0.090254    0.922251 ^ _293_/Y (sky130_fd_sc_hd__xnor2_1)
                                                         _173_ (net)
                      0.111870    0.000163    0.922415 ^ _297_/S (sky130_fd_sc_hd__mux2_1)
     2    0.007110    0.054715    0.211240    1.133655 v _297_/X (sky130_fd_sc_hd__mux2_1)
                                                         _177_ (net)
                      0.054715    0.000193    1.133847 v _329_/A1 (sky130_fd_sc_hd__a21boi_2)
     3    0.018258    0.172662    0.172309    1.306157 ^ _329_/Y (sky130_fd_sc_hd__a21boi_2)
                                                         _198_ (net)
                      0.172665    0.000618    1.306774 ^ max_cap23/A (sky130_fd_sc_hd__buf_8)
    20    0.119718    0.148566    0.163296    1.470070 ^ max_cap23/X (sky130_fd_sc_hd__buf_8)
                                                         net23 (net)
                      0.148695    0.003593    1.473663 ^ _462_/B (sky130_fd_sc_hd__nand4b_4)
     8    0.048182    0.155260    0.146523    1.620186 v _462_/Y (sky130_fd_sc_hd__nand4b_4)
                                                         _246_ (net)
                      0.155357    0.003136    1.623323 v _465_/S (sky130_fd_sc_hd__mux2_1)
     1    0.003409    0.040594    0.221305    1.844628 v _465_/X (sky130_fd_sc_hd__mux2_1)
                                                         _082_ (net)
                      0.040594    0.000111    1.844739 v _635_/D (sky130_fd_sc_hd__dfxtp_1)
                                              1.844739   data arrival time

                                 10.000000   10.000000   clock wclk (rise edge)
                                  0.000000   10.000000   clock source latency
     1    0.021811    0.000000    0.000000   10.000000 ^ wclk (in)
                                                         wclk (net)
                      0.002573    0.001286   10.001287 ^ clkbuf_0_wclk/A (sky130_fd_sc_hd__clkbuf_16)
    16    0.119684    0.103747    0.131487   10.132773 ^ clkbuf_0_wclk/X (sky130_fd_sc_hd__clkbuf_16)
                                                         clknet_0_wclk (net)
                      0.103986    0.004027   10.136800 ^ clkbuf_4_0_0_wclk/A (sky130_fd_sc_hd__clkbuf_8)
    12    0.035983    0.056849    0.122812   10.259612 ^ clkbuf_4_0_0_wclk/X (sky130_fd_sc_hd__clkbuf_8)
                                                         clknet_4_0_0_wclk (net)
                      0.056854    0.000605   10.260217 ^ _635_/CLK (sky130_fd_sc_hd__dfxtp_1)
                                  0.000000   10.260217   clock reconvergence pessimism
                                 -0.070677   10.189539   library setup time
                                             10.189539   data required time
---------------------------------------------------------------------------------------------
                                             10.189539   data required time
                                             -1.844739   data arrival time
---------------------------------------------------------------------------------------------
                                              8.344800   slack (MET)


Startpoint: _554_ (rising edge-triggered flip-flop clocked by wclk)
Endpoint: _634_ (rising edge-triggered flip-flop clocked by wclk)
Path Group: wclk
Path Type: max

Fanout         Cap        Slew       Delay        Time   Description
---------------------------------------------------------------------------------------------
                                  0.000000    0.000000   clock wclk (rise edge)
                                  0.000000    0.000000   clock source latency
     1    0.021811    0.000000    0.000000    0.000000 ^ wclk (in)
                                                         wclk (net)
                      0.002573    0.001286    0.001286 ^ clkbuf_0_wclk/A (sky130_fd_sc_hd__clkbuf_16)
    16    0.119684    0.103747    0.131486    0.132773 ^ clkbuf_0_wclk/X (sky130_fd_sc_hd__clkbuf_16)
                                                         clknet_0_wclk (net)
                      0.103842    0.002573    0.135346 ^ clkbuf_4_13_0_wclk/A (sky130_fd_sc_hd__clkbuf_8)
    10    0.035195    0.055923    0.122190    0.257536 ^ clkbuf_4_13_0_wclk/X (sky130_fd_sc_hd__clkbuf_8)
                                                         clknet_4_13_0_wclk (net)
                      0.055930    0.000634    0.258170 ^ _554_/CLK (sky130_fd_sc_hd__dfrtp_1)
     2    0.009435    0.049843    0.252974    0.511144 v _554_/Q (sky130_fd_sc_hd__dfrtp_1)
                                                         r_ptr_gray_sync[4] (net)
                      0.049843    0.000230    0.511373 v _291_/A (sky130_fd_sc_hd__xor2_1)
     3    0.012201    0.201777    0.195160    0.706533 ^ _291_/X (sky130_fd_sc_hd__xor2_1)
                                                         _171_ (net)
                      0.201778    0.000292    0.706824 ^ _292_/B (sky130_fd_sc_hd__xnor2_1)
     3    0.010990    0.195893    0.124805    0.831630 ^ _292_/Y (sky130_fd_sc_hd__xnor2_1)
                                                         _172_ (net)
                      0.195894    0.000367    0.831997 ^ _293_/B (sky130_fd_sc_hd__xnor2_1)
     1    0.004955    0.111870    0.090254    0.922251 ^ _293_/Y (sky130_fd_sc_hd__xnor2_1)
                                                         _173_ (net)
                      0.111870    0.000163    0.922415 ^ _297_/S (sky130_fd_sc_hd__mux2_1)
     2    0.007110    0.054715    0.211240    1.133655 v _297_/X (sky130_fd_sc_hd__mux2_1)
                                                         _177_ (net)
                      0.054715    0.000193    1.133847 v _329_/A1 (sky130_fd_sc_hd__a21boi_2)
     3    0.018258    0.172662    0.172309    1.306157 ^ _329_/Y (sky130_fd_sc_hd__a21boi_2)
                                                         _198_ (net)
                      0.172665    0.000618    1.306774 ^ max_cap23/A (sky130_fd_sc_hd__buf_8)
    20    0.119718    0.148566    0.163296    1.470070 ^ max_cap23/X (sky130_fd_sc_hd__buf_8)
                                                         net23 (net)
                      0.148695    0.003593    1.473663 ^ _462_/B (sky130_fd_sc_hd__nand4b_4)
     8    0.048182    0.155260    0.146523    1.620186 v _462_/Y (sky130_fd_sc_hd__nand4b_4)
                                                         _246_ (net)
                      0.155271    0.001074    1.621261 v _464_/S (sky130_fd_sc_hd__mux2_1)
     1    0.003223    0.039754    0.220153    1.841414 v _464_/X (sky130_fd_sc_hd__mux2_1)
                                                         _081_ (net)
                      0.039754    0.000100    1.841514 v _634_/D (sky130_fd_sc_hd__dfxtp_1)
                                              1.841514   data arrival time

                                 10.000000   10.000000   clock wclk (rise edge)
                                  0.000000   10.000000   clock source latency
     1    0.021811    0.000000    0.000000   10.000000 ^ wclk (in)
                                                         wclk (net)
                      0.002573    0.001286   10.001287 ^ clkbuf_0_wclk/A (sky130_fd_sc_hd__clkbuf_16)
    16    0.119684    0.103747    0.131487   10.132773 ^ clkbuf_0_wclk/X (sky130_fd_sc_hd__clkbuf_16)
                                                         clknet_0_wclk (net)
                      0.103855    0.002739   10.135512 ^ clkbuf_4_4_0_wclk/A (sky130_fd_sc_hd__clkbuf_8)
    10    0.035535    0.056318    0.122395   10.257907 ^ clkbuf_4_4_0_wclk/X (sky130_fd_sc_hd__clkbuf_8)
                                                         clknet_4_4_0_wclk (net)
                      0.056334    0.000916   10.258822 ^ _634_/CLK (sky130_fd_sc_hd__dfxtp_1)
                                  0.000000   10.258822   clock reconvergence pessimism
                                 -0.070428   10.188395   library setup time
                                             10.188395   data required time
---------------------------------------------------------------------------------------------
                                             10.188395   data required time
                                             -1.841514   data arrival time
---------------------------------------------------------------------------------------------
                                              8.346880   slack (MET)


Startpoint: _554_ (rising edge-triggered flip-flop clocked by wclk)
Endpoint: _569_ (rising edge-triggered flip-flop clocked by wclk)
Path Group: wclk
Path Type: max

Fanout         Cap        Slew       Delay        Time   Description
---------------------------------------------------------------------------------------------
                                  0.000000    0.000000   clock wclk (rise edge)
                                  0.000000    0.000000   clock source latency
     1    0.021811    0.000000    0.000000    0.000000 ^ wclk (in)
                                                         wclk (net)
                      0.002573    0.001286    0.001286 ^ clkbuf_0_wclk/A (sky130_fd_sc_hd__clkbuf_16)
    16    0.119684    0.103747    0.131486    0.132773 ^ clkbuf_0_wclk/X (sky130_fd_sc_hd__clkbuf_16)
                                                         clknet_0_wclk (net)
                      0.103842    0.002573    0.135346 ^ clkbuf_4_13_0_wclk/A (sky130_fd_sc_hd__clkbuf_8)
    10    0.035195    0.055923    0.122190    0.257536 ^ clkbuf_4_13_0_wclk/X (sky130_fd_sc_hd__clkbuf_8)
                                                         clknet_4_13_0_wclk (net)
                      0.055930    0.000634    0.258170 ^ _554_/CLK (sky130_fd_sc_hd__dfrtp_1)
     2    0.009435    0.049843    0.252974    0.511144 v _554_/Q (sky130_fd_sc_hd__dfrtp_1)
                                                         r_ptr_gray_sync[4] (net)
                      0.049843    0.000230    0.511373 v _291_/A (sky130_fd_sc_hd__xor2_1)
     3    0.012201    0.201777    0.195160    0.706533 ^ _291_/X (sky130_fd_sc_hd__xor2_1)
                                                         _171_ (net)
                      0.201778    0.000292    0.706824 ^ _292_/B (sky130_fd_sc_hd__xnor2_1)
     3    0.010990    0.195893    0.124805    0.831630 ^ _292_/Y (sky130_fd_sc_hd__xnor2_1)
                                                         _172_ (net)
                      0.195894    0.000367    0.831997 ^ _293_/B (sky130_fd_sc_hd__xnor2_1)
     1    0.004955    0.111870    0.090254    0.922251 ^ _293_/Y (sky130_fd_sc_hd__xnor2_1)
                                                         _173_ (net)
                      0.111870    0.000163    0.922415 ^ _297_/S (sky130_fd_sc_hd__mux2_1)
     2    0.007110    0.054715    0.211240    1.133655 v _297_/X (sky130_fd_sc_hd__mux2_1)
                                                         _177_ (net)
                      0.054715    0.000193    1.133847 v _329_/A1 (sky130_fd_sc_hd__a21boi_2)
     3    0.018258    0.172662    0.172309    1.306157 ^ _329_/Y (sky130_fd_sc_hd__a21boi_2)
                                                         _198_ (net)
                      0.172665    0.000618    1.306774 ^ max_cap23/A (sky130_fd_sc_hd__buf_8)
    20    0.119718    0.148566    0.163296    1.470070 ^ max_cap23/X (sky130_fd_sc_hd__buf_8)
                                                         net23 (net)
                      0.148711    0.003813    1.473883 ^ _397_/B (sky130_fd_sc_hd__nand4b_4)
     8    0.050515    0.160723    0.151009    1.624892 v _397_/Y (sky130_fd_sc_hd__nand4b_4)
                                                         _237_ (net)
                      0.160744    0.001534    1.626427 v _399_/S (sky130_fd_sc_hd__mux2_1)
     1    0.002152    0.035521    0.215435    1.841861 v _399_/X (sky130_fd_sc_hd__mux2_1)
                                                         _025_ (net)
                      0.035521    0.000042    1.841903 v _569_/D (sky130_fd_sc_hd__dfxtp_1)
                                              1.841903   data arrival time

                                 10.000000   10.000000   clock wclk (rise edge)
                                  0.000000   10.000000   clock source latency
     1    0.021811    0.000000    0.000000   10.000000 ^ wclk (in)
                                                         wclk (net)
                      0.002573    0.001286   10.001287 ^ clkbuf_0_wclk/A (sky130_fd_sc_hd__clkbuf_16)
    16    0.119684    0.103747    0.131487   10.132773 ^ clkbuf_0_wclk/X (sky130_fd_sc_hd__clkbuf_16)
                                                         clknet_0_wclk (net)
                      0.103875    0.002970   10.135743 ^ clkbuf_4_15_0_wclk/A (sky130_fd_sc_hd__clkbuf_8)
     8    0.034329    0.054878    0.121361   10.257104 ^ clkbuf_4_15_0_wclk/X (sky130_fd_sc_hd__clkbuf_8)
                                                         clknet_4_15_0_wclk (net)
                      0.054891    0.000825   10.257929 ^ _569_/CLK (sky130_fd_sc_hd__dfxtp_1)
                                  0.000000   10.257929   clock reconvergence pessimism
                                 -0.069057   10.188872   library setup time
                                             10.188872   data required time
---------------------------------------------------------------------------------------------
                                             10.188872   data required time
                                             -1.841903   data arrival time
---------------------------------------------------------------------------------------------
                                              8.346969   slack (MET)


Startpoint: _554_ (rising edge-triggered flip-flop clocked by wclk)
Endpoint: _637_ (rising edge-triggered flip-flop clocked by wclk)
Path Group: wclk
Path Type: max

Fanout         Cap        Slew       Delay        Time   Description
---------------------------------------------------------------------------------------------
                                  0.000000    0.000000   clock wclk (rise edge)
                                  0.000000    0.000000   clock source latency
     1    0.021811    0.000000    0.000000    0.000000 ^ wclk (in)
                                                         wclk (net)
                      0.002573    0.001286    0.001286 ^ clkbuf_0_wclk/A (sky130_fd_sc_hd__clkbuf_16)
    16    0.119684    0.103747    0.131486    0.132773 ^ clkbuf_0_wclk/X (sky130_fd_sc_hd__clkbuf_16)
                                                         clknet_0_wclk (net)
                      0.103842    0.002573    0.135346 ^ clkbuf_4_13_0_wclk/A (sky130_fd_sc_hd__clkbuf_8)
    10    0.035195    0.055923    0.122190    0.257536 ^ clkbuf_4_13_0_wclk/X (sky130_fd_sc_hd__clkbuf_8)
                                                         clknet_4_13_0_wclk (net)
                      0.055930    0.000634    0.258170 ^ _554_/CLK (sky130_fd_sc_hd__dfrtp_1)
     2    0.009435    0.049843    0.252974    0.511144 v _554_/Q (sky130_fd_sc_hd__dfrtp_1)
                                                         r_ptr_gray_sync[4] (net)
                      0.049843    0.000230    0.511373 v _291_/A (sky130_fd_sc_hd__xor2_1)
     3    0.012201    0.201777    0.195160    0.706533 ^ _291_/X (sky130_fd_sc_hd__xor2_1)
                                                         _171_ (net)
                      0.201778    0.000292    0.706824 ^ _292_/B (sky130_fd_sc_hd__xnor2_1)
     3    0.010990    0.195893    0.124805    0.831630 ^ _292_/Y (sky130_fd_sc_hd__xnor2_1)
                                                         _172_ (net)
                      0.195894    0.000367    0.831997 ^ _293_/B (sky130_fd_sc_hd__xnor2_1)
     1    0.004955    0.111870    0.090254    0.922251 ^ _293_/Y (sky130_fd_sc_hd__xnor2_1)
                                                         _173_ (net)
                      0.111870    0.000163    0.922415 ^ _297_/S (sky130_fd_sc_hd__mux2_1)
     2    0.007110    0.054715    0.211240    1.133655 v _297_/X (sky130_fd_sc_hd__mux2_1)
                                                         _177_ (net)
                      0.054715    0.000193    1.133847 v _329_/A1 (sky130_fd_sc_hd__a21boi_2)
     3    0.018258    0.172662    0.172309    1.306157 ^ _329_/Y (sky130_fd_sc_hd__a21boi_2)
                                                         _198_ (net)
                      0.172665    0.000618    1.306774 ^ max_cap23/A (sky130_fd_sc_hd__buf_8)
    20    0.119718    0.148566    0.163296    1.470070 ^ max_cap23/X (sky130_fd_sc_hd__buf_8)
                                                         net23 (net)
                      0.148695    0.003593    1.473663 ^ _462_/B (sky130_fd_sc_hd__nand4b_4)
     8    0.048182    0.155260    0.146523    1.620186 v _462_/Y (sky130_fd_sc_hd__nand4b_4)
                                                         _246_ (net)
                      0.155330    0.002665    1.622851 v _467_/S (sky130_fd_sc_hd__mux2_1)
     1    0.003248    0.039865    0.220319    1.843171 v _467_/X (sky130_fd_sc_hd__mux2_1)
                                                         _084_ (net)
                      0.039865    0.000103    1.843274 v _637_/D (sky130_fd_sc_hd__dfxtp_1)
                                              1.843274   data arrival time

                                 10.000000   10.000000   clock wclk (rise edge)
                                  0.000000   10.000000   clock source latency
     1    0.021811    0.000000    0.000000   10.000000 ^ wclk (in)
                                                         wclk (net)
                      0.002573    0.001286   10.001287 ^ clkbuf_0_wclk/A (sky130_fd_sc_hd__clkbuf_16)
    16    0.119684    0.103747    0.131487   10.132773 ^ clkbuf_0_wclk/X (sky130_fd_sc_hd__clkbuf_16)
                                                         clknet_0_wclk (net)
                      0.103990    0.004063   10.136836 ^ clkbuf_4_1_0_wclk/A (sky130_fd_sc_hd__clkbuf_8)
    11    0.036799    0.057855    0.123721   10.260557 ^ clkbuf_4_1_0_wclk/X (sky130_fd_sc_hd__clkbuf_8)
                                                         clknet_4_1_0_wclk (net)
                      0.057857    0.000417   10.260975 ^ _637_/CLK (sky130_fd_sc_hd__dfxtp_1)
                                  0.000000   10.260975   clock reconvergence pessimism
                                 -0.070321   10.190654   library setup time
                                             10.190654   data required time
---------------------------------------------------------------------------------------------
                                             10.190654   data required time
                                             -1.843274   data arrival time
---------------------------------------------------------------------------------------------
                                              8.347380   slack (MET)


Startpoint: _554_ (rising edge-triggered flip-flop clocked by wclk)
Endpoint: _640_ (rising edge-triggered flip-flop clocked by wclk)
Path Group: wclk
Path Type: max

Fanout         Cap        Slew       Delay        Time   Description
---------------------------------------------------------------------------------------------
                                  0.000000    0.000000   clock wclk (rise edge)
                                  0.000000    0.000000   clock source latency
     1    0.021811    0.000000    0.000000    0.000000 ^ wclk (in)
                                                         wclk (net)
                      0.002573    0.001286    0.001286 ^ clkbuf_0_wclk/A (sky130_fd_sc_hd__clkbuf_16)
    16    0.119684    0.103747    0.131486    0.132773 ^ clkbuf_0_wclk/X (sky130_fd_sc_hd__clkbuf_16)
                                                         clknet_0_wclk (net)
                      0.103842    0.002573    0.135346 ^ clkbuf_4_13_0_wclk/A (sky130_fd_sc_hd__clkbuf_8)
    10    0.035195    0.055923    0.122190    0.257536 ^ clkbuf_4_13_0_wclk/X (sky130_fd_sc_hd__clkbuf_8)
                                                         clknet_4_13_0_wclk (net)
                      0.055930    0.000634    0.258170 ^ _554_/CLK (sky130_fd_sc_hd__dfrtp_1)
     2    0.009435    0.049843    0.252974    0.511144 v _554_/Q (sky130_fd_sc_hd__dfrtp_1)
                                                         r_ptr_gray_sync[4] (net)
                      0.049843    0.000230    0.511373 v _291_/A (sky130_fd_sc_hd__xor2_1)
     3    0.012201    0.201777    0.195160    0.706533 ^ _291_/X (sky130_fd_sc_hd__xor2_1)
                                                         _171_ (net)
                      0.201778    0.000292    0.706824 ^ _292_/B (sky130_fd_sc_hd__xnor2_1)
     3    0.010990    0.195893    0.124805    0.831630 ^ _292_/Y (sky130_fd_sc_hd__xnor2_1)
                                                         _172_ (net)
                      0.195894    0.000367    0.831997 ^ _293_/B (sky130_fd_sc_hd__xnor2_1)
     1    0.004955    0.111870    0.090254    0.922251 ^ _293_/Y (sky130_fd_sc_hd__xnor2_1)
                                                         _173_ (net)
                      0.111870    0.000163    0.922415 ^ _297_/S (sky130_fd_sc_hd__mux2_1)
     2    0.007110    0.054715    0.211240    1.133655 v _297_/X (sky130_fd_sc_hd__mux2_1)
                                                         _177_ (net)
                      0.054715    0.000193    1.133847 v _329_/A1 (sky130_fd_sc_hd__a21boi_2)
     3    0.018258    0.172662    0.172309    1.306157 ^ _329_/Y (sky130_fd_sc_hd__a21boi_2)
                                                         _198_ (net)
                      0.172665    0.000618    1.306774 ^ max_cap23/A (sky130_fd_sc_hd__buf_8)
    20    0.119718    0.148566    0.163296    1.470070 ^ max_cap23/X (sky130_fd_sc_hd__buf_8)
                                                         net23 (net)
                      0.148695    0.003593    1.473663 ^ _462_/B (sky130_fd_sc_hd__nand4b_4)
     8    0.048182    0.155260    0.146523    1.620186 v _462_/Y (sky130_fd_sc_hd__nand4b_4)
                                                         _246_ (net)
                      0.155349    0.002992    1.623178 v _470_/S (sky130_fd_sc_hd__mux2_1)
     1    0.002484    0.036765    0.215694    1.838873 v _470_/X (sky130_fd_sc_hd__mux2_1)
                                                         _087_ (net)
                      0.036765    0.000070    1.838943 v _640_/D (sky130_fd_sc_hd__dfxtp_1)
                                              1.838943   data arrival time

                                 10.000000   10.000000   clock wclk (rise edge)
                                  0.000000   10.000000   clock source latency
     1    0.021811    0.000000    0.000000   10.000000 ^ wclk (in)
                                                         wclk (net)
                      0.002573    0.001286   10.001287 ^ clkbuf_0_wclk/A (sky130_fd_sc_hd__clkbuf_16)
    16    0.119684    0.103747    0.131487   10.132773 ^ clkbuf_0_wclk/X (sky130_fd_sc_hd__clkbuf_16)
                                                         clknet_0_wclk (net)
                      0.103937    0.003606   10.136379 ^ clkbuf_4_2_0_wclk/A (sky130_fd_sc_hd__clkbuf_8)
    12    0.036035    0.056886    0.122682   10.259062 ^ clkbuf_4_2_0_wclk/X (sky130_fd_sc_hd__clkbuf_8)
                                                         clknet_4_2_0_wclk (net)
                      0.056950    0.001688   10.260749 ^ _640_/CLK (sky130_fd_sc_hd__dfxtp_1)
                                  0.000000   10.260749   clock reconvergence pessimism
                                 -0.069302   10.191447   library setup time
                                             10.191447   data required time
---------------------------------------------------------------------------------------------
                                             10.191447   data required time
                                             -1.838943   data arrival time
---------------------------------------------------------------------------------------------
                                              8.352504   slack (MET)


Startpoint: _554_ (rising edge-triggered flip-flop clocked by wclk)
Endpoint: _633_ (rising edge-triggered flip-flop clocked by wclk)
Path Group: wclk
Path Type: max

Fanout         Cap        Slew       Delay        Time   Description
---------------------------------------------------------------------------------------------
                                  0.000000    0.000000   clock wclk (rise edge)
                                  0.000000    0.000000   clock source latency
     1    0.021811    0.000000    0.000000    0.000000 ^ wclk (in)
                                                         wclk (net)
                      0.002573    0.001286    0.001286 ^ clkbuf_0_wclk/A (sky130_fd_sc_hd__clkbuf_16)
    16    0.119684    0.103747    0.131486    0.132773 ^ clkbuf_0_wclk/X (sky130_fd_sc_hd__clkbuf_16)
                                                         clknet_0_wclk (net)
                      0.103842    0.002573    0.135346 ^ clkbuf_4_13_0_wclk/A (sky130_fd_sc_hd__clkbuf_8)
    10    0.035195    0.055923    0.122190    0.257536 ^ clkbuf_4_13_0_wclk/X (sky130_fd_sc_hd__clkbuf_8)
                                                         clknet_4_13_0_wclk (net)
                      0.055930    0.000634    0.258170 ^ _554_/CLK (sky130_fd_sc_hd__dfrtp_1)
     2    0.009435    0.049843    0.252974    0.511144 v _554_/Q (sky130_fd_sc_hd__dfrtp_1)
                                                         r_ptr_gray_sync[4] (net)
                      0.049843    0.000230    0.511373 v _291_/A (sky130_fd_sc_hd__xor2_1)
     3    0.012201    0.201777    0.195160    0.706533 ^ _291_/X (sky130_fd_sc_hd__xor2_1)
                                                         _171_ (net)
                      0.201778    0.000292    0.706824 ^ _292_/B (sky130_fd_sc_hd__xnor2_1)
     3    0.010990    0.195893    0.124805    0.831630 ^ _292_/Y (sky130_fd_sc_hd__xnor2_1)
                                                         _172_ (net)
                      0.195894    0.000367    0.831997 ^ _293_/B (sky130_fd_sc_hd__xnor2_1)
     1    0.004955    0.111870    0.090254    0.922251 ^ _293_/Y (sky130_fd_sc_hd__xnor2_1)
                                                         _173_ (net)
                      0.111870    0.000163    0.922415 ^ _297_/S (sky130_fd_sc_hd__mux2_1)
     2    0.007110    0.054715    0.211240    1.133655 v _297_/X (sky130_fd_sc_hd__mux2_1)
                                                         _177_ (net)
                      0.054715    0.000193    1.133847 v _329_/A1 (sky130_fd_sc_hd__a21boi_2)
     3    0.018258    0.172662    0.172309    1.306157 ^ _329_/Y (sky130_fd_sc_hd__a21boi_2)
                                                         _198_ (net)
                      0.172665    0.000618    1.306774 ^ max_cap23/A (sky130_fd_sc_hd__buf_8)
    20    0.119718    0.148566    0.163296    1.470070 ^ max_cap23/X (sky130_fd_sc_hd__buf_8)
                                                         net23 (net)
                      0.148695    0.003593    1.473663 ^ _462_/B (sky130_fd_sc_hd__nand4b_4)
     8    0.048182    0.155260    0.146523    1.620186 v _462_/Y (sky130_fd_sc_hd__nand4b_4)
                                                         _246_ (net)
                      0.155274    0.001205    1.621392 v _463_/S (sky130_fd_sc_hd__mux2_1)
     1    0.002303    0.036094    0.214568    1.835960 v _463_/X (sky130_fd_sc_hd__mux2_1)
                                                         _080_ (net)
                      0.036094    0.000066    1.836026 v _633_/D (sky130_fd_sc_hd__dfxtp_1)
                                              1.836026   data arrival time

                                 10.000000   10.000000   clock wclk (rise edge)
                                  0.000000   10.000000   clock source latency
     1    0.021811    0.000000    0.000000   10.000000 ^ wclk (in)
                                                         wclk (net)
                      0.002573    0.001286   10.001287 ^ clkbuf_0_wclk/A (sky130_fd_sc_hd__clkbuf_16)
    16    0.119684    0.103747    0.131487   10.132773 ^ clkbuf_0_wclk/X (sky130_fd_sc_hd__clkbuf_16)
                                                         clknet_0_wclk (net)
                      0.103855    0.002739   10.135512 ^ clkbuf_4_4_0_wclk/A (sky130_fd_sc_hd__clkbuf_8)
    10    0.035535    0.056318    0.122395   10.257907 ^ clkbuf_4_4_0_wclk/X (sky130_fd_sc_hd__clkbuf_8)
                                                         clknet_4_4_0_wclk (net)
                      0.056330    0.000825   10.258732 ^ _633_/CLK (sky130_fd_sc_hd__dfxtp_1)
                                  0.000000   10.258732   clock reconvergence pessimism
                                 -0.069122   10.189610   library setup time
                                             10.189610   data required time
---------------------------------------------------------------------------------------------
                                             10.189610   data required time
                                             -1.836026   data arrival time
---------------------------------------------------------------------------------------------
                                              8.353583   slack (MET)


Startpoint: _554_ (rising edge-triggered flip-flop clocked by wclk)
Endpoint: _638_ (rising edge-triggered flip-flop clocked by wclk)
Path Group: wclk
Path Type: max

Fanout         Cap        Slew       Delay        Time   Description
---------------------------------------------------------------------------------------------
                                  0.000000    0.000000   clock wclk (rise edge)
                                  0.000000    0.000000   clock source latency
     1    0.021811    0.000000    0.000000    0.000000 ^ wclk (in)
                                                         wclk (net)
                      0.002573    0.001286    0.001286 ^ clkbuf_0_wclk/A (sky130_fd_sc_hd__clkbuf_16)
    16    0.119684    0.103747    0.131486    0.132773 ^ clkbuf_0_wclk/X (sky130_fd_sc_hd__clkbuf_16)
                                                         clknet_0_wclk (net)
                      0.103842    0.002573    0.135346 ^ clkbuf_4_13_0_wclk/A (sky130_fd_sc_hd__clkbuf_8)
    10    0.035195    0.055923    0.122190    0.257536 ^ clkbuf_4_13_0_wclk/X (sky130_fd_sc_hd__clkbuf_8)
                                                         clknet_4_13_0_wclk (net)
                      0.055930    0.000634    0.258170 ^ _554_/CLK (sky130_fd_sc_hd__dfrtp_1)
     2    0.009435    0.049843    0.252974    0.511144 v _554_/Q (sky130_fd_sc_hd__dfrtp_1)
                                                         r_ptr_gray_sync[4] (net)
                      0.049843    0.000230    0.511373 v _291_/A (sky130_fd_sc_hd__xor2_1)
     3    0.012201    0.201777    0.195160    0.706533 ^ _291_/X (sky130_fd_sc_hd__xor2_1)
                                                         _171_ (net)
                      0.201778    0.000292    0.706824 ^ _292_/B (sky130_fd_sc_hd__xnor2_1)
     3    0.010990    0.195893    0.124805    0.831630 ^ _292_/Y (sky130_fd_sc_hd__xnor2_1)
                                                         _172_ (net)
                      0.195894    0.000367    0.831997 ^ _293_/B (sky130_fd_sc_hd__xnor2_1)
     1    0.004955    0.111870    0.090254    0.922251 ^ _293_/Y (sky130_fd_sc_hd__xnor2_1)
                                                         _173_ (net)
                      0.111870    0.000163    0.922415 ^ _297_/S (sky130_fd_sc_hd__mux2_1)
     2    0.007110    0.054715    0.211240    1.133655 v _297_/X (sky130_fd_sc_hd__mux2_1)
                                                         _177_ (net)
                      0.054715    0.000193    1.133847 v _329_/A1 (sky130_fd_sc_hd__a21boi_2)
     3    0.018258    0.172662    0.172309    1.306157 ^ _329_/Y (sky130_fd_sc_hd__a21boi_2)
                                                         _198_ (net)
                      0.172665    0.000618    1.306774 ^ max_cap23/A (sky130_fd_sc_hd__buf_8)
    20    0.119718    0.148566    0.163296    1.470070 ^ max_cap23/X (sky130_fd_sc_hd__buf_8)
                                                         net23 (net)
                      0.148695    0.003593    1.473663 ^ _462_/B (sky130_fd_sc_hd__nand4b_4)
     8    0.048182    0.155260    0.146523    1.620186 v _462_/Y (sky130_fd_sc_hd__nand4b_4)
                                                         _246_ (net)
                      0.155315    0.002380    1.622567 v _468_/S (sky130_fd_sc_hd__mux2_1)
     1    0.002187    0.035665    0.213879    1.836446 v _468_/X (sky130_fd_sc_hd__mux2_1)
                                                         _085_ (net)
                      0.035665    0.000062    1.836508 v _638_/D (sky130_fd_sc_hd__dfxtp_1)
                                              1.836508   data arrival time

                                 10.000000   10.000000   clock wclk (rise edge)
                                  0.000000   10.000000   clock source latency
     1    0.021811    0.000000    0.000000   10.000000 ^ wclk (in)
                                                         wclk (net)
                      0.002573    0.001286   10.001287 ^ clkbuf_0_wclk/A (sky130_fd_sc_hd__clkbuf_16)
    16    0.119684    0.103747    0.131487   10.132773 ^ clkbuf_0_wclk/X (sky130_fd_sc_hd__clkbuf_16)
                                                         clknet_0_wclk (net)
                      0.103990    0.004063   10.136836 ^ clkbuf_4_1_0_wclk/A (sky130_fd_sc_hd__clkbuf_8)
    11    0.036799    0.057855    0.123721   10.260557 ^ clkbuf_4_1_0_wclk/X (sky130_fd_sc_hd__clkbuf_8)
                                                         clknet_4_1_0_wclk (net)
                      0.057861    0.000619   10.261176 ^ _638_/CLK (sky130_fd_sc_hd__dfxtp_1)
                                  0.000000   10.261176   clock reconvergence pessimism
                                 -0.068822   10.192354   library setup time
                                             10.192354   data required time
---------------------------------------------------------------------------------------------
                                             10.192354   data required time
                                             -1.836508   data arrival time
---------------------------------------------------------------------------------------------
                                              8.355846   slack (MET)


Startpoint: _554_ (rising edge-triggered flip-flop clocked by wclk)
Endpoint: _627_ (rising edge-triggered flip-flop clocked by wclk)
Path Group: wclk
Path Type: max

Fanout         Cap        Slew       Delay        Time   Description
---------------------------------------------------------------------------------------------
                                  0.000000    0.000000   clock wclk (rise edge)
                                  0.000000    0.000000   clock source latency
     1    0.021811    0.000000    0.000000    0.000000 ^ wclk (in)
                                                         wclk (net)
                      0.002573    0.001286    0.001286 ^ clkbuf_0_wclk/A (sky130_fd_sc_hd__clkbuf_16)
    16    0.119684    0.103747    0.131486    0.132773 ^ clkbuf_0_wclk/X (sky130_fd_sc_hd__clkbuf_16)
                                                         clknet_0_wclk (net)
                      0.103842    0.002573    0.135346 ^ clkbuf_4_13_0_wclk/A (sky130_fd_sc_hd__clkbuf_8)
    10    0.035195    0.055923    0.122190    0.257536 ^ clkbuf_4_13_0_wclk/X (sky130_fd_sc_hd__clkbuf_8)
                                                         clknet_4_13_0_wclk (net)
                      0.055930    0.000634    0.258170 ^ _554_/CLK (sky130_fd_sc_hd__dfrtp_1)
     2    0.009435    0.049843    0.252974    0.511144 v _554_/Q (sky130_fd_sc_hd__dfrtp_1)
                                                         r_ptr_gray_sync[4] (net)
                      0.049843    0.000230    0.511373 v _291_/A (sky130_fd_sc_hd__xor2_1)
     3    0.012201    0.201777    0.195160    0.706533 ^ _291_/X (sky130_fd_sc_hd__xor2_1)
                                                         _171_ (net)
                      0.201778    0.000292    0.706824 ^ _292_/B (sky130_fd_sc_hd__xnor2_1)
     3    0.010990    0.195893    0.124805    0.831630 ^ _292_/Y (sky130_fd_sc_hd__xnor2_1)
                                                         _172_ (net)
                      0.195894    0.000367    0.831997 ^ _293_/B (sky130_fd_sc_hd__xnor2_1)
     1    0.004955    0.111870    0.090254    0.922251 ^ _293_/Y (sky130_fd_sc_hd__xnor2_1)
                                                         _173_ (net)
                      0.111870    0.000163    0.922415 ^ _297_/S (sky130_fd_sc_hd__mux2_1)
     2    0.007110    0.054715    0.211240    1.133655 v _297_/X (sky130_fd_sc_hd__mux2_1)
                                                         _177_ (net)
                      0.054715    0.000193    1.133847 v _329_/A1 (sky130_fd_sc_hd__a21boi_2)
     3    0.018258    0.172662    0.172309    1.306157 ^ _329_/Y (sky130_fd_sc_hd__a21boi_2)
                                                         _198_ (net)
                      0.172665    0.000618    1.306774 ^ max_cap23/A (sky130_fd_sc_hd__buf_8)
    20    0.119718    0.148566    0.163296    1.470070 ^ max_cap23/X (sky130_fd_sc_hd__buf_8)
                                                         net23 (net)
                      0.148749    0.004272    1.474343 ^ _340_/C (sky130_fd_sc_hd__nand4_4)
    10    0.059886    0.199677    0.161195    1.635537 v _340_/Y (sky130_fd_sc_hd__nand4_4)
                                                         _204_ (net)
                      0.199681    0.000670    1.636207 v _342_/A (sky130_fd_sc_hd__and2_1)
     1    0.003274    0.028917    0.145495    1.781703 v _342_/X (sky130_fd_sc_hd__and2_1)
                                                         u_wrptr_handler.b_wptr_next[3] (net)
                      0.028917    0.000103    1.781805 v _627_/D (sky130_fd_sc_hd__dfrtp_1)
                                              1.781805   data arrival time

                                 10.000000   10.000000   clock wclk (rise edge)
                                  0.000000   10.000000   clock source latency
     1    0.021811    0.000000    0.000000   10.000000 ^ wclk (in)
                                                         wclk (net)
                      0.002573    0.001286   10.001287 ^ clkbuf_0_wclk/A (sky130_fd_sc_hd__clkbuf_16)
    16    0.119684    0.103747    0.131487   10.132773 ^ clkbuf_0_wclk/X (sky130_fd_sc_hd__clkbuf_16)
                                                         clknet_0_wclk (net)
                      0.103842    0.002573   10.135346 ^ clkbuf_4_13_0_wclk/A (sky130_fd_sc_hd__clkbuf_8)
    10    0.035195    0.055923    0.122190   10.257537 ^ clkbuf_4_13_0_wclk/X (sky130_fd_sc_hd__clkbuf_8)
                                                         clknet_4_13_0_wclk (net)
                      0.055937    0.000830   10.258367 ^ _627_/CLK (sky130_fd_sc_hd__dfrtp_1)
                                  0.000000   10.258367   clock reconvergence pessimism
                                 -0.069041   10.189325   library setup time
                                             10.189325   data required time
---------------------------------------------------------------------------------------------
                                             10.189325   data required time
                                             -1.781805   data arrival time
---------------------------------------------------------------------------------------------
                                              8.407520   slack (MET)


Startpoint: _554_ (rising edge-triggered flip-flop clocked by wclk)
Endpoint: _628_ (rising edge-triggered flip-flop clocked by wclk)
Path Group: wclk
Path Type: max

Fanout         Cap        Slew       Delay        Time   Description
---------------------------------------------------------------------------------------------
                                  0.000000    0.000000   clock wclk (rise edge)
                                  0.000000    0.000000   clock source latency
     1    0.021811    0.000000    0.000000    0.000000 ^ wclk (in)
                                                         wclk (net)
                      0.002573    0.001286    0.001286 ^ clkbuf_0_wclk/A (sky130_fd_sc_hd__clkbuf_16)
    16    0.119684    0.103747    0.131486    0.132773 ^ clkbuf_0_wclk/X (sky130_fd_sc_hd__clkbuf_16)
                                                         clknet_0_wclk (net)
                      0.103842    0.002573    0.135346 ^ clkbuf_4_13_0_wclk/A (sky130_fd_sc_hd__clkbuf_8)
    10    0.035195    0.055923    0.122190    0.257536 ^ clkbuf_4_13_0_wclk/X (sky130_fd_sc_hd__clkbuf_8)
                                                         clknet_4_13_0_wclk (net)
                      0.055930    0.000634    0.258170 ^ _554_/CLK (sky130_fd_sc_hd__dfrtp_1)
     2    0.009435    0.049843    0.252974    0.511144 v _554_/Q (sky130_fd_sc_hd__dfrtp_1)
                                                         r_ptr_gray_sync[4] (net)
                      0.049843    0.000230    0.511373 v _291_/A (sky130_fd_sc_hd__xor2_1)
     3    0.012201    0.201777    0.195160    0.706533 ^ _291_/X (sky130_fd_sc_hd__xor2_1)
                                                         _171_ (net)
                      0.201778    0.000292    0.706824 ^ _292_/B (sky130_fd_sc_hd__xnor2_1)
     3    0.010990    0.195893    0.124805    0.831630 ^ _292_/Y (sky130_fd_sc_hd__xnor2_1)
                                                         _172_ (net)
                      0.195894    0.000367    0.831997 ^ _293_/B (sky130_fd_sc_hd__xnor2_1)
     1    0.004955    0.111870    0.090254    0.922251 ^ _293_/Y (sky130_fd_sc_hd__xnor2_1)
                                                         _173_ (net)
                      0.111870    0.000163    0.922415 ^ _297_/S (sky130_fd_sc_hd__mux2_1)
     2    0.007110    0.054715    0.211240    1.133655 v _297_/X (sky130_fd_sc_hd__mux2_1)
                                                         _177_ (net)
                      0.054715    0.000193    1.133847 v _329_/A1 (sky130_fd_sc_hd__a21boi_2)
     3    0.018258    0.172662    0.172309    1.306157 ^ _329_/Y (sky130_fd_sc_hd__a21boi_2)
                                                         _198_ (net)
                      0.172665    0.000618    1.306774 ^ max_cap23/A (sky130_fd_sc_hd__buf_8)
    20    0.119718    0.148566    0.163296    1.470070 ^ max_cap23/X (sky130_fd_sc_hd__buf_8)
                                                         net23 (net)
                      0.148749    0.004272    1.474343 ^ _340_/C (sky130_fd_sc_hd__nand4_4)
    10    0.059886    0.199677    0.161195    1.635537 v _340_/Y (sky130_fd_sc_hd__nand4_4)
                                                         _204_ (net)
                      0.199703    0.001765    1.637302 v _344_/B (sky130_fd_sc_hd__xnor2_1)
     1    0.003232    0.043921    0.133680    1.770983 v _344_/Y (sky130_fd_sc_hd__xnor2_1)
                                                         u_wrptr_handler.b_wptr_next[4] (net)
                      0.043921    0.000103    1.771086 v _628_/D (sky130_fd_sc_hd__dfrtp_2)
                                              1.771086   data arrival time

                                 10.000000   10.000000   clock wclk (rise edge)
                                  0.000000   10.000000   clock source latency
     1    0.021811    0.000000    0.000000   10.000000 ^ wclk (in)
                                                         wclk (net)
                      0.002573    0.001286   10.001287 ^ clkbuf_0_wclk/A (sky130_fd_sc_hd__clkbuf_16)
    16    0.119684    0.103747    0.131487   10.132773 ^ clkbuf_0_wclk/X (sky130_fd_sc_hd__clkbuf_16)
                                                         clknet_0_wclk (net)
                      0.103842    0.002573   10.135346 ^ clkbuf_4_13_0_wclk/A (sky130_fd_sc_hd__clkbuf_8)
    10    0.035195    0.055923    0.122190   10.257537 ^ clkbuf_4_13_0_wclk/X (sky130_fd_sc_hd__clkbuf_8)
                                                         clknet_4_13_0_wclk (net)
                      0.055930    0.000656   10.258193 ^ _628_/CLK (sky130_fd_sc_hd__dfrtp_2)
                                  0.000000   10.258193   clock reconvergence pessimism
                                 -0.075615   10.182578   library setup time
                                             10.182578   data required time
---------------------------------------------------------------------------------------------
                                             10.182578   data required time
                                             -1.771086   data arrival time
---------------------------------------------------------------------------------------------
                                              8.411492   slack (MET)


Startpoint: _554_ (rising edge-triggered flip-flop clocked by wclk)
Endpoint: _632_ (rising edge-triggered flip-flop clocked by wclk)
Path Group: wclk
Path Type: max

Fanout         Cap        Slew       Delay        Time   Description
---------------------------------------------------------------------------------------------
                                  0.000000    0.000000   clock wclk (rise edge)
                                  0.000000    0.000000   clock source latency
     1    0.021811    0.000000    0.000000    0.000000 ^ wclk (in)
                                                         wclk (net)
                      0.002573    0.001286    0.001286 ^ clkbuf_0_wclk/A (sky130_fd_sc_hd__clkbuf_16)
    16    0.119684    0.103747    0.131486    0.132773 ^ clkbuf_0_wclk/X (sky130_fd_sc_hd__clkbuf_16)
                                                         clknet_0_wclk (net)
                      0.103842    0.002573    0.135346 ^ clkbuf_4_13_0_wclk/A (sky130_fd_sc_hd__clkbuf_8)
    10    0.035195    0.055923    0.122190    0.257536 ^ clkbuf_4_13_0_wclk/X (sky130_fd_sc_hd__clkbuf_8)
                                                         clknet_4_13_0_wclk (net)
                      0.055930    0.000634    0.258170 ^ _554_/CLK (sky130_fd_sc_hd__dfrtp_1)
     2    0.009435    0.049843    0.252974    0.511144 v _554_/Q (sky130_fd_sc_hd__dfrtp_1)
                                                         r_ptr_gray_sync[4] (net)
                      0.049843    0.000230    0.511373 v _291_/A (sky130_fd_sc_hd__xor2_1)
     3    0.012201    0.201777    0.195160    0.706533 ^ _291_/X (sky130_fd_sc_hd__xor2_1)
                                                         _171_ (net)
                      0.201778    0.000292    0.706824 ^ _292_/B (sky130_fd_sc_hd__xnor2_1)
     3    0.010990    0.195893    0.124805    0.831630 ^ _292_/Y (sky130_fd_sc_hd__xnor2_1)
                                                         _172_ (net)
                      0.195894    0.000367    0.831997 ^ _293_/B (sky130_fd_sc_hd__xnor2_1)
     1    0.004955    0.111870    0.090254    0.922251 ^ _293_/Y (sky130_fd_sc_hd__xnor2_1)
                                                         _173_ (net)
                      0.111870    0.000163    0.922415 ^ _297_/S (sky130_fd_sc_hd__mux2_1)
     2    0.007110    0.054715    0.211240    1.133655 v _297_/X (sky130_fd_sc_hd__mux2_1)
                                                         _177_ (net)
                      0.054715    0.000193    1.133847 v _329_/A1 (sky130_fd_sc_hd__a21boi_2)
     3    0.018258    0.172662    0.172309    1.306157 ^ _329_/Y (sky130_fd_sc_hd__a21boi_2)
                                                         _198_ (net)
                      0.172665    0.000618    1.306774 ^ max_cap23/A (sky130_fd_sc_hd__buf_8)
    20    0.119718    0.148566    0.163296    1.470070 ^ max_cap23/X (sky130_fd_sc_hd__buf_8)
                                                         net23 (net)
                      0.148589    0.001546    1.471617 ^ _341_/A4 (sky130_fd_sc_hd__a41o_1)
     2    0.009750    0.078585    0.143267    1.614883 ^ _341_/X (sky130_fd_sc_hd__a41o_1)
                                                         _205_ (net)
                      0.078585    0.000283    1.615166 ^ _345_/B (sky130_fd_sc_hd__xor2_1)
     1    0.003207    0.085595    0.095901    1.711067 ^ _345_/X (sky130_fd_sc_hd__xor2_1)
                                                         u_wrptr_handler.g_wptr_next[3] (net)
                      0.085595    0.000097    1.711165 ^ _632_/D (sky130_fd_sc_hd__dfrtp_1)
                                              1.711165   data arrival time

                                 10.000000   10.000000   clock wclk (rise edge)
                                  0.000000   10.000000   clock source latency
     1    0.021811    0.000000    0.000000   10.000000 ^ wclk (in)
                                                         wclk (net)
                      0.002573    0.001286   10.001287 ^ clkbuf_0_wclk/A (sky130_fd_sc_hd__clkbuf_16)
    16    0.119684    0.103747    0.131487   10.132773 ^ clkbuf_0_wclk/X (sky130_fd_sc_hd__clkbuf_16)
                                                         clknet_0_wclk (net)
                      0.103842    0.002573   10.135346 ^ clkbuf_4_13_0_wclk/A (sky130_fd_sc_hd__clkbuf_8)
    10    0.035195    0.055923    0.122190   10.257537 ^ clkbuf_4_13_0_wclk/X (sky130_fd_sc_hd__clkbuf_8)
                                                         clknet_4_13_0_wclk (net)
                      0.055932    0.000698   10.258235 ^ _632_/CLK (sky130_fd_sc_hd__dfrtp_1)
                                  0.000000   10.258235   clock reconvergence pessimism
                                 -0.038064   10.220171   library setup time
                                             10.220171   data required time
---------------------------------------------------------------------------------------------
                                             10.220171   data required time
                                             -1.711165   data arrival time
---------------------------------------------------------------------------------------------
                                              8.509007   slack (MET)


Startpoint: _554_ (rising edge-triggered flip-flop clocked by wclk)
Endpoint: _630_ (rising edge-triggered flip-flop clocked by wclk)
Path Group: wclk
Path Type: max

Fanout         Cap        Slew       Delay        Time   Description
---------------------------------------------------------------------------------------------
                                  0.000000    0.000000   clock wclk (rise edge)
                                  0.000000    0.000000   clock source latency
     1    0.021811    0.000000    0.000000    0.000000 ^ wclk (in)
                                                         wclk (net)
                      0.002573    0.001286    0.001286 ^ clkbuf_0_wclk/A (sky130_fd_sc_hd__clkbuf_16)
    16    0.119684    0.103747    0.131486    0.132773 ^ clkbuf_0_wclk/X (sky130_fd_sc_hd__clkbuf_16)
                                                         clknet_0_wclk (net)
                      0.103842    0.002573    0.135346 ^ clkbuf_4_13_0_wclk/A (sky130_fd_sc_hd__clkbuf_8)
    10    0.035195    0.055923    0.122190    0.257536 ^ clkbuf_4_13_0_wclk/X (sky130_fd_sc_hd__clkbuf_8)
                                                         clknet_4_13_0_wclk (net)
                      0.055930    0.000634    0.258170 ^ _554_/CLK (sky130_fd_sc_hd__dfrtp_1)
     2    0.009435    0.049843    0.252974    0.511144 v _554_/Q (sky130_fd_sc_hd__dfrtp_1)
                                                         r_ptr_gray_sync[4] (net)
                      0.049843    0.000230    0.511373 v _291_/A (sky130_fd_sc_hd__xor2_1)
     3    0.012201    0.201777    0.195160    0.706533 ^ _291_/X (sky130_fd_sc_hd__xor2_1)
                                                         _171_ (net)
                      0.201778    0.000292    0.706824 ^ _292_/B (sky130_fd_sc_hd__xnor2_1)
     3    0.010990    0.195893    0.124805    0.831630 ^ _292_/Y (sky130_fd_sc_hd__xnor2_1)
                                                         _172_ (net)
                      0.195894    0.000367    0.831997 ^ _293_/B (sky130_fd_sc_hd__xnor2_1)
     1    0.004955    0.111870    0.090254    0.922251 ^ _293_/Y (sky130_fd_sc_hd__xnor2_1)
                                                         _173_ (net)
                      0.111870    0.000163    0.922415 ^ _297_/S (sky130_fd_sc_hd__mux2_1)
     2    0.007110    0.054715    0.211240    1.133655 v _297_/X (sky130_fd_sc_hd__mux2_1)
                                                         _177_ (net)
                      0.054715    0.000193    1.133847 v _329_/A1 (sky130_fd_sc_hd__a21boi_2)
     3    0.018258    0.172662    0.172309    1.306157 ^ _329_/Y (sky130_fd_sc_hd__a21boi_2)
                                                         _198_ (net)
                      0.172665    0.000618    1.306774 ^ max_cap23/A (sky130_fd_sc_hd__buf_8)
    20    0.119718    0.148566    0.163296    1.470070 ^ max_cap23/X (sky130_fd_sc_hd__buf_8)
                                                         net23 (net)
                      0.148728    0.004025    1.474096 ^ _333_/A2 (sky130_fd_sc_hd__a21oi_1)
     2    0.008232    0.089088    0.075279    1.549375 v _333_/Y (sky130_fd_sc_hd__a21oi_1)
                                                         _201_ (net)
                      0.089088    0.000223    1.549598 v _338_/B (sky130_fd_sc_hd__xnor2_1)
     1    0.003296    0.040798    0.099593    1.649190 v _338_/Y (sky130_fd_sc_hd__xnor2_1)
                                                         u_wrptr_handler.g_wptr_next[1] (net)
                      0.040798    0.000102    1.649292 v _630_/D (sky130_fd_sc_hd__dfrtp_1)
                                              1.649292   data arrival time

                                 10.000000   10.000000   clock wclk (rise edge)
                                  0.000000   10.000000   clock source latency
     1    0.021811    0.000000    0.000000   10.000000 ^ wclk (in)
                                                         wclk (net)
                      0.002573    0.001286   10.001287 ^ clkbuf_0_wclk/A (sky130_fd_sc_hd__clkbuf_16)
    16    0.119684    0.103747    0.131487   10.132773 ^ clkbuf_0_wclk/X (sky130_fd_sc_hd__clkbuf_16)
                                                         clknet_0_wclk (net)
                      0.103835    0.002474   10.135246 ^ clkbuf_4_7_0_wclk/A (sky130_fd_sc_hd__clkbuf_8)
    11    0.033852    0.054304    0.120928   10.256175 ^ clkbuf_4_7_0_wclk/X (sky130_fd_sc_hd__clkbuf_8)
                                                         clknet_4_7_0_wclk (net)
                      0.054311    0.000637   10.256812 ^ _630_/CLK (sky130_fd_sc_hd__dfrtp_1)
                                  0.000000   10.256812   clock reconvergence pessimism
                                 -0.073437   10.183375   library setup time
                                             10.183375   data required time
---------------------------------------------------------------------------------------------
                                             10.183375   data required time
                                             -1.649292   data arrival time
---------------------------------------------------------------------------------------------
                                              8.534083   slack (MET)


Startpoint: _554_ (rising edge-triggered flip-flop clocked by wclk)
Endpoint: _629_ (rising edge-triggered flip-flop clocked by wclk)
Path Group: wclk
Path Type: max

Fanout         Cap        Slew       Delay        Time   Description
---------------------------------------------------------------------------------------------
                                  0.000000    0.000000   clock wclk (rise edge)
                                  0.000000    0.000000   clock source latency
     1    0.021811    0.000000    0.000000    0.000000 ^ wclk (in)
                                                         wclk (net)
                      0.002573    0.001286    0.001286 ^ clkbuf_0_wclk/A (sky130_fd_sc_hd__clkbuf_16)
    16    0.119684    0.103747    0.131486    0.132773 ^ clkbuf_0_wclk/X (sky130_fd_sc_hd__clkbuf_16)
                                                         clknet_0_wclk (net)
                      0.103842    0.002573    0.135346 ^ clkbuf_4_13_0_wclk/A (sky130_fd_sc_hd__clkbuf_8)
    10    0.035195    0.055923    0.122190    0.257536 ^ clkbuf_4_13_0_wclk/X (sky130_fd_sc_hd__clkbuf_8)
                                                         clknet_4_13_0_wclk (net)
                      0.055930    0.000634    0.258170 ^ _554_/CLK (sky130_fd_sc_hd__dfrtp_1)
     2    0.009435    0.049843    0.252974    0.511144 v _554_/Q (sky130_fd_sc_hd__dfrtp_1)
                                                         r_ptr_gray_sync[4] (net)
                      0.049843    0.000230    0.511373 v _291_/A (sky130_fd_sc_hd__xor2_1)
     3    0.012201    0.201777    0.195160    0.706533 ^ _291_/X (sky130_fd_sc_hd__xor2_1)
                                                         _171_ (net)
                      0.201778    0.000292    0.706824 ^ _292_/B (sky130_fd_sc_hd__xnor2_1)
     3    0.010990    0.195893    0.124805    0.831630 ^ _292_/Y (sky130_fd_sc_hd__xnor2_1)
                                                         _172_ (net)
                      0.195894    0.000367    0.831997 ^ _293_/B (sky130_fd_sc_hd__xnor2_1)
     1    0.004955    0.111870    0.090254    0.922251 ^ _293_/Y (sky130_fd_sc_hd__xnor2_1)
                                                         _173_ (net)
                      0.111870    0.000163    0.922415 ^ _297_/S (sky130_fd_sc_hd__mux2_1)
     2    0.007110    0.054715    0.211240    1.133655 v _297_/X (sky130_fd_sc_hd__mux2_1)
                                                         _177_ (net)
                      0.054715    0.000193    1.133847 v _329_/A1 (sky130_fd_sc_hd__a21boi_2)
     3    0.018258    0.172662    0.172309    1.306157 ^ _329_/Y (sky130_fd_sc_hd__a21boi_2)
                                                         _198_ (net)
                      0.172665    0.000618    1.306774 ^ max_cap23/A (sky130_fd_sc_hd__buf_8)
    20    0.119718    0.148566    0.163296    1.470070 ^ max_cap23/X (sky130_fd_sc_hd__buf_8)
                                                         net23 (net)
                      0.148748    0.004260    1.474330 ^ _330_/B (sky130_fd_sc_hd__nor2_1)
     1    0.004954    0.064486    0.036177    1.510506 v _330_/Y (sky130_fd_sc_hd__nor2_1)
                                                         _199_ (net)
                      0.064486    0.000102    1.510609 v _335_/B (sky130_fd_sc_hd__xnor2_1)
     1    0.005905    0.064779    0.099622    1.610231 v _335_/Y (sky130_fd_sc_hd__xnor2_1)
                                                         u_wrptr_handler.g_wptr_next[0] (net)
                      0.064781    0.000228    1.610459 v _629_/D (sky130_fd_sc_hd__dfrtp_1)
                                              1.610459   data arrival time

                                 10.000000   10.000000   clock wclk (rise edge)
                                  0.000000   10.000000   clock source latency
     1    0.021811    0.000000    0.000000   10.000000 ^ wclk (in)
                                                         wclk (net)
                      0.002573    0.001286   10.001287 ^ clkbuf_0_wclk/A (sky130_fd_sc_hd__clkbuf_16)
    16    0.119684    0.103747    0.131487   10.132773 ^ clkbuf_0_wclk/X (sky130_fd_sc_hd__clkbuf_16)
                                                         clknet_0_wclk (net)
                      0.103842    0.002573   10.135346 ^ clkbuf_4_13_0_wclk/A (sky130_fd_sc_hd__clkbuf_8)
    10    0.035195    0.055923    0.122190   10.257537 ^ clkbuf_4_13_0_wclk/X (sky130_fd_sc_hd__clkbuf_8)
                                                         clknet_4_13_0_wclk (net)
                      0.055927    0.000503   10.258039 ^ _629_/CLK (sky130_fd_sc_hd__dfrtp_1)
                                  0.000000   10.258039   clock reconvergence pessimism
                                 -0.081837   10.176202   library setup time
                                             10.176202   data required time
---------------------------------------------------------------------------------------------
                                             10.176202   data required time
                                             -1.610459   data arrival time
---------------------------------------------------------------------------------------------
                                              8.565742   slack (MET)


Startpoint: _554_ (rising edge-triggered flip-flop clocked by wclk)
Endpoint: _631_ (rising edge-triggered flip-flop clocked by wclk)
Path Group: wclk
Path Type: max

Fanout         Cap        Slew       Delay        Time   Description
---------------------------------------------------------------------------------------------
                                  0.000000    0.000000   clock wclk (rise edge)
                                  0.000000    0.000000   clock source latency
     1    0.021811    0.000000    0.000000    0.000000 ^ wclk (in)
                                                         wclk (net)
                      0.002573    0.001286    0.001286 ^ clkbuf_0_wclk/A (sky130_fd_sc_hd__clkbuf_16)
    16    0.119684    0.103747    0.131486    0.132773 ^ clkbuf_0_wclk/X (sky130_fd_sc_hd__clkbuf_16)
                                                         clknet_0_wclk (net)
                      0.103842    0.002573    0.135346 ^ clkbuf_4_13_0_wclk/A (sky130_fd_sc_hd__clkbuf_8)
    10    0.035195    0.055923    0.122190    0.257536 ^ clkbuf_4_13_0_wclk/X (sky130_fd_sc_hd__clkbuf_8)
                                                         clknet_4_13_0_wclk (net)
                      0.055930    0.000634    0.258170 ^ _554_/CLK (sky130_fd_sc_hd__dfrtp_1)
     2    0.009435    0.049843    0.252974    0.511144 v _554_/Q (sky130_fd_sc_hd__dfrtp_1)
                                                         r_ptr_gray_sync[4] (net)
                      0.049843    0.000230    0.511373 v _291_/A (sky130_fd_sc_hd__xor2_1)
     3    0.012201    0.201777    0.195160    0.706533 ^ _291_/X (sky130_fd_sc_hd__xor2_1)
                                                         _171_ (net)
                      0.201778    0.000292    0.706824 ^ _292_/B (sky130_fd_sc_hd__xnor2_1)
     3    0.010990    0.195893    0.124805    0.831630 ^ _292_/Y (sky130_fd_sc_hd__xnor2_1)
                                                         _172_ (net)
                      0.195894    0.000367    0.831997 ^ _293_/B (sky130_fd_sc_hd__xnor2_1)
     1    0.004955    0.111870    0.090254    0.922251 ^ _293_/Y (sky130_fd_sc_hd__xnor2_1)
                                                         _173_ (net)
                      0.111870    0.000163    0.922415 ^ _297_/S (sky130_fd_sc_hd__mux2_1)
     2    0.007110    0.054715    0.211240    1.133655 v _297_/X (sky130_fd_sc_hd__mux2_1)
                                                         _177_ (net)
                      0.054715    0.000193    1.133847 v _329_/A1 (sky130_fd_sc_hd__a21boi_2)
     3    0.018258    0.172662    0.172309    1.306157 ^ _329_/Y (sky130_fd_sc_hd__a21boi_2)
                                                         _198_ (net)
                      0.172665    0.000618    1.306774 ^ max_cap23/A (sky130_fd_sc_hd__buf_8)
    20    0.119718    0.148566    0.163296    1.470070 ^ max_cap23/X (sky130_fd_sc_hd__buf_8)
                                                         net23 (net)
                      0.148592    0.001642    1.471712 ^ _336_/A3 (sky130_fd_sc_hd__a31o_1)
     1    0.004990    0.046588    0.105513    1.577225 ^ _336_/X (sky130_fd_sc_hd__a31o_1)
                                                         _202_ (net)
                      0.046588    0.000101    1.577326 ^ _343_/B (sky130_fd_sc_hd__xnor2_1)
     1    0.002495    0.030989    0.034576    1.611902 v _343_/Y (sky130_fd_sc_hd__xnor2_1)
                                                         u_wrptr_handler.g_wptr_next[2] (net)
                      0.030989    0.000070    1.611972 v _631_/D (sky130_fd_sc_hd__dfrtp_1)
                                              1.611972   data arrival time

                                 10.000000   10.000000   clock wclk (rise edge)
                                  0.000000   10.000000   clock source latency
     1    0.021811    0.000000    0.000000   10.000000 ^ wclk (in)
                                                         wclk (net)
                      0.002573    0.001286   10.001287 ^ clkbuf_0_wclk/A (sky130_fd_sc_hd__clkbuf_16)
    16    0.119684    0.103747    0.131487   10.132773 ^ clkbuf_0_wclk/X (sky130_fd_sc_hd__clkbuf_16)
                                                         clknet_0_wclk (net)
                      0.103842    0.002573   10.135346 ^ clkbuf_4_13_0_wclk/A (sky130_fd_sc_hd__clkbuf_8)
    10    0.035195    0.055923    0.122190   10.257537 ^ clkbuf_4_13_0_wclk/X (sky130_fd_sc_hd__clkbuf_8)
                                                         clknet_4_13_0_wclk (net)
                      0.055937    0.000833   10.258369 ^ _631_/CLK (sky130_fd_sc_hd__dfrtp_1)
                                  0.000000   10.258369   clock reconvergence pessimism
                                 -0.069781   10.188589   library setup time
                                             10.188589   data required time
---------------------------------------------------------------------------------------------
                                             10.188589   data required time
                                             -1.611972   data arrival time
---------------------------------------------------------------------------------------------
                                              8.576617   slack (MET)


Startpoint: _554_ (rising edge-triggered flip-flop clocked by wclk)
Endpoint: _625_ (rising edge-triggered flip-flop clocked by wclk)
Path Group: wclk
Path Type: max

Fanout         Cap        Slew       Delay        Time   Description
---------------------------------------------------------------------------------------------
                                  0.000000    0.000000   clock wclk (rise edge)
                                  0.000000    0.000000   clock source latency
     1    0.021811    0.000000    0.000000    0.000000 ^ wclk (in)
                                                         wclk (net)
                      0.002573    0.001286    0.001286 ^ clkbuf_0_wclk/A (sky130_fd_sc_hd__clkbuf_16)
    16    0.119684    0.103747    0.131486    0.132773 ^ clkbuf_0_wclk/X (sky130_fd_sc_hd__clkbuf_16)
                                                         clknet_0_wclk (net)
                      0.103842    0.002573    0.135346 ^ clkbuf_4_13_0_wclk/A (sky130_fd_sc_hd__clkbuf_8)
    10    0.035195    0.055923    0.122190    0.257536 ^ clkbuf_4_13_0_wclk/X (sky130_fd_sc_hd__clkbuf_8)
                                                         clknet_4_13_0_wclk (net)
                      0.055930    0.000634    0.258170 ^ _554_/CLK (sky130_fd_sc_hd__dfrtp_1)
     2    0.009435    0.049843    0.252974    0.511144 v _554_/Q (sky130_fd_sc_hd__dfrtp_1)
                                                         r_ptr_gray_sync[4] (net)
                      0.049843    0.000230    0.511373 v _291_/A (sky130_fd_sc_hd__xor2_1)
     3    0.012201    0.201777    0.195160    0.706533 ^ _291_/X (sky130_fd_sc_hd__xor2_1)
                                                         _171_ (net)
                      0.201778    0.000292    0.706824 ^ _292_/B (sky130_fd_sc_hd__xnor2_1)
     3    0.010990    0.195893    0.124805    0.831630 ^ _292_/Y (sky130_fd_sc_hd__xnor2_1)
                                                         _172_ (net)
                      0.195894    0.000367    0.831997 ^ _293_/B (sky130_fd_sc_hd__xnor2_1)
     1    0.004955    0.111870    0.090254    0.922251 ^ _293_/Y (sky130_fd_sc_hd__xnor2_1)
                                                         _173_ (net)
                      0.111870    0.000163    0.922415 ^ _297_/S (sky130_fd_sc_hd__mux2_1)
     2    0.007110    0.054715    0.211240    1.133655 v _297_/X (sky130_fd_sc_hd__mux2_1)
                                                         _177_ (net)
                      0.054715    0.000193    1.133847 v _329_/A1 (sky130_fd_sc_hd__a21boi_2)
     3    0.018258    0.172662    0.172309    1.306157 ^ _329_/Y (sky130_fd_sc_hd__a21boi_2)
                                                         _198_ (net)
                      0.172665    0.000618    1.306774 ^ max_cap23/A (sky130_fd_sc_hd__buf_8)
    20    0.119718    0.148566    0.163296    1.470070 ^ max_cap23/X (sky130_fd_sc_hd__buf_8)
                                                         net23 (net)
                      0.148728    0.004025    1.474096 ^ _333_/A2 (sky130_fd_sc_hd__a21oi_1)
     2    0.008232    0.089088    0.075279    1.549375 v _333_/Y (sky130_fd_sc_hd__a21oi_1)
                                                         _201_ (net)
                      0.089088    0.000198    1.549573 v _334_/B (sky130_fd_sc_hd__nor2_1)
     1    0.003120    0.062660    0.079684    1.629257 ^ _334_/Y (sky130_fd_sc_hd__nor2_1)
                                                         u_wrptr_handler.b_wptr_next[1] (net)
                      0.062660    0.000095    1.629353 ^ _625_/D (sky130_fd_sc_hd__dfrtp_4)
                                              1.629353   data arrival time

                                 10.000000   10.000000   clock wclk (rise edge)
                                  0.000000   10.000000   clock source latency
     1    0.021811    0.000000    0.000000   10.000000 ^ wclk (in)
                                                         wclk (net)
                      0.002573    0.001286   10.001287 ^ clkbuf_0_wclk/A (sky130_fd_sc_hd__clkbuf_16)
    16    0.119684    0.103747    0.131487   10.132773 ^ clkbuf_0_wclk/X (sky130_fd_sc_hd__clkbuf_16)
                                                         clknet_0_wclk (net)
                      0.103831    0.002413   10.135186 ^ clkbuf_4_6_0_wclk/A (sky130_fd_sc_hd__clkbuf_8)
     8    0.033994    0.054491    0.121156   10.256342 ^ clkbuf_4_6_0_wclk/X (sky130_fd_sc_hd__clkbuf_8)
                                                         clknet_4_6_0_wclk (net)
                      0.054494    0.000426   10.256768 ^ _625_/CLK (sky130_fd_sc_hd__dfrtp_4)
                                  0.000000   10.256768   clock reconvergence pessimism
                                 -0.039766   10.217002   library setup time
                                             10.217002   data required time
---------------------------------------------------------------------------------------------
                                             10.217002   data required time
                                             -1.629353   data arrival time
---------------------------------------------------------------------------------------------
                                              8.587649   slack (MET)


Startpoint: _554_ (rising edge-triggered flip-flop clocked by wclk)
Endpoint: _626_ (rising edge-triggered flip-flop clocked by wclk)
Path Group: wclk
Path Type: max

Fanout         Cap        Slew       Delay        Time   Description
---------------------------------------------------------------------------------------------
                                  0.000000    0.000000   clock wclk (rise edge)
                                  0.000000    0.000000   clock source latency
     1    0.021811    0.000000    0.000000    0.000000 ^ wclk (in)
                                                         wclk (net)
                      0.002573    0.001286    0.001286 ^ clkbuf_0_wclk/A (sky130_fd_sc_hd__clkbuf_16)
    16    0.119684    0.103747    0.131486    0.132773 ^ clkbuf_0_wclk/X (sky130_fd_sc_hd__clkbuf_16)
                                                         clknet_0_wclk (net)
                      0.103842    0.002573    0.135346 ^ clkbuf_4_13_0_wclk/A (sky130_fd_sc_hd__clkbuf_8)
    10    0.035195    0.055923    0.122190    0.257536 ^ clkbuf_4_13_0_wclk/X (sky130_fd_sc_hd__clkbuf_8)
                                                         clknet_4_13_0_wclk (net)
                      0.055930    0.000634    0.258170 ^ _554_/CLK (sky130_fd_sc_hd__dfrtp_1)
     2    0.009435    0.049843    0.252974    0.511144 v _554_/Q (sky130_fd_sc_hd__dfrtp_1)
                                                         r_ptr_gray_sync[4] (net)
                      0.049843    0.000230    0.511373 v _291_/A (sky130_fd_sc_hd__xor2_1)
     3    0.012201    0.201777    0.195160    0.706533 ^ _291_/X (sky130_fd_sc_hd__xor2_1)
                                                         _171_ (net)
                      0.201778    0.000292    0.706824 ^ _292_/B (sky130_fd_sc_hd__xnor2_1)
     3    0.010990    0.195893    0.124805    0.831630 ^ _292_/Y (sky130_fd_sc_hd__xnor2_1)
                                                         _172_ (net)
                      0.195894    0.000367    0.831997 ^ _293_/B (sky130_fd_sc_hd__xnor2_1)
     1    0.004955    0.111870    0.090254    0.922251 ^ _293_/Y (sky130_fd_sc_hd__xnor2_1)
                                                         _173_ (net)
                      0.111870    0.000163    0.922415 ^ _297_/S (sky130_fd_sc_hd__mux2_1)
     2    0.007110    0.054715    0.211240    1.133655 v _297_/X (sky130_fd_sc_hd__mux2_1)
                                                         _177_ (net)
                      0.054715    0.000193    1.133847 v _329_/A1 (sky130_fd_sc_hd__a21boi_2)
     3    0.018258    0.172662    0.172309    1.306157 ^ _329_/Y (sky130_fd_sc_hd__a21boi_2)
                                                         _198_ (net)
                      0.172664    0.000446    1.306602 ^ _332_/C (sky130_fd_sc_hd__and3_1)
     2    0.008464    0.074584    0.137058    1.443660 ^ _332_/X (sky130_fd_sc_hd__and3_1)
                                                         _200_ (net)
                      0.074584    0.000212    1.443872 ^ _337_/B (sky130_fd_sc_hd__xor2_1)
     1    0.002642    0.078819    0.090263    1.534135 ^ _337_/X (sky130_fd_sc_hd__xor2_1)
                                                         u_wrptr_handler.b_wptr_next[2] (net)
                      0.078819    0.000056    1.534191 ^ _626_/D (sky130_fd_sc_hd__dfrtp_4)
                                              1.534191   data arrival time

                                 10.000000   10.000000   clock wclk (rise edge)
                                  0.000000   10.000000   clock source latency
     1    0.021811    0.000000    0.000000   10.000000 ^ wclk (in)
                                                         wclk (net)
                      0.002573    0.001286   10.001287 ^ clkbuf_0_wclk/A (sky130_fd_sc_hd__clkbuf_16)
    16    0.119684    0.103747    0.131487   10.132773 ^ clkbuf_0_wclk/X (sky130_fd_sc_hd__clkbuf_16)
                                                         clknet_0_wclk (net)
                      0.103835    0.002474   10.135246 ^ clkbuf_4_7_0_wclk/A (sky130_fd_sc_hd__clkbuf_8)
    11    0.033852    0.054304    0.120928   10.256175 ^ clkbuf_4_7_0_wclk/X (sky130_fd_sc_hd__clkbuf_8)
                                                         clknet_4_7_0_wclk (net)
                      0.054309    0.000562   10.256737 ^ _626_/CLK (sky130_fd_sc_hd__dfrtp_4)
                                  0.000000   10.256737   clock reconvergence pessimism
                                 -0.041367   10.215370   library setup time
                                             10.215370   data required time
---------------------------------------------------------------------------------------------
                                             10.215370   data required time
                                             -1.534191   data arrival time
---------------------------------------------------------------------------------------------
                                              8.681180   slack (MET)


Startpoint: _554_ (rising edge-triggered flip-flop clocked by wclk)
Endpoint: _624_ (rising edge-triggered flip-flop clocked by wclk)
Path Group: wclk
Path Type: max

Fanout         Cap        Slew       Delay        Time   Description
---------------------------------------------------------------------------------------------
                                  0.000000    0.000000   clock wclk (rise edge)
                                  0.000000    0.000000   clock source latency
     1    0.021811    0.000000    0.000000    0.000000 ^ wclk (in)
                                                         wclk (net)
                      0.002573    0.001286    0.001286 ^ clkbuf_0_wclk/A (sky130_fd_sc_hd__clkbuf_16)
    16    0.119684    0.103747    0.131486    0.132773 ^ clkbuf_0_wclk/X (sky130_fd_sc_hd__clkbuf_16)
                                                         clknet_0_wclk (net)
                      0.103842    0.002573    0.135346 ^ clkbuf_4_13_0_wclk/A (sky130_fd_sc_hd__clkbuf_8)
    10    0.035195    0.055923    0.122190    0.257536 ^ clkbuf_4_13_0_wclk/X (sky130_fd_sc_hd__clkbuf_8)
                                                         clknet_4_13_0_wclk (net)
                      0.055930    0.000634    0.258170 ^ _554_/CLK (sky130_fd_sc_hd__dfrtp_1)
     2    0.009435    0.049843    0.252974    0.511144 v _554_/Q (sky130_fd_sc_hd__dfrtp_1)
                                                         r_ptr_gray_sync[4] (net)
                      0.049843    0.000230    0.511373 v _291_/A (sky130_fd_sc_hd__xor2_1)
     3    0.012201    0.201777    0.195160    0.706533 ^ _291_/X (sky130_fd_sc_hd__xor2_1)
                                                         _171_ (net)
                      0.201778    0.000292    0.706824 ^ _292_/B (sky130_fd_sc_hd__xnor2_1)
     3    0.010990    0.195893    0.124805    0.831630 ^ _292_/Y (sky130_fd_sc_hd__xnor2_1)
                                                         _172_ (net)
                      0.195894    0.000367    0.831997 ^ _293_/B (sky130_fd_sc_hd__xnor2_1)
     1    0.004955    0.111870    0.090254    0.922251 ^ _293_/Y (sky130_fd_sc_hd__xnor2_1)
                                                         _173_ (net)
                      0.111870    0.000163    0.922415 ^ _297_/S (sky130_fd_sc_hd__mux2_1)
     2    0.007110    0.054715    0.211240    1.133655 v _297_/X (sky130_fd_sc_hd__mux2_1)
                                                         _177_ (net)
                      0.054715    0.000193    1.133847 v _329_/A1 (sky130_fd_sc_hd__a21boi_2)
     3    0.018258    0.172662    0.172309    1.306157 ^ _329_/Y (sky130_fd_sc_hd__a21boi_2)
                                                         _198_ (net)
                      0.172664    0.000444    1.306601 ^ _331_/B (sky130_fd_sc_hd__xor2_1)
     1    0.002655    0.082735    0.090474    1.397075 ^ _331_/X (sky130_fd_sc_hd__xor2_1)
                                                         u_wrptr_handler.b_wptr_next[0] (net)
                      0.082735    0.000075    1.397151 ^ _624_/D (sky130_fd_sc_hd__dfrtp_4)
                                              1.397151   data arrival time

                                 10.000000   10.000000   clock wclk (rise edge)
                                  0.000000   10.000000   clock source latency
     1    0.021811    0.000000    0.000000   10.000000 ^ wclk (in)
                                                         wclk (net)
                      0.002573    0.001286   10.001287 ^ clkbuf_0_wclk/A (sky130_fd_sc_hd__clkbuf_16)
    16    0.119684    0.103747    0.131487   10.132773 ^ clkbuf_0_wclk/X (sky130_fd_sc_hd__clkbuf_16)
                                                         clknet_0_wclk (net)
                      0.103835    0.002474   10.135246 ^ clkbuf_4_7_0_wclk/A (sky130_fd_sc_hd__clkbuf_8)
    11    0.033852    0.054304    0.120928   10.256175 ^ clkbuf_4_7_0_wclk/X (sky130_fd_sc_hd__clkbuf_8)
                                                         clknet_4_7_0_wclk (net)
                      0.054305    0.000338   10.256513 ^ _624_/CLK (sky130_fd_sc_hd__dfrtp_4)
                                  0.000000   10.256513   clock reconvergence pessimism
                                 -0.041754   10.214759   library setup time
                                             10.214759   data required time
---------------------------------------------------------------------------------------------
                                             10.214759   data required time
                                             -1.397151   data arrival time
---------------------------------------------------------------------------------------------
                                              8.817608   slack (MET)


Startpoint: _558_ (rising edge-triggered flip-flop clocked by wclk)
Endpoint: _553_ (rising edge-triggered flip-flop clocked by wclk)
Path Group: wclk
Path Type: max

Fanout         Cap        Slew       Delay        Time   Description
---------------------------------------------------------------------------------------------
                                  0.000000    0.000000   clock wclk (rise edge)
                                  0.000000    0.000000   clock source latency
     1    0.021811    0.000000    0.000000    0.000000 ^ wclk (in)
                                                         wclk (net)
                      0.002573    0.001286    0.001286 ^ clkbuf_0_wclk/A (sky130_fd_sc_hd__clkbuf_16)
    16    0.119684    0.103747    0.131486    0.132773 ^ clkbuf_0_wclk/X (sky130_fd_sc_hd__clkbuf_16)
                                                         clknet_0_wclk (net)
                      0.103842    0.002573    0.135346 ^ clkbuf_4_13_0_wclk/A (sky130_fd_sc_hd__clkbuf_8)
    10    0.035195    0.055923    0.122190    0.257536 ^ clkbuf_4_13_0_wclk/X (sky130_fd_sc_hd__clkbuf_8)
                                                         clknet_4_13_0_wclk (net)
                      0.055929    0.000594    0.258130 ^ _558_/CLK (sky130_fd_sc_hd__dfrtp_1)
     1    0.003304    0.029604    0.229950    0.488080 v _558_/Q (sky130_fd_sc_hd__dfrtp_1)
                                                         sync_grptr_to_wr.q1[3] (net)
                      0.029604    0.000097    0.488177 v _553_/D (sky130_fd_sc_hd__dfrtp_1)
                                              0.488177   data arrival time

                                 10.000000   10.000000   clock wclk (rise edge)
                                  0.000000   10.000000   clock source latency
     1    0.021811    0.000000    0.000000   10.000000 ^ wclk (in)
                                                         wclk (net)
                      0.002573    0.001286   10.001287 ^ clkbuf_0_wclk/A (sky130_fd_sc_hd__clkbuf_16)
    16    0.119684    0.103747    0.131487   10.132773 ^ clkbuf_0_wclk/X (sky130_fd_sc_hd__clkbuf_16)
                                                         clknet_0_wclk (net)
                      0.103842    0.002573   10.135346 ^ clkbuf_4_13_0_wclk/A (sky130_fd_sc_hd__clkbuf_8)
    10    0.035195    0.055923    0.122190   10.257537 ^ clkbuf_4_13_0_wclk/X (sky130_fd_sc_hd__clkbuf_8)
                                                         clknet_4_13_0_wclk (net)
                      0.055929    0.000618   10.258155 ^ _553_/CLK (sky130_fd_sc_hd__dfrtp_1)
                                  0.000000   10.258155   clock reconvergence pessimism
                                 -0.069287   10.188868   library setup time
                                             10.188868   data required time
---------------------------------------------------------------------------------------------
                                             10.188868   data required time
                                             -0.488177   data arrival time
---------------------------------------------------------------------------------------------
                                              9.700691   slack (MET)


Startpoint: _557_ (rising edge-triggered flip-flop clocked by wclk)
Endpoint: _552_ (rising edge-triggered flip-flop clocked by wclk)
Path Group: wclk
Path Type: max

Fanout         Cap        Slew       Delay        Time   Description
---------------------------------------------------------------------------------------------
                                  0.000000    0.000000   clock wclk (rise edge)
                                  0.000000    0.000000   clock source latency
     1    0.021811    0.000000    0.000000    0.000000 ^ wclk (in)
                                                         wclk (net)
                      0.002573    0.001286    0.001286 ^ clkbuf_0_wclk/A (sky130_fd_sc_hd__clkbuf_16)
    16    0.119684    0.103747    0.131486    0.132773 ^ clkbuf_0_wclk/X (sky130_fd_sc_hd__clkbuf_16)
                                                         clknet_0_wclk (net)
                      0.103835    0.002474    0.135246 ^ clkbuf_4_7_0_wclk/A (sky130_fd_sc_hd__clkbuf_8)
    11    0.033852    0.054304    0.120929    0.256175 ^ clkbuf_4_7_0_wclk/X (sky130_fd_sc_hd__clkbuf_8)
                                                         clknet_4_7_0_wclk (net)
                      0.054328    0.001051    0.257226 ^ _557_/CLK (sky130_fd_sc_hd__dfrtp_1)
     1    0.003093    0.028853    0.228456    0.485682 v _557_/Q (sky130_fd_sc_hd__dfrtp_1)
                                                         sync_grptr_to_wr.q1[2] (net)
                      0.028853    0.000096    0.485778 v _552_/D (sky130_fd_sc_hd__dfrtp_1)
                                              0.485778   data arrival time

                                 10.000000   10.000000   clock wclk (rise edge)
                                  0.000000   10.000000   clock source latency
     1    0.021811    0.000000    0.000000   10.000000 ^ wclk (in)
                                                         wclk (net)
                      0.002573    0.001286   10.001287 ^ clkbuf_0_wclk/A (sky130_fd_sc_hd__clkbuf_16)
    16    0.119684    0.103747    0.131487   10.132773 ^ clkbuf_0_wclk/X (sky130_fd_sc_hd__clkbuf_16)
                                                         clknet_0_wclk (net)
                      0.103835    0.002474   10.135246 ^ clkbuf_4_7_0_wclk/A (sky130_fd_sc_hd__clkbuf_8)
    11    0.033852    0.054304    0.120928   10.256175 ^ clkbuf_4_7_0_wclk/X (sky130_fd_sc_hd__clkbuf_8)
                                                         clknet_4_7_0_wclk (net)
                      0.054328    0.001035   10.257210 ^ _552_/CLK (sky130_fd_sc_hd__dfrtp_1)
                                  0.000000   10.257210   clock reconvergence pessimism
                                 -0.069173   10.188037   library setup time
                                             10.188037   data required time
---------------------------------------------------------------------------------------------
                                             10.188037   data required time
                                             -0.485778   data arrival time
---------------------------------------------------------------------------------------------
                                              9.702259   slack (MET)


Startpoint: _556_ (rising edge-triggered flip-flop clocked by wclk)
Endpoint: _551_ (rising edge-triggered flip-flop clocked by wclk)
Path Group: wclk
Path Type: max

Fanout         Cap        Slew       Delay        Time   Description
---------------------------------------------------------------------------------------------
                                  0.000000    0.000000   clock wclk (rise edge)
                                  0.000000    0.000000   clock source latency
     1    0.021811    0.000000    0.000000    0.000000 ^ wclk (in)
                                                         wclk (net)
                      0.002573    0.001286    0.001286 ^ clkbuf_0_wclk/A (sky130_fd_sc_hd__clkbuf_16)
    16    0.119684    0.103747    0.131486    0.132773 ^ clkbuf_0_wclk/X (sky130_fd_sc_hd__clkbuf_16)
                                                         clknet_0_wclk (net)
                      0.103835    0.002474    0.135246 ^ clkbuf_4_7_0_wclk/A (sky130_fd_sc_hd__clkbuf_8)
    11    0.033852    0.054304    0.120929    0.256175 ^ clkbuf_4_7_0_wclk/X (sky130_fd_sc_hd__clkbuf_8)
                                                         clknet_4_7_0_wclk (net)
                      0.054327    0.001025    0.257199 ^ _556_/CLK (sky130_fd_sc_hd__dfrtp_1)
     1    0.002986    0.028485    0.227915    0.485114 v _556_/Q (sky130_fd_sc_hd__dfrtp_1)
                                                         sync_grptr_to_wr.q1[1] (net)
                      0.028485    0.000086    0.485200 v _551_/D (sky130_fd_sc_hd__dfrtp_1)
                                              0.485200   data arrival time

                                 10.000000   10.000000   clock wclk (rise edge)
                                  0.000000   10.000000   clock source latency
     1    0.021811    0.000000    0.000000   10.000000 ^ wclk (in)
                                                         wclk (net)
                      0.002573    0.001286   10.001287 ^ clkbuf_0_wclk/A (sky130_fd_sc_hd__clkbuf_16)
    16    0.119684    0.103747    0.131487   10.132773 ^ clkbuf_0_wclk/X (sky130_fd_sc_hd__clkbuf_16)
                                                         clknet_0_wclk (net)
                      0.103835    0.002474   10.135246 ^ clkbuf_4_7_0_wclk/A (sky130_fd_sc_hd__clkbuf_8)
    11    0.033852    0.054304    0.120928   10.256175 ^ clkbuf_4_7_0_wclk/X (sky130_fd_sc_hd__clkbuf_8)
                                                         clknet_4_7_0_wclk (net)
                      0.054325    0.000994   10.257169 ^ _551_/CLK (sky130_fd_sc_hd__dfrtp_1)
                                  0.000000   10.257169   clock reconvergence pessimism
                                 -0.069042   10.188127   library setup time
                                             10.188127   data required time
---------------------------------------------------------------------------------------------
                                             10.188127   data required time
                                             -0.485200   data arrival time
---------------------------------------------------------------------------------------------
                                              9.702926   slack (MET)


Startpoint: _559_ (rising edge-triggered flip-flop clocked by wclk)
Endpoint: _554_ (rising edge-triggered flip-flop clocked by wclk)
Path Group: wclk
Path Type: max

Fanout         Cap        Slew       Delay        Time   Description
---------------------------------------------------------------------------------------------
                                  0.000000    0.000000   clock wclk (rise edge)
                                  0.000000    0.000000   clock source latency
     1    0.021811    0.000000    0.000000    0.000000 ^ wclk (in)
                                                         wclk (net)
                      0.002573    0.001286    0.001286 ^ clkbuf_0_wclk/A (sky130_fd_sc_hd__clkbuf_16)
    16    0.119684    0.103747    0.131486    0.132773 ^ clkbuf_0_wclk/X (sky130_fd_sc_hd__clkbuf_16)
                                                         clknet_0_wclk (net)
                      0.103842    0.002573    0.135346 ^ clkbuf_4_13_0_wclk/A (sky130_fd_sc_hd__clkbuf_8)
    10    0.035195    0.055923    0.122190    0.257536 ^ clkbuf_4_13_0_wclk/X (sky130_fd_sc_hd__clkbuf_8)
                                                         clknet_4_13_0_wclk (net)
                      0.055935    0.000794    0.258330 ^ _559_/CLK (sky130_fd_sc_hd__dfrtp_1)
     1    0.002444    0.026656    0.225589    0.483919 v _559_/Q (sky130_fd_sc_hd__dfrtp_1)
                                                         sync_grptr_to_wr.q1[4] (net)
                      0.026656    0.000047    0.483966 v _554_/D (sky130_fd_sc_hd__dfrtp_1)
                                              0.483966   data arrival time

                                 10.000000   10.000000   clock wclk (rise edge)
                                  0.000000   10.000000   clock source latency
     1    0.021811    0.000000    0.000000   10.000000 ^ wclk (in)
                                                         wclk (net)
                      0.002573    0.001286   10.001287 ^ clkbuf_0_wclk/A (sky130_fd_sc_hd__clkbuf_16)
    16    0.119684    0.103747    0.131487   10.132773 ^ clkbuf_0_wclk/X (sky130_fd_sc_hd__clkbuf_16)
                                                         clknet_0_wclk (net)
                      0.103842    0.002573   10.135346 ^ clkbuf_4_13_0_wclk/A (sky130_fd_sc_hd__clkbuf_8)
    10    0.035195    0.055923    0.122190   10.257537 ^ clkbuf_4_13_0_wclk/X (sky130_fd_sc_hd__clkbuf_8)
                                                         clknet_4_13_0_wclk (net)
                      0.055930    0.000633   10.258170 ^ _554_/CLK (sky130_fd_sc_hd__dfrtp_1)
                                  0.000000   10.258170   clock reconvergence pessimism
                                 -0.068235   10.189935   library setup time
                                             10.189935   data required time
---------------------------------------------------------------------------------------------
                                             10.189935   data required time
                                             -0.483966   data arrival time
---------------------------------------------------------------------------------------------
                                              9.705968   slack (MET)


Startpoint: _555_ (rising edge-triggered flip-flop clocked by wclk)
Endpoint: _550_ (rising edge-triggered flip-flop clocked by wclk)
Path Group: wclk
Path Type: max

Fanout         Cap        Slew       Delay        Time   Description
---------------------------------------------------------------------------------------------
                                  0.000000    0.000000   clock wclk (rise edge)
                                  0.000000    0.000000   clock source latency
     1    0.021811    0.000000    0.000000    0.000000 ^ wclk (in)
                                                         wclk (net)
                      0.002573    0.001286    0.001286 ^ clkbuf_0_wclk/A (sky130_fd_sc_hd__clkbuf_16)
    16    0.119684    0.103747    0.131486    0.132773 ^ clkbuf_0_wclk/X (sky130_fd_sc_hd__clkbuf_16)
                                                         clknet_0_wclk (net)
                      0.103835    0.002474    0.135246 ^ clkbuf_4_7_0_wclk/A (sky130_fd_sc_hd__clkbuf_8)
    11    0.033852    0.054304    0.120929    0.256175 ^ clkbuf_4_7_0_wclk/X (sky130_fd_sc_hd__clkbuf_8)
                                                         clknet_4_7_0_wclk (net)
                      0.054314    0.000743    0.256918 ^ _555_/CLK (sky130_fd_sc_hd__dfrtp_1)
     1    0.002379    0.026176    0.224834    0.481753 v _555_/Q (sky130_fd_sc_hd__dfrtp_1)
                                                         sync_grptr_to_wr.q1[0] (net)
                      0.026455    0.000048    0.481800 v _550_/D (sky130_fd_sc_hd__dfrtp_1)
                                              0.481800   data arrival time

                                 10.000000   10.000000   clock wclk (rise edge)
                                  0.000000   10.000000   clock source latency
     1    0.021811    0.000000    0.000000   10.000000 ^ wclk (in)
                                                         wclk (net)
                      0.002573    0.001286   10.001287 ^ clkbuf_0_wclk/A (sky130_fd_sc_hd__clkbuf_16)
    16    0.119684    0.103747    0.131487   10.132773 ^ clkbuf_0_wclk/X (sky130_fd_sc_hd__clkbuf_16)
                                                         clknet_0_wclk (net)
                      0.103835    0.002474   10.135246 ^ clkbuf_4_7_0_wclk/A (sky130_fd_sc_hd__clkbuf_8)
    11    0.033852    0.054304    0.120928   10.256175 ^ clkbuf_4_7_0_wclk/X (sky130_fd_sc_hd__clkbuf_8)
                                                         clknet_4_7_0_wclk (net)
                      0.054319    0.000862   10.257036 ^ _550_/CLK (sky130_fd_sc_hd__dfrtp_1)
                                  0.000000   10.257036   clock reconvergence pessimism
                                 -0.068318   10.188718   library setup time
                                             10.188718   data required time
---------------------------------------------------------------------------------------------
                                             10.188718   data required time
                                             -0.481800   data arrival time
---------------------------------------------------------------------------------------------
                                              9.706918   slack (MET)


Startpoint: _657_ (rising edge-triggered flip-flop clocked by rclk)
Endpoint: _548_ (rising edge-triggered flip-flop clocked by rclk)
Path Group: rclk
Path Type: max

Fanout         Cap        Slew       Delay        Time   Description
---------------------------------------------------------------------------------------------
                                  0.000000    0.000000   clock rclk (rise edge)
                                  0.000000    0.000000   clock source latency
     1    0.015147    0.000000    0.000000    0.000000 ^ rclk (in)
                                                         rclk (net)
                      0.000805    0.000402    0.000402 ^ clkbuf_0_rclk/A (sky130_fd_sc_hd__clkbuf_16)
     2    0.018395    0.030057    0.075045    0.075447 ^ clkbuf_0_rclk/X (sky130_fd_sc_hd__clkbuf_16)
                                                         clknet_0_rclk (net)
                      0.030059    0.000423    0.075870 ^ clkbuf_1_1__f_rclk/A (sky130_fd_sc_hd__clkbuf_16)
    16    0.045721    0.049106    0.099734    0.175604 ^ clkbuf_1_1__f_rclk/X (sky130_fd_sc_hd__clkbuf_16)
                                                         clknet_1_1__leaf_rclk (net)
                      0.049123    0.000817    0.176421 ^ _657_/CLK (sky130_fd_sc_hd__dfrtp_4)
    36    0.237474    0.495354    0.584904    0.761325 ^ _657_/Q (sky130_fd_sc_hd__dfrtp_4)
                                                         bram.raddr[0] (net)
                      0.496175    0.016598    0.777923 ^ _280_/S0 (sky130_fd_sc_hd__mux4_1)
     1    0.005638    0.075245    0.312943    1.090866 v _280_/X (sky130_fd_sc_hd__mux4_1)
                                                         _162_ (net)
                      0.075245    0.000195    1.091061 v _281_/A1 (sky130_fd_sc_hd__mux2_1)
     1    0.009899    0.066226    0.195052    1.286114 v _281_/X (sky130_fd_sc_hd__mux2_1)
                                                         _163_ (net)
                      0.066229    0.000526    1.286640 v _282_/B1 (sky130_fd_sc_hd__a22o_1)
     1    0.010331    0.050118    0.120037    1.406677 v _282_/X (sky130_fd_sc_hd__a22o_1)
                                                         _006_ (net)
                      0.050122    0.000462    1.407138 v _548_/D (sky130_fd_sc_hd__dfxtp_1)
                                              1.407138   data arrival time

                                 14.000000   14.000000   clock rclk (rise edge)
                                  0.000000   14.000000   clock source latency
     1    0.015147    0.000000    0.000000   14.000000 ^ rclk (in)
                                                         rclk (net)
                      0.000805    0.000402   14.000402 ^ clkbuf_0_rclk/A (sky130_fd_sc_hd__clkbuf_16)
     2    0.018395    0.030057    0.075045   14.075447 ^ clkbuf_0_rclk/X (sky130_fd_sc_hd__clkbuf_16)
                                                         clknet_0_rclk (net)
                      0.030058    0.000384   14.075830 ^ clkbuf_1_0__f_rclk/A (sky130_fd_sc_hd__clkbuf_16)
    12    0.049894    0.052064    0.101934   14.177765 ^ clkbuf_1_0__f_rclk/X (sky130_fd_sc_hd__clkbuf_16)
                                                         clknet_1_0__leaf_rclk (net)
                      0.052107    0.001299   14.179065 ^ _548_/CLK (sky130_fd_sc_hd__dfxtp_1)
                                  0.000000   14.179065   clock reconvergence pessimism
                                 -0.074535   14.104529   library setup time
                                             14.104529   data required time
---------------------------------------------------------------------------------------------
                                             14.104529   data required time
                                             -1.407138   data arrival time
---------------------------------------------------------------------------------------------
                                             12.697392   slack (MET)


Startpoint: _657_ (rising edge-triggered flip-flop clocked by rclk)
Endpoint: _544_ (rising edge-triggered flip-flop clocked by rclk)
Path Group: rclk
Path Type: max

Fanout         Cap        Slew       Delay        Time   Description
---------------------------------------------------------------------------------------------
                                  0.000000    0.000000   clock rclk (rise edge)
                                  0.000000    0.000000   clock source latency
     1    0.015147    0.000000    0.000000    0.000000 ^ rclk (in)
                                                         rclk (net)
                      0.000805    0.000402    0.000402 ^ clkbuf_0_rclk/A (sky130_fd_sc_hd__clkbuf_16)
     2    0.018395    0.030057    0.075045    0.075447 ^ clkbuf_0_rclk/X (sky130_fd_sc_hd__clkbuf_16)
                                                         clknet_0_rclk (net)
                      0.030059    0.000423    0.075870 ^ clkbuf_1_1__f_rclk/A (sky130_fd_sc_hd__clkbuf_16)
    16    0.045721    0.049106    0.099734    0.175604 ^ clkbuf_1_1__f_rclk/X (sky130_fd_sc_hd__clkbuf_16)
                                                         clknet_1_1__leaf_rclk (net)
                      0.049123    0.000817    0.176421 ^ _657_/CLK (sky130_fd_sc_hd__dfrtp_4)
    36    0.237474    0.495354    0.584904    0.761325 ^ _657_/Q (sky130_fd_sc_hd__dfrtp_4)
                                                         bram.raddr[0] (net)
                      0.496209    0.016931    0.778256 ^ _366_/S0 (sky130_fd_sc_hd__mux4_1)
     1    0.003915    0.069162    0.302584    1.080840 v _366_/X (sky130_fd_sc_hd__mux4_1)
                                                         _224_ (net)
                      0.069162    0.000141    1.080981 v _368_/A0 (sky130_fd_sc_hd__mux2_1)
     1    0.011557    0.070380    0.193686    1.274667 v _368_/X (sky130_fd_sc_hd__mux2_1)
                                                         _226_ (net)
                      0.070385    0.000654    1.275322 v _369_/B1 (sky130_fd_sc_hd__a22o_1)
     1    0.012136    0.055437    0.126276    1.401597 v _369_/X (sky130_fd_sc_hd__a22o_1)
                                                         _002_ (net)
                      0.055444    0.000646    1.402244 v _544_/D (sky130_fd_sc_hd__dfxtp_1)
                                              1.402244   data arrival time

                                 14.000000   14.000000   clock rclk (rise edge)
                                  0.000000   14.000000   clock source latency
     1    0.015147    0.000000    0.000000   14.000000 ^ rclk (in)
                                                         rclk (net)
                      0.000805    0.000402   14.000402 ^ clkbuf_0_rclk/A (sky130_fd_sc_hd__clkbuf_16)
     2    0.018395    0.030057    0.075045   14.075447 ^ clkbuf_0_rclk/X (sky130_fd_sc_hd__clkbuf_16)
                                                         clknet_0_rclk (net)
                      0.030058    0.000384   14.075830 ^ clkbuf_1_0__f_rclk/A (sky130_fd_sc_hd__clkbuf_16)
    12    0.049894    0.052064    0.101934   14.177765 ^ clkbuf_1_0__f_rclk/X (sky130_fd_sc_hd__clkbuf_16)
                                                         clknet_1_0__leaf_rclk (net)
                      0.052104    0.001256   14.179021 ^ _544_/CLK (sky130_fd_sc_hd__dfxtp_1)
                                  0.000000   14.179021   clock reconvergence pessimism
                                 -0.076434   14.102587   library setup time
                                             14.102587   data required time
---------------------------------------------------------------------------------------------
                                             14.102587   data required time
                                             -1.402244   data arrival time
---------------------------------------------------------------------------------------------
                                             12.700343   slack (MET)


Startpoint: _657_ (rising edge-triggered flip-flop clocked by rclk)
Endpoint: _549_ (rising edge-triggered flip-flop clocked by rclk)
Path Group: rclk
Path Type: max

Fanout         Cap        Slew       Delay        Time   Description
---------------------------------------------------------------------------------------------
                                  0.000000    0.000000   clock rclk (rise edge)
                                  0.000000    0.000000   clock source latency
     1    0.015147    0.000000    0.000000    0.000000 ^ rclk (in)
                                                         rclk (net)
                      0.000805    0.000402    0.000402 ^ clkbuf_0_rclk/A (sky130_fd_sc_hd__clkbuf_16)
     2    0.018395    0.030057    0.075045    0.075447 ^ clkbuf_0_rclk/X (sky130_fd_sc_hd__clkbuf_16)
                                                         clknet_0_rclk (net)
                      0.030059    0.000423    0.075870 ^ clkbuf_1_1__f_rclk/A (sky130_fd_sc_hd__clkbuf_16)
    16    0.045721    0.049106    0.099734    0.175604 ^ clkbuf_1_1__f_rclk/X (sky130_fd_sc_hd__clkbuf_16)
                                                         clknet_1_1__leaf_rclk (net)
                      0.049123    0.000817    0.176421 ^ _657_/CLK (sky130_fd_sc_hd__dfrtp_4)
    36    0.237474    0.495354    0.584904    0.761325 ^ _657_/Q (sky130_fd_sc_hd__dfrtp_4)
                                                         bram.raddr[0] (net)
                      0.496165    0.016496    0.777821 ^ _288_/S0 (sky130_fd_sc_hd__mux4_1)
     1    0.005216    0.073757    0.310419    1.088240 v _288_/X (sky130_fd_sc_hd__mux4_1)
                                                         _169_ (net)
                      0.073783    0.000136    1.088377 v _289_/A1 (sky130_fd_sc_hd__mux2_1)
     1    0.011438    0.070029    0.200731    1.289107 v _289_/X (sky130_fd_sc_hd__mux2_1)
                                                         _170_ (net)
                      0.070036    0.000722    1.289829 v _290_/B1 (sky130_fd_sc_hd__a22o_1)
     1    0.006669    0.038893    0.109758    1.399586 v _290_/X (sky130_fd_sc_hd__a22o_1)
                                                         _007_ (net)
                      0.038893    0.000249    1.399835 v _549_/D (sky130_fd_sc_hd__dfxtp_1)
                                              1.399835   data arrival time

                                 14.000000   14.000000   clock rclk (rise edge)
                                  0.000000   14.000000   clock source latency
     1    0.015147    0.000000    0.000000   14.000000 ^ rclk (in)
                                                         rclk (net)
                      0.000805    0.000402   14.000402 ^ clkbuf_0_rclk/A (sky130_fd_sc_hd__clkbuf_16)
     2    0.018395    0.030057    0.075045   14.075447 ^ clkbuf_0_rclk/X (sky130_fd_sc_hd__clkbuf_16)
                                                         clknet_0_rclk (net)
                      0.030058    0.000384   14.075830 ^ clkbuf_1_0__f_rclk/A (sky130_fd_sc_hd__clkbuf_16)
    12    0.049894    0.052064    0.101934   14.177765 ^ clkbuf_1_0__f_rclk/X (sky130_fd_sc_hd__clkbuf_16)
                                                         clknet_1_0__leaf_rclk (net)
                      0.052101    0.001224   14.178989 ^ _549_/CLK (sky130_fd_sc_hd__dfxtp_1)
                                  0.000000   14.178989   clock reconvergence pessimism
                                 -0.070529   14.108460   library setup time
                                             14.108460   data required time
---------------------------------------------------------------------------------------------
                                             14.108460   data required time
                                             -1.399835   data arrival time
---------------------------------------------------------------------------------------------
                                             12.708626   slack (MET)


Startpoint: _657_ (rising edge-triggered flip-flop clocked by rclk)
Endpoint: _546_ (rising edge-triggered flip-flop clocked by rclk)
Path Group: rclk
Path Type: max

Fanout         Cap        Slew       Delay        Time   Description
---------------------------------------------------------------------------------------------
                                  0.000000    0.000000   clock rclk (rise edge)
                                  0.000000    0.000000   clock source latency
     1    0.015147    0.000000    0.000000    0.000000 ^ rclk (in)
                                                         rclk (net)
                      0.000805    0.000402    0.000402 ^ clkbuf_0_rclk/A (sky130_fd_sc_hd__clkbuf_16)
     2    0.018395    0.030057    0.075045    0.075447 ^ clkbuf_0_rclk/X (sky130_fd_sc_hd__clkbuf_16)
                                                         clknet_0_rclk (net)
                      0.030059    0.000423    0.075870 ^ clkbuf_1_1__f_rclk/A (sky130_fd_sc_hd__clkbuf_16)
    16    0.045721    0.049106    0.099734    0.175604 ^ clkbuf_1_1__f_rclk/X (sky130_fd_sc_hd__clkbuf_16)
                                                         clknet_1_1__leaf_rclk (net)
                      0.049123    0.000817    0.176421 ^ _657_/CLK (sky130_fd_sc_hd__dfrtp_4)
    36    0.237474    0.495354    0.584904    0.761325 ^ _657_/Q (sky130_fd_sc_hd__dfrtp_4)
                                                         bram.raddr[0] (net)
                      0.496191    0.016751    0.778076 ^ _263_/S0 (sky130_fd_sc_hd__mux4_1)
     1    0.005698    0.075454    0.313295    1.091370 v _263_/X (sky130_fd_sc_hd__mux4_1)
                                                         _147_ (net)
                      0.075454    0.000212    1.091582 v _265_/A0 (sky130_fd_sc_hd__mux2_1)
     1    0.011283    0.069570    0.195231    1.286813 v _265_/X (sky130_fd_sc_hd__mux2_1)
                                                         _149_ (net)
                      0.069576    0.000653    1.287467 v _266_/B1 (sky130_fd_sc_hd__a22o_1)
     1    0.005014    0.033429    0.104222    1.391689 v _266_/X (sky130_fd_sc_hd__a22o_1)
                                                         _004_ (net)
                      0.033430    0.000195    1.391884 v _546_/D (sky130_fd_sc_hd__dfxtp_1)
                                              1.391884   data arrival time

                                 14.000000   14.000000   clock rclk (rise edge)
                                  0.000000   14.000000   clock source latency
     1    0.015147    0.000000    0.000000   14.000000 ^ rclk (in)
                                                         rclk (net)
                      0.000805    0.000402   14.000402 ^ clkbuf_0_rclk/A (sky130_fd_sc_hd__clkbuf_16)
     2    0.018395    0.030057    0.075045   14.075447 ^ clkbuf_0_rclk/X (sky130_fd_sc_hd__clkbuf_16)
                                                         clknet_0_rclk (net)
                      0.030058    0.000384   14.075830 ^ clkbuf_1_0__f_rclk/A (sky130_fd_sc_hd__clkbuf_16)
    12    0.049894    0.052064    0.101934   14.177765 ^ clkbuf_1_0__f_rclk/X (sky130_fd_sc_hd__clkbuf_16)
                                                         clknet_1_0__leaf_rclk (net)
                      0.052100    0.001197   14.178963 ^ _546_/CLK (sky130_fd_sc_hd__dfxtp_1)
                                  0.000000   14.178963   clock reconvergence pessimism
                                 -0.068579   14.110383   library setup time
                                             14.110383   data required time
---------------------------------------------------------------------------------------------
                                             14.110383   data required time
                                             -1.391884   data arrival time
---------------------------------------------------------------------------------------------
                                             12.718499   slack (MET)


Startpoint: _657_ (rising edge-triggered flip-flop clocked by rclk)
Endpoint: _542_ (rising edge-triggered flip-flop clocked by rclk)
Path Group: rclk
Path Type: max

Fanout         Cap        Slew       Delay        Time   Description
---------------------------------------------------------------------------------------------
                                  0.000000    0.000000   clock rclk (rise edge)
                                  0.000000    0.000000   clock source latency
     1    0.015147    0.000000    0.000000    0.000000 ^ rclk (in)
                                                         rclk (net)
                      0.000805    0.000402    0.000402 ^ clkbuf_0_rclk/A (sky130_fd_sc_hd__clkbuf_16)
     2    0.018395    0.030057    0.075045    0.075447 ^ clkbuf_0_rclk/X (sky130_fd_sc_hd__clkbuf_16)
                                                         clknet_0_rclk (net)
                      0.030059    0.000423    0.075870 ^ clkbuf_1_1__f_rclk/A (sky130_fd_sc_hd__clkbuf_16)
    16    0.045721    0.049106    0.099734    0.175604 ^ clkbuf_1_1__f_rclk/X (sky130_fd_sc_hd__clkbuf_16)
                                                         clknet_1_1__leaf_rclk (net)
                      0.049123    0.000817    0.176421 ^ _657_/CLK (sky130_fd_sc_hd__dfrtp_4)
    36    0.237474    0.495354    0.584904    0.761325 ^ _657_/Q (sky130_fd_sc_hd__dfrtp_4)
                                                         bram.raddr[0] (net)
                      0.496136    0.016207    0.777532 ^ _350_/S0 (sky130_fd_sc_hd__mux4_1)
     1    0.004288    0.070519    0.304832    1.082363 v _350_/X (sky130_fd_sc_hd__mux4_1)
                                                         _210_ (net)
                      0.070519    0.000149    1.082512 v _352_/A0 (sky130_fd_sc_hd__mux2_1)
     1    0.010259    0.066702    0.189275    1.271787 v _352_/X (sky130_fd_sc_hd__mux2_1)
                                                         _212_ (net)
                      0.066706    0.000573    1.272360 v _353_/B1 (sky130_fd_sc_hd__a22o_1)
     1    0.007188    0.040646    0.110121    1.382481 v _353_/X (sky130_fd_sc_hd__a22o_1)
                                                         _000_ (net)
                      0.040647    0.000269    1.382751 v _542_/D (sky130_fd_sc_hd__dfxtp_1)
                                              1.382751   data arrival time

                                 14.000000   14.000000   clock rclk (rise edge)
                                  0.000000   14.000000   clock source latency
     1    0.015147    0.000000    0.000000   14.000000 ^ rclk (in)
                                                         rclk (net)
                      0.000805    0.000402   14.000402 ^ clkbuf_0_rclk/A (sky130_fd_sc_hd__clkbuf_16)
     2    0.018395    0.030057    0.075045   14.075447 ^ clkbuf_0_rclk/X (sky130_fd_sc_hd__clkbuf_16)
                                                         clknet_0_rclk (net)
                      0.030059    0.000423   14.075870 ^ clkbuf_1_1__f_rclk/A (sky130_fd_sc_hd__clkbuf_16)
    16    0.045721    0.049106    0.099734   14.175603 ^ clkbuf_1_1__f_rclk/X (sky130_fd_sc_hd__clkbuf_16)
                                                         clknet_1_1__leaf_rclk (net)
                      0.049125    0.000858   14.176461 ^ _542_/CLK (sky130_fd_sc_hd__dfxtp_1)
                                  0.000000   14.176461   clock reconvergence pessimism
                                 -0.071441   14.105020   library setup time
                                             14.105020   data required time
---------------------------------------------------------------------------------------------
                                             14.105020   data required time
                                             -1.382751   data arrival time
---------------------------------------------------------------------------------------------
                                             12.722269   slack (MET)


Startpoint: _657_ (rising edge-triggered flip-flop clocked by rclk)
Endpoint: _547_ (rising edge-triggered flip-flop clocked by rclk)
Path Group: rclk
Path Type: max

Fanout         Cap        Slew       Delay        Time   Description
---------------------------------------------------------------------------------------------
                                  0.000000    0.000000   clock rclk (rise edge)
                                  0.000000    0.000000   clock source latency
     1    0.015147    0.000000    0.000000    0.000000 ^ rclk (in)
                                                         rclk (net)
                      0.000805    0.000402    0.000402 ^ clkbuf_0_rclk/A (sky130_fd_sc_hd__clkbuf_16)
     2    0.018395    0.030057    0.075045    0.075447 ^ clkbuf_0_rclk/X (sky130_fd_sc_hd__clkbuf_16)
                                                         clknet_0_rclk (net)
                      0.030059    0.000423    0.075870 ^ clkbuf_1_1__f_rclk/A (sky130_fd_sc_hd__clkbuf_16)
    16    0.045721    0.049106    0.099734    0.175604 ^ clkbuf_1_1__f_rclk/X (sky130_fd_sc_hd__clkbuf_16)
                                                         clknet_1_1__leaf_rclk (net)
                      0.049123    0.000817    0.176421 ^ _657_/CLK (sky130_fd_sc_hd__dfrtp_4)
    36    0.237474    0.495354    0.584904    0.761325 ^ _657_/Q (sky130_fd_sc_hd__dfrtp_4)
                                                         bram.raddr[0] (net)
                      0.496130    0.016154    0.777479 ^ _272_/S0 (sky130_fd_sc_hd__mux4_1)
     1    0.005236    0.073757    0.310515    1.087994 v _272_/X (sky130_fd_sc_hd__mux4_1)
                                                         _155_ (net)
                      0.073784    0.000197    1.088191 v _273_/A1 (sky130_fd_sc_hd__mux2_1)
     1    0.010112    0.066471    0.195468    1.283659 v _273_/X (sky130_fd_sc_hd__mux2_1)
                                                         _156_ (net)
                      0.066475    0.000558    1.284217 v _274_/B1 (sky130_fd_sc_hd__a22o_1)
     1    0.002271    0.024186    0.092567    1.376784 v _274_/X (sky130_fd_sc_hd__a22o_1)
                                                         _005_ (net)
                      0.024186    0.000046    1.376830 v _547_/D (sky130_fd_sc_hd__dfxtp_1)
                                              1.376830   data arrival time

                                 14.000000   14.000000   clock rclk (rise edge)
                                  0.000000   14.000000   clock source latency
     1    0.015147    0.000000    0.000000   14.000000 ^ rclk (in)
                                                         rclk (net)
                      0.000805    0.000402   14.000402 ^ clkbuf_0_rclk/A (sky130_fd_sc_hd__clkbuf_16)
     2    0.018395    0.030057    0.075045   14.075447 ^ clkbuf_0_rclk/X (sky130_fd_sc_hd__clkbuf_16)
                                                         clknet_0_rclk (net)
                      0.030058    0.000384   14.075830 ^ clkbuf_1_0__f_rclk/A (sky130_fd_sc_hd__clkbuf_16)
    12    0.049894    0.052064    0.101934   14.177765 ^ clkbuf_1_0__f_rclk/X (sky130_fd_sc_hd__clkbuf_16)
                                                         clknet_1_0__leaf_rclk (net)
                      0.052107    0.001305   14.179070 ^ _547_/CLK (sky130_fd_sc_hd__dfxtp_1)
                                  0.000000   14.179070   clock reconvergence pessimism
                                 -0.065280   14.113790   library setup time
                                             14.113790   data required time
---------------------------------------------------------------------------------------------
                                             14.113790   data required time
                                             -1.376830   data arrival time
---------------------------------------------------------------------------------------------
                                             12.736960   slack (MET)


Startpoint: _657_ (rising edge-triggered flip-flop clocked by rclk)
Endpoint: _545_ (rising edge-triggered flip-flop clocked by rclk)
Path Group: rclk
Path Type: max

Fanout         Cap        Slew       Delay        Time   Description
---------------------------------------------------------------------------------------------
                                  0.000000    0.000000   clock rclk (rise edge)
                                  0.000000    0.000000   clock source latency
     1    0.015147    0.000000    0.000000    0.000000 ^ rclk (in)
                                                         rclk (net)
                      0.000805    0.000402    0.000402 ^ clkbuf_0_rclk/A (sky130_fd_sc_hd__clkbuf_16)
     2    0.018395    0.030057    0.075045    0.075447 ^ clkbuf_0_rclk/X (sky130_fd_sc_hd__clkbuf_16)
                                                         clknet_0_rclk (net)
                      0.030059    0.000423    0.075870 ^ clkbuf_1_1__f_rclk/A (sky130_fd_sc_hd__clkbuf_16)
    16    0.045721    0.049106    0.099734    0.175604 ^ clkbuf_1_1__f_rclk/X (sky130_fd_sc_hd__clkbuf_16)
                                                         clknet_1_1__leaf_rclk (net)
                      0.049123    0.000817    0.176421 ^ _657_/CLK (sky130_fd_sc_hd__dfrtp_4)
    36    0.237474    0.495354    0.584904    0.761325 ^ _657_/Q (sky130_fd_sc_hd__dfrtp_4)
                                                         bram.raddr[0] (net)
                      0.496016    0.014947    0.776272 ^ _375_/S0 (sky130_fd_sc_hd__mux4_1)
     1    0.004729    0.072010    0.307469    1.083741 v _375_/X (sky130_fd_sc_hd__mux4_1)
                                                         _232_ (net)
                      0.072010    0.000176    1.083917 v _376_/A1 (sky130_fd_sc_hd__mux2_1)
     1    0.009015    0.062888    0.189732    1.273650 v _376_/X (sky130_fd_sc_hd__mux2_1)
                                                         _233_ (net)
                      0.062891    0.000497    1.274146 v _377_/B1 (sky130_fd_sc_hd__a22o_1)
     1    0.004381    0.031484    0.099535    1.373681 v _377_/X (sky130_fd_sc_hd__a22o_1)
                                                         _003_ (net)
                      0.031484    0.000163    1.373845 v _545_/D (sky130_fd_sc_hd__dfxtp_1)
                                              1.373845   data arrival time

                                 14.000000   14.000000   clock rclk (rise edge)
                                  0.000000   14.000000   clock source latency
     1    0.015147    0.000000    0.000000   14.000000 ^ rclk (in)
                                                         rclk (net)
                      0.000805    0.000402   14.000402 ^ clkbuf_0_rclk/A (sky130_fd_sc_hd__clkbuf_16)
     2    0.018395    0.030057    0.075045   14.075447 ^ clkbuf_0_rclk/X (sky130_fd_sc_hd__clkbuf_16)
                                                         clknet_0_rclk (net)
                      0.030058    0.000384   14.075830 ^ clkbuf_1_0__f_rclk/A (sky130_fd_sc_hd__clkbuf_16)
    12    0.049894    0.052064    0.101934   14.177765 ^ clkbuf_1_0__f_rclk/X (sky130_fd_sc_hd__clkbuf_16)
                                                         clknet_1_0__leaf_rclk (net)
                      0.052104    0.001259   14.179024 ^ _545_/CLK (sky130_fd_sc_hd__dfxtp_1)
                                  0.000000   14.179024   clock reconvergence pessimism
                                 -0.067885   14.111139   library setup time
                                             14.111139   data required time
---------------------------------------------------------------------------------------------
                                             14.111139   data required time
                                             -1.373845   data arrival time
---------------------------------------------------------------------------------------------
                                             12.737295   slack (MET)


Startpoint: _657_ (rising edge-triggered flip-flop clocked by rclk)
Endpoint: _543_ (rising edge-triggered flip-flop clocked by rclk)
Path Group: rclk
Path Type: max

Fanout         Cap        Slew       Delay        Time   Description
---------------------------------------------------------------------------------------------
                                  0.000000    0.000000   clock rclk (rise edge)
                                  0.000000    0.000000   clock source latency
     1    0.015147    0.000000    0.000000    0.000000 ^ rclk (in)
                                                         rclk (net)
                      0.000805    0.000402    0.000402 ^ clkbuf_0_rclk/A (sky130_fd_sc_hd__clkbuf_16)
     2    0.018395    0.030057    0.075045    0.075447 ^ clkbuf_0_rclk/X (sky130_fd_sc_hd__clkbuf_16)
                                                         clknet_0_rclk (net)
                      0.030059    0.000423    0.075870 ^ clkbuf_1_1__f_rclk/A (sky130_fd_sc_hd__clkbuf_16)
    16    0.045721    0.049106    0.099734    0.175604 ^ clkbuf_1_1__f_rclk/X (sky130_fd_sc_hd__clkbuf_16)
                                                         clknet_1_1__leaf_rclk (net)
                      0.049123    0.000817    0.176421 ^ _657_/CLK (sky130_fd_sc_hd__dfrtp_4)
    36    0.237474    0.495354    0.584904    0.761325 ^ _657_/Q (sky130_fd_sc_hd__dfrtp_4)
                                                         bram.raddr[0] (net)
                      0.495862    0.013144    0.774469 ^ _359_/S0 (sky130_fd_sc_hd__mux4_1)
     1    0.003490    0.066910    0.299383    1.073852 v _359_/X (sky130_fd_sc_hd__mux4_1)
                                                         _218_ (net)
                      0.066910    0.000107    1.073959 v _360_/A1 (sky130_fd_sc_hd__mux2_1)
     1    0.010378    0.066947    0.194063    1.268022 v _360_/X (sky130_fd_sc_hd__mux2_1)
                                                         _219_ (net)
                      0.066951    0.000592    1.268614 v _361_/B1 (sky130_fd_sc_hd__a22o_1)
     1    0.004000    0.030362    0.099911    1.368525 v _361_/X (sky130_fd_sc_hd__a22o_1)
                                                         _001_ (net)
                      0.030362    0.000144    1.368669 v _543_/D (sky130_fd_sc_hd__dfxtp_1)
                                              1.368669   data arrival time

                                 14.000000   14.000000   clock rclk (rise edge)
                                  0.000000   14.000000   clock source latency
     1    0.015147    0.000000    0.000000   14.000000 ^ rclk (in)
                                                         rclk (net)
                      0.000805    0.000402   14.000402 ^ clkbuf_0_rclk/A (sky130_fd_sc_hd__clkbuf_16)
     2    0.018395    0.030057    0.075045   14.075447 ^ clkbuf_0_rclk/X (sky130_fd_sc_hd__clkbuf_16)
                                                         clknet_0_rclk (net)
                      0.030058    0.000384   14.075830 ^ clkbuf_1_0__f_rclk/A (sky130_fd_sc_hd__clkbuf_16)
    12    0.049894    0.052064    0.101934   14.177765 ^ clkbuf_1_0__f_rclk/X (sky130_fd_sc_hd__clkbuf_16)
                                                         clknet_1_0__leaf_rclk (net)
                      0.052072    0.000674   14.178439 ^ _543_/CLK (sky130_fd_sc_hd__dfxtp_1)
                                  0.000000   14.178439   clock reconvergence pessimism
                                 -0.067487   14.110952   library setup time
                                             14.110952   data required time
---------------------------------------------------------------------------------------------
                                             14.110952   data required time
                                             -1.368669   data arrival time
---------------------------------------------------------------------------------------------
                                             12.742283   slack (MET)


Startpoint: _662_ (rising edge-triggered flip-flop clocked by rclk)
Endpoint: _660_ (rising edge-triggered flip-flop clocked by rclk)
Path Group: rclk
Path Type: max

Fanout         Cap        Slew       Delay        Time   Description
---------------------------------------------------------------------------------------------
                                  0.000000    0.000000   clock rclk (rise edge)
                                  0.000000    0.000000   clock source latency
     1    0.015147    0.000000    0.000000    0.000000 ^ rclk (in)
                                                         rclk (net)
                      0.000805    0.000402    0.000402 ^ clkbuf_0_rclk/A (sky130_fd_sc_hd__clkbuf_16)
     2    0.018395    0.030057    0.075045    0.075447 ^ clkbuf_0_rclk/X (sky130_fd_sc_hd__clkbuf_16)
                                                         clknet_0_rclk (net)
                      0.030059    0.000423    0.075870 ^ clkbuf_1_1__f_rclk/A (sky130_fd_sc_hd__clkbuf_16)
    16    0.045721    0.049106    0.099734    0.175604 ^ clkbuf_1_1__f_rclk/X (sky130_fd_sc_hd__clkbuf_16)
                                                         clknet_1_1__leaf_rclk (net)
                      0.049120    0.000753    0.176357 ^ _662_/CLK (sky130_fd_sc_hd__dfrtp_1)
     3    0.016437    0.114577    0.266789    0.443146 ^ _662_/Q (sky130_fd_sc_hd__dfrtp_1)
                                                         r_ptr_gray[0] (net)
                      0.114577    0.000412    0.443558 ^ _255_/A (sky130_fd_sc_hd__inv_2)
     1    0.003058    0.023709    0.014192    0.457749 v _255_/Y (sky130_fd_sc_hd__inv_2)
                                                         _139_ (net)
                      0.023709    0.000092    0.457841 v _307_/A2 (sky130_fd_sc_hd__a221o_1)
     2    0.005936    0.043562    0.185801    0.643643 v _307_/X (sky130_fd_sc_hd__a221o_1)
                                                         _186_ (net)
                      0.043562    0.000085    0.643728 v _311_/A1 (sky130_fd_sc_hd__o31a_1)
     4    0.014694    0.068832    0.222721    0.866449 v _311_/X (sky130_fd_sc_hd__o31a_1)
                                                         _189_ (net)
                      0.068835    0.000574    0.867023 v _315_/C (sky130_fd_sc_hd__and3_1)
     3    0.008136    0.044259    0.144103    1.011126 v _315_/X (sky130_fd_sc_hd__and3_1)
                                                         _192_ (net)
                      0.044259    0.000162    1.011288 v _319_/B (sky130_fd_sc_hd__and2_1)
     3    0.009531    0.044595    0.121784    1.133071 v _319_/X (sky130_fd_sc_hd__and2_1)
                                                         _194_ (net)
                      0.044595    0.000134    1.133206 v _323_/B (sky130_fd_sc_hd__nor2_1)
     2    0.007046    0.103539    0.096500    1.229705 ^ _323_/Y (sky130_fd_sc_hd__nor2_1)
                                                         _196_ (net)
                      0.103539    0.000157    1.229862 ^ _325_/A_N (sky130_fd_sc_hd__and2b_1)
     1    0.003046    0.025471    0.115487    1.345348 v _325_/X (sky130_fd_sc_hd__and2b_1)
                                                         u_rptr_handler.b_rptr_next[3] (net)
                      0.025471    0.000088    1.345437 v _660_/D (sky130_fd_sc_hd__dfrtp_4)
                                              1.345437   data arrival time

                                 14.000000   14.000000   clock rclk (rise edge)
                                  0.000000   14.000000   clock source latency
     1    0.015147    0.000000    0.000000   14.000000 ^ rclk (in)
                                                         rclk (net)
                      0.000805    0.000402   14.000402 ^ clkbuf_0_rclk/A (sky130_fd_sc_hd__clkbuf_16)
     2    0.018395    0.030057    0.075045   14.075447 ^ clkbuf_0_rclk/X (sky130_fd_sc_hd__clkbuf_16)
                                                         clknet_0_rclk (net)
                      0.030059    0.000423   14.075870 ^ clkbuf_1_1__f_rclk/A (sky130_fd_sc_hd__clkbuf_16)
    16    0.045721    0.049106    0.099734   14.175603 ^ clkbuf_1_1__f_rclk/X (sky130_fd_sc_hd__clkbuf_16)
                                                         clknet_1_1__leaf_rclk (net)
                      0.049129    0.000927   14.176531 ^ _660_/CLK (sky130_fd_sc_hd__dfrtp_4)
                                  0.000000   14.176531   clock reconvergence pessimism
                                 -0.068561   14.107970   library setup time
                                             14.107970   data required time
---------------------------------------------------------------------------------------------
                                             14.107970   data required time
                                             -1.345437   data arrival time
---------------------------------------------------------------------------------------------
                                             12.762533   slack (MET)


Startpoint: _662_ (rising edge-triggered flip-flop clocked by rclk)
Endpoint: _665_ (rising edge-triggered flip-flop clocked by rclk)
Path Group: rclk
Path Type: max

Fanout         Cap        Slew       Delay        Time   Description
---------------------------------------------------------------------------------------------
                                  0.000000    0.000000   clock rclk (rise edge)
                                  0.000000    0.000000   clock source latency
     1    0.015147    0.000000    0.000000    0.000000 ^ rclk (in)
                                                         rclk (net)
                      0.000805    0.000402    0.000402 ^ clkbuf_0_rclk/A (sky130_fd_sc_hd__clkbuf_16)
     2    0.018395    0.030057    0.075045    0.075447 ^ clkbuf_0_rclk/X (sky130_fd_sc_hd__clkbuf_16)
                                                         clknet_0_rclk (net)
                      0.030059    0.000423    0.075870 ^ clkbuf_1_1__f_rclk/A (sky130_fd_sc_hd__clkbuf_16)
    16    0.045721    0.049106    0.099734    0.175604 ^ clkbuf_1_1__f_rclk/X (sky130_fd_sc_hd__clkbuf_16)
                                                         clknet_1_1__leaf_rclk (net)
                      0.049120    0.000753    0.176357 ^ _662_/CLK (sky130_fd_sc_hd__dfrtp_1)
     3    0.016437    0.114577    0.266789    0.443146 ^ _662_/Q (sky130_fd_sc_hd__dfrtp_1)
                                                         r_ptr_gray[0] (net)
                      0.114577    0.000412    0.443558 ^ _255_/A (sky130_fd_sc_hd__inv_2)
     1    0.003058    0.023709    0.014192    0.457749 v _255_/Y (sky130_fd_sc_hd__inv_2)
                                                         _139_ (net)
                      0.023709    0.000092    0.457841 v _307_/A2 (sky130_fd_sc_hd__a221o_1)
     2    0.005936    0.043562    0.185801    0.643643 v _307_/X (sky130_fd_sc_hd__a221o_1)
                                                         _186_ (net)
                      0.043562    0.000085    0.643728 v _311_/A1 (sky130_fd_sc_hd__o31a_1)
     4    0.014694    0.068832    0.222721    0.866449 v _311_/X (sky130_fd_sc_hd__o31a_1)
                                                         _189_ (net)
                      0.068835    0.000574    0.867023 v _315_/C (sky130_fd_sc_hd__and3_1)
     3    0.008136    0.044259    0.144103    1.011126 v _315_/X (sky130_fd_sc_hd__and3_1)
                                                         _192_ (net)
                      0.044259    0.000162    1.011288 v _319_/B (sky130_fd_sc_hd__and2_1)
     3    0.009531    0.044595    0.121784    1.133071 v _319_/X (sky130_fd_sc_hd__and2_1)
                                                         _194_ (net)
                      0.044595    0.000134    1.133206 v _323_/B (sky130_fd_sc_hd__nor2_1)
     2    0.007046    0.103539    0.096500    1.229705 ^ _323_/Y (sky130_fd_sc_hd__nor2_1)
                                                         _196_ (net)
                      0.103539    0.000197    1.229902 ^ _328_/B (sky130_fd_sc_hd__xnor2_1)
     1    0.002888    0.083621    0.075523    1.305425 ^ _328_/Y (sky130_fd_sc_hd__xnor2_1)
                                                         u_rptr_handler.g_rptr_next[3] (net)
                      0.083621    0.000087    1.305512 ^ _665_/D (sky130_fd_sc_hd__dfrtp_1)
                                              1.305512   data arrival time

                                 14.000000   14.000000   clock rclk (rise edge)
                                  0.000000   14.000000   clock source latency
     1    0.015147    0.000000    0.000000   14.000000 ^ rclk (in)
                                                         rclk (net)
                      0.000805    0.000402   14.000402 ^ clkbuf_0_rclk/A (sky130_fd_sc_hd__clkbuf_16)
     2    0.018395    0.030057    0.075045   14.075447 ^ clkbuf_0_rclk/X (sky130_fd_sc_hd__clkbuf_16)
                                                         clknet_0_rclk (net)
                      0.030059    0.000423   14.075870 ^ clkbuf_1_1__f_rclk/A (sky130_fd_sc_hd__clkbuf_16)
    16    0.045721    0.049106    0.099734   14.175603 ^ clkbuf_1_1__f_rclk/X (sky130_fd_sc_hd__clkbuf_16)
                                                         clknet_1_1__leaf_rclk (net)
                      0.049127    0.000899   14.176502 ^ _665_/CLK (sky130_fd_sc_hd__dfrtp_1)
                                  0.000000   14.176502   clock reconvergence pessimism
                                 -0.038130   14.138371   library setup time
                                             14.138371   data required time
---------------------------------------------------------------------------------------------
                                             14.138371   data required time
                                             -1.305512   data arrival time
---------------------------------------------------------------------------------------------
                                             12.832861   slack (MET)


Startpoint: _662_ (rising edge-triggered flip-flop clocked by rclk)
Endpoint: _661_ (rising edge-triggered flip-flop clocked by rclk)
Path Group: rclk
Path Type: max

Fanout         Cap        Slew       Delay        Time   Description
---------------------------------------------------------------------------------------------
                                  0.000000    0.000000   clock rclk (rise edge)
                                  0.000000    0.000000   clock source latency
     1    0.015147    0.000000    0.000000    0.000000 ^ rclk (in)
                                                         rclk (net)
                      0.000805    0.000402    0.000402 ^ clkbuf_0_rclk/A (sky130_fd_sc_hd__clkbuf_16)
     2    0.018395    0.030057    0.075045    0.075447 ^ clkbuf_0_rclk/X (sky130_fd_sc_hd__clkbuf_16)
                                                         clknet_0_rclk (net)
                      0.030059    0.000423    0.075870 ^ clkbuf_1_1__f_rclk/A (sky130_fd_sc_hd__clkbuf_16)
    16    0.045721    0.049106    0.099734    0.175604 ^ clkbuf_1_1__f_rclk/X (sky130_fd_sc_hd__clkbuf_16)
                                                         clknet_1_1__leaf_rclk (net)
                      0.049120    0.000753    0.176357 ^ _662_/CLK (sky130_fd_sc_hd__dfrtp_1)
     3    0.016437    0.114577    0.266789    0.443146 ^ _662_/Q (sky130_fd_sc_hd__dfrtp_1)
                                                         r_ptr_gray[0] (net)
                      0.114577    0.000412    0.443558 ^ _255_/A (sky130_fd_sc_hd__inv_2)
     1    0.003058    0.023709    0.014192    0.457749 v _255_/Y (sky130_fd_sc_hd__inv_2)
                                                         _139_ (net)
                      0.023709    0.000092    0.457841 v _307_/A2 (sky130_fd_sc_hd__a221o_1)
     2    0.005936    0.043562    0.185801    0.643643 v _307_/X (sky130_fd_sc_hd__a221o_1)
                                                         _186_ (net)
                      0.043562    0.000085    0.643728 v _311_/A1 (sky130_fd_sc_hd__o31a_1)
     4    0.014694    0.068832    0.222721    0.866449 v _311_/X (sky130_fd_sc_hd__o31a_1)
                                                         _189_ (net)
                      0.068835    0.000574    0.867023 v _315_/C (sky130_fd_sc_hd__and3_1)
     3    0.008136    0.044259    0.144103    1.011126 v _315_/X (sky130_fd_sc_hd__and3_1)
                                                         _192_ (net)
                      0.044259    0.000162    1.011288 v _319_/B (sky130_fd_sc_hd__and2_1)
     3    0.009531    0.044595    0.121784    1.133071 v _319_/X (sky130_fd_sc_hd__and2_1)
                                                         _194_ (net)
                      0.044595    0.000219    1.133290 v _324_/B (sky130_fd_sc_hd__nand2_1)
     2    0.007343    0.063229    0.069461    1.202751 ^ _324_/Y (sky130_fd_sc_hd__nand2_1)
                                                         _197_ (net)
                      0.063229    0.000123    1.202874 ^ _327_/B (sky130_fd_sc_hd__xnor2_1)
     1    0.003275    0.088797    0.073722    1.276596 ^ _327_/Y (sky130_fd_sc_hd__xnor2_1)
                                                         u_rptr_handler.b_rptr_next[4] (net)
                      0.088797    0.000098    1.276694 ^ _661_/D (sky130_fd_sc_hd__dfrtp_4)
                                              1.276694   data arrival time

                                 14.000000   14.000000   clock rclk (rise edge)
                                  0.000000   14.000000   clock source latency
     1    0.015147    0.000000    0.000000   14.000000 ^ rclk (in)
                                                         rclk (net)
                      0.000805    0.000402   14.000402 ^ clkbuf_0_rclk/A (sky130_fd_sc_hd__clkbuf_16)
     2    0.018395    0.030057    0.075045   14.075447 ^ clkbuf_0_rclk/X (sky130_fd_sc_hd__clkbuf_16)
                                                         clknet_0_rclk (net)
                      0.030059    0.000423   14.075870 ^ clkbuf_1_1__f_rclk/A (sky130_fd_sc_hd__clkbuf_16)
    16    0.045721    0.049106    0.099734   14.175603 ^ clkbuf_1_1__f_rclk/X (sky130_fd_sc_hd__clkbuf_16)
                                                         clknet_1_1__leaf_rclk (net)
                      0.049128    0.000925   14.176529 ^ _661_/CLK (sky130_fd_sc_hd__dfrtp_4)
                                  0.000000   14.176529   clock reconvergence pessimism
                                 -0.042559   14.133970   library setup time
                                             14.133970   data required time
---------------------------------------------------------------------------------------------
                                             14.133970   data required time
                                             -1.276694   data arrival time
---------------------------------------------------------------------------------------------
                                             12.857277   slack (MET)


Startpoint: _662_ (rising edge-triggered flip-flop clocked by rclk)
Endpoint: _659_ (rising edge-triggered flip-flop clocked by rclk)
Path Group: rclk
Path Type: max

Fanout         Cap        Slew       Delay        Time   Description
---------------------------------------------------------------------------------------------
                                  0.000000    0.000000   clock rclk (rise edge)
                                  0.000000    0.000000   clock source latency
     1    0.015147    0.000000    0.000000    0.000000 ^ rclk (in)
                                                         rclk (net)
                      0.000805    0.000402    0.000402 ^ clkbuf_0_rclk/A (sky130_fd_sc_hd__clkbuf_16)
     2    0.018395    0.030057    0.075045    0.075447 ^ clkbuf_0_rclk/X (sky130_fd_sc_hd__clkbuf_16)
                                                         clknet_0_rclk (net)
                      0.030059    0.000423    0.075870 ^ clkbuf_1_1__f_rclk/A (sky130_fd_sc_hd__clkbuf_16)
    16    0.045721    0.049106    0.099734    0.175604 ^ clkbuf_1_1__f_rclk/X (sky130_fd_sc_hd__clkbuf_16)
                                                         clknet_1_1__leaf_rclk (net)
                      0.049120    0.000753    0.176357 ^ _662_/CLK (sky130_fd_sc_hd__dfrtp_1)
     3    0.016437    0.114577    0.266789    0.443146 ^ _662_/Q (sky130_fd_sc_hd__dfrtp_1)
                                                         r_ptr_gray[0] (net)
                      0.114577    0.000412    0.443558 ^ _255_/A (sky130_fd_sc_hd__inv_2)
     1    0.003058    0.023709    0.014192    0.457749 v _255_/Y (sky130_fd_sc_hd__inv_2)
                                                         _139_ (net)
                      0.023709    0.000092    0.457841 v _307_/A2 (sky130_fd_sc_hd__a221o_1)
     2    0.005936    0.043562    0.185801    0.643643 v _307_/X (sky130_fd_sc_hd__a221o_1)
                                                         _186_ (net)
                      0.043562    0.000085    0.643728 v _311_/A1 (sky130_fd_sc_hd__o31a_1)
     4    0.014694    0.068832    0.222721    0.866449 v _311_/X (sky130_fd_sc_hd__o31a_1)
                                                         _189_ (net)
                      0.068835    0.000574    0.867023 v _315_/C (sky130_fd_sc_hd__and3_1)
     3    0.008136    0.044259    0.144103    1.011126 v _315_/X (sky130_fd_sc_hd__and3_1)
                                                         _192_ (net)
                      0.044259    0.000162    1.011288 v _319_/B (sky130_fd_sc_hd__and2_1)
     3    0.009531    0.044595    0.121784    1.133071 v _319_/X (sky130_fd_sc_hd__and2_1)
                                                         _194_ (net)
                      0.044595    0.000236    1.133308 v _321_/A (sky130_fd_sc_hd__nor2_1)
     1    0.003077    0.059429    0.071961    1.205269 ^ _321_/Y (sky130_fd_sc_hd__nor2_1)
                                                         u_rptr_handler.b_rptr_next[2] (net)
                      0.059429    0.000090    1.205359 ^ _659_/D (sky130_fd_sc_hd__dfrtp_4)
                                              1.205359   data arrival time

                                 14.000000   14.000000   clock rclk (rise edge)
                                  0.000000   14.000000   clock source latency
     1    0.015147    0.000000    0.000000   14.000000 ^ rclk (in)
                                                         rclk (net)
                      0.000805    0.000402   14.000402 ^ clkbuf_0_rclk/A (sky130_fd_sc_hd__clkbuf_16)
     2    0.018395    0.030057    0.075045   14.075447 ^ clkbuf_0_rclk/X (sky130_fd_sc_hd__clkbuf_16)
                                                         clknet_0_rclk (net)
                      0.030058    0.000384   14.075830 ^ clkbuf_1_0__f_rclk/A (sky130_fd_sc_hd__clkbuf_16)
    12    0.049894    0.052064    0.101934   14.177765 ^ clkbuf_1_0__f_rclk/X (sky130_fd_sc_hd__clkbuf_16)
                                                         clknet_1_0__leaf_rclk (net)
                      0.052082    0.000909   14.178674 ^ _659_/CLK (sky130_fd_sc_hd__dfrtp_4)
                                  0.000000   14.178674   clock reconvergence pessimism
                                 -0.039541   14.139132   library setup time
                                             14.139132   data required time
---------------------------------------------------------------------------------------------
                                             14.139132   data required time
                                             -1.205359   data arrival time
---------------------------------------------------------------------------------------------
                                             12.933774   slack (MET)


Startpoint: _662_ (rising edge-triggered flip-flop clocked by rclk)
Endpoint: _664_ (rising edge-triggered flip-flop clocked by rclk)
Path Group: rclk
Path Type: max

Fanout         Cap        Slew       Delay        Time   Description
---------------------------------------------------------------------------------------------
                                  0.000000    0.000000   clock rclk (rise edge)
                                  0.000000    0.000000   clock source latency
     1    0.015147    0.000000    0.000000    0.000000 ^ rclk (in)
                                                         rclk (net)
                      0.000805    0.000402    0.000402 ^ clkbuf_0_rclk/A (sky130_fd_sc_hd__clkbuf_16)
     2    0.018395    0.030057    0.075045    0.075447 ^ clkbuf_0_rclk/X (sky130_fd_sc_hd__clkbuf_16)
                                                         clknet_0_rclk (net)
                      0.030059    0.000423    0.075870 ^ clkbuf_1_1__f_rclk/A (sky130_fd_sc_hd__clkbuf_16)
    16    0.045721    0.049106    0.099734    0.175604 ^ clkbuf_1_1__f_rclk/X (sky130_fd_sc_hd__clkbuf_16)
                                                         clknet_1_1__leaf_rclk (net)
                      0.049120    0.000753    0.176357 ^ _662_/CLK (sky130_fd_sc_hd__dfrtp_1)
     3    0.016437    0.114577    0.266789    0.443146 ^ _662_/Q (sky130_fd_sc_hd__dfrtp_1)
                                                         r_ptr_gray[0] (net)
                      0.114577    0.000412    0.443558 ^ _255_/A (sky130_fd_sc_hd__inv_2)
     1    0.003058    0.023709    0.014192    0.457749 v _255_/Y (sky130_fd_sc_hd__inv_2)
                                                         _139_ (net)
                      0.023709    0.000092    0.457841 v _307_/A2 (sky130_fd_sc_hd__a221o_1)
     2    0.005936    0.043562    0.185801    0.643643 v _307_/X (sky130_fd_sc_hd__a221o_1)
                                                         _186_ (net)
                      0.043562    0.000085    0.643728 v _311_/A1 (sky130_fd_sc_hd__o31a_1)
     4    0.014694    0.068832    0.222721    0.866449 v _311_/X (sky130_fd_sc_hd__o31a_1)
                                                         _189_ (net)
                      0.068835    0.000574    0.867023 v _315_/C (sky130_fd_sc_hd__and3_1)
     3    0.008136    0.044259    0.144103    1.011126 v _315_/X (sky130_fd_sc_hd__and3_1)
                                                         _192_ (net)
                      0.044259    0.000130    1.011256 v _320_/B (sky130_fd_sc_hd__nor2_1)
     2    0.008779    0.124513    0.111410    1.122666 ^ _320_/Y (sky130_fd_sc_hd__nor2_1)
                                                         _195_ (net)
                      0.124513    0.000198    1.122864 ^ _326_/B (sky130_fd_sc_hd__xnor2_1)
     1    0.002830    0.040094    0.043604    1.166468 v _326_/Y (sky130_fd_sc_hd__xnor2_1)
                                                         u_rptr_handler.g_rptr_next[2] (net)
                      0.040095    0.000080    1.166547 v _664_/D (sky130_fd_sc_hd__dfrtp_1)
                                              1.166547   data arrival time

                                 14.000000   14.000000   clock rclk (rise edge)
                                  0.000000   14.000000   clock source latency
     1    0.015147    0.000000    0.000000   14.000000 ^ rclk (in)
                                                         rclk (net)
                      0.000805    0.000402   14.000402 ^ clkbuf_0_rclk/A (sky130_fd_sc_hd__clkbuf_16)
     2    0.018395    0.030057    0.075045   14.075447 ^ clkbuf_0_rclk/X (sky130_fd_sc_hd__clkbuf_16)
                                                         clknet_0_rclk (net)
                      0.030058    0.000384   14.075830 ^ clkbuf_1_0__f_rclk/A (sky130_fd_sc_hd__clkbuf_16)
    12    0.049894    0.052064    0.101934   14.177765 ^ clkbuf_1_0__f_rclk/X (sky130_fd_sc_hd__clkbuf_16)
                                                         clknet_1_0__leaf_rclk (net)
                      0.052084    0.000933   14.178699 ^ _664_/CLK (sky130_fd_sc_hd__dfrtp_1)
                                  0.000000   14.178699   clock reconvergence pessimism
                                 -0.073400   14.105299   library setup time
                                             14.105299   data required time
---------------------------------------------------------------------------------------------
                                             14.105299   data required time
                                             -1.166547   data arrival time
---------------------------------------------------------------------------------------------
                                             12.938751   slack (MET)


Startpoint: _662_ (rising edge-triggered flip-flop clocked by rclk)
Endpoint: _663_ (rising edge-triggered flip-flop clocked by rclk)
Path Group: rclk
Path Type: max

Fanout         Cap        Slew       Delay        Time   Description
---------------------------------------------------------------------------------------------
                                  0.000000    0.000000   clock rclk (rise edge)
                                  0.000000    0.000000   clock source latency
     1    0.015147    0.000000    0.000000    0.000000 ^ rclk (in)
                                                         rclk (net)
                      0.000805    0.000402    0.000402 ^ clkbuf_0_rclk/A (sky130_fd_sc_hd__clkbuf_16)
     2    0.018395    0.030057    0.075045    0.075447 ^ clkbuf_0_rclk/X (sky130_fd_sc_hd__clkbuf_16)
                                                         clknet_0_rclk (net)
                      0.030059    0.000423    0.075870 ^ clkbuf_1_1__f_rclk/A (sky130_fd_sc_hd__clkbuf_16)
    16    0.045721    0.049106    0.099734    0.175604 ^ clkbuf_1_1__f_rclk/X (sky130_fd_sc_hd__clkbuf_16)
                                                         clknet_1_1__leaf_rclk (net)
                      0.049120    0.000753    0.176357 ^ _662_/CLK (sky130_fd_sc_hd__dfrtp_1)
     3    0.016437    0.114577    0.266789    0.443146 ^ _662_/Q (sky130_fd_sc_hd__dfrtp_1)
                                                         r_ptr_gray[0] (net)
                      0.114577    0.000412    0.443558 ^ _255_/A (sky130_fd_sc_hd__inv_2)
     1    0.003058    0.023709    0.014192    0.457749 v _255_/Y (sky130_fd_sc_hd__inv_2)
                                                         _139_ (net)
                      0.023709    0.000092    0.457841 v _307_/A2 (sky130_fd_sc_hd__a221o_1)
     2    0.005936    0.043562    0.185801    0.643643 v _307_/X (sky130_fd_sc_hd__a221o_1)
                                                         _186_ (net)
                      0.043562    0.000085    0.643728 v _311_/A1 (sky130_fd_sc_hd__o31a_1)
     4    0.014694    0.068832    0.222721    0.866449 v _311_/X (sky130_fd_sc_hd__o31a_1)
                                                         _189_ (net)
                      0.068835    0.000557    0.867006 v _316_/A2 (sky130_fd_sc_hd__a21oi_1)
     2    0.008678    0.155422    0.166676    1.033682 ^ _316_/Y (sky130_fd_sc_hd__a21oi_1)
                                                         _193_ (net)
                      0.155423    0.000227    1.033908 ^ _322_/B (sky130_fd_sc_hd__xnor2_1)
     1    0.003344    0.055024    0.046178    1.080086 v _322_/Y (sky130_fd_sc_hd__xnor2_1)
                                                         u_rptr_handler.g_rptr_next[1] (net)
                      0.055024    0.000105    1.080191 v _663_/D (sky130_fd_sc_hd__dfrtp_1)
                                              1.080191   data arrival time

                                 14.000000   14.000000   clock rclk (rise edge)
                                  0.000000   14.000000   clock source latency
     1    0.015147    0.000000    0.000000   14.000000 ^ rclk (in)
                                                         rclk (net)
                      0.000805    0.000402   14.000402 ^ clkbuf_0_rclk/A (sky130_fd_sc_hd__clkbuf_16)
     2    0.018395    0.030057    0.075045   14.075447 ^ clkbuf_0_rclk/X (sky130_fd_sc_hd__clkbuf_16)
                                                         clknet_0_rclk (net)
                      0.030058    0.000384   14.075830 ^ clkbuf_1_0__f_rclk/A (sky130_fd_sc_hd__clkbuf_16)
    12    0.049894    0.052064    0.101934   14.177765 ^ clkbuf_1_0__f_rclk/X (sky130_fd_sc_hd__clkbuf_16)
                                                         clknet_1_0__leaf_rclk (net)
                      0.052085    0.000957   14.178722 ^ _663_/CLK (sky130_fd_sc_hd__dfrtp_1)
                                  0.000000   14.178722   clock reconvergence pessimism
                                 -0.078728   14.099996   library setup time
                                             14.099996   data required time
---------------------------------------------------------------------------------------------
                                             14.099996   data required time
                                             -1.080191   data arrival time
---------------------------------------------------------------------------------------------
                                             13.019804   slack (MET)


Startpoint: _662_ (rising edge-triggered flip-flop clocked by rclk)
Endpoint: _658_ (rising edge-triggered flip-flop clocked by rclk)
Path Group: rclk
Path Type: max

Fanout         Cap        Slew       Delay        Time   Description
---------------------------------------------------------------------------------------------
                                  0.000000    0.000000   clock rclk (rise edge)
                                  0.000000    0.000000   clock source latency
     1    0.015147    0.000000    0.000000    0.000000 ^ rclk (in)
                                                         rclk (net)
                      0.000805    0.000402    0.000402 ^ clkbuf_0_rclk/A (sky130_fd_sc_hd__clkbuf_16)
     2    0.018395    0.030057    0.075045    0.075447 ^ clkbuf_0_rclk/X (sky130_fd_sc_hd__clkbuf_16)
                                                         clknet_0_rclk (net)
                      0.030059    0.000423    0.075870 ^ clkbuf_1_1__f_rclk/A (sky130_fd_sc_hd__clkbuf_16)
    16    0.045721    0.049106    0.099734    0.175604 ^ clkbuf_1_1__f_rclk/X (sky130_fd_sc_hd__clkbuf_16)
                                                         clknet_1_1__leaf_rclk (net)
                      0.049120    0.000753    0.176357 ^ _662_/CLK (sky130_fd_sc_hd__dfrtp_1)
     3    0.016437    0.114577    0.266789    0.443146 ^ _662_/Q (sky130_fd_sc_hd__dfrtp_1)
                                                         r_ptr_gray[0] (net)
                      0.114577    0.000412    0.443558 ^ _255_/A (sky130_fd_sc_hd__inv_2)
     1    0.003058    0.023709    0.014192    0.457749 v _255_/Y (sky130_fd_sc_hd__inv_2)
                                                         _139_ (net)
                      0.023709    0.000092    0.457841 v _307_/A2 (sky130_fd_sc_hd__a221o_1)
     2    0.005936    0.043562    0.185801    0.643643 v _307_/X (sky130_fd_sc_hd__a221o_1)
                                                         _186_ (net)
                      0.043562    0.000085    0.643728 v _311_/A1 (sky130_fd_sc_hd__o31a_1)
     4    0.014694    0.068832    0.222721    0.866449 v _311_/X (sky130_fd_sc_hd__o31a_1)
                                                         _189_ (net)
                      0.068835    0.000557    0.867006 v _316_/A2 (sky130_fd_sc_hd__a21oi_1)
     2    0.008678    0.155422    0.166676    1.033682 ^ _316_/Y (sky130_fd_sc_hd__a21oi_1)
                                                         _193_ (net)
                      0.155423    0.000210    1.033891 ^ _317_/B (sky130_fd_sc_hd__nor2_1)
     1    0.002284    0.034708    0.021636    1.055528 v _317_/Y (sky130_fd_sc_hd__nor2_1)
                                                         u_rptr_handler.b_rptr_next[1] (net)
                      0.034708    0.000064    1.055592 v _658_/D (sky130_fd_sc_hd__dfrtp_4)
                                              1.055592   data arrival time

                                 14.000000   14.000000   clock rclk (rise edge)
                                  0.000000   14.000000   clock source latency
     1    0.015147    0.000000    0.000000   14.000000 ^ rclk (in)
                                                         rclk (net)
                      0.000805    0.000402   14.000402 ^ clkbuf_0_rclk/A (sky130_fd_sc_hd__clkbuf_16)
     2    0.018395    0.030057    0.075045   14.075447 ^ clkbuf_0_rclk/X (sky130_fd_sc_hd__clkbuf_16)
                                                         clknet_0_rclk (net)
                      0.030058    0.000384   14.075830 ^ clkbuf_1_0__f_rclk/A (sky130_fd_sc_hd__clkbuf_16)
    12    0.049894    0.052064    0.101934   14.177765 ^ clkbuf_1_0__f_rclk/X (sky130_fd_sc_hd__clkbuf_16)
                                                         clknet_1_0__leaf_rclk (net)
                      0.052078    0.000814   14.178578 ^ _658_/CLK (sky130_fd_sc_hd__dfrtp_4)
                                  0.000000   14.178578   clock reconvergence pessimism
                                 -0.071579   14.107000   library setup time
                                             14.107000   data required time
---------------------------------------------------------------------------------------------
                                             14.107000   data required time
                                             -1.055592   data arrival time
---------------------------------------------------------------------------------------------
                                             13.051409   slack (MET)


Startpoint: _662_ (rising edge-triggered flip-flop clocked by rclk)
Endpoint: _662_ (rising edge-triggered flip-flop clocked by rclk)
Path Group: rclk
Path Type: max

Fanout         Cap        Slew       Delay        Time   Description
---------------------------------------------------------------------------------------------
                                  0.000000    0.000000   clock rclk (rise edge)
                                  0.000000    0.000000   clock source latency
     1    0.015147    0.000000    0.000000    0.000000 ^ rclk (in)
                                                         rclk (net)
                      0.000805    0.000402    0.000402 ^ clkbuf_0_rclk/A (sky130_fd_sc_hd__clkbuf_16)
     2    0.018395    0.030057    0.075045    0.075447 ^ clkbuf_0_rclk/X (sky130_fd_sc_hd__clkbuf_16)
                                                         clknet_0_rclk (net)
                      0.030059    0.000423    0.075870 ^ clkbuf_1_1__f_rclk/A (sky130_fd_sc_hd__clkbuf_16)
    16    0.045721    0.049106    0.099734    0.175604 ^ clkbuf_1_1__f_rclk/X (sky130_fd_sc_hd__clkbuf_16)
                                                         clknet_1_1__leaf_rclk (net)
                      0.049120    0.000753    0.176357 ^ _662_/CLK (sky130_fd_sc_hd__dfrtp_1)
     3    0.016437    0.114577    0.266789    0.443146 ^ _662_/Q (sky130_fd_sc_hd__dfrtp_1)
                                                         r_ptr_gray[0] (net)
                      0.114577    0.000412    0.443558 ^ _255_/A (sky130_fd_sc_hd__inv_2)
     1    0.003058    0.023709    0.014192    0.457749 v _255_/Y (sky130_fd_sc_hd__inv_2)
                                                         _139_ (net)
                      0.023709    0.000092    0.457841 v _307_/A2 (sky130_fd_sc_hd__a221o_1)
     2    0.005936    0.043562    0.185801    0.643643 v _307_/X (sky130_fd_sc_hd__a221o_1)
                                                         _186_ (net)
                      0.043562    0.000085    0.643728 v _311_/A1 (sky130_fd_sc_hd__o31a_1)
     4    0.014694    0.068832    0.222721    0.866449 v _311_/X (sky130_fd_sc_hd__o31a_1)
                                                         _189_ (net)
                      0.068834    0.000477    0.866926 v _313_/B (sky130_fd_sc_hd__nor2_1)
     2    0.008605    0.133021    0.118897    0.985823 ^ _313_/Y (sky130_fd_sc_hd__nor2_1)
                                                         _191_ (net)
                      0.133021    0.000143    0.985966 ^ _318_/B (sky130_fd_sc_hd__xnor2_1)
     1    0.003057    0.071710    0.044813    1.030780 v _318_/Y (sky130_fd_sc_hd__xnor2_1)
                                                         u_rptr_handler.g_rptr_next[0] (net)
                      0.071710    0.000068    1.030848 v _662_/D (sky130_fd_sc_hd__dfrtp_1)
                                              1.030848   data arrival time

                                 14.000000   14.000000   clock rclk (rise edge)
                                  0.000000   14.000000   clock source latency
     1    0.015147    0.000000    0.000000   14.000000 ^ rclk (in)
                                                         rclk (net)
                      0.000805    0.000402   14.000402 ^ clkbuf_0_rclk/A (sky130_fd_sc_hd__clkbuf_16)
     2    0.018395    0.030057    0.075045   14.075447 ^ clkbuf_0_rclk/X (sky130_fd_sc_hd__clkbuf_16)
                                                         clknet_0_rclk (net)
                      0.030059    0.000423   14.075870 ^ clkbuf_1_1__f_rclk/A (sky130_fd_sc_hd__clkbuf_16)
    16    0.045721    0.049106    0.099734   14.175603 ^ clkbuf_1_1__f_rclk/X (sky130_fd_sc_hd__clkbuf_16)
                                                         clknet_1_1__leaf_rclk (net)
                      0.049120    0.000753   14.176356 ^ _662_/CLK (sky130_fd_sc_hd__dfrtp_1)
                                  0.000000   14.176356   clock reconvergence pessimism
                                 -0.084969   14.091388   library setup time
                                             14.091388   data required time
---------------------------------------------------------------------------------------------
                                             14.091388   data required time
                                             -1.030848   data arrival time
---------------------------------------------------------------------------------------------
                                             13.060540   slack (MET)


Startpoint: _662_ (rising edge-triggered flip-flop clocked by rclk)
Endpoint: _657_ (rising edge-triggered flip-flop clocked by rclk)
Path Group: rclk
Path Type: max

Fanout         Cap        Slew       Delay        Time   Description
---------------------------------------------------------------------------------------------
                                  0.000000    0.000000   clock rclk (rise edge)
                                  0.000000    0.000000   clock source latency
     1    0.015147    0.000000    0.000000    0.000000 ^ rclk (in)
                                                         rclk (net)
                      0.000805    0.000402    0.000402 ^ clkbuf_0_rclk/A (sky130_fd_sc_hd__clkbuf_16)
     2    0.018395    0.030057    0.075045    0.075447 ^ clkbuf_0_rclk/X (sky130_fd_sc_hd__clkbuf_16)
                                                         clknet_0_rclk (net)
                      0.030059    0.000423    0.075870 ^ clkbuf_1_1__f_rclk/A (sky130_fd_sc_hd__clkbuf_16)
    16    0.045721    0.049106    0.099734    0.175604 ^ clkbuf_1_1__f_rclk/X (sky130_fd_sc_hd__clkbuf_16)
                                                         clknet_1_1__leaf_rclk (net)
                      0.049120    0.000753    0.176357 ^ _662_/CLK (sky130_fd_sc_hd__dfrtp_1)
     3    0.016437    0.114577    0.266789    0.443146 ^ _662_/Q (sky130_fd_sc_hd__dfrtp_1)
                                                         r_ptr_gray[0] (net)
                      0.114577    0.000412    0.443558 ^ _255_/A (sky130_fd_sc_hd__inv_2)
     1    0.003058    0.023709    0.014192    0.457749 v _255_/Y (sky130_fd_sc_hd__inv_2)
                                                         _139_ (net)
                      0.023709    0.000092    0.457841 v _307_/A2 (sky130_fd_sc_hd__a221o_1)
     2    0.005936    0.043562    0.185801    0.643643 v _307_/X (sky130_fd_sc_hd__a221o_1)
                                                         _186_ (net)
                      0.043562    0.000085    0.643728 v _311_/A1 (sky130_fd_sc_hd__o31a_1)
     4    0.014694    0.068832    0.222721    0.866449 v _311_/X (sky130_fd_sc_hd__o31a_1)
                                                         _189_ (net)
                      0.068835    0.000564    0.867013 v _312_/B (sky130_fd_sc_hd__and2_1)
     1    0.003751    0.031693    0.113973    0.980986 v _312_/X (sky130_fd_sc_hd__and2_1)
                                                         _190_ (net)
                      0.031693    0.000115    0.981101 v _314_/A (sky130_fd_sc_hd__nor2_1)
     1    0.002686    0.061273    0.064070    1.045170 ^ _314_/Y (sky130_fd_sc_hd__nor2_1)
                                                         u_rptr_handler.b_rptr_next[0] (net)
                      0.061273    0.000076    1.045246 ^ _657_/D (sky130_fd_sc_hd__dfrtp_4)
                                              1.045246   data arrival time

                                 14.000000   14.000000   clock rclk (rise edge)
                                  0.000000   14.000000   clock source latency
     1    0.015147    0.000000    0.000000   14.000000 ^ rclk (in)
                                                         rclk (net)
                      0.000805    0.000402   14.000402 ^ clkbuf_0_rclk/A (sky130_fd_sc_hd__clkbuf_16)
     2    0.018395    0.030057    0.075045   14.075447 ^ clkbuf_0_rclk/X (sky130_fd_sc_hd__clkbuf_16)
                                                         clknet_0_rclk (net)
                      0.030059    0.000423   14.075870 ^ clkbuf_1_1__f_rclk/A (sky130_fd_sc_hd__clkbuf_16)
    16    0.045721    0.049106    0.099734   14.175603 ^ clkbuf_1_1__f_rclk/X (sky130_fd_sc_hd__clkbuf_16)
                                                         clknet_1_1__leaf_rclk (net)
                      0.049123    0.000817   14.176420 ^ _657_/CLK (sky130_fd_sc_hd__dfrtp_4)
                                  0.000000   14.176420   clock reconvergence pessimism
                                 -0.039837   14.136583   library setup time
                                             14.136583   data required time
---------------------------------------------------------------------------------------------
                                             14.136583   data required time
                                             -1.045246   data arrival time
---------------------------------------------------------------------------------------------
                                             13.091337   slack (MET)


Startpoint: _538_ (rising edge-triggered flip-flop clocked by rclk)
Endpoint: _533_ (rising edge-triggered flip-flop clocked by rclk)
Path Group: rclk
Path Type: max

Fanout         Cap        Slew       Delay        Time   Description
---------------------------------------------------------------------------------------------
                                  0.000000    0.000000   clock rclk (rise edge)
                                  0.000000    0.000000   clock source latency
     1    0.015147    0.000000    0.000000    0.000000 ^ rclk (in)
                                                         rclk (net)
                      0.000805    0.000402    0.000402 ^ clkbuf_0_rclk/A (sky130_fd_sc_hd__clkbuf_16)
     2    0.018395    0.030057    0.075045    0.075447 ^ clkbuf_0_rclk/X (sky130_fd_sc_hd__clkbuf_16)
                                                         clknet_0_rclk (net)
                      0.030059    0.000423    0.075870 ^ clkbuf_1_1__f_rclk/A (sky130_fd_sc_hd__clkbuf_16)
    16    0.045721    0.049106    0.099734    0.175604 ^ clkbuf_1_1__f_rclk/X (sky130_fd_sc_hd__clkbuf_16)
                                                         clknet_1_1__leaf_rclk (net)
                      0.049126    0.000889    0.176493 ^ _538_/CLK (sky130_fd_sc_hd__dfrtp_1)
     1    0.004975    0.034886    0.234922    0.411415 v _538_/Q (sky130_fd_sc_hd__dfrtp_1)
                                                         sync_gwptr_to_rd.q1[1] (net)
                      0.034886    0.000173    0.411588 v _533_/D (sky130_fd_sc_hd__dfrtp_1)
                                              0.411588   data arrival time

                                 14.000000   14.000000   clock rclk (rise edge)
                                  0.000000   14.000000   clock source latency
     1    0.015147    0.000000    0.000000   14.000000 ^ rclk (in)
                                                         rclk (net)
                      0.000805    0.000402   14.000402 ^ clkbuf_0_rclk/A (sky130_fd_sc_hd__clkbuf_16)
     2    0.018395    0.030057    0.075045   14.075447 ^ clkbuf_0_rclk/X (sky130_fd_sc_hd__clkbuf_16)
                                                         clknet_0_rclk (net)
                      0.030059    0.000423   14.075870 ^ clkbuf_1_1__f_rclk/A (sky130_fd_sc_hd__clkbuf_16)
    16    0.045721    0.049106    0.099734   14.175603 ^ clkbuf_1_1__f_rclk/X (sky130_fd_sc_hd__clkbuf_16)
                                                         clknet_1_1__leaf_rclk (net)
                      0.049122    0.000808   14.176412 ^ _533_/CLK (sky130_fd_sc_hd__dfrtp_1)
                                  0.000000   14.176412   clock reconvergence pessimism
                                 -0.071827   14.104585   library setup time
                                             14.104585   data required time
---------------------------------------------------------------------------------------------
                                             14.104585   data required time
                                             -0.411588   data arrival time
---------------------------------------------------------------------------------------------
                                             13.692996   slack (MET)


Startpoint: _537_ (rising edge-triggered flip-flop clocked by rclk)
Endpoint: _532_ (rising edge-triggered flip-flop clocked by rclk)
Path Group: rclk
Path Type: max

Fanout         Cap        Slew       Delay        Time   Description
---------------------------------------------------------------------------------------------
                                  0.000000    0.000000   clock rclk (rise edge)
                                  0.000000    0.000000   clock source latency
     1    0.015147    0.000000    0.000000    0.000000 ^ rclk (in)
                                                         rclk (net)
                      0.000805    0.000402    0.000402 ^ clkbuf_0_rclk/A (sky130_fd_sc_hd__clkbuf_16)
     2    0.018395    0.030057    0.075045    0.075447 ^ clkbuf_0_rclk/X (sky130_fd_sc_hd__clkbuf_16)
                                                         clknet_0_rclk (net)
                      0.030059    0.000423    0.075870 ^ clkbuf_1_1__f_rclk/A (sky130_fd_sc_hd__clkbuf_16)
    16    0.045721    0.049106    0.099734    0.175604 ^ clkbuf_1_1__f_rclk/X (sky130_fd_sc_hd__clkbuf_16)
                                                         clknet_1_1__leaf_rclk (net)
                      0.049123    0.000822    0.176426 ^ _537_/CLK (sky130_fd_sc_hd__dfrtp_1)
     1    0.003630    0.030810    0.229697    0.406124 v _537_/Q (sky130_fd_sc_hd__dfrtp_1)
                                                         sync_gwptr_to_rd.q1[0] (net)
                      0.030810    0.000117    0.406241 v _532_/D (sky130_fd_sc_hd__dfrtp_1)
                                              0.406241   data arrival time

                                 14.000000   14.000000   clock rclk (rise edge)
                                  0.000000   14.000000   clock source latency
     1    0.015147    0.000000    0.000000   14.000000 ^ rclk (in)
                                                         rclk (net)
                      0.000805    0.000402   14.000402 ^ clkbuf_0_rclk/A (sky130_fd_sc_hd__clkbuf_16)
     2    0.018395    0.030057    0.075045   14.075447 ^ clkbuf_0_rclk/X (sky130_fd_sc_hd__clkbuf_16)
                                                         clknet_0_rclk (net)
                      0.030059    0.000423   14.075870 ^ clkbuf_1_1__f_rclk/A (sky130_fd_sc_hd__clkbuf_16)
    16    0.045721    0.049106    0.099734   14.175603 ^ clkbuf_1_1__f_rclk/X (sky130_fd_sc_hd__clkbuf_16)
                                                         clknet_1_1__leaf_rclk (net)
                      0.049115    0.000647   14.176250 ^ _532_/CLK (sky130_fd_sc_hd__dfrtp_1)
                                  0.000000   14.176250   clock reconvergence pessimism
                                 -0.070373   14.105878   library setup time
                                             14.105878   data required time
---------------------------------------------------------------------------------------------
                                             14.105878   data required time
                                             -0.406241   data arrival time
---------------------------------------------------------------------------------------------
                                             13.699637   slack (MET)


Startpoint: _539_ (rising edge-triggered flip-flop clocked by rclk)
Endpoint: _534_ (rising edge-triggered flip-flop clocked by rclk)
Path Group: rclk
Path Type: max

Fanout         Cap        Slew       Delay        Time   Description
---------------------------------------------------------------------------------------------
                                  0.000000    0.000000   clock rclk (rise edge)
                                  0.000000    0.000000   clock source latency
     1    0.015147    0.000000    0.000000    0.000000 ^ rclk (in)
                                                         rclk (net)
                      0.000805    0.000402    0.000402 ^ clkbuf_0_rclk/A (sky130_fd_sc_hd__clkbuf_16)
     2    0.018395    0.030057    0.075045    0.075447 ^ clkbuf_0_rclk/X (sky130_fd_sc_hd__clkbuf_16)
                                                         clknet_0_rclk (net)
                      0.030059    0.000423    0.075870 ^ clkbuf_1_1__f_rclk/A (sky130_fd_sc_hd__clkbuf_16)
    16    0.045721    0.049106    0.099734    0.175604 ^ clkbuf_1_1__f_rclk/X (sky130_fd_sc_hd__clkbuf_16)
                                                         clknet_1_1__leaf_rclk (net)
                      0.049120    0.000765    0.176369 ^ _539_/CLK (sky130_fd_sc_hd__dfrtp_1)
     1    0.003453    0.030147    0.228799    0.405168 v _539_/Q (sky130_fd_sc_hd__dfrtp_1)
                                                         sync_gwptr_to_rd.q1[2] (net)
                      0.030147    0.000102    0.405270 v _534_/D (sky130_fd_sc_hd__dfrtp_1)
                                              0.405270   data arrival time

                                 14.000000   14.000000   clock rclk (rise edge)
                                  0.000000   14.000000   clock source latency
     1    0.015147    0.000000    0.000000   14.000000 ^ rclk (in)
                                                         rclk (net)
                      0.000805    0.000402   14.000402 ^ clkbuf_0_rclk/A (sky130_fd_sc_hd__clkbuf_16)
     2    0.018395    0.030057    0.075045   14.075447 ^ clkbuf_0_rclk/X (sky130_fd_sc_hd__clkbuf_16)
                                                         clknet_0_rclk (net)
                      0.030059    0.000423   14.075870 ^ clkbuf_1_1__f_rclk/A (sky130_fd_sc_hd__clkbuf_16)
    16    0.045721    0.049106    0.099734   14.175603 ^ clkbuf_1_1__f_rclk/X (sky130_fd_sc_hd__clkbuf_16)
                                                         clknet_1_1__leaf_rclk (net)
                      0.049119    0.000731   14.176334 ^ _534_/CLK (sky130_fd_sc_hd__dfrtp_1)
                                  0.000000   14.176334   clock reconvergence pessimism
                                 -0.070136   14.106198   library setup time
                                             14.106198   data required time
---------------------------------------------------------------------------------------------
                                             14.106198   data required time
                                             -0.405270   data arrival time
---------------------------------------------------------------------------------------------
                                             13.700929   slack (MET)


Startpoint: _540_ (rising edge-triggered flip-flop clocked by rclk)
Endpoint: _535_ (rising edge-triggered flip-flop clocked by rclk)
Path Group: rclk
Path Type: max

Fanout         Cap        Slew       Delay        Time   Description
---------------------------------------------------------------------------------------------
                                  0.000000    0.000000   clock rclk (rise edge)
                                  0.000000    0.000000   clock source latency
     1    0.015147    0.000000    0.000000    0.000000 ^ rclk (in)
                                                         rclk (net)
                      0.000805    0.000402    0.000402 ^ clkbuf_0_rclk/A (sky130_fd_sc_hd__clkbuf_16)
     2    0.018395    0.030057    0.075045    0.075447 ^ clkbuf_0_rclk/X (sky130_fd_sc_hd__clkbuf_16)
                                                         clknet_0_rclk (net)
                      0.030059    0.000423    0.075870 ^ clkbuf_1_1__f_rclk/A (sky130_fd_sc_hd__clkbuf_16)
    16    0.045721    0.049106    0.099734    0.175604 ^ clkbuf_1_1__f_rclk/X (sky130_fd_sc_hd__clkbuf_16)
                                                         clknet_1_1__leaf_rclk (net)
                      0.049122    0.000813    0.176417 ^ _540_/CLK (sky130_fd_sc_hd__dfrtp_1)
     1    0.002704    0.027508    0.224991    0.401408 v _540_/Q (sky130_fd_sc_hd__dfrtp_1)
                                                         sync_gwptr_to_rd.q1[3] (net)
                      0.027508    0.000080    0.401488 v _535_/D (sky130_fd_sc_hd__dfrtp_1)
                                              0.401488   data arrival time

                                 14.000000   14.000000   clock rclk (rise edge)
                                  0.000000   14.000000   clock source latency
     1    0.015147    0.000000    0.000000   14.000000 ^ rclk (in)
                                                         rclk (net)
                      0.000805    0.000402   14.000402 ^ clkbuf_0_rclk/A (sky130_fd_sc_hd__clkbuf_16)
     2    0.018395    0.030057    0.075045   14.075447 ^ clkbuf_0_rclk/X (sky130_fd_sc_hd__clkbuf_16)
                                                         clknet_0_rclk (net)
                      0.030059    0.000423   14.075870 ^ clkbuf_1_1__f_rclk/A (sky130_fd_sc_hd__clkbuf_16)
    16    0.045721    0.049106    0.099734   14.175603 ^ clkbuf_1_1__f_rclk/X (sky130_fd_sc_hd__clkbuf_16)
                                                         clknet_1_1__leaf_rclk (net)
                      0.049116    0.000663   14.176267 ^ _535_/CLK (sky130_fd_sc_hd__dfrtp_1)
                                  0.000000   14.176267   clock reconvergence pessimism
                                 -0.069194   14.107073   library setup time
                                             14.107073   data required time
---------------------------------------------------------------------------------------------
                                             14.107073   data required time
                                             -0.401488   data arrival time
---------------------------------------------------------------------------------------------
                                             13.705585   slack (MET)


Startpoint: _541_ (rising edge-triggered flip-flop clocked by rclk)
Endpoint: _536_ (rising edge-triggered flip-flop clocked by rclk)
Path Group: rclk
Path Type: max

Fanout         Cap        Slew       Delay        Time   Description
---------------------------------------------------------------------------------------------
                                  0.000000    0.000000   clock rclk (rise edge)
                                  0.000000    0.000000   clock source latency
     1    0.015147    0.000000    0.000000    0.000000 ^ rclk (in)
                                                         rclk (net)
                      0.000805    0.000402    0.000402 ^ clkbuf_0_rclk/A (sky130_fd_sc_hd__clkbuf_16)
     2    0.018395    0.030057    0.075045    0.075447 ^ clkbuf_0_rclk/X (sky130_fd_sc_hd__clkbuf_16)
                                                         clknet_0_rclk (net)
                      0.030059    0.000423    0.075870 ^ clkbuf_1_1__f_rclk/A (sky130_fd_sc_hd__clkbuf_16)
    16    0.045721    0.049106    0.099734    0.175604 ^ clkbuf_1_1__f_rclk/X (sky130_fd_sc_hd__clkbuf_16)
                                                         clknet_1_1__leaf_rclk (net)
                      0.049124    0.000850    0.176454 ^ _541_/CLK (sky130_fd_sc_hd__dfrtp_1)
     1    0.002656    0.027348    0.224753    0.401206 v _541_/Q (sky130_fd_sc_hd__dfrtp_1)
                                                         sync_gwptr_to_rd.q1[4] (net)
                      0.027348    0.000075    0.401281 v _536_/D (sky130_fd_sc_hd__dfrtp_1)
                                              0.401281   data arrival time

                                 14.000000   14.000000   clock rclk (rise edge)
                                  0.000000   14.000000   clock source latency
     1    0.015147    0.000000    0.000000   14.000000 ^ rclk (in)
                                                         rclk (net)
                      0.000805    0.000402   14.000402 ^ clkbuf_0_rclk/A (sky130_fd_sc_hd__clkbuf_16)
     2    0.018395    0.030057    0.075045   14.075447 ^ clkbuf_0_rclk/X (sky130_fd_sc_hd__clkbuf_16)
                                                         clknet_0_rclk (net)
                      0.030059    0.000423   14.075870 ^ clkbuf_1_1__f_rclk/A (sky130_fd_sc_hd__clkbuf_16)
    16    0.045721    0.049106    0.099734   14.175603 ^ clkbuf_1_1__f_rclk/X (sky130_fd_sc_hd__clkbuf_16)
                                                         clknet_1_1__leaf_rclk (net)
                      0.049121    0.000787   14.176391 ^ _536_/CLK (sky130_fd_sc_hd__dfrtp_1)
                                  0.000000   14.176391   clock reconvergence pessimism
                                 -0.069137   14.107253   library setup time
                                             14.107253   data required time
---------------------------------------------------------------------------------------------
                                             14.107253   data required time
                                             -0.401281   data arrival time
---------------------------------------------------------------------------------------------
                                             13.705972   slack (MET)



