
===========================================================================
report_checks -path_delay min (Hold)
============================================================================
======================= nom_tt_025C_1v80 Corner ===================================

Startpoint: _559_ (rising edge-triggered flip-flop clocked by wclk)
Endpoint: _554_ (rising edge-triggered flip-flop clocked by wclk)
Path Group: wclk
Path Type: min

Fanout         Cap        Slew       Delay        Time   Description
---------------------------------------------------------------------------------------------
                                  0.000000    0.000000   clock wclk (rise edge)
                                  0.000000    0.000000   clock source latency
     1    0.016889    0.000000    0.000000    0.000000 ^ wclk (in)
                                                         wclk (net)
                      0.000820    0.000410    0.000410 ^ clkbuf_0_wclk/A (sky130_fd_sc_hd__clkbuf_16)
    16    0.092148    0.108245    0.165291    0.165701 ^ clkbuf_0_wclk/X (sky130_fd_sc_hd__clkbuf_16)
                                                         clknet_0_wclk (net)
                      0.108245    0.000338    0.166039 ^ clkbuf_4_13_0_wclk/A (sky130_fd_sc_hd__clkbuf_8)
    10    0.029376    0.065405    0.167296    0.333335 ^ clkbuf_4_13_0_wclk/X (sky130_fd_sc_hd__clkbuf_8)
                                                         clknet_4_13_0_wclk (net)
                      0.065405    0.000122    0.333457 ^ _559_/CLK (sky130_fd_sc_hd__dfrtp_1)
     1    0.002192    0.042001    0.316527    0.649983 ^ _559_/Q (sky130_fd_sc_hd__dfrtp_1)
                                                         sync_grptr_to_wr.q1[4] (net)
                      0.042001    0.000002    0.649985 ^ _554_/D (sky130_fd_sc_hd__dfrtp_1)
                                              0.649985   data arrival time

                                  0.000000    0.000000   clock wclk (rise edge)
                                  0.000000    0.000000   clock source latency
     1    0.016889    0.000000    0.000000    0.000000 ^ wclk (in)
                                                         wclk (net)
                      0.000820    0.000410    0.000410 ^ clkbuf_0_wclk/A (sky130_fd_sc_hd__clkbuf_16)
    16    0.092148    0.108245    0.165291    0.165701 ^ clkbuf_0_wclk/X (sky130_fd_sc_hd__clkbuf_16)
                                                         clknet_0_wclk (net)
                      0.108245    0.000338    0.166039 ^ clkbuf_4_13_0_wclk/A (sky130_fd_sc_hd__clkbuf_8)
    10    0.029376    0.065405    0.167296    0.333335 ^ clkbuf_4_13_0_wclk/X (sky130_fd_sc_hd__clkbuf_8)
                                                         clknet_4_13_0_wclk (net)
                      0.065405    0.000084    0.333419 ^ _554_/CLK (sky130_fd_sc_hd__dfrtp_1)
                                  0.000000    0.333419   clock reconvergence pessimism
                                 -0.031349    0.302070   library hold time
                                              0.302070   data required time
---------------------------------------------------------------------------------------------
                                              0.302070   data required time
                                             -0.649985   data arrival time
---------------------------------------------------------------------------------------------
                                              0.347916   slack (MET)


Startpoint: _555_ (rising edge-triggered flip-flop clocked by wclk)
Endpoint: _550_ (rising edge-triggered flip-flop clocked by wclk)
Path Group: wclk
Path Type: min

Fanout         Cap        Slew       Delay        Time   Description
---------------------------------------------------------------------------------------------
                                  0.000000    0.000000   clock wclk (rise edge)
                                  0.000000    0.000000   clock source latency
     1    0.016889    0.000000    0.000000    0.000000 ^ wclk (in)
                                                         wclk (net)
                      0.000820    0.000410    0.000410 ^ clkbuf_0_wclk/A (sky130_fd_sc_hd__clkbuf_16)
    16    0.092148    0.108245    0.165291    0.165701 ^ clkbuf_0_wclk/X (sky130_fd_sc_hd__clkbuf_16)
                                                         clknet_0_wclk (net)
                      0.108245    0.000426    0.166127 ^ clkbuf_4_7_0_wclk/A (sky130_fd_sc_hd__clkbuf_8)
    11    0.029723    0.065938    0.167724    0.333851 ^ clkbuf_4_7_0_wclk/X (sky130_fd_sc_hd__clkbuf_8)
                                                         clknet_4_7_0_wclk (net)
                      0.065938    0.000038    0.333889 ^ _555_/CLK (sky130_fd_sc_hd__dfrtp_1)
     1    0.002192    0.042001    0.316725    0.650614 ^ _555_/Q (sky130_fd_sc_hd__dfrtp_1)
                                                         sync_grptr_to_wr.q1[0] (net)
                      0.042001    0.000002    0.650616 ^ _550_/D (sky130_fd_sc_hd__dfrtp_1)
                                              0.650616   data arrival time

                                  0.000000    0.000000   clock wclk (rise edge)
                                  0.000000    0.000000   clock source latency
     1    0.016889    0.000000    0.000000    0.000000 ^ wclk (in)
                                                         wclk (net)
                      0.000820    0.000410    0.000410 ^ clkbuf_0_wclk/A (sky130_fd_sc_hd__clkbuf_16)
    16    0.092148    0.108245    0.165291    0.165701 ^ clkbuf_0_wclk/X (sky130_fd_sc_hd__clkbuf_16)
                                                         clknet_0_wclk (net)
                      0.108245    0.000426    0.166127 ^ clkbuf_4_7_0_wclk/A (sky130_fd_sc_hd__clkbuf_8)
    11    0.029723    0.065938    0.167724    0.333851 ^ clkbuf_4_7_0_wclk/X (sky130_fd_sc_hd__clkbuf_8)
                                                         clknet_4_7_0_wclk (net)
                      0.065938    0.000045    0.333897 ^ _550_/CLK (sky130_fd_sc_hd__dfrtp_1)
                                  0.000000    0.333897   clock reconvergence pessimism
                                 -0.031276    0.302620   library hold time
                                              0.302620   data required time
---------------------------------------------------------------------------------------------
                                              0.302620   data required time
                                             -0.650616   data arrival time
---------------------------------------------------------------------------------------------
                                              0.347996   slack (MET)


Startpoint: _541_ (rising edge-triggered flip-flop clocked by rclk)
Endpoint: _536_ (rising edge-triggered flip-flop clocked by rclk)
Path Group: rclk
Path Type: min

Fanout         Cap        Slew       Delay        Time   Description
---------------------------------------------------------------------------------------------
                                  0.000000    0.000000   clock rclk (rise edge)
                                  0.000000    0.000000   clock source latency
     1    0.012367    0.000000    0.000000    0.000000 ^ rclk (in)
                                                         rclk (net)
                      0.000335    0.000167    0.000167 ^ clkbuf_0_rclk/A (sky130_fd_sc_hd__clkbuf_16)
     2    0.017181    0.039446    0.107155    0.107323 ^ clkbuf_0_rclk/X (sky130_fd_sc_hd__clkbuf_16)
                                                         clknet_0_rclk (net)
                      0.039446    0.000037    0.107360 ^ clkbuf_1_1__f_rclk/A (sky130_fd_sc_hd__clkbuf_16)
    16    0.037628    0.057696    0.138290    0.245649 ^ clkbuf_1_1__f_rclk/X (sky130_fd_sc_hd__clkbuf_16)
                                                         clknet_1_1__leaf_rclk (net)
                      0.057696    0.000071    0.245720 ^ _541_/CLK (sky130_fd_sc_hd__dfrtp_1)
     1    0.002422    0.043812    0.315547    0.561267 ^ _541_/Q (sky130_fd_sc_hd__dfrtp_1)
                                                         sync_gwptr_to_rd.q1[4] (net)
                      0.043812    0.000005    0.561272 ^ _536_/D (sky130_fd_sc_hd__dfrtp_1)
                                              0.561272   data arrival time

                                  0.000000    0.000000   clock rclk (rise edge)
                                  0.000000    0.000000   clock source latency
     1    0.012367    0.000000    0.000000    0.000000 ^ rclk (in)
                                                         rclk (net)
                      0.000335    0.000167    0.000167 ^ clkbuf_0_rclk/A (sky130_fd_sc_hd__clkbuf_16)
     2    0.017181    0.039446    0.107155    0.107323 ^ clkbuf_0_rclk/X (sky130_fd_sc_hd__clkbuf_16)
                                                         clknet_0_rclk (net)
                      0.039446    0.000037    0.107360 ^ clkbuf_1_1__f_rclk/A (sky130_fd_sc_hd__clkbuf_16)
    16    0.037628    0.057696    0.138290    0.245649 ^ clkbuf_1_1__f_rclk/X (sky130_fd_sc_hd__clkbuf_16)
                                                         clknet_1_1__leaf_rclk (net)
                      0.057696    0.000063    0.245712 ^ _536_/CLK (sky130_fd_sc_hd__dfrtp_1)
                                  0.000000    0.245712   clock reconvergence pessimism
                                 -0.032781    0.212931   library hold time
                                              0.212931   data required time
---------------------------------------------------------------------------------------------
                                              0.212931   data required time
                                             -0.561272   data arrival time
---------------------------------------------------------------------------------------------
                                              0.348341   slack (MET)


Startpoint: _540_ (rising edge-triggered flip-flop clocked by rclk)
Endpoint: _535_ (rising edge-triggered flip-flop clocked by rclk)
Path Group: rclk
Path Type: min

Fanout         Cap        Slew       Delay        Time   Description
---------------------------------------------------------------------------------------------
                                  0.000000    0.000000   clock rclk (rise edge)
                                  0.000000    0.000000   clock source latency
     1    0.012367    0.000000    0.000000    0.000000 ^ rclk (in)
                                                         rclk (net)
                      0.000335    0.000167    0.000167 ^ clkbuf_0_rclk/A (sky130_fd_sc_hd__clkbuf_16)
     2    0.017181    0.039446    0.107155    0.107323 ^ clkbuf_0_rclk/X (sky130_fd_sc_hd__clkbuf_16)
                                                         clknet_0_rclk (net)
                      0.039446    0.000037    0.107360 ^ clkbuf_1_1__f_rclk/A (sky130_fd_sc_hd__clkbuf_16)
    16    0.037628    0.057696    0.138290    0.245649 ^ clkbuf_1_1__f_rclk/X (sky130_fd_sc_hd__clkbuf_16)
                                                         clknet_1_1__leaf_rclk (net)
                      0.057696    0.000057    0.245707 ^ _540_/CLK (sky130_fd_sc_hd__dfrtp_1)
     1    0.002453    0.044058    0.315805    0.561512 ^ _540_/Q (sky130_fd_sc_hd__dfrtp_1)
                                                         sync_gwptr_to_rd.q1[3] (net)
                      0.044058    0.000005    0.561517 ^ _535_/D (sky130_fd_sc_hd__dfrtp_1)
                                              0.561517   data arrival time

                                  0.000000    0.000000   clock rclk (rise edge)
                                  0.000000    0.000000   clock source latency
     1    0.012367    0.000000    0.000000    0.000000 ^ rclk (in)
                                                         rclk (net)
                      0.000335    0.000167    0.000167 ^ clkbuf_0_rclk/A (sky130_fd_sc_hd__clkbuf_16)
     2    0.017181    0.039446    0.107155    0.107323 ^ clkbuf_0_rclk/X (sky130_fd_sc_hd__clkbuf_16)
                                                         clknet_0_rclk (net)
                      0.039446    0.000037    0.107360 ^ clkbuf_1_1__f_rclk/A (sky130_fd_sc_hd__clkbuf_16)
    16    0.037628    0.057696    0.138290    0.245649 ^ clkbuf_1_1__f_rclk/X (sky130_fd_sc_hd__clkbuf_16)
                                                         clknet_1_1__leaf_rclk (net)
                      0.057696    0.000024    0.245674 ^ _535_/CLK (sky130_fd_sc_hd__dfrtp_1)
                                  0.000000    0.245674   clock reconvergence pessimism
                                 -0.032832    0.212841   library hold time
                                              0.212841   data required time
---------------------------------------------------------------------------------------------
                                              0.212841   data required time
                                             -0.561517   data arrival time
---------------------------------------------------------------------------------------------
                                              0.348676   slack (MET)


Startpoint: _556_ (rising edge-triggered flip-flop clocked by wclk)
Endpoint: _551_ (rising edge-triggered flip-flop clocked by wclk)
Path Group: wclk
Path Type: min

Fanout         Cap        Slew       Delay        Time   Description
---------------------------------------------------------------------------------------------
                                  0.000000    0.000000   clock wclk (rise edge)
                                  0.000000    0.000000   clock source latency
     1    0.016889    0.000000    0.000000    0.000000 ^ wclk (in)
                                                         wclk (net)
                      0.000820    0.000410    0.000410 ^ clkbuf_0_wclk/A (sky130_fd_sc_hd__clkbuf_16)
    16    0.092148    0.108245    0.165291    0.165701 ^ clkbuf_0_wclk/X (sky130_fd_sc_hd__clkbuf_16)
                                                         clknet_0_wclk (net)
                      0.108245    0.000426    0.166127 ^ clkbuf_4_7_0_wclk/A (sky130_fd_sc_hd__clkbuf_8)
    11    0.029723    0.065938    0.167724    0.333851 ^ clkbuf_4_7_0_wclk/X (sky130_fd_sc_hd__clkbuf_8)
                                                         clknet_4_7_0_wclk (net)
                      0.065938    0.000101    0.333952 ^ _556_/CLK (sky130_fd_sc_hd__dfrtp_1)
     1    0.002580    0.045056    0.319935    0.653888 ^ _556_/Q (sky130_fd_sc_hd__dfrtp_1)
                                                         sync_grptr_to_wr.q1[1] (net)
                      0.045056    0.000007    0.653894 ^ _551_/D (sky130_fd_sc_hd__dfrtp_1)
                                              0.653894   data arrival time

                                  0.000000    0.000000   clock wclk (rise edge)
                                  0.000000    0.000000   clock source latency
     1    0.016889    0.000000    0.000000    0.000000 ^ wclk (in)
                                                         wclk (net)
                      0.000820    0.000410    0.000410 ^ clkbuf_0_wclk/A (sky130_fd_sc_hd__clkbuf_16)
    16    0.092148    0.108245    0.165291    0.165701 ^ clkbuf_0_wclk/X (sky130_fd_sc_hd__clkbuf_16)
                                                         clknet_0_wclk (net)
                      0.108245    0.000426    0.166127 ^ clkbuf_4_7_0_wclk/A (sky130_fd_sc_hd__clkbuf_8)
    11    0.029723    0.065938    0.167724    0.333851 ^ clkbuf_4_7_0_wclk/X (sky130_fd_sc_hd__clkbuf_8)
                                                         clknet_4_7_0_wclk (net)
                      0.065938    0.000111    0.333963 ^ _551_/CLK (sky130_fd_sc_hd__dfrtp_1)
                                  0.000000    0.333963   clock reconvergence pessimism
                                 -0.031915    0.302048   library hold time
                                              0.302048   data required time
---------------------------------------------------------------------------------------------
                                              0.302048   data required time
                                             -0.653894   data arrival time
---------------------------------------------------------------------------------------------
                                              0.351847   slack (MET)


Startpoint: _539_ (rising edge-triggered flip-flop clocked by rclk)
Endpoint: _534_ (rising edge-triggered flip-flop clocked by rclk)
Path Group: rclk
Path Type: min

Fanout         Cap        Slew       Delay        Time   Description
---------------------------------------------------------------------------------------------
                                  0.000000    0.000000   clock rclk (rise edge)
                                  0.000000    0.000000   clock source latency
     1    0.012367    0.000000    0.000000    0.000000 ^ rclk (in)
                                                         rclk (net)
                      0.000335    0.000167    0.000167 ^ clkbuf_0_rclk/A (sky130_fd_sc_hd__clkbuf_16)
     2    0.017181    0.039446    0.107155    0.107323 ^ clkbuf_0_rclk/X (sky130_fd_sc_hd__clkbuf_16)
                                                         clknet_0_rclk (net)
                      0.039446    0.000037    0.107360 ^ clkbuf_1_1__f_rclk/A (sky130_fd_sc_hd__clkbuf_16)
    16    0.037628    0.057696    0.138290    0.245649 ^ clkbuf_1_1__f_rclk/X (sky130_fd_sc_hd__clkbuf_16)
                                                         clknet_1_1__leaf_rclk (net)
                      0.057696    0.000085    0.245735 ^ _539_/CLK (sky130_fd_sc_hd__dfrtp_1)
     1    0.002778    0.046619    0.318497    0.564232 ^ _539_/Q (sky130_fd_sc_hd__dfrtp_1)
                                                         sync_gwptr_to_rd.q1[2] (net)
                      0.046619    0.000009    0.564241 ^ _534_/D (sky130_fd_sc_hd__dfrtp_1)
                                              0.564241   data arrival time

                                  0.000000    0.000000   clock rclk (rise edge)
                                  0.000000    0.000000   clock source latency
     1    0.012367    0.000000    0.000000    0.000000 ^ rclk (in)
                                                         rclk (net)
                      0.000335    0.000167    0.000167 ^ clkbuf_0_rclk/A (sky130_fd_sc_hd__clkbuf_16)
     2    0.017181    0.039446    0.107155    0.107323 ^ clkbuf_0_rclk/X (sky130_fd_sc_hd__clkbuf_16)
                                                         clknet_0_rclk (net)
                      0.039446    0.000037    0.107360 ^ clkbuf_1_1__f_rclk/A (sky130_fd_sc_hd__clkbuf_16)
    16    0.037628    0.057696    0.138290    0.245649 ^ clkbuf_1_1__f_rclk/X (sky130_fd_sc_hd__clkbuf_16)
                                                         clknet_1_1__leaf_rclk (net)
                      0.057696    0.000075    0.245724 ^ _534_/CLK (sky130_fd_sc_hd__dfrtp_1)
                                  0.000000    0.245724   clock reconvergence pessimism
                                 -0.033368    0.212356   library hold time
                                              0.212356   data required time
---------------------------------------------------------------------------------------------
                                              0.212356   data required time
                                             -0.564241   data arrival time
---------------------------------------------------------------------------------------------
                                              0.351885   slack (MET)


Startpoint: _558_ (rising edge-triggered flip-flop clocked by wclk)
Endpoint: _553_ (rising edge-triggered flip-flop clocked by wclk)
Path Group: wclk
Path Type: min

Fanout         Cap        Slew       Delay        Time   Description
---------------------------------------------------------------------------------------------
                                  0.000000    0.000000   clock wclk (rise edge)
                                  0.000000    0.000000   clock source latency
     1    0.016889    0.000000    0.000000    0.000000 ^ wclk (in)
                                                         wclk (net)
                      0.000820    0.000410    0.000410 ^ clkbuf_0_wclk/A (sky130_fd_sc_hd__clkbuf_16)
    16    0.092148    0.108245    0.165291    0.165701 ^ clkbuf_0_wclk/X (sky130_fd_sc_hd__clkbuf_16)
                                                         clknet_0_wclk (net)
                      0.108245    0.000338    0.166039 ^ clkbuf_4_13_0_wclk/A (sky130_fd_sc_hd__clkbuf_8)
    10    0.029376    0.065405    0.167296    0.333335 ^ clkbuf_4_13_0_wclk/X (sky130_fd_sc_hd__clkbuf_8)
                                                         clknet_4_13_0_wclk (net)
                      0.065405    0.000070    0.333405 ^ _558_/CLK (sky130_fd_sc_hd__dfrtp_1)
     1    0.002690    0.045923    0.320648    0.654052 ^ _558_/Q (sky130_fd_sc_hd__dfrtp_1)
                                                         sync_grptr_to_wr.q1[3] (net)
                      0.045923    0.000008    0.654060 ^ _553_/D (sky130_fd_sc_hd__dfrtp_1)
                                              0.654060   data arrival time

                                  0.000000    0.000000   clock wclk (rise edge)
                                  0.000000    0.000000   clock source latency
     1    0.016889    0.000000    0.000000    0.000000 ^ wclk (in)
                                                         wclk (net)
                      0.000820    0.000410    0.000410 ^ clkbuf_0_wclk/A (sky130_fd_sc_hd__clkbuf_16)
    16    0.092148    0.108245    0.165291    0.165701 ^ clkbuf_0_wclk/X (sky130_fd_sc_hd__clkbuf_16)
                                                         clknet_0_wclk (net)
                      0.108245    0.000338    0.166039 ^ clkbuf_4_13_0_wclk/A (sky130_fd_sc_hd__clkbuf_8)
    10    0.029376    0.065405    0.167296    0.333335 ^ clkbuf_4_13_0_wclk/X (sky130_fd_sc_hd__clkbuf_8)
                                                         clknet_4_13_0_wclk (net)
                      0.065405    0.000078    0.333413 ^ _553_/CLK (sky130_fd_sc_hd__dfrtp_1)
                                  0.000000    0.333413   clock reconvergence pessimism
                                 -0.032169    0.301244   library hold time
                                              0.301244   data required time
---------------------------------------------------------------------------------------------
                                              0.301244   data required time
                                             -0.654060   data arrival time
---------------------------------------------------------------------------------------------
                                              0.352816   slack (MET)


Startpoint: _557_ (rising edge-triggered flip-flop clocked by wclk)
Endpoint: _552_ (rising edge-triggered flip-flop clocked by wclk)
Path Group: wclk
Path Type: min

Fanout         Cap        Slew       Delay        Time   Description
---------------------------------------------------------------------------------------------
                                  0.000000    0.000000   clock wclk (rise edge)
                                  0.000000    0.000000   clock source latency
     1    0.016889    0.000000    0.000000    0.000000 ^ wclk (in)
                                                         wclk (net)
                      0.000820    0.000410    0.000410 ^ clkbuf_0_wclk/A (sky130_fd_sc_hd__clkbuf_16)
    16    0.092148    0.108245    0.165291    0.165701 ^ clkbuf_0_wclk/X (sky130_fd_sc_hd__clkbuf_16)
                                                         clknet_0_wclk (net)
                      0.108245    0.000426    0.166127 ^ clkbuf_4_7_0_wclk/A (sky130_fd_sc_hd__clkbuf_8)
    11    0.029723    0.065938    0.167724    0.333851 ^ clkbuf_4_7_0_wclk/X (sky130_fd_sc_hd__clkbuf_8)
                                                         clknet_4_7_0_wclk (net)
                      0.065938    0.000125    0.333976 ^ _557_/CLK (sky130_fd_sc_hd__dfrtp_1)
     1    0.002730    0.046235    0.321174    0.655150 ^ _557_/Q (sky130_fd_sc_hd__dfrtp_1)
                                                         sync_grptr_to_wr.q1[2] (net)
                      0.046235    0.000008    0.655159 ^ _552_/D (sky130_fd_sc_hd__dfrtp_1)
                                              0.655159   data arrival time

                                  0.000000    0.000000   clock wclk (rise edge)
                                  0.000000    0.000000   clock source latency
     1    0.016889    0.000000    0.000000    0.000000 ^ wclk (in)
                                                         wclk (net)
                      0.000820    0.000410    0.000410 ^ clkbuf_0_wclk/A (sky130_fd_sc_hd__clkbuf_16)
    16    0.092148    0.108245    0.165291    0.165701 ^ clkbuf_0_wclk/X (sky130_fd_sc_hd__clkbuf_16)
                                                         clknet_0_wclk (net)
                      0.108245    0.000426    0.166127 ^ clkbuf_4_7_0_wclk/A (sky130_fd_sc_hd__clkbuf_8)
    11    0.029723    0.065938    0.167724    0.333851 ^ clkbuf_4_7_0_wclk/X (sky130_fd_sc_hd__clkbuf_8)
                                                         clknet_4_7_0_wclk (net)
                      0.065938    0.000121    0.333973 ^ _552_/CLK (sky130_fd_sc_hd__dfrtp_1)
                                  0.000000    0.333973   clock reconvergence pessimism
                                 -0.032161    0.301811   library hold time
                                              0.301811   data required time
---------------------------------------------------------------------------------------------
                                              0.301811   data required time
                                             -0.655159   data arrival time
---------------------------------------------------------------------------------------------
                                              0.353348   slack (MET)


Startpoint: _537_ (rising edge-triggered flip-flop clocked by rclk)
Endpoint: _532_ (rising edge-triggered flip-flop clocked by rclk)
Path Group: rclk
Path Type: min

Fanout         Cap        Slew       Delay        Time   Description
---------------------------------------------------------------------------------------------
                                  0.000000    0.000000   clock rclk (rise edge)
                                  0.000000    0.000000   clock source latency
     1    0.012367    0.000000    0.000000    0.000000 ^ rclk (in)
                                                         rclk (net)
                      0.000335    0.000167    0.000167 ^ clkbuf_0_rclk/A (sky130_fd_sc_hd__clkbuf_16)
     2    0.017181    0.039446    0.107155    0.107323 ^ clkbuf_0_rclk/X (sky130_fd_sc_hd__clkbuf_16)
                                                         clknet_0_rclk (net)
                      0.039446    0.000037    0.107360 ^ clkbuf_1_1__f_rclk/A (sky130_fd_sc_hd__clkbuf_16)
    16    0.037628    0.057696    0.138290    0.245649 ^ clkbuf_1_1__f_rclk/X (sky130_fd_sc_hd__clkbuf_16)
                                                         clknet_1_1__leaf_rclk (net)
                      0.057696    0.000064    0.245713 ^ _537_/CLK (sky130_fd_sc_hd__dfrtp_1)
     1    0.003108    0.047513    0.321223    0.566936 ^ _537_/Q (sky130_fd_sc_hd__dfrtp_1)
                                                         sync_gwptr_to_rd.q1[0] (net)
                      0.047513    0.000018    0.566954 ^ _532_/D (sky130_fd_sc_hd__dfrtp_1)
                                              0.566954   data arrival time

                                  0.000000    0.000000   clock rclk (rise edge)
                                  0.000000    0.000000   clock source latency
     1    0.012367    0.000000    0.000000    0.000000 ^ rclk (in)
                                                         rclk (net)
                      0.000335    0.000167    0.000167 ^ clkbuf_0_rclk/A (sky130_fd_sc_hd__clkbuf_16)
     2    0.017181    0.039446    0.107155    0.107323 ^ clkbuf_0_rclk/X (sky130_fd_sc_hd__clkbuf_16)
                                                         clknet_0_rclk (net)
                      0.039446    0.000037    0.107360 ^ clkbuf_1_1__f_rclk/A (sky130_fd_sc_hd__clkbuf_16)
    16    0.037628    0.057696    0.138290    0.245649 ^ clkbuf_1_1__f_rclk/X (sky130_fd_sc_hd__clkbuf_16)
                                                         clknet_1_1__leaf_rclk (net)
                      0.057696    0.000029    0.245679 ^ _532_/CLK (sky130_fd_sc_hd__dfrtp_1)
                                  0.000000    0.245679   clock reconvergence pessimism
                                 -0.033555    0.212123   library hold time
                                              0.212123   data required time
---------------------------------------------------------------------------------------------
                                              0.212123   data required time
                                             -0.566954   data arrival time
---------------------------------------------------------------------------------------------
                                              0.354831   slack (MET)


Startpoint: _538_ (rising edge-triggered flip-flop clocked by rclk)
Endpoint: _533_ (rising edge-triggered flip-flop clocked by rclk)
Path Group: rclk
Path Type: min

Fanout         Cap        Slew       Delay        Time   Description
---------------------------------------------------------------------------------------------
                                  0.000000    0.000000   clock rclk (rise edge)
                                  0.000000    0.000000   clock source latency
     1    0.012367    0.000000    0.000000    0.000000 ^ rclk (in)
                                                         rclk (net)
                      0.000335    0.000167    0.000167 ^ clkbuf_0_rclk/A (sky130_fd_sc_hd__clkbuf_16)
     2    0.017181    0.039446    0.107155    0.107323 ^ clkbuf_0_rclk/X (sky130_fd_sc_hd__clkbuf_16)
                                                         clknet_0_rclk (net)
                      0.039446    0.000037    0.107360 ^ clkbuf_1_1__f_rclk/A (sky130_fd_sc_hd__clkbuf_16)
    16    0.037628    0.057696    0.138290    0.245649 ^ clkbuf_1_1__f_rclk/X (sky130_fd_sc_hd__clkbuf_16)
                                                         clknet_1_1__leaf_rclk (net)
                      0.057696    0.000078    0.245727 ^ _538_/CLK (sky130_fd_sc_hd__dfrtp_1)
     1    0.003328    0.049213    0.323046    0.568774 ^ _538_/Q (sky130_fd_sc_hd__dfrtp_1)
                                                         sync_gwptr_to_rd.q1[1] (net)
                      0.049213    0.000018    0.568791 ^ _533_/D (sky130_fd_sc_hd__dfrtp_1)
                                              0.568791   data arrival time

                                  0.000000    0.000000   clock rclk (rise edge)
                                  0.000000    0.000000   clock source latency
     1    0.012367    0.000000    0.000000    0.000000 ^ rclk (in)
                                                         rclk (net)
                      0.000335    0.000167    0.000167 ^ clkbuf_0_rclk/A (sky130_fd_sc_hd__clkbuf_16)
     2    0.017181    0.039446    0.107155    0.107323 ^ clkbuf_0_rclk/X (sky130_fd_sc_hd__clkbuf_16)
                                                         clknet_0_rclk (net)
                      0.039446    0.000037    0.107360 ^ clkbuf_1_1__f_rclk/A (sky130_fd_sc_hd__clkbuf_16)
    16    0.037628    0.057696    0.138290    0.245649 ^ clkbuf_1_1__f_rclk/X (sky130_fd_sc_hd__clkbuf_16)
                                                         clknet_1_1__leaf_rclk (net)
                      0.057696    0.000099    0.245748 ^ _533_/CLK (sky130_fd_sc_hd__dfrtp_1)
                                  0.000000    0.245748   clock reconvergence pessimism
                                 -0.033911    0.211837   library hold time
                                              0.211837   data required time
---------------------------------------------------------------------------------------------
                                              0.211837   data required time
                                             -0.568791   data arrival time
---------------------------------------------------------------------------------------------
                                              0.356954   slack (MET)


Startpoint: _621_ (rising edge-triggered flip-flop clocked by wclk)
Endpoint: _621_ (rising edge-triggered flip-flop clocked by wclk)
Path Group: wclk
Path Type: min

Fanout         Cap        Slew       Delay        Time   Description
---------------------------------------------------------------------------------------------
                                  0.000000    0.000000   clock wclk (rise edge)
                                  0.000000    0.000000   clock source latency
     1    0.016889    0.000000    0.000000    0.000000 ^ wclk (in)
                                                         wclk (net)
                      0.000820    0.000410    0.000410 ^ clkbuf_0_wclk/A (sky130_fd_sc_hd__clkbuf_16)
    16    0.092148    0.108245    0.165291    0.165701 ^ clkbuf_0_wclk/X (sky130_fd_sc_hd__clkbuf_16)
                                                         clknet_0_wclk (net)
                      0.108245    0.000530    0.166231 ^ clkbuf_4_4_0_wclk/A (sky130_fd_sc_hd__clkbuf_8)
    10    0.029506    0.065604    0.167464    0.333695 ^ clkbuf_4_4_0_wclk/X (sky130_fd_sc_hd__clkbuf_8)
                                                         clknet_4_4_0_wclk (net)
                      0.065604    0.000088    0.333783 ^ _621_/CLK (sky130_fd_sc_hd__dfxtp_1)
     2    0.003667    0.049515    0.313256    0.647039 ^ _621_/Q (sky130_fd_sc_hd__dfxtp_1)
                                                         bram.mem[0][5] (net)
                      0.049515    0.000005    0.647044 ^ _459_/A0 (sky130_fd_sc_hd__mux2_1)
     1    0.002105    0.037310    0.110409    0.757453 ^ _459_/X (sky130_fd_sc_hd__mux2_1)
                                                         _077_ (net)
                      0.037310    0.000004    0.757457 ^ _621_/D (sky130_fd_sc_hd__dfxtp_1)
                                              0.757457   data arrival time

                                  0.000000    0.000000   clock wclk (rise edge)
                                  0.000000    0.000000   clock source latency
     1    0.016889    0.000000    0.000000    0.000000 ^ wclk (in)
                                                         wclk (net)
                      0.000820    0.000410    0.000410 ^ clkbuf_0_wclk/A (sky130_fd_sc_hd__clkbuf_16)
    16    0.092148    0.108245    0.165291    0.165701 ^ clkbuf_0_wclk/X (sky130_fd_sc_hd__clkbuf_16)
                                                         clknet_0_wclk (net)
                      0.108245    0.000530    0.166231 ^ clkbuf_4_4_0_wclk/A (sky130_fd_sc_hd__clkbuf_8)
    10    0.029506    0.065604    0.167464    0.333695 ^ clkbuf_4_4_0_wclk/X (sky130_fd_sc_hd__clkbuf_8)
                                                         clknet_4_4_0_wclk (net)
                      0.065604    0.000088    0.333783 ^ _621_/CLK (sky130_fd_sc_hd__dfxtp_1)
                                  0.000000    0.333783   clock reconvergence pessimism
                                 -0.026948    0.306834   library hold time
                                              0.306834   data required time
---------------------------------------------------------------------------------------------
                                              0.306834   data required time
                                             -0.757457   data arrival time
---------------------------------------------------------------------------------------------
                                              0.450623   slack (MET)


Startpoint: _671_ (rising edge-triggered flip-flop clocked by wclk)
Endpoint: _671_ (rising edge-triggered flip-flop clocked by wclk)
Path Group: wclk
Path Type: min

Fanout         Cap        Slew       Delay        Time   Description
---------------------------------------------------------------------------------------------
                                  0.000000    0.000000   clock wclk (rise edge)
                                  0.000000    0.000000   clock source latency
     1    0.016889    0.000000    0.000000    0.000000 ^ wclk (in)
                                                         wclk (net)
                      0.000820    0.000410    0.000410 ^ clkbuf_0_wclk/A (sky130_fd_sc_hd__clkbuf_16)
    16    0.092148    0.108245    0.165291    0.165701 ^ clkbuf_0_wclk/X (sky130_fd_sc_hd__clkbuf_16)
                                                         clknet_0_wclk (net)
                      0.108245    0.000530    0.166231 ^ clkbuf_4_4_0_wclk/A (sky130_fd_sc_hd__clkbuf_8)
    10    0.029506    0.065604    0.167464    0.333695 ^ clkbuf_4_4_0_wclk/X (sky130_fd_sc_hd__clkbuf_8)
                                                         clknet_4_4_0_wclk (net)
                      0.065604    0.000048    0.333743 ^ _671_/CLK (sky130_fd_sc_hd__dfxtp_1)
     2    0.003831    0.050959    0.314338    0.648081 ^ _671_/Q (sky130_fd_sc_hd__dfxtp_1)
                                                         bram.mem[4][5] (net)
                      0.050959    0.000005    0.648086 ^ _495_/A0 (sky130_fd_sc_hd__mux2_1)
     1    0.002033    0.036743    0.110329    0.758416 ^ _495_/X (sky130_fd_sc_hd__mux2_1)
                                                         _109_ (net)
                      0.036743    0.000004    0.758420 ^ _671_/D (sky130_fd_sc_hd__dfxtp_1)
                                              0.758420   data arrival time

                                  0.000000    0.000000   clock wclk (rise edge)
                                  0.000000    0.000000   clock source latency
     1    0.016889    0.000000    0.000000    0.000000 ^ wclk (in)
                                                         wclk (net)
                      0.000820    0.000410    0.000410 ^ clkbuf_0_wclk/A (sky130_fd_sc_hd__clkbuf_16)
    16    0.092148    0.108245    0.165291    0.165701 ^ clkbuf_0_wclk/X (sky130_fd_sc_hd__clkbuf_16)
                                                         clknet_0_wclk (net)
                      0.108245    0.000530    0.166231 ^ clkbuf_4_4_0_wclk/A (sky130_fd_sc_hd__clkbuf_8)
    10    0.029506    0.065604    0.167464    0.333695 ^ clkbuf_4_4_0_wclk/X (sky130_fd_sc_hd__clkbuf_8)
                                                         clknet_4_4_0_wclk (net)
                      0.065604    0.000048    0.333743 ^ _671_/CLK (sky130_fd_sc_hd__dfxtp_1)
                                  0.000000    0.333743   clock reconvergence pessimism
                                 -0.026830    0.306914   library hold time
                                              0.306914   data required time
---------------------------------------------------------------------------------------------
                                              0.306914   data required time
                                             -0.758420   data arrival time
---------------------------------------------------------------------------------------------
                                              0.451506   slack (MET)


Startpoint: _623_ (rising edge-triggered flip-flop clocked by wclk)
Endpoint: _623_ (rising edge-triggered flip-flop clocked by wclk)
Path Group: wclk
Path Type: min

Fanout         Cap        Slew       Delay        Time   Description
---------------------------------------------------------------------------------------------
                                  0.000000    0.000000   clock wclk (rise edge)
                                  0.000000    0.000000   clock source latency
     1    0.016889    0.000000    0.000000    0.000000 ^ wclk (in)
                                                         wclk (net)
                      0.000820    0.000410    0.000410 ^ clkbuf_0_wclk/A (sky130_fd_sc_hd__clkbuf_16)
    16    0.092148    0.108245    0.165291    0.165701 ^ clkbuf_0_wclk/X (sky130_fd_sc_hd__clkbuf_16)
                                                         clknet_0_wclk (net)
                      0.108246    0.000635    0.166336 ^ clkbuf_4_3_0_wclk/A (sky130_fd_sc_hd__clkbuf_8)
    10    0.027596    0.062670    0.165143    0.331480 ^ clkbuf_4_3_0_wclk/X (sky130_fd_sc_hd__clkbuf_8)
                                                         clknet_4_3_0_wclk (net)
                      0.062670    0.000039    0.331519 ^ _623_/CLK (sky130_fd_sc_hd__dfxtp_1)
     2    0.004048    0.052875    0.314670    0.646189 ^ _623_/Q (sky130_fd_sc_hd__dfxtp_1)
                                                         bram.mem[0][7] (net)
                      0.052875    0.000005    0.646194 ^ _461_/A0 (sky130_fd_sc_hd__mux2_1)
     1    0.001932    0.035942    0.110180    0.756374 ^ _461_/X (sky130_fd_sc_hd__mux2_1)
                                                         _079_ (net)
                      0.035942    0.000003    0.756377 ^ _623_/D (sky130_fd_sc_hd__dfxtp_1)
                                              0.756377   data arrival time

                                  0.000000    0.000000   clock wclk (rise edge)
                                  0.000000    0.000000   clock source latency
     1    0.016889    0.000000    0.000000    0.000000 ^ wclk (in)
                                                         wclk (net)
                      0.000820    0.000410    0.000410 ^ clkbuf_0_wclk/A (sky130_fd_sc_hd__clkbuf_16)
    16    0.092148    0.108245    0.165291    0.165701 ^ clkbuf_0_wclk/X (sky130_fd_sc_hd__clkbuf_16)
                                                         clknet_0_wclk (net)
                      0.108246    0.000635    0.166336 ^ clkbuf_4_3_0_wclk/A (sky130_fd_sc_hd__clkbuf_8)
    10    0.027596    0.062670    0.165143    0.331480 ^ clkbuf_4_3_0_wclk/X (sky130_fd_sc_hd__clkbuf_8)
                                                         clknet_4_3_0_wclk (net)
                      0.062670    0.000039    0.331519 ^ _623_/CLK (sky130_fd_sc_hd__dfxtp_1)
                                  0.000000    0.331519   clock reconvergence pessimism
                                 -0.027049    0.304470   library hold time
                                              0.304470   data required time
---------------------------------------------------------------------------------------------
                                              0.304470   data required time
                                             -0.756377   data arrival time
---------------------------------------------------------------------------------------------
                                              0.451907   slack (MET)


Startpoint: _691_ (rising edge-triggered flip-flop clocked by wclk)
Endpoint: _691_ (rising edge-triggered flip-flop clocked by wclk)
Path Group: wclk
Path Type: min

Fanout         Cap        Slew       Delay        Time   Description
---------------------------------------------------------------------------------------------
                                  0.000000    0.000000   clock wclk (rise edge)
                                  0.000000    0.000000   clock source latency
     1    0.016889    0.000000    0.000000    0.000000 ^ wclk (in)
                                                         wclk (net)
                      0.000820    0.000410    0.000410 ^ clkbuf_0_wclk/A (sky130_fd_sc_hd__clkbuf_16)
    16    0.092148    0.108245    0.165291    0.165701 ^ clkbuf_0_wclk/X (sky130_fd_sc_hd__clkbuf_16)
                                                         clknet_0_wclk (net)
                      0.108245    0.000499    0.166200 ^ clkbuf_4_5_0_wclk/A (sky130_fd_sc_hd__clkbuf_8)
     8    0.028858    0.064605    0.166672    0.332872 ^ clkbuf_4_5_0_wclk/X (sky130_fd_sc_hd__clkbuf_8)
                                                         clknet_4_5_0_wclk (net)
                      0.064605    0.000042    0.332914 ^ _691_/CLK (sky130_fd_sc_hd__dfxtp_1)
     2    0.003839    0.051032    0.314017    0.646932 ^ _691_/Q (sky130_fd_sc_hd__dfxtp_1)
                                                         bram.mem[2][1] (net)
                      0.051032    0.000002    0.646934 ^ _517_/A0 (sky130_fd_sc_hd__mux2_1)
     1    0.002105    0.037310    0.110933    0.757867 ^ _517_/X (sky130_fd_sc_hd__mux2_1)
                                                         _129_ (net)
                      0.037310    0.000004    0.757871 ^ _691_/D (sky130_fd_sc_hd__dfxtp_1)
                                              0.757871   data arrival time

                                  0.000000    0.000000   clock wclk (rise edge)
                                  0.000000    0.000000   clock source latency
     1    0.016889    0.000000    0.000000    0.000000 ^ wclk (in)
                                                         wclk (net)
                      0.000820    0.000410    0.000410 ^ clkbuf_0_wclk/A (sky130_fd_sc_hd__clkbuf_16)
    16    0.092148    0.108245    0.165291    0.165701 ^ clkbuf_0_wclk/X (sky130_fd_sc_hd__clkbuf_16)
                                                         clknet_0_wclk (net)
                      0.108245    0.000499    0.166200 ^ clkbuf_4_5_0_wclk/A (sky130_fd_sc_hd__clkbuf_8)
     8    0.028858    0.064605    0.166672    0.332872 ^ clkbuf_4_5_0_wclk/X (sky130_fd_sc_hd__clkbuf_8)
                                                         clknet_4_5_0_wclk (net)
                      0.064605    0.000042    0.332914 ^ _691_/CLK (sky130_fd_sc_hd__dfxtp_1)
                                  0.000000    0.332914   clock reconvergence pessimism
                                 -0.027080    0.305835   library hold time
                                              0.305835   data required time
---------------------------------------------------------------------------------------------
                                              0.305835   data required time
                                             -0.757871   data arrival time
---------------------------------------------------------------------------------------------
                                              0.452037   slack (MET)


Startpoint: _641_ (rising edge-triggered flip-flop clocked by wclk)
Endpoint: _641_ (rising edge-triggered flip-flop clocked by wclk)
Path Group: wclk
Path Type: min

Fanout         Cap        Slew       Delay        Time   Description
---------------------------------------------------------------------------------------------
                                  0.000000    0.000000   clock wclk (rise edge)
                                  0.000000    0.000000   clock source latency
     1    0.016889    0.000000    0.000000    0.000000 ^ wclk (in)
                                                         wclk (net)
                      0.000820    0.000410    0.000410 ^ clkbuf_0_wclk/A (sky130_fd_sc_hd__clkbuf_16)
    16    0.092148    0.108245    0.165291    0.165701 ^ clkbuf_0_wclk/X (sky130_fd_sc_hd__clkbuf_16)
                                                         clknet_0_wclk (net)
                      0.108245    0.000530    0.166231 ^ clkbuf_4_4_0_wclk/A (sky130_fd_sc_hd__clkbuf_8)
    10    0.029506    0.065604    0.167464    0.333695 ^ clkbuf_4_4_0_wclk/X (sky130_fd_sc_hd__clkbuf_8)
                                                         clknet_4_4_0_wclk (net)
                      0.065604    0.000024    0.333719 ^ _641_/CLK (sky130_fd_sc_hd__dfxtp_1)
     2    0.003725    0.050029    0.313641    0.647360 ^ _641_/Q (sky130_fd_sc_hd__dfxtp_1)
                                                         bram.mem[6][0] (net)
                      0.050029    0.000004    0.647364 ^ _472_/A0 (sky130_fd_sc_hd__mux2_1)
     1    0.002199    0.038056    0.111343    0.758706 ^ _472_/X (sky130_fd_sc_hd__mux2_1)
                                                         _088_ (net)
                      0.038056    0.000004    0.758711 ^ _641_/D (sky130_fd_sc_hd__dfxtp_1)
                                              0.758711   data arrival time

                                  0.000000    0.000000   clock wclk (rise edge)
                                  0.000000    0.000000   clock source latency
     1    0.016889    0.000000    0.000000    0.000000 ^ wclk (in)
                                                         wclk (net)
                      0.000820    0.000410    0.000410 ^ clkbuf_0_wclk/A (sky130_fd_sc_hd__clkbuf_16)
    16    0.092148    0.108245    0.165291    0.165701 ^ clkbuf_0_wclk/X (sky130_fd_sc_hd__clkbuf_16)
                                                         clknet_0_wclk (net)
                      0.108245    0.000530    0.166231 ^ clkbuf_4_4_0_wclk/A (sky130_fd_sc_hd__clkbuf_8)
    10    0.029506    0.065604    0.167464    0.333695 ^ clkbuf_4_4_0_wclk/X (sky130_fd_sc_hd__clkbuf_8)
                                                         clknet_4_4_0_wclk (net)
                      0.065604    0.000024    0.333719 ^ _641_/CLK (sky130_fd_sc_hd__dfxtp_1)
                                  0.000000    0.333719   clock reconvergence pessimism
                                 -0.027104    0.306615   library hold time
                                              0.306615   data required time
---------------------------------------------------------------------------------------------
                                              0.306615   data required time
                                             -0.758711   data arrival time
---------------------------------------------------------------------------------------------
                                              0.452096   slack (MET)


Startpoint: _598_ (rising edge-triggered flip-flop clocked by wclk)
Endpoint: _598_ (rising edge-triggered flip-flop clocked by wclk)
Path Group: wclk
Path Type: min

Fanout         Cap        Slew       Delay        Time   Description
---------------------------------------------------------------------------------------------
                                  0.000000    0.000000   clock wclk (rise edge)
                                  0.000000    0.000000   clock source latency
     1    0.016889    0.000000    0.000000    0.000000 ^ wclk (in)
                                                         wclk (net)
                      0.000820    0.000410    0.000410 ^ clkbuf_0_wclk/A (sky130_fd_sc_hd__clkbuf_16)
    16    0.092148    0.108245    0.165291    0.165701 ^ clkbuf_0_wclk/X (sky130_fd_sc_hd__clkbuf_16)
                                                         clknet_0_wclk (net)
                      0.108248    0.000732    0.166433 ^ clkbuf_4_10_0_wclk/A (sky130_fd_sc_hd__clkbuf_8)
    12    0.030472    0.067092    0.168649    0.335083 ^ clkbuf_4_10_0_wclk/X (sky130_fd_sc_hd__clkbuf_8)
                                                         clknet_4_10_0_wclk (net)
                      0.067092    0.000043    0.335126 ^ _598_/CLK (sky130_fd_sc_hd__dfxtp_1)
     2    0.003987    0.052333    0.315927    0.651053 ^ _598_/Q (sky130_fd_sc_hd__dfxtp_1)
                                                         bram.mem[10][6] (net)
                      0.052333    0.000004    0.651057 ^ _431_/A0 (sky130_fd_sc_hd__mux2_1)
     1    0.001907    0.035746    0.109795    0.760852 ^ _431_/X (sky130_fd_sc_hd__mux2_1)
                                                         _054_ (net)
                      0.035746    0.000003    0.760854 ^ _598_/D (sky130_fd_sc_hd__dfxtp_1)
                                              0.760854   data arrival time

                                  0.000000    0.000000   clock wclk (rise edge)
                                  0.000000    0.000000   clock source latency
     1    0.016889    0.000000    0.000000    0.000000 ^ wclk (in)
                                                         wclk (net)
                      0.000820    0.000410    0.000410 ^ clkbuf_0_wclk/A (sky130_fd_sc_hd__clkbuf_16)
    16    0.092148    0.108245    0.165291    0.165701 ^ clkbuf_0_wclk/X (sky130_fd_sc_hd__clkbuf_16)
                                                         clknet_0_wclk (net)
                      0.108248    0.000732    0.166433 ^ clkbuf_4_10_0_wclk/A (sky130_fd_sc_hd__clkbuf_8)
    12    0.030472    0.067092    0.168649    0.335083 ^ clkbuf_4_10_0_wclk/X (sky130_fd_sc_hd__clkbuf_8)
                                                         clknet_4_10_0_wclk (net)
                      0.067092    0.000043    0.335126 ^ _598_/CLK (sky130_fd_sc_hd__dfxtp_1)
                                  0.000000    0.335126   clock reconvergence pessimism
                                 -0.026426    0.308700   library hold time
                                              0.308700   data required time
---------------------------------------------------------------------------------------------
                                              0.308700   data required time
                                             -0.760854   data arrival time
---------------------------------------------------------------------------------------------
                                              0.452154   slack (MET)


Startpoint: _565_ (rising edge-triggered flip-flop clocked by wclk)
Endpoint: _565_ (rising edge-triggered flip-flop clocked by wclk)
Path Group: wclk
Path Type: min

Fanout         Cap        Slew       Delay        Time   Description
---------------------------------------------------------------------------------------------
                                  0.000000    0.000000   clock wclk (rise edge)
                                  0.000000    0.000000   clock source latency
     1    0.016889    0.000000    0.000000    0.000000 ^ wclk (in)
                                                         wclk (net)
                      0.000820    0.000410    0.000410 ^ clkbuf_0_wclk/A (sky130_fd_sc_hd__clkbuf_16)
    16    0.092148    0.108245    0.165291    0.165701 ^ clkbuf_0_wclk/X (sky130_fd_sc_hd__clkbuf_16)
                                                         clknet_0_wclk (net)
                      0.108246    0.000565    0.166267 ^ clkbuf_4_9_0_wclk/A (sky130_fd_sc_hd__clkbuf_8)
     9    0.027724    0.062866    0.165294    0.331561 ^ clkbuf_4_9_0_wclk/X (sky130_fd_sc_hd__clkbuf_8)
                                                         clknet_4_9_0_wclk (net)
                      0.062866    0.000042    0.331602 ^ _565_/CLK (sky130_fd_sc_hd__dfxtp_1)
     2    0.003957    0.052067    0.314139    0.645741 ^ _565_/Q (sky130_fd_sc_hd__dfxtp_1)
                                                         bram.mem[14][5] (net)
                      0.052067    0.000005    0.645746 ^ _394_/A0 (sky130_fd_sc_hd__mux2_1)
     1    0.002065    0.036999    0.110972    0.756719 ^ _394_/X (sky130_fd_sc_hd__mux2_1)
                                                         _021_ (net)
                      0.036999    0.000004    0.756723 ^ _565_/D (sky130_fd_sc_hd__dfxtp_1)
                                              0.756723   data arrival time

                                  0.000000    0.000000   clock wclk (rise edge)
                                  0.000000    0.000000   clock source latency
     1    0.016889    0.000000    0.000000    0.000000 ^ wclk (in)
                                                         wclk (net)
                      0.000820    0.000410    0.000410 ^ clkbuf_0_wclk/A (sky130_fd_sc_hd__clkbuf_16)
    16    0.092148    0.108245    0.165291    0.165701 ^ clkbuf_0_wclk/X (sky130_fd_sc_hd__clkbuf_16)
                                                         clknet_0_wclk (net)
                      0.108246    0.000565    0.166267 ^ clkbuf_4_9_0_wclk/A (sky130_fd_sc_hd__clkbuf_8)
     9    0.027724    0.062866    0.165294    0.331561 ^ clkbuf_4_9_0_wclk/X (sky130_fd_sc_hd__clkbuf_8)
                                                         clknet_4_9_0_wclk (net)
                      0.062866    0.000042    0.331602 ^ _565_/CLK (sky130_fd_sc_hd__dfxtp_1)
                                  0.000000    0.331602   clock reconvergence pessimism
                                 -0.027244    0.304359   library hold time
                                              0.304359   data required time
---------------------------------------------------------------------------------------------
                                              0.304359   data required time
                                             -0.756723   data arrival time
---------------------------------------------------------------------------------------------
                                              0.452364   slack (MET)


Startpoint: _669_ (rising edge-triggered flip-flop clocked by wclk)
Endpoint: _669_ (rising edge-triggered flip-flop clocked by wclk)
Path Group: wclk
Path Type: min

Fanout         Cap        Slew       Delay        Time   Description
---------------------------------------------------------------------------------------------
                                  0.000000    0.000000   clock wclk (rise edge)
                                  0.000000    0.000000   clock source latency
     1    0.016889    0.000000    0.000000    0.000000 ^ wclk (in)
                                                         wclk (net)
                      0.000820    0.000410    0.000410 ^ clkbuf_0_wclk/A (sky130_fd_sc_hd__clkbuf_16)
    16    0.092148    0.108245    0.165291    0.165701 ^ clkbuf_0_wclk/X (sky130_fd_sc_hd__clkbuf_16)
                                                         clknet_0_wclk (net)
                      0.108245    0.000530    0.166231 ^ clkbuf_4_4_0_wclk/A (sky130_fd_sc_hd__clkbuf_8)
    10    0.029506    0.065604    0.167464    0.333695 ^ clkbuf_4_4_0_wclk/X (sky130_fd_sc_hd__clkbuf_8)
                                                         clknet_4_4_0_wclk (net)
                      0.065604    0.000086    0.333781 ^ _669_/CLK (sky130_fd_sc_hd__dfxtp_1)
     2    0.004002    0.052464    0.315466    0.649247 ^ _669_/Q (sky130_fd_sc_hd__dfxtp_1)
                                                         bram.mem[4][3] (net)
                      0.052464    0.000011    0.649258 ^ _493_/A0 (sky130_fd_sc_hd__mux2_1)
     1    0.001978    0.036312    0.110412    0.759669 ^ _493_/X (sky130_fd_sc_hd__mux2_1)
                                                         _107_ (net)
                      0.036312    0.000003    0.759673 ^ _669_/D (sky130_fd_sc_hd__dfxtp_1)
                                              0.759673   data arrival time

                                  0.000000    0.000000   clock wclk (rise edge)
                                  0.000000    0.000000   clock source latency
     1    0.016889    0.000000    0.000000    0.000000 ^ wclk (in)
                                                         wclk (net)
                      0.000820    0.000410    0.000410 ^ clkbuf_0_wclk/A (sky130_fd_sc_hd__clkbuf_16)
    16    0.092148    0.108245    0.165291    0.165701 ^ clkbuf_0_wclk/X (sky130_fd_sc_hd__clkbuf_16)
                                                         clknet_0_wclk (net)
                      0.108245    0.000530    0.166231 ^ clkbuf_4_4_0_wclk/A (sky130_fd_sc_hd__clkbuf_8)
    10    0.029506    0.065604    0.167464    0.333695 ^ clkbuf_4_4_0_wclk/X (sky130_fd_sc_hd__clkbuf_8)
                                                         clknet_4_4_0_wclk (net)
                      0.065604    0.000086    0.333781 ^ _669_/CLK (sky130_fd_sc_hd__dfxtp_1)
                                  0.000000    0.333781   clock reconvergence pessimism
                                 -0.026740    0.307041   library hold time
                                              0.307041   data required time
---------------------------------------------------------------------------------------------
                                              0.307041   data required time
                                             -0.759673   data arrival time
---------------------------------------------------------------------------------------------
                                              0.452632   slack (MET)


Startpoint: _667_ (rising edge-triggered flip-flop clocked by wclk)
Endpoint: _667_ (rising edge-triggered flip-flop clocked by wclk)
Path Group: wclk
Path Type: min

Fanout         Cap        Slew       Delay        Time   Description
---------------------------------------------------------------------------------------------
                                  0.000000    0.000000   clock wclk (rise edge)
                                  0.000000    0.000000   clock source latency
     1    0.016889    0.000000    0.000000    0.000000 ^ wclk (in)
                                                         wclk (net)
                      0.000820    0.000410    0.000410 ^ clkbuf_0_wclk/A (sky130_fd_sc_hd__clkbuf_16)
    16    0.092148    0.108245    0.165291    0.165701 ^ clkbuf_0_wclk/X (sky130_fd_sc_hd__clkbuf_16)
                                                         clknet_0_wclk (net)
                      0.108245    0.000499    0.166200 ^ clkbuf_4_5_0_wclk/A (sky130_fd_sc_hd__clkbuf_8)
     8    0.028858    0.064605    0.166672    0.332872 ^ clkbuf_4_5_0_wclk/X (sky130_fd_sc_hd__clkbuf_8)
                                                         clknet_4_5_0_wclk (net)
                      0.064605    0.000045    0.332918 ^ _667_/CLK (sky130_fd_sc_hd__dfxtp_1)
     2    0.004041    0.052812    0.315351    0.648268 ^ _667_/Q (sky130_fd_sc_hd__dfxtp_1)
                                                         bram.mem[4][1] (net)
                      0.052812    0.000007    0.648275 ^ _491_/A0 (sky130_fd_sc_hd__mux2_1)
     1    0.001978    0.036313    0.110532    0.758807 ^ _491_/X (sky130_fd_sc_hd__mux2_1)
                                                         _105_ (net)
                      0.036313    0.000003    0.758811 ^ _667_/D (sky130_fd_sc_hd__dfxtp_1)
                                              0.758811   data arrival time

                                  0.000000    0.000000   clock wclk (rise edge)
                                  0.000000    0.000000   clock source latency
     1    0.016889    0.000000    0.000000    0.000000 ^ wclk (in)
                                                         wclk (net)
                      0.000820    0.000410    0.000410 ^ clkbuf_0_wclk/A (sky130_fd_sc_hd__clkbuf_16)
    16    0.092148    0.108245    0.165291    0.165701 ^ clkbuf_0_wclk/X (sky130_fd_sc_hd__clkbuf_16)
                                                         clknet_0_wclk (net)
                      0.108245    0.000499    0.166200 ^ clkbuf_4_5_0_wclk/A (sky130_fd_sc_hd__clkbuf_8)
     8    0.028858    0.064605    0.166672    0.332872 ^ clkbuf_4_5_0_wclk/X (sky130_fd_sc_hd__clkbuf_8)
                                                         clknet_4_5_0_wclk (net)
                      0.064605    0.000045    0.332918 ^ _667_/CLK (sky130_fd_sc_hd__dfxtp_1)
                                  0.000000    0.332918   clock reconvergence pessimism
                                 -0.026871    0.306046   library hold time
                                              0.306046   data required time
---------------------------------------------------------------------------------------------
                                              0.306046   data required time
                                             -0.758811   data arrival time
---------------------------------------------------------------------------------------------
                                              0.452764   slack (MET)


Startpoint: _622_ (rising edge-triggered flip-flop clocked by wclk)
Endpoint: _622_ (rising edge-triggered flip-flop clocked by wclk)
Path Group: wclk
Path Type: min

Fanout         Cap        Slew       Delay        Time   Description
---------------------------------------------------------------------------------------------
                                  0.000000    0.000000   clock wclk (rise edge)
                                  0.000000    0.000000   clock source latency
     1    0.016889    0.000000    0.000000    0.000000 ^ wclk (in)
                                                         wclk (net)
                      0.000820    0.000410    0.000410 ^ clkbuf_0_wclk/A (sky130_fd_sc_hd__clkbuf_16)
    16    0.092148    0.108245    0.165291    0.165701 ^ clkbuf_0_wclk/X (sky130_fd_sc_hd__clkbuf_16)
                                                         clknet_0_wclk (net)
                      0.108246    0.000635    0.166336 ^ clkbuf_4_3_0_wclk/A (sky130_fd_sc_hd__clkbuf_8)
    10    0.027596    0.062670    0.165143    0.331480 ^ clkbuf_4_3_0_wclk/X (sky130_fd_sc_hd__clkbuf_8)
                                                         clknet_4_3_0_wclk (net)
                      0.062670    0.000029    0.331508 ^ _622_/CLK (sky130_fd_sc_hd__dfxtp_1)
     2    0.004160    0.053860    0.315408    0.646917 ^ _622_/Q (sky130_fd_sc_hd__dfxtp_1)
                                                         bram.mem[0][6] (net)
                      0.053860    0.000006    0.646923 ^ _460_/A0 (sky130_fd_sc_hd__mux2_1)
     1    0.001939    0.035998    0.110576    0.757499 ^ _460_/X (sky130_fd_sc_hd__mux2_1)
                                                         _078_ (net)
                      0.035998    0.000003    0.757502 ^ _622_/D (sky130_fd_sc_hd__dfxtp_1)
                                              0.757502   data arrival time

                                  0.000000    0.000000   clock wclk (rise edge)
                                  0.000000    0.000000   clock source latency
     1    0.016889    0.000000    0.000000    0.000000 ^ wclk (in)
                                                         wclk (net)
                      0.000820    0.000410    0.000410 ^ clkbuf_0_wclk/A (sky130_fd_sc_hd__clkbuf_16)
    16    0.092148    0.108245    0.165291    0.165701 ^ clkbuf_0_wclk/X (sky130_fd_sc_hd__clkbuf_16)
                                                         clknet_0_wclk (net)
                      0.108246    0.000635    0.166336 ^ clkbuf_4_3_0_wclk/A (sky130_fd_sc_hd__clkbuf_8)
    10    0.027596    0.062670    0.165143    0.331480 ^ clkbuf_4_3_0_wclk/X (sky130_fd_sc_hd__clkbuf_8)
                                                         clknet_4_3_0_wclk (net)
                      0.062670    0.000029    0.331508 ^ _622_/CLK (sky130_fd_sc_hd__dfxtp_1)
                                  0.000000    0.331508   clock reconvergence pessimism
                                 -0.027060    0.304448   library hold time
                                              0.304448   data required time
---------------------------------------------------------------------------------------------
                                              0.304448   data required time
                                             -0.757502   data arrival time
---------------------------------------------------------------------------------------------
                                              0.453054   slack (MET)


Startpoint: _581_ (rising edge-triggered flip-flop clocked by wclk)
Endpoint: _581_ (rising edge-triggered flip-flop clocked by wclk)
Path Group: wclk
Path Type: min

Fanout         Cap        Slew       Delay        Time   Description
---------------------------------------------------------------------------------------------
                                  0.000000    0.000000   clock wclk (rise edge)
                                  0.000000    0.000000   clock source latency
     1    0.016889    0.000000    0.000000    0.000000 ^ wclk (in)
                                                         wclk (net)
                      0.000820    0.000410    0.000410 ^ clkbuf_0_wclk/A (sky130_fd_sc_hd__clkbuf_16)
    16    0.092148    0.108245    0.165291    0.165701 ^ clkbuf_0_wclk/X (sky130_fd_sc_hd__clkbuf_16)
                                                         clknet_0_wclk (net)
                      0.108245    0.000297    0.165998 ^ clkbuf_4_12_0_wclk/A (sky130_fd_sc_hd__clkbuf_8)
     8    0.028409    0.063918    0.166117    0.332116 ^ clkbuf_4_12_0_wclk/X (sky130_fd_sc_hd__clkbuf_8)
                                                         clknet_4_12_0_wclk (net)
                      0.063918    0.000149    0.332265 ^ _581_/CLK (sky130_fd_sc_hd__dfxtp_1)
     2    0.004212    0.054312    0.316216    0.648481 ^ _581_/Q (sky130_fd_sc_hd__dfxtp_1)
                                                         bram.mem[12][5] (net)
                      0.054312    0.000009    0.648490 ^ _412_/A0 (sky130_fd_sc_hd__mux2_1)
     1    0.001865    0.035419    0.110142    0.758631 ^ _412_/X (sky130_fd_sc_hd__mux2_1)
                                                         _037_ (net)
                      0.035419    0.000001    0.758633 ^ _581_/D (sky130_fd_sc_hd__dfxtp_1)
                                              0.758633   data arrival time

                                  0.000000    0.000000   clock wclk (rise edge)
                                  0.000000    0.000000   clock source latency
     1    0.016889    0.000000    0.000000    0.000000 ^ wclk (in)
                                                         wclk (net)
                      0.000820    0.000410    0.000410 ^ clkbuf_0_wclk/A (sky130_fd_sc_hd__clkbuf_16)
    16    0.092148    0.108245    0.165291    0.165701 ^ clkbuf_0_wclk/X (sky130_fd_sc_hd__clkbuf_16)
                                                         clknet_0_wclk (net)
                      0.108245    0.000297    0.165998 ^ clkbuf_4_12_0_wclk/A (sky130_fd_sc_hd__clkbuf_8)
     8    0.028409    0.063918    0.166117    0.332116 ^ clkbuf_4_12_0_wclk/X (sky130_fd_sc_hd__clkbuf_8)
                                                         clknet_4_12_0_wclk (net)
                      0.063918    0.000149    0.332265 ^ _581_/CLK (sky130_fd_sc_hd__dfxtp_1)
                                  0.000000    0.332265   clock reconvergence pessimism
                                 -0.026775    0.305490   library hold time
                                              0.305490   data required time
---------------------------------------------------------------------------------------------
                                              0.305490   data required time
                                             -0.758633   data arrival time
---------------------------------------------------------------------------------------------
                                              0.453143   slack (MET)


Startpoint: _611_ (rising edge-triggered flip-flop clocked by wclk)
Endpoint: _611_ (rising edge-triggered flip-flop clocked by wclk)
Path Group: wclk
Path Type: min

Fanout         Cap        Slew       Delay        Time   Description
---------------------------------------------------------------------------------------------
                                  0.000000    0.000000   clock wclk (rise edge)
                                  0.000000    0.000000   clock source latency
     1    0.016889    0.000000    0.000000    0.000000 ^ wclk (in)
                                                         wclk (net)
                      0.000820    0.000410    0.000410 ^ clkbuf_0_wclk/A (sky130_fd_sc_hd__clkbuf_16)
    16    0.092148    0.108245    0.165291    0.165701 ^ clkbuf_0_wclk/X (sky130_fd_sc_hd__clkbuf_16)
                                                         clknet_0_wclk (net)
                      0.108245    0.000404    0.166105 ^ clkbuf_4_14_0_wclk/A (sky130_fd_sc_hd__clkbuf_8)
     9    0.028789    0.064501    0.166578    0.332682 ^ clkbuf_4_14_0_wclk/X (sky130_fd_sc_hd__clkbuf_8)
                                                         clknet_4_14_0_wclk (net)
                      0.064501    0.000124    0.332807 ^ _611_/CLK (sky130_fd_sc_hd__dfxtp_1)
     2    0.004212    0.054312    0.316435    0.649242 ^ _611_/Q (sky130_fd_sc_hd__dfxtp_1)
                                                         bram.mem[8][3] (net)
                      0.054312    0.000009    0.649250 ^ _447_/A0 (sky130_fd_sc_hd__mux2_1)
     1    0.001865    0.035417    0.110142    0.759392 ^ _447_/X (sky130_fd_sc_hd__mux2_1)
                                                         _067_ (net)
                      0.035417    0.000001    0.759393 ^ _611_/D (sky130_fd_sc_hd__dfxtp_1)
                                              0.759393   data arrival time

                                  0.000000    0.000000   clock wclk (rise edge)
                                  0.000000    0.000000   clock source latency
     1    0.016889    0.000000    0.000000    0.000000 ^ wclk (in)
                                                         wclk (net)
                      0.000820    0.000410    0.000410 ^ clkbuf_0_wclk/A (sky130_fd_sc_hd__clkbuf_16)
    16    0.092148    0.108245    0.165291    0.165701 ^ clkbuf_0_wclk/X (sky130_fd_sc_hd__clkbuf_16)
                                                         clknet_0_wclk (net)
                      0.108245    0.000404    0.166105 ^ clkbuf_4_14_0_wclk/A (sky130_fd_sc_hd__clkbuf_8)
     9    0.028789    0.064501    0.166578    0.332682 ^ clkbuf_4_14_0_wclk/X (sky130_fd_sc_hd__clkbuf_8)
                                                         clknet_4_14_0_wclk (net)
                      0.064501    0.000124    0.332807 ^ _611_/CLK (sky130_fd_sc_hd__dfxtp_1)
                                  0.000000    0.332807   clock reconvergence pessimism
                                 -0.026698    0.306109   library hold time
                                              0.306109   data required time
---------------------------------------------------------------------------------------------
                                              0.306109   data required time
                                             -0.759393   data arrival time
---------------------------------------------------------------------------------------------
                                              0.453285   slack (MET)


Startpoint: _619_ (rising edge-triggered flip-flop clocked by wclk)
Endpoint: _619_ (rising edge-triggered flip-flop clocked by wclk)
Path Group: wclk
Path Type: min

Fanout         Cap        Slew       Delay        Time   Description
---------------------------------------------------------------------------------------------
                                  0.000000    0.000000   clock wclk (rise edge)
                                  0.000000    0.000000   clock source latency
     1    0.016889    0.000000    0.000000    0.000000 ^ wclk (in)
                                                         wclk (net)
                      0.000820    0.000410    0.000410 ^ clkbuf_0_wclk/A (sky130_fd_sc_hd__clkbuf_16)
    16    0.092148    0.108245    0.165291    0.165701 ^ clkbuf_0_wclk/X (sky130_fd_sc_hd__clkbuf_16)
                                                         clknet_0_wclk (net)
                      0.108245    0.000411    0.166112 ^ clkbuf_4_6_0_wclk/A (sky130_fd_sc_hd__clkbuf_8)
     8    0.028646    0.064281    0.166412    0.332523 ^ clkbuf_4_6_0_wclk/X (sky130_fd_sc_hd__clkbuf_8)
                                                         clknet_4_6_0_wclk (net)
                      0.064281    0.000109    0.332633 ^ _619_/CLK (sky130_fd_sc_hd__dfxtp_1)
     2    0.004132    0.053615    0.315830    0.648463 ^ _619_/Q (sky130_fd_sc_hd__dfxtp_1)
                                                         bram.mem[0][3] (net)
                      0.053615    0.000014    0.648476 ^ _457_/A0 (sky130_fd_sc_hd__mux2_1)
     1    0.001969    0.036236    0.110733    0.759209 ^ _457_/X (sky130_fd_sc_hd__mux2_1)
                                                         _075_ (net)
                      0.036236    0.000003    0.759212 ^ _619_/D (sky130_fd_sc_hd__dfxtp_1)
                                              0.759212   data arrival time

                                  0.000000    0.000000   clock wclk (rise edge)
                                  0.000000    0.000000   clock source latency
     1    0.016889    0.000000    0.000000    0.000000 ^ wclk (in)
                                                         wclk (net)
                      0.000820    0.000410    0.000410 ^ clkbuf_0_wclk/A (sky130_fd_sc_hd__clkbuf_16)
    16    0.092148    0.108245    0.165291    0.165701 ^ clkbuf_0_wclk/X (sky130_fd_sc_hd__clkbuf_16)
                                                         clknet_0_wclk (net)
                      0.108245    0.000411    0.166112 ^ clkbuf_4_6_0_wclk/A (sky130_fd_sc_hd__clkbuf_8)
     8    0.028646    0.064281    0.166412    0.332523 ^ clkbuf_4_6_0_wclk/X (sky130_fd_sc_hd__clkbuf_8)
                                                         clknet_4_6_0_wclk (net)
                      0.064281    0.000109    0.332633 ^ _619_/CLK (sky130_fd_sc_hd__dfxtp_1)
                                  0.000000    0.332633   clock reconvergence pessimism
                                 -0.026898    0.305735   library hold time
                                              0.305735   data required time
---------------------------------------------------------------------------------------------
                                              0.305735   data required time
                                             -0.759212   data arrival time
---------------------------------------------------------------------------------------------
                                              0.453478   slack (MET)


Startpoint: _597_ (rising edge-triggered flip-flop clocked by wclk)
Endpoint: _597_ (rising edge-triggered flip-flop clocked by wclk)
Path Group: wclk
Path Type: min

Fanout         Cap        Slew       Delay        Time   Description
---------------------------------------------------------------------------------------------
                                  0.000000    0.000000   clock wclk (rise edge)
                                  0.000000    0.000000   clock source latency
     1    0.016889    0.000000    0.000000    0.000000 ^ wclk (in)
                                                         wclk (net)
                      0.000820    0.000410    0.000410 ^ clkbuf_0_wclk/A (sky130_fd_sc_hd__clkbuf_16)
    16    0.092148    0.108245    0.165291    0.165701 ^ clkbuf_0_wclk/X (sky130_fd_sc_hd__clkbuf_16)
                                                         clknet_0_wclk (net)
                      0.108246    0.000571    0.166272 ^ clkbuf_4_8_0_wclk/A (sky130_fd_sc_hd__clkbuf_8)
    13    0.030580    0.067260    0.168774    0.335046 ^ clkbuf_4_8_0_wclk/X (sky130_fd_sc_hd__clkbuf_8)
                                                         clknet_4_8_0_wclk (net)
                      0.067260    0.000102    0.335148 ^ _597_/CLK (sky130_fd_sc_hd__dfxtp_1)
     2    0.003969    0.052174    0.315871    0.651018 ^ _597_/Q (sky130_fd_sc_hd__dfxtp_1)
                                                         bram.mem[10][5] (net)
                      0.052174    0.000003    0.651021 ^ _430_/A0 (sky130_fd_sc_hd__mux2_1)
     1    0.002065    0.036996    0.111009    0.762030 ^ _430_/X (sky130_fd_sc_hd__mux2_1)
                                                         _053_ (net)
                      0.036996    0.000004    0.762034 ^ _597_/D (sky130_fd_sc_hd__dfxtp_1)
                                              0.762034   data arrival time

                                  0.000000    0.000000   clock wclk (rise edge)
                                  0.000000    0.000000   clock source latency
     1    0.016889    0.000000    0.000000    0.000000 ^ wclk (in)
                                                         wclk (net)
                      0.000820    0.000410    0.000410 ^ clkbuf_0_wclk/A (sky130_fd_sc_hd__clkbuf_16)
    16    0.092148    0.108245    0.165291    0.165701 ^ clkbuf_0_wclk/X (sky130_fd_sc_hd__clkbuf_16)
                                                         clknet_0_wclk (net)
                      0.108246    0.000571    0.166272 ^ clkbuf_4_8_0_wclk/A (sky130_fd_sc_hd__clkbuf_8)
    13    0.030580    0.067260    0.168774    0.335046 ^ clkbuf_4_8_0_wclk/X (sky130_fd_sc_hd__clkbuf_8)
                                                         clknet_4_8_0_wclk (net)
                      0.067260    0.000102    0.335148 ^ _597_/CLK (sky130_fd_sc_hd__dfxtp_1)
                                  0.000000    0.335148   clock reconvergence pessimism
                                 -0.026665    0.308483   library hold time
                                              0.308483   data required time
---------------------------------------------------------------------------------------------
                                              0.308483   data required time
                                             -0.762034   data arrival time
---------------------------------------------------------------------------------------------
                                              0.453551   slack (MET)


Startpoint: _690_ (rising edge-triggered flip-flop clocked by wclk)
Endpoint: _690_ (rising edge-triggered flip-flop clocked by wclk)
Path Group: wclk
Path Type: min

Fanout         Cap        Slew       Delay        Time   Description
---------------------------------------------------------------------------------------------
                                  0.000000    0.000000   clock wclk (rise edge)
                                  0.000000    0.000000   clock source latency
     1    0.016889    0.000000    0.000000    0.000000 ^ wclk (in)
                                                         wclk (net)
                      0.000820    0.000410    0.000410 ^ clkbuf_0_wclk/A (sky130_fd_sc_hd__clkbuf_16)
    16    0.092148    0.108245    0.165291    0.165701 ^ clkbuf_0_wclk/X (sky130_fd_sc_hd__clkbuf_16)
                                                         clknet_0_wclk (net)
                      0.108245    0.000499    0.166200 ^ clkbuf_4_5_0_wclk/A (sky130_fd_sc_hd__clkbuf_8)
     8    0.028858    0.064605    0.166672    0.332872 ^ clkbuf_4_5_0_wclk/X (sky130_fd_sc_hd__clkbuf_8)
                                                         clknet_4_5_0_wclk (net)
                      0.064605    0.000117    0.332989 ^ _690_/CLK (sky130_fd_sc_hd__dfxtp_1)
     2    0.004156    0.053821    0.316107    0.649096 ^ _690_/Q (sky130_fd_sc_hd__dfxtp_1)
                                                         bram.mem[2][0] (net)
                      0.053821    0.000004    0.649100 ^ _516_/A0 (sky130_fd_sc_hd__mux2_1)
     1    0.001946    0.036059    0.110625    0.759725 ^ _516_/X (sky130_fd_sc_hd__mux2_1)
                                                         _128_ (net)
                      0.036059    0.000003    0.759728 ^ _690_/D (sky130_fd_sc_hd__dfxtp_1)
                                              0.759728   data arrival time

                                  0.000000    0.000000   clock wclk (rise edge)
                                  0.000000    0.000000   clock source latency
     1    0.016889    0.000000    0.000000    0.000000 ^ wclk (in)
                                                         wclk (net)
                      0.000820    0.000410    0.000410 ^ clkbuf_0_wclk/A (sky130_fd_sc_hd__clkbuf_16)
    16    0.092148    0.108245    0.165291    0.165701 ^ clkbuf_0_wclk/X (sky130_fd_sc_hd__clkbuf_16)
                                                         clknet_0_wclk (net)
                      0.108245    0.000499    0.166200 ^ clkbuf_4_5_0_wclk/A (sky130_fd_sc_hd__clkbuf_8)
     8    0.028858    0.064605    0.166672    0.332872 ^ clkbuf_4_5_0_wclk/X (sky130_fd_sc_hd__clkbuf_8)
                                                         clknet_4_5_0_wclk (net)
                      0.064605    0.000117    0.332989 ^ _690_/CLK (sky130_fd_sc_hd__dfxtp_1)
                                  0.000000    0.332989   clock reconvergence pessimism
                                 -0.026819    0.306171   library hold time
                                              0.306171   data required time
---------------------------------------------------------------------------------------------
                                              0.306171   data required time
                                             -0.759728   data arrival time
---------------------------------------------------------------------------------------------
                                              0.453557   slack (MET)


Startpoint: _566_ (rising edge-triggered flip-flop clocked by wclk)
Endpoint: _566_ (rising edge-triggered flip-flop clocked by wclk)
Path Group: wclk
Path Type: min

Fanout         Cap        Slew       Delay        Time   Description
---------------------------------------------------------------------------------------------
                                  0.000000    0.000000   clock wclk (rise edge)
                                  0.000000    0.000000   clock source latency
     1    0.016889    0.000000    0.000000    0.000000 ^ wclk (in)
                                                         wclk (net)
                      0.000820    0.000410    0.000410 ^ clkbuf_0_wclk/A (sky130_fd_sc_hd__clkbuf_16)
    16    0.092148    0.108245    0.165291    0.165701 ^ clkbuf_0_wclk/X (sky130_fd_sc_hd__clkbuf_16)
                                                         clknet_0_wclk (net)
                      0.108248    0.000732    0.166433 ^ clkbuf_4_10_0_wclk/A (sky130_fd_sc_hd__clkbuf_8)
    12    0.030472    0.067092    0.168649    0.335083 ^ clkbuf_4_10_0_wclk/X (sky130_fd_sc_hd__clkbuf_8)
                                                         clknet_4_10_0_wclk (net)
                      0.067092    0.000029    0.335112 ^ _566_/CLK (sky130_fd_sc_hd__dfxtp_1)
     2    0.003846    0.051086    0.314993    0.650105 ^ _566_/Q (sky130_fd_sc_hd__dfxtp_1)
                                                         bram.mem[14][6] (net)
                      0.051086    0.000002    0.650107 ^ _395_/A0 (sky130_fd_sc_hd__mux2_1)
     1    0.002224    0.038250    0.111904    0.762012 ^ _395_/X (sky130_fd_sc_hd__mux2_1)
                                                         _022_ (net)
                      0.038250    0.000005    0.762017 ^ _566_/D (sky130_fd_sc_hd__dfxtp_1)
                                              0.762017   data arrival time

                                  0.000000    0.000000   clock wclk (rise edge)
                                  0.000000    0.000000   clock source latency
     1    0.016889    0.000000    0.000000    0.000000 ^ wclk (in)
                                                         wclk (net)
                      0.000820    0.000410    0.000410 ^ clkbuf_0_wclk/A (sky130_fd_sc_hd__clkbuf_16)
    16    0.092148    0.108245    0.165291    0.165701 ^ clkbuf_0_wclk/X (sky130_fd_sc_hd__clkbuf_16)
                                                         clknet_0_wclk (net)
                      0.108248    0.000732    0.166433 ^ clkbuf_4_10_0_wclk/A (sky130_fd_sc_hd__clkbuf_8)
    12    0.030472    0.067092    0.168649    0.335083 ^ clkbuf_4_10_0_wclk/X (sky130_fd_sc_hd__clkbuf_8)
                                                         clknet_4_10_0_wclk (net)
                      0.067092    0.000029    0.335112 ^ _566_/CLK (sky130_fd_sc_hd__dfxtp_1)
                                  0.000000    0.335112   clock reconvergence pessimism
                                 -0.026949    0.308164   library hold time
                                              0.308164   data required time
---------------------------------------------------------------------------------------------
                                              0.308164   data required time
                                             -0.762017   data arrival time
---------------------------------------------------------------------------------------------
                                              0.453853   slack (MET)


Startpoint: _693_ (rising edge-triggered flip-flop clocked by wclk)
Endpoint: _693_ (rising edge-triggered flip-flop clocked by wclk)
Path Group: wclk
Path Type: min

Fanout         Cap        Slew       Delay        Time   Description
---------------------------------------------------------------------------------------------
                                  0.000000    0.000000   clock wclk (rise edge)
                                  0.000000    0.000000   clock source latency
     1    0.016889    0.000000    0.000000    0.000000 ^ wclk (in)
                                                         wclk (net)
                      0.000820    0.000410    0.000410 ^ clkbuf_0_wclk/A (sky130_fd_sc_hd__clkbuf_16)
    16    0.092148    0.108245    0.165291    0.165701 ^ clkbuf_0_wclk/X (sky130_fd_sc_hd__clkbuf_16)
                                                         clknet_0_wclk (net)
                      0.108246    0.000635    0.166336 ^ clkbuf_4_3_0_wclk/A (sky130_fd_sc_hd__clkbuf_8)
    10    0.027596    0.062670    0.165143    0.331480 ^ clkbuf_4_3_0_wclk/X (sky130_fd_sc_hd__clkbuf_8)
                                                         clknet_4_3_0_wclk (net)
                      0.062670    0.000035    0.331514 ^ _693_/CLK (sky130_fd_sc_hd__dfxtp_1)
     2    0.004158    0.053843    0.315396    0.646910 ^ _693_/Q (sky130_fd_sc_hd__dfxtp_1)
                                                         bram.mem[2][3] (net)
                      0.053843    0.000005    0.646915 ^ _519_/A0 (sky130_fd_sc_hd__mux2_1)
     1    0.002033    0.036741    0.111324    0.758239 ^ _519_/X (sky130_fd_sc_hd__mux2_1)
                                                         _131_ (net)
                      0.036741    0.000004    0.758243 ^ _693_/D (sky130_fd_sc_hd__dfxtp_1)
                                              0.758243   data arrival time

                                  0.000000    0.000000   clock wclk (rise edge)
                                  0.000000    0.000000   clock source latency
     1    0.016889    0.000000    0.000000    0.000000 ^ wclk (in)
                                                         wclk (net)
                      0.000820    0.000410    0.000410 ^ clkbuf_0_wclk/A (sky130_fd_sc_hd__clkbuf_16)
    16    0.092148    0.108245    0.165291    0.165701 ^ clkbuf_0_wclk/X (sky130_fd_sc_hd__clkbuf_16)
                                                         clknet_0_wclk (net)
                      0.108246    0.000635    0.166336 ^ clkbuf_4_3_0_wclk/A (sky130_fd_sc_hd__clkbuf_8)
    10    0.027596    0.062670    0.165143    0.331480 ^ clkbuf_4_3_0_wclk/X (sky130_fd_sc_hd__clkbuf_8)
                                                         clknet_4_3_0_wclk (net)
                      0.062670    0.000035    0.331514 ^ _693_/CLK (sky130_fd_sc_hd__dfxtp_1)
                                  0.000000    0.331514   clock reconvergence pessimism
                                 -0.027215    0.304299   library hold time
                                              0.304299   data required time
---------------------------------------------------------------------------------------------
                                              0.304299   data required time
                                             -0.758243   data arrival time
---------------------------------------------------------------------------------------------
                                              0.453944   slack (MET)


Startpoint: _618_ (rising edge-triggered flip-flop clocked by wclk)
Endpoint: _618_ (rising edge-triggered flip-flop clocked by wclk)
Path Group: wclk
Path Type: min

Fanout         Cap        Slew       Delay        Time   Description
---------------------------------------------------------------------------------------------
                                  0.000000    0.000000   clock wclk (rise edge)
                                  0.000000    0.000000   clock source latency
     1    0.016889    0.000000    0.000000    0.000000 ^ wclk (in)
                                                         wclk (net)
                      0.000820    0.000410    0.000410 ^ clkbuf_0_wclk/A (sky130_fd_sc_hd__clkbuf_16)
    16    0.092148    0.108245    0.165291    0.165701 ^ clkbuf_0_wclk/X (sky130_fd_sc_hd__clkbuf_16)
                                                         clknet_0_wclk (net)
                      0.108249    0.000805    0.166506 ^ clkbuf_4_0_0_wclk/A (sky130_fd_sc_hd__clkbuf_8)
    12    0.030706    0.067456    0.168922    0.335428 ^ clkbuf_4_0_0_wclk/X (sky130_fd_sc_hd__clkbuf_8)
                                                         clknet_4_0_0_wclk (net)
                      0.067456    0.000122    0.335550 ^ _618_/CLK (sky130_fd_sc_hd__dfxtp_1)
     2    0.004021    0.052633    0.316289    0.651838 ^ _618_/Q (sky130_fd_sc_hd__dfxtp_1)
                                                         bram.mem[0][2] (net)
                      0.052633    0.000004    0.651843 ^ _456_/A0 (sky130_fd_sc_hd__mux2_1)
     1    0.002072    0.037054    0.111225    0.763067 ^ _456_/X (sky130_fd_sc_hd__mux2_1)
                                                         _074_ (net)
                      0.037054    0.000004    0.763072 ^ _618_/D (sky130_fd_sc_hd__dfxtp_1)
                                              0.763072   data arrival time

                                  0.000000    0.000000   clock wclk (rise edge)
                                  0.000000    0.000000   clock source latency
     1    0.016889    0.000000    0.000000    0.000000 ^ wclk (in)
                                                         wclk (net)
                      0.000820    0.000410    0.000410 ^ clkbuf_0_wclk/A (sky130_fd_sc_hd__clkbuf_16)
    16    0.092148    0.108245    0.165291    0.165701 ^ clkbuf_0_wclk/X (sky130_fd_sc_hd__clkbuf_16)
                                                         clknet_0_wclk (net)
                      0.108249    0.000805    0.166506 ^ clkbuf_4_0_0_wclk/A (sky130_fd_sc_hd__clkbuf_8)
    12    0.030706    0.067456    0.168922    0.335428 ^ clkbuf_4_0_0_wclk/X (sky130_fd_sc_hd__clkbuf_8)
                                                         clknet_4_0_0_wclk (net)
                      0.067456    0.000122    0.335550 ^ _618_/CLK (sky130_fd_sc_hd__dfxtp_1)
                                  0.000000    0.335550   clock reconvergence pessimism
                                 -0.026651    0.308899   library hold time
                                              0.308899   data required time
---------------------------------------------------------------------------------------------
                                              0.308899   data required time
                                             -0.763072   data arrival time
---------------------------------------------------------------------------------------------
                                              0.454173   slack (MET)


Startpoint: _564_ (rising edge-triggered flip-flop clocked by wclk)
Endpoint: _564_ (rising edge-triggered flip-flop clocked by wclk)
Path Group: wclk
Path Type: min

Fanout         Cap        Slew       Delay        Time   Description
---------------------------------------------------------------------------------------------
                                  0.000000    0.000000   clock wclk (rise edge)
                                  0.000000    0.000000   clock source latency
     1    0.016889    0.000000    0.000000    0.000000 ^ wclk (in)
                                                         wclk (net)
                      0.000820    0.000410    0.000410 ^ clkbuf_0_wclk/A (sky130_fd_sc_hd__clkbuf_16)
    16    0.092148    0.108245    0.165291    0.165701 ^ clkbuf_0_wclk/X (sky130_fd_sc_hd__clkbuf_16)
                                                         clknet_0_wclk (net)
                      0.108246    0.000565    0.166267 ^ clkbuf_4_9_0_wclk/A (sky130_fd_sc_hd__clkbuf_8)
     9    0.027724    0.062866    0.165294    0.331561 ^ clkbuf_4_9_0_wclk/X (sky130_fd_sc_hd__clkbuf_8)
                                                         clknet_4_9_0_wclk (net)
                      0.062866    0.000060    0.331620 ^ _564_/CLK (sky130_fd_sc_hd__dfxtp_1)
     2    0.004180    0.054033    0.315611    0.647232 ^ _564_/Q (sky130_fd_sc_hd__dfxtp_1)
                                                         bram.mem[14][4] (net)
                      0.054033    0.000005    0.647236 ^ _393_/A0 (sky130_fd_sc_hd__mux2_1)
     1    0.002033    0.036743    0.111389    0.758626 ^ _393_/X (sky130_fd_sc_hd__mux2_1)
                                                         _020_ (net)
                      0.036743    0.000004    0.758630 ^ _564_/D (sky130_fd_sc_hd__dfxtp_1)
                                              0.758630   data arrival time

                                  0.000000    0.000000   clock wclk (rise edge)
                                  0.000000    0.000000   clock source latency
     1    0.016889    0.000000    0.000000    0.000000 ^ wclk (in)
                                                         wclk (net)
                      0.000820    0.000410    0.000410 ^ clkbuf_0_wclk/A (sky130_fd_sc_hd__clkbuf_16)
    16    0.092148    0.108245    0.165291    0.165701 ^ clkbuf_0_wclk/X (sky130_fd_sc_hd__clkbuf_16)
                                                         clknet_0_wclk (net)
                      0.108246    0.000565    0.166267 ^ clkbuf_4_9_0_wclk/A (sky130_fd_sc_hd__clkbuf_8)
     9    0.027724    0.062866    0.165294    0.331561 ^ clkbuf_4_9_0_wclk/X (sky130_fd_sc_hd__clkbuf_8)
                                                         clknet_4_9_0_wclk (net)
                      0.062866    0.000060    0.331620 ^ _564_/CLK (sky130_fd_sc_hd__dfxtp_1)
                                  0.000000    0.331620   clock reconvergence pessimism
                                 -0.027190    0.304430   library hold time
                                              0.304430   data required time
---------------------------------------------------------------------------------------------
                                              0.304430   data required time
                                             -0.758630   data arrival time
---------------------------------------------------------------------------------------------
                                              0.454200   slack (MET)


Startpoint: _620_ (rising edge-triggered flip-flop clocked by wclk)
Endpoint: _620_ (rising edge-triggered flip-flop clocked by wclk)
Path Group: wclk
Path Type: min

Fanout         Cap        Slew       Delay        Time   Description
---------------------------------------------------------------------------------------------
                                  0.000000    0.000000   clock wclk (rise edge)
                                  0.000000    0.000000   clock source latency
     1    0.016889    0.000000    0.000000    0.000000 ^ wclk (in)
                                                         wclk (net)
                      0.000820    0.000410    0.000410 ^ clkbuf_0_wclk/A (sky130_fd_sc_hd__clkbuf_16)
    16    0.092148    0.108245    0.165291    0.165701 ^ clkbuf_0_wclk/X (sky130_fd_sc_hd__clkbuf_16)
                                                         clknet_0_wclk (net)
                      0.108249    0.000827    0.166528 ^ clkbuf_4_1_0_wclk/A (sky130_fd_sc_hd__clkbuf_8)
    11    0.030115    0.066540    0.168215    0.334743 ^ clkbuf_4_1_0_wclk/X (sky130_fd_sc_hd__clkbuf_8)
                                                         clknet_4_1_0_wclk (net)
                      0.066540    0.000070    0.334814 ^ _620_/CLK (sky130_fd_sc_hd__dfxtp_1)
     2    0.003668    0.049521    0.313613    0.648427 ^ _620_/Q (sky130_fd_sc_hd__dfxtp_1)
                                                         bram.mem[0][4] (net)
                      0.049521    0.000008    0.648435 ^ _458_/A0 (sky130_fd_sc_hd__mux2_1)
     1    0.002459    0.040106    0.113251    0.761686 ^ _458_/X (sky130_fd_sc_hd__mux2_1)
                                                         _076_ (net)
                      0.040106    0.000009    0.761695 ^ _620_/D (sky130_fd_sc_hd__dfxtp_1)
                                              0.761695   data arrival time

                                  0.000000    0.000000   clock wclk (rise edge)
                                  0.000000    0.000000   clock source latency
     1    0.016889    0.000000    0.000000    0.000000 ^ wclk (in)
                                                         wclk (net)
                      0.000820    0.000410    0.000410 ^ clkbuf_0_wclk/A (sky130_fd_sc_hd__clkbuf_16)
    16    0.092148    0.108245    0.165291    0.165701 ^ clkbuf_0_wclk/X (sky130_fd_sc_hd__clkbuf_16)
                                                         clknet_0_wclk (net)
                      0.108249    0.000827    0.166528 ^ clkbuf_4_1_0_wclk/A (sky130_fd_sc_hd__clkbuf_8)
    11    0.030115    0.066540    0.168215    0.334743 ^ clkbuf_4_1_0_wclk/X (sky130_fd_sc_hd__clkbuf_8)
                                                         clknet_4_1_0_wclk (net)
                      0.066540    0.000070    0.334814 ^ _620_/CLK (sky130_fd_sc_hd__dfxtp_1)
                                  0.000000    0.334814   clock reconvergence pessimism
                                 -0.027409    0.307405   library hold time
                                              0.307405   data required time
---------------------------------------------------------------------------------------------
                                              0.307405   data required time
                                             -0.761695   data arrival time
---------------------------------------------------------------------------------------------
                                              0.454290   slack (MET)


Startpoint: _614_ (rising edge-triggered flip-flop clocked by wclk)
Endpoint: _614_ (rising edge-triggered flip-flop clocked by wclk)
Path Group: wclk
Path Type: min

Fanout         Cap        Slew       Delay        Time   Description
---------------------------------------------------------------------------------------------
                                  0.000000    0.000000   clock wclk (rise edge)
                                  0.000000    0.000000   clock source latency
     1    0.016889    0.000000    0.000000    0.000000 ^ wclk (in)
                                                         wclk (net)
                      0.000820    0.000410    0.000410 ^ clkbuf_0_wclk/A (sky130_fd_sc_hd__clkbuf_16)
    16    0.092148    0.108245    0.165291    0.165701 ^ clkbuf_0_wclk/X (sky130_fd_sc_hd__clkbuf_16)
                                                         clknet_0_wclk (net)
                      0.108247    0.000719    0.166420 ^ clkbuf_4_11_0_wclk/A (sky130_fd_sc_hd__clkbuf_8)
    11    0.030534    0.067189    0.168715    0.335135 ^ clkbuf_4_11_0_wclk/X (sky130_fd_sc_hd__clkbuf_8)
                                                         clknet_4_11_0_wclk (net)
                      0.067189    0.000104    0.335239 ^ _614_/CLK (sky130_fd_sc_hd__dfxtp_1)
     2    0.003676    0.049595    0.313912    0.649152 ^ _614_/Q (sky130_fd_sc_hd__dfxtp_1)
                                                         bram.mem[8][6] (net)
                      0.049595    0.000008    0.649160 ^ _450_/A0 (sky130_fd_sc_hd__mux2_1)
     1    0.002453    0.040062    0.113231    0.762391 ^ _450_/X (sky130_fd_sc_hd__mux2_1)
                                                         _070_ (net)
                      0.040062    0.000009    0.762400 ^ _614_/D (sky130_fd_sc_hd__dfxtp_1)
                                              0.762400   data arrival time

                                  0.000000    0.000000   clock wclk (rise edge)
                                  0.000000    0.000000   clock source latency
     1    0.016889    0.000000    0.000000    0.000000 ^ wclk (in)
                                                         wclk (net)
                      0.000820    0.000410    0.000410 ^ clkbuf_0_wclk/A (sky130_fd_sc_hd__clkbuf_16)
    16    0.092148    0.108245    0.165291    0.165701 ^ clkbuf_0_wclk/X (sky130_fd_sc_hd__clkbuf_16)
                                                         clknet_0_wclk (net)
                      0.108247    0.000719    0.166420 ^ clkbuf_4_11_0_wclk/A (sky130_fd_sc_hd__clkbuf_8)
    11    0.030534    0.067189    0.168715    0.335135 ^ clkbuf_4_11_0_wclk/X (sky130_fd_sc_hd__clkbuf_8)
                                                         clknet_4_11_0_wclk (net)
                      0.067189    0.000104    0.335239 ^ _614_/CLK (sky130_fd_sc_hd__dfxtp_1)
                                  0.000000    0.335239   clock reconvergence pessimism
                                 -0.027314    0.307925   library hold time
                                              0.307925   data required time
---------------------------------------------------------------------------------------------
                                              0.307925   data required time
                                             -0.762400   data arrival time
---------------------------------------------------------------------------------------------
                                              0.454475   slack (MET)


Startpoint: _580_ (rising edge-triggered flip-flop clocked by wclk)
Endpoint: _580_ (rising edge-triggered flip-flop clocked by wclk)
Path Group: wclk
Path Type: min

Fanout         Cap        Slew       Delay        Time   Description
---------------------------------------------------------------------------------------------
                                  0.000000    0.000000   clock wclk (rise edge)
                                  0.000000    0.000000   clock source latency
     1    0.016889    0.000000    0.000000    0.000000 ^ wclk (in)
                                                         wclk (net)
                      0.000820    0.000410    0.000410 ^ clkbuf_0_wclk/A (sky130_fd_sc_hd__clkbuf_16)
    16    0.092148    0.108245    0.165291    0.165701 ^ clkbuf_0_wclk/X (sky130_fd_sc_hd__clkbuf_16)
                                                         clknet_0_wclk (net)
                      0.108245    0.000404    0.166105 ^ clkbuf_4_14_0_wclk/A (sky130_fd_sc_hd__clkbuf_8)
     9    0.028789    0.064501    0.166578    0.332682 ^ clkbuf_4_14_0_wclk/X (sky130_fd_sc_hd__clkbuf_8)
                                                         clknet_4_14_0_wclk (net)
                      0.064501    0.000065    0.332747 ^ _580_/CLK (sky130_fd_sc_hd__dfxtp_1)
     2    0.004303    0.055118    0.317039    0.649786 ^ _580_/Q (sky130_fd_sc_hd__dfxtp_1)
                                                         bram.mem[12][4] (net)
                      0.055118    0.000009    0.649796 ^ _411_/A0 (sky130_fd_sc_hd__mux2_1)
     1    0.001909    0.035767    0.110773    0.760569 ^ _411_/X (sky130_fd_sc_hd__mux2_1)
                                                         _036_ (net)
                      0.035767    0.000003    0.760571 ^ _580_/D (sky130_fd_sc_hd__dfxtp_1)
                                              0.760571   data arrival time

                                  0.000000    0.000000   clock wclk (rise edge)
                                  0.000000    0.000000   clock source latency
     1    0.016889    0.000000    0.000000    0.000000 ^ wclk (in)
                                                         wclk (net)
                      0.000820    0.000410    0.000410 ^ clkbuf_0_wclk/A (sky130_fd_sc_hd__clkbuf_16)
    16    0.092148    0.108245    0.165291    0.165701 ^ clkbuf_0_wclk/X (sky130_fd_sc_hd__clkbuf_16)
                                                         clknet_0_wclk (net)
                      0.108245    0.000404    0.166105 ^ clkbuf_4_14_0_wclk/A (sky130_fd_sc_hd__clkbuf_8)
     9    0.028789    0.064501    0.166578    0.332682 ^ clkbuf_4_14_0_wclk/X (sky130_fd_sc_hd__clkbuf_8)
                                                         clknet_4_14_0_wclk (net)
                      0.064501    0.000065    0.332747 ^ _580_/CLK (sky130_fd_sc_hd__dfxtp_1)
                                  0.000000    0.332747   clock reconvergence pessimism
                                 -0.026771    0.305976   library hold time
                                              0.305976   data required time
---------------------------------------------------------------------------------------------
                                              0.305976   data required time
                                             -0.760571   data arrival time
---------------------------------------------------------------------------------------------
                                              0.454595   slack (MET)


Startpoint: _563_ (rising edge-triggered flip-flop clocked by wclk)
Endpoint: _563_ (rising edge-triggered flip-flop clocked by wclk)
Path Group: wclk
Path Type: min

Fanout         Cap        Slew       Delay        Time   Description
---------------------------------------------------------------------------------------------
                                  0.000000    0.000000   clock wclk (rise edge)
                                  0.000000    0.000000   clock source latency
     1    0.016889    0.000000    0.000000    0.000000 ^ wclk (in)
                                                         wclk (net)
                      0.000820    0.000410    0.000410 ^ clkbuf_0_wclk/A (sky130_fd_sc_hd__clkbuf_16)
    16    0.092148    0.108245    0.165291    0.165701 ^ clkbuf_0_wclk/X (sky130_fd_sc_hd__clkbuf_16)
                                                         clknet_0_wclk (net)
                      0.108247    0.000719    0.166420 ^ clkbuf_4_11_0_wclk/A (sky130_fd_sc_hd__clkbuf_8)
    11    0.030534    0.067189    0.168715    0.335135 ^ clkbuf_4_11_0_wclk/X (sky130_fd_sc_hd__clkbuf_8)
                                                         clknet_4_11_0_wclk (net)
                      0.067189    0.000003    0.335139 ^ _563_/CLK (sky130_fd_sc_hd__dfxtp_1)
     2    0.004167    0.053917    0.317150    0.652289 ^ _563_/Q (sky130_fd_sc_hd__dfxtp_1)
                                                         bram.mem[14][3] (net)
                      0.053917    0.000003    0.652292 ^ _392_/A0 (sky130_fd_sc_hd__mux2_1)
     1    0.001986    0.036374    0.110975    0.763267 ^ _392_/X (sky130_fd_sc_hd__mux2_1)
                                                         _019_ (net)
                      0.036374    0.000003    0.763270 ^ _563_/D (sky130_fd_sc_hd__dfxtp_1)
                                              0.763270   data arrival time

                                  0.000000    0.000000   clock wclk (rise edge)
                                  0.000000    0.000000   clock source latency
     1    0.016889    0.000000    0.000000    0.000000 ^ wclk (in)
                                                         wclk (net)
                      0.000820    0.000410    0.000410 ^ clkbuf_0_wclk/A (sky130_fd_sc_hd__clkbuf_16)
    16    0.092148    0.108245    0.165291    0.165701 ^ clkbuf_0_wclk/X (sky130_fd_sc_hd__clkbuf_16)
                                                         clknet_0_wclk (net)
                      0.108247    0.000719    0.166420 ^ clkbuf_4_11_0_wclk/A (sky130_fd_sc_hd__clkbuf_8)
    11    0.030534    0.067189    0.168715    0.335135 ^ clkbuf_4_11_0_wclk/X (sky130_fd_sc_hd__clkbuf_8)
                                                         clknet_4_11_0_wclk (net)
                      0.067189    0.000003    0.335139 ^ _563_/CLK (sky130_fd_sc_hd__dfxtp_1)
                                  0.000000    0.335139   clock reconvergence pessimism
                                 -0.026544    0.308594   library hold time
                                              0.308594   data required time
---------------------------------------------------------------------------------------------
                                              0.308594   data required time
                                             -0.763270   data arrival time
---------------------------------------------------------------------------------------------
                                              0.454676   slack (MET)


Startpoint: _576_ (rising edge-triggered flip-flop clocked by wclk)
Endpoint: _576_ (rising edge-triggered flip-flop clocked by wclk)
Path Group: wclk
Path Type: min

Fanout         Cap        Slew       Delay        Time   Description
---------------------------------------------------------------------------------------------
                                  0.000000    0.000000   clock wclk (rise edge)
                                  0.000000    0.000000   clock source latency
     1    0.016889    0.000000    0.000000    0.000000 ^ wclk (in)
                                                         wclk (net)
                      0.000820    0.000410    0.000410 ^ clkbuf_0_wclk/A (sky130_fd_sc_hd__clkbuf_16)
    16    0.092148    0.108245    0.165291    0.165701 ^ clkbuf_0_wclk/X (sky130_fd_sc_hd__clkbuf_16)
                                                         clknet_0_wclk (net)
                      0.108245    0.000297    0.165998 ^ clkbuf_4_12_0_wclk/A (sky130_fd_sc_hd__clkbuf_8)
     8    0.028409    0.063918    0.166117    0.332116 ^ clkbuf_4_12_0_wclk/X (sky130_fd_sc_hd__clkbuf_8)
                                                         clknet_4_12_0_wclk (net)
                      0.063918    0.000033    0.332148 ^ _576_/CLK (sky130_fd_sc_hd__dfxtp_1)
     2    0.003920    0.051746    0.314294    0.646442 ^ _576_/Q (sky130_fd_sc_hd__dfxtp_1)
                                                         bram.mem[12][0] (net)
                      0.051746    0.000009    0.646451 ^ _407_/A0 (sky130_fd_sc_hd__mux2_1)
     1    0.002340    0.039169    0.113065    0.759516 ^ _407_/X (sky130_fd_sc_hd__mux2_1)
                                                         _032_ (net)
                      0.039169    0.000008    0.759524 ^ _576_/D (sky130_fd_sc_hd__dfxtp_1)
                                              0.759524   data arrival time

                                  0.000000    0.000000   clock wclk (rise edge)
                                  0.000000    0.000000   clock source latency
     1    0.016889    0.000000    0.000000    0.000000 ^ wclk (in)
                                                         wclk (net)
                      0.000820    0.000410    0.000410 ^ clkbuf_0_wclk/A (sky130_fd_sc_hd__clkbuf_16)
    16    0.092148    0.108245    0.165291    0.165701 ^ clkbuf_0_wclk/X (sky130_fd_sc_hd__clkbuf_16)
                                                         clknet_0_wclk (net)
                      0.108245    0.000297    0.165998 ^ clkbuf_4_12_0_wclk/A (sky130_fd_sc_hd__clkbuf_8)
     8    0.028409    0.063918    0.166117    0.332116 ^ clkbuf_4_12_0_wclk/X (sky130_fd_sc_hd__clkbuf_8)
                                                         clknet_4_12_0_wclk (net)
                      0.063918    0.000033    0.332148 ^ _576_/CLK (sky130_fd_sc_hd__dfxtp_1)
                                  0.000000    0.332148   clock reconvergence pessimism
                                 -0.027558    0.304590   library hold time
                                              0.304590   data required time
---------------------------------------------------------------------------------------------
                                              0.304590   data required time
                                             -0.759524   data arrival time
---------------------------------------------------------------------------------------------
                                              0.454934   slack (MET)


Startpoint: _673_ (rising edge-triggered flip-flop clocked by wclk)
Endpoint: _673_ (rising edge-triggered flip-flop clocked by wclk)
Path Group: wclk
Path Type: min

Fanout         Cap        Slew       Delay        Time   Description
---------------------------------------------------------------------------------------------
                                  0.000000    0.000000   clock wclk (rise edge)
                                  0.000000    0.000000   clock source latency
     1    0.016889    0.000000    0.000000    0.000000 ^ wclk (in)
                                                         wclk (net)
                      0.000820    0.000410    0.000410 ^ clkbuf_0_wclk/A (sky130_fd_sc_hd__clkbuf_16)
    16    0.092148    0.108245    0.165291    0.165701 ^ clkbuf_0_wclk/X (sky130_fd_sc_hd__clkbuf_16)
                                                         clknet_0_wclk (net)
                      0.108247    0.000710    0.166412 ^ clkbuf_4_2_0_wclk/A (sky130_fd_sc_hd__clkbuf_8)
    12    0.030163    0.066616    0.168266    0.334678 ^ clkbuf_4_2_0_wclk/X (sky130_fd_sc_hd__clkbuf_8)
                                                         clknet_4_2_0_wclk (net)
                      0.066616    0.000048    0.334726 ^ _673_/CLK (sky130_fd_sc_hd__dfxtp_1)
     2    0.004256    0.054702    0.317522    0.652248 ^ _673_/Q (sky130_fd_sc_hd__dfxtp_1)
                                                         bram.mem[4][7] (net)
                      0.054702    0.000007    0.652255 ^ _497_/A0 (sky130_fd_sc_hd__mux2_1)
     1    0.001949    0.036081    0.110948    0.763202 ^ _497_/X (sky130_fd_sc_hd__mux2_1)
                                                         _111_ (net)
                      0.036081    0.000003    0.763205 ^ _673_/D (sky130_fd_sc_hd__dfxtp_1)
                                              0.763205   data arrival time

                                  0.000000    0.000000   clock wclk (rise edge)
                                  0.000000    0.000000   clock source latency
     1    0.016889    0.000000    0.000000    0.000000 ^ wclk (in)
                                                         wclk (net)
                      0.000820    0.000410    0.000410 ^ clkbuf_0_wclk/A (sky130_fd_sc_hd__clkbuf_16)
    16    0.092148    0.108245    0.165291    0.165701 ^ clkbuf_0_wclk/X (sky130_fd_sc_hd__clkbuf_16)
                                                         clknet_0_wclk (net)
                      0.108247    0.000710    0.166412 ^ clkbuf_4_2_0_wclk/A (sky130_fd_sc_hd__clkbuf_8)
    12    0.030163    0.066616    0.168266    0.334678 ^ clkbuf_4_2_0_wclk/X (sky130_fd_sc_hd__clkbuf_8)
                                                         clknet_4_2_0_wclk (net)
                      0.066616    0.000048    0.334726 ^ _673_/CLK (sky130_fd_sc_hd__dfxtp_1)
                                  0.000000    0.334726   clock reconvergence pessimism
                                 -0.026559    0.308167   library hold time
                                              0.308167   data required time
---------------------------------------------------------------------------------------------
                                              0.308167   data required time
                                             -0.763205   data arrival time
---------------------------------------------------------------------------------------------
                                              0.455038   slack (MET)


Startpoint: _561_ (rising edge-triggered flip-flop clocked by wclk)
Endpoint: _561_ (rising edge-triggered flip-flop clocked by wclk)
Path Group: wclk
Path Type: min

Fanout         Cap        Slew       Delay        Time   Description
---------------------------------------------------------------------------------------------
                                  0.000000    0.000000   clock wclk (rise edge)
                                  0.000000    0.000000   clock source latency
     1    0.016889    0.000000    0.000000    0.000000 ^ wclk (in)
                                                         wclk (net)
                      0.000820    0.000410    0.000410 ^ clkbuf_0_wclk/A (sky130_fd_sc_hd__clkbuf_16)
    16    0.092148    0.108245    0.165291    0.165701 ^ clkbuf_0_wclk/X (sky130_fd_sc_hd__clkbuf_16)
                                                         clknet_0_wclk (net)
                      0.108245    0.000404    0.166105 ^ clkbuf_4_14_0_wclk/A (sky130_fd_sc_hd__clkbuf_8)
     9    0.028789    0.064501    0.166578    0.332682 ^ clkbuf_4_14_0_wclk/X (sky130_fd_sc_hd__clkbuf_8)
                                                         clknet_4_14_0_wclk (net)
                      0.064501    0.000041    0.332724 ^ _561_/CLK (sky130_fd_sc_hd__dfxtp_1)
     2    0.004045    0.052845    0.315336    0.648060 ^ _561_/Q (sky130_fd_sc_hd__dfxtp_1)
                                                         bram.mem[14][1] (net)
                      0.052845    0.000004    0.648064 ^ _390_/A0 (sky130_fd_sc_hd__mux2_1)
     1    0.002239    0.038368    0.112631    0.760695 ^ _390_/X (sky130_fd_sc_hd__mux2_1)
                                                         _017_ (net)
                      0.038368    0.000005    0.760700 ^ _561_/D (sky130_fd_sc_hd__dfxtp_1)
                                              0.760700   data arrival time

                                  0.000000    0.000000   clock wclk (rise edge)
                                  0.000000    0.000000   clock source latency
     1    0.016889    0.000000    0.000000    0.000000 ^ wclk (in)
                                                         wclk (net)
                      0.000820    0.000410    0.000410 ^ clkbuf_0_wclk/A (sky130_fd_sc_hd__clkbuf_16)
    16    0.092148    0.108245    0.165291    0.165701 ^ clkbuf_0_wclk/X (sky130_fd_sc_hd__clkbuf_16)
                                                         clknet_0_wclk (net)
                      0.108245    0.000404    0.166105 ^ clkbuf_4_14_0_wclk/A (sky130_fd_sc_hd__clkbuf_8)
     9    0.028789    0.064501    0.166578    0.332682 ^ clkbuf_4_14_0_wclk/X (sky130_fd_sc_hd__clkbuf_8)
                                                         clknet_4_14_0_wclk (net)
                      0.064501    0.000041    0.332724 ^ _561_/CLK (sky130_fd_sc_hd__dfxtp_1)
                                  0.000000    0.332724   clock reconvergence pessimism
                                 -0.027314    0.305409   library hold time
                                              0.305409   data required time
---------------------------------------------------------------------------------------------
                                              0.305409   data required time
                                             -0.760700   data arrival time
---------------------------------------------------------------------------------------------
                                              0.455290   slack (MET)


Startpoint: _697_ (rising edge-triggered flip-flop clocked by wclk)
Endpoint: _697_ (rising edge-triggered flip-flop clocked by wclk)
Path Group: wclk
Path Type: min

Fanout         Cap        Slew       Delay        Time   Description
---------------------------------------------------------------------------------------------
                                  0.000000    0.000000   clock wclk (rise edge)
                                  0.000000    0.000000   clock source latency
     1    0.016889    0.000000    0.000000    0.000000 ^ wclk (in)
                                                         wclk (net)
                      0.000820    0.000410    0.000410 ^ clkbuf_0_wclk/A (sky130_fd_sc_hd__clkbuf_16)
    16    0.092148    0.108245    0.165291    0.165701 ^ clkbuf_0_wclk/X (sky130_fd_sc_hd__clkbuf_16)
                                                         clknet_0_wclk (net)
                      0.108247    0.000710    0.166412 ^ clkbuf_4_2_0_wclk/A (sky130_fd_sc_hd__clkbuf_8)
    12    0.030163    0.066616    0.168266    0.334678 ^ clkbuf_4_2_0_wclk/X (sky130_fd_sc_hd__clkbuf_8)
                                                         clknet_4_2_0_wclk (net)
                      0.066616    0.000014    0.334692 ^ _697_/CLK (sky130_fd_sc_hd__dfxtp_1)
     2    0.004140    0.053681    0.316757    0.651449 ^ _697_/Q (sky130_fd_sc_hd__dfxtp_1)
                                                         bram.mem[2][7] (net)
                      0.053681    0.000004    0.651453 ^ _523_/A0 (sky130_fd_sc_hd__mux2_1)
     1    0.002112    0.037365    0.111902    0.763356 ^ _523_/X (sky130_fd_sc_hd__mux2_1)
                                                         _135_ (net)
                      0.037365    0.000005    0.763360 ^ _697_/D (sky130_fd_sc_hd__dfxtp_1)
                                              0.763360   data arrival time

                                  0.000000    0.000000   clock wclk (rise edge)
                                  0.000000    0.000000   clock source latency
     1    0.016889    0.000000    0.000000    0.000000 ^ wclk (in)
                                                         wclk (net)
                      0.000820    0.000410    0.000410 ^ clkbuf_0_wclk/A (sky130_fd_sc_hd__clkbuf_16)
    16    0.092148    0.108245    0.165291    0.165701 ^ clkbuf_0_wclk/X (sky130_fd_sc_hd__clkbuf_16)
                                                         clknet_0_wclk (net)
                      0.108247    0.000710    0.166412 ^ clkbuf_4_2_0_wclk/A (sky130_fd_sc_hd__clkbuf_8)
    12    0.030163    0.066616    0.168266    0.334678 ^ clkbuf_4_2_0_wclk/X (sky130_fd_sc_hd__clkbuf_8)
                                                         clknet_4_2_0_wclk (net)
                      0.066616    0.000014    0.334692 ^ _697_/CLK (sky130_fd_sc_hd__dfxtp_1)
                                  0.000000    0.334692   clock reconvergence pessimism
                                 -0.026827    0.307865   library hold time
                                              0.307865   data required time
---------------------------------------------------------------------------------------------
                                              0.307865   data required time
                                             -0.763360   data arrival time
---------------------------------------------------------------------------------------------
                                              0.455495   slack (MET)


Startpoint: _695_ (rising edge-triggered flip-flop clocked by wclk)
Endpoint: _695_ (rising edge-triggered flip-flop clocked by wclk)
Path Group: wclk
Path Type: min

Fanout         Cap        Slew       Delay        Time   Description
---------------------------------------------------------------------------------------------
                                  0.000000    0.000000   clock wclk (rise edge)
                                  0.000000    0.000000   clock source latency
     1    0.016889    0.000000    0.000000    0.000000 ^ wclk (in)
                                                         wclk (net)
                      0.000820    0.000410    0.000410 ^ clkbuf_0_wclk/A (sky130_fd_sc_hd__clkbuf_16)
    16    0.092148    0.108245    0.165291    0.165701 ^ clkbuf_0_wclk/X (sky130_fd_sc_hd__clkbuf_16)
                                                         clknet_0_wclk (net)
                      0.108249    0.000827    0.166528 ^ clkbuf_4_1_0_wclk/A (sky130_fd_sc_hd__clkbuf_8)
    11    0.030115    0.066540    0.168215    0.334743 ^ clkbuf_4_1_0_wclk/X (sky130_fd_sc_hd__clkbuf_8)
                                                         clknet_4_1_0_wclk (net)
                      0.066540    0.000086    0.334830 ^ _695_/CLK (sky130_fd_sc_hd__dfxtp_1)
     2    0.004105    0.053371    0.316497    0.651326 ^ _695_/Q (sky130_fd_sc_hd__dfxtp_1)
                                                         bram.mem[2][5] (net)
                      0.053371    0.000013    0.651339 ^ _521_/A0 (sky130_fd_sc_hd__mux2_1)
     1    0.002176    0.037872    0.112310    0.763650 ^ _521_/X (sky130_fd_sc_hd__mux2_1)
                                                         _133_ (net)
                      0.037872    0.000006    0.763656 ^ _695_/D (sky130_fd_sc_hd__dfxtp_1)
                                              0.763656   data arrival time

                                  0.000000    0.000000   clock wclk (rise edge)
                                  0.000000    0.000000   clock source latency
     1    0.016889    0.000000    0.000000    0.000000 ^ wclk (in)
                                                         wclk (net)
                      0.000820    0.000410    0.000410 ^ clkbuf_0_wclk/A (sky130_fd_sc_hd__clkbuf_16)
    16    0.092148    0.108245    0.165291    0.165701 ^ clkbuf_0_wclk/X (sky130_fd_sc_hd__clkbuf_16)
                                                         clknet_0_wclk (net)
                      0.108249    0.000827    0.166528 ^ clkbuf_4_1_0_wclk/A (sky130_fd_sc_hd__clkbuf_8)
    11    0.030115    0.066540    0.168215    0.334743 ^ clkbuf_4_1_0_wclk/X (sky130_fd_sc_hd__clkbuf_8)
                                                         clknet_4_1_0_wclk (net)
                      0.066540    0.000086    0.334830 ^ _695_/CLK (sky130_fd_sc_hd__dfxtp_1)
                                  0.000000    0.334830   clock reconvergence pessimism
                                 -0.026943    0.307887   library hold time
                                              0.307887   data required time
---------------------------------------------------------------------------------------------
                                              0.307887   data required time
                                             -0.763656   data arrival time
---------------------------------------------------------------------------------------------
                                              0.455768   slack (MET)


Startpoint: _615_ (rising edge-triggered flip-flop clocked by wclk)
Endpoint: _615_ (rising edge-triggered flip-flop clocked by wclk)
Path Group: wclk
Path Type: min

Fanout         Cap        Slew       Delay        Time   Description
---------------------------------------------------------------------------------------------
                                  0.000000    0.000000   clock wclk (rise edge)
                                  0.000000    0.000000   clock source latency
     1    0.016889    0.000000    0.000000    0.000000 ^ wclk (in)
                                                         wclk (net)
                      0.000820    0.000410    0.000410 ^ clkbuf_0_wclk/A (sky130_fd_sc_hd__clkbuf_16)
    16    0.092148    0.108245    0.165291    0.165701 ^ clkbuf_0_wclk/X (sky130_fd_sc_hd__clkbuf_16)
                                                         clknet_0_wclk (net)
                      0.108248    0.000732    0.166433 ^ clkbuf_4_10_0_wclk/A (sky130_fd_sc_hd__clkbuf_8)
    12    0.030472    0.067092    0.168649    0.335083 ^ clkbuf_4_10_0_wclk/X (sky130_fd_sc_hd__clkbuf_8)
                                                         clknet_4_10_0_wclk (net)
                      0.067092    0.000030    0.335113 ^ _615_/CLK (sky130_fd_sc_hd__dfxtp_1)
     2    0.004375    0.055743    0.318481    0.653594 ^ _615_/Q (sky130_fd_sc_hd__dfxtp_1)
                                                         bram.mem[8][7] (net)
                      0.055743    0.000013    0.653607 ^ _451_/A0 (sky130_fd_sc_hd__mux2_1)
     1    0.001936    0.035979    0.111205    0.764812 ^ _451_/X (sky130_fd_sc_hd__mux2_1)
                                                         _071_ (net)
                      0.035979    0.000003    0.764815 ^ _615_/D (sky130_fd_sc_hd__dfxtp_1)
                                              0.764815   data arrival time

                                  0.000000    0.000000   clock wclk (rise edge)
                                  0.000000    0.000000   clock source latency
     1    0.016889    0.000000    0.000000    0.000000 ^ wclk (in)
                                                         wclk (net)
                      0.000820    0.000410    0.000410 ^ clkbuf_0_wclk/A (sky130_fd_sc_hd__clkbuf_16)
    16    0.092148    0.108245    0.165291    0.165701 ^ clkbuf_0_wclk/X (sky130_fd_sc_hd__clkbuf_16)
                                                         clknet_0_wclk (net)
                      0.108248    0.000732    0.166433 ^ clkbuf_4_10_0_wclk/A (sky130_fd_sc_hd__clkbuf_8)
    12    0.030472    0.067092    0.168649    0.335083 ^ clkbuf_4_10_0_wclk/X (sky130_fd_sc_hd__clkbuf_8)
                                                         clknet_4_10_0_wclk (net)
                      0.067092    0.000030    0.335113 ^ _615_/CLK (sky130_fd_sc_hd__dfxtp_1)
                                  0.000000    0.335113   clock reconvergence pessimism
                                 -0.026475    0.308638   library hold time
                                              0.308638   data required time
---------------------------------------------------------------------------------------------
                                              0.308638   data required time
                                             -0.764815   data arrival time
---------------------------------------------------------------------------------------------
                                              0.456177   slack (MET)


Startpoint: _608_ (rising edge-triggered flip-flop clocked by wclk)
Endpoint: _608_ (rising edge-triggered flip-flop clocked by wclk)
Path Group: wclk
Path Type: min

Fanout         Cap        Slew       Delay        Time   Description
---------------------------------------------------------------------------------------------
                                  0.000000    0.000000   clock wclk (rise edge)
                                  0.000000    0.000000   clock source latency
     1    0.016889    0.000000    0.000000    0.000000 ^ wclk (in)
                                                         wclk (net)
                      0.000820    0.000410    0.000410 ^ clkbuf_0_wclk/A (sky130_fd_sc_hd__clkbuf_16)
    16    0.092148    0.108245    0.165291    0.165701 ^ clkbuf_0_wclk/X (sky130_fd_sc_hd__clkbuf_16)
                                                         clknet_0_wclk (net)
                      0.108245    0.000297    0.165998 ^ clkbuf_4_12_0_wclk/A (sky130_fd_sc_hd__clkbuf_8)
     8    0.028409    0.063918    0.166117    0.332116 ^ clkbuf_4_12_0_wclk/X (sky130_fd_sc_hd__clkbuf_8)
                                                         clknet_4_12_0_wclk (net)
                      0.063918    0.000096    0.332211 ^ _608_/CLK (sky130_fd_sc_hd__dfxtp_1)
     2    0.004381    0.055806    0.317335    0.649546 ^ _608_/Q (sky130_fd_sc_hd__dfxtp_1)
                                                         bram.mem[8][0] (net)
                      0.055806    0.000011    0.649557 ^ _444_/A0 (sky130_fd_sc_hd__mux2_1)
     1    0.002018    0.036624    0.111881    0.761437 ^ _444_/X (sky130_fd_sc_hd__mux2_1)
                                                         _064_ (net)
                      0.036624    0.000004    0.761441 ^ _608_/D (sky130_fd_sc_hd__dfxtp_1)
                                              0.761441   data arrival time

                                  0.000000    0.000000   clock wclk (rise edge)
                                  0.000000    0.000000   clock source latency
     1    0.016889    0.000000    0.000000    0.000000 ^ wclk (in)
                                                         wclk (net)
                      0.000820    0.000410    0.000410 ^ clkbuf_0_wclk/A (sky130_fd_sc_hd__clkbuf_16)
    16    0.092148    0.108245    0.165291    0.165701 ^ clkbuf_0_wclk/X (sky130_fd_sc_hd__clkbuf_16)
                                                         clknet_0_wclk (net)
                      0.108245    0.000297    0.165998 ^ clkbuf_4_12_0_wclk/A (sky130_fd_sc_hd__clkbuf_8)
     8    0.028409    0.063918    0.166117    0.332116 ^ clkbuf_4_12_0_wclk/X (sky130_fd_sc_hd__clkbuf_8)
                                                         clknet_4_12_0_wclk (net)
                      0.063918    0.000096    0.332211 ^ _608_/CLK (sky130_fd_sc_hd__dfxtp_1)
                                  0.000000    0.332211   clock reconvergence pessimism
                                 -0.027027    0.305185   library hold time
                                              0.305185   data required time
---------------------------------------------------------------------------------------------
                                              0.305185   data required time
                                             -0.761441   data arrival time
---------------------------------------------------------------------------------------------
                                              0.456257   slack (MET)


Startpoint: _528_ (rising edge-triggered flip-flop clocked by wclk)
Endpoint: _528_ (rising edge-triggered flip-flop clocked by wclk)
Path Group: wclk
Path Type: min

Fanout         Cap        Slew       Delay        Time   Description
---------------------------------------------------------------------------------------------
                                  0.000000    0.000000   clock wclk (rise edge)
                                  0.000000    0.000000   clock source latency
     1    0.016889    0.000000    0.000000    0.000000 ^ wclk (in)
                                                         wclk (net)
                      0.000820    0.000410    0.000410 ^ clkbuf_0_wclk/A (sky130_fd_sc_hd__clkbuf_16)
    16    0.092148    0.108245    0.165291    0.165701 ^ clkbuf_0_wclk/X (sky130_fd_sc_hd__clkbuf_16)
                                                         clknet_0_wclk (net)
                      0.108248    0.000732    0.166433 ^ clkbuf_4_10_0_wclk/A (sky130_fd_sc_hd__clkbuf_8)
    12    0.030472    0.067092    0.168649    0.335083 ^ clkbuf_4_10_0_wclk/X (sky130_fd_sc_hd__clkbuf_8)
                                                         clknet_4_10_0_wclk (net)
                      0.067092    0.000084    0.335167 ^ _528_/CLK (sky130_fd_sc_hd__dfxtp_1)
     2    0.003761    0.050340    0.314434    0.649601 ^ _528_/Q (sky130_fd_sc_hd__dfxtp_1)
                                                         bram.mem[9][4] (net)
                      0.050340    0.000004    0.649605 ^ _384_/A1 (sky130_fd_sc_hd__mux2_1)
     1    0.002270    0.038673    0.114813    0.764418 ^ _384_/X (sky130_fd_sc_hd__mux2_1)
                                                         _012_ (net)
                      0.038673    0.000006    0.764424 ^ _528_/D (sky130_fd_sc_hd__dfxtp_1)
                                              0.764424   data arrival time

                                  0.000000    0.000000   clock wclk (rise edge)
                                  0.000000    0.000000   clock source latency
     1    0.016889    0.000000    0.000000    0.000000 ^ wclk (in)
                                                         wclk (net)
                      0.000820    0.000410    0.000410 ^ clkbuf_0_wclk/A (sky130_fd_sc_hd__clkbuf_16)
    16    0.092148    0.108245    0.165291    0.165701 ^ clkbuf_0_wclk/X (sky130_fd_sc_hd__clkbuf_16)
                                                         clknet_0_wclk (net)
                      0.108248    0.000732    0.166433 ^ clkbuf_4_10_0_wclk/A (sky130_fd_sc_hd__clkbuf_8)
    12    0.030472    0.067092    0.168649    0.335083 ^ clkbuf_4_10_0_wclk/X (sky130_fd_sc_hd__clkbuf_8)
                                                         clknet_4_10_0_wclk (net)
                      0.067092    0.000084    0.335167 ^ _528_/CLK (sky130_fd_sc_hd__dfxtp_1)
                                  0.000000    0.335167   clock reconvergence pessimism
                                 -0.027037    0.308130   library hold time
                                              0.308130   data required time
---------------------------------------------------------------------------------------------
                                              0.308130   data required time
                                             -0.764424   data arrival time
---------------------------------------------------------------------------------------------
                                              0.456295   slack (MET)


Startpoint: _595_ (rising edge-triggered flip-flop clocked by wclk)
Endpoint: _595_ (rising edge-triggered flip-flop clocked by wclk)
Path Group: wclk
Path Type: min

Fanout         Cap        Slew       Delay        Time   Description
---------------------------------------------------------------------------------------------
                                  0.000000    0.000000   clock wclk (rise edge)
                                  0.000000    0.000000   clock source latency
     1    0.016889    0.000000    0.000000    0.000000 ^ wclk (in)
                                                         wclk (net)
                      0.000820    0.000410    0.000410 ^ clkbuf_0_wclk/A (sky130_fd_sc_hd__clkbuf_16)
    16    0.092148    0.108245    0.165291    0.165701 ^ clkbuf_0_wclk/X (sky130_fd_sc_hd__clkbuf_16)
                                                         clknet_0_wclk (net)
                      0.108247    0.000719    0.166420 ^ clkbuf_4_11_0_wclk/A (sky130_fd_sc_hd__clkbuf_8)
    11    0.030534    0.067189    0.168715    0.335135 ^ clkbuf_4_11_0_wclk/X (sky130_fd_sc_hd__clkbuf_8)
                                                         clknet_4_11_0_wclk (net)
                      0.067189    0.000084    0.335219 ^ _595_/CLK (sky130_fd_sc_hd__dfxtp_1)
     2    0.004140    0.053680    0.316972    0.652192 ^ _595_/Q (sky130_fd_sc_hd__dfxtp_1)
                                                         bram.mem[10][3] (net)
                      0.053680    0.000003    0.652195 ^ _428_/A0 (sky130_fd_sc_hd__mux2_1)
     1    0.002191    0.037991    0.112538    0.764733 ^ _428_/X (sky130_fd_sc_hd__mux2_1)
                                                         _051_ (net)
                      0.037991    0.000005    0.764738 ^ _595_/D (sky130_fd_sc_hd__dfxtp_1)
                                              0.764738   data arrival time

                                  0.000000    0.000000   clock wclk (rise edge)
                                  0.000000    0.000000   clock source latency
     1    0.016889    0.000000    0.000000    0.000000 ^ wclk (in)
                                                         wclk (net)
                      0.000820    0.000410    0.000410 ^ clkbuf_0_wclk/A (sky130_fd_sc_hd__clkbuf_16)
    16    0.092148    0.108245    0.165291    0.165701 ^ clkbuf_0_wclk/X (sky130_fd_sc_hd__clkbuf_16)
                                                         clknet_0_wclk (net)
                      0.108247    0.000719    0.166420 ^ clkbuf_4_11_0_wclk/A (sky130_fd_sc_hd__clkbuf_8)
    11    0.030534    0.067189    0.168715    0.335135 ^ clkbuf_4_11_0_wclk/X (sky130_fd_sc_hd__clkbuf_8)
                                                         clknet_4_11_0_wclk (net)
                      0.067189    0.000084    0.335219 ^ _595_/CLK (sky130_fd_sc_hd__dfxtp_1)
                                  0.000000    0.335219   clock reconvergence pessimism
                                 -0.026882    0.308337   library hold time
                                              0.308337   data required time
---------------------------------------------------------------------------------------------
                                              0.308337   data required time
                                             -0.764738   data arrival time
---------------------------------------------------------------------------------------------
                                              0.456401   slack (MET)


Startpoint: _681_ (rising edge-triggered flip-flop clocked by wclk)
Endpoint: _681_ (rising edge-triggered flip-flop clocked by wclk)
Path Group: wclk
Path Type: min

Fanout         Cap        Slew       Delay        Time   Description
---------------------------------------------------------------------------------------------
                                  0.000000    0.000000   clock wclk (rise edge)
                                  0.000000    0.000000   clock source latency
     1    0.016889    0.000000    0.000000    0.000000 ^ wclk (in)
                                                         wclk (net)
                      0.000820    0.000410    0.000410 ^ clkbuf_0_wclk/A (sky130_fd_sc_hd__clkbuf_16)
    16    0.092148    0.108245    0.165291    0.165701 ^ clkbuf_0_wclk/X (sky130_fd_sc_hd__clkbuf_16)
                                                         clknet_0_wclk (net)
                      0.108246    0.000635    0.166336 ^ clkbuf_4_3_0_wclk/A (sky130_fd_sc_hd__clkbuf_8)
    10    0.027596    0.062670    0.165143    0.331480 ^ clkbuf_4_3_0_wclk/X (sky130_fd_sc_hd__clkbuf_8)
                                                         clknet_4_3_0_wclk (net)
                      0.062670    0.000025    0.331504 ^ _681_/CLK (sky130_fd_sc_hd__dfxtp_1)
     2    0.004129    0.053586    0.315203    0.646708 ^ _681_/Q (sky130_fd_sc_hd__dfxtp_1)
                                                         bram.mem[1][7] (net)
                      0.053586    0.000005    0.646713 ^ _506_/A1 (sky130_fd_sc_hd__mux2_1)
     1    0.002033    0.036789    0.114039    0.760752 ^ _506_/X (sky130_fd_sc_hd__mux2_1)
                                                         _119_ (net)
                      0.036789    0.000004    0.760756 ^ _681_/D (sky130_fd_sc_hd__dfxtp_1)
                                              0.760756   data arrival time

                                  0.000000    0.000000   clock wclk (rise edge)
                                  0.000000    0.000000   clock source latency
     1    0.016889    0.000000    0.000000    0.000000 ^ wclk (in)
                                                         wclk (net)
                      0.000820    0.000410    0.000410 ^ clkbuf_0_wclk/A (sky130_fd_sc_hd__clkbuf_16)
    16    0.092148    0.108245    0.165291    0.165701 ^ clkbuf_0_wclk/X (sky130_fd_sc_hd__clkbuf_16)
                                                         clknet_0_wclk (net)
                      0.108246    0.000635    0.166336 ^ clkbuf_4_3_0_wclk/A (sky130_fd_sc_hd__clkbuf_8)
    10    0.027596    0.062670    0.165143    0.331480 ^ clkbuf_4_3_0_wclk/X (sky130_fd_sc_hd__clkbuf_8)
                                                         clknet_4_3_0_wclk (net)
                      0.062670    0.000025    0.331504 ^ _681_/CLK (sky130_fd_sc_hd__dfxtp_1)
                                  0.000000    0.331504   clock reconvergence pessimism
                                 -0.027226    0.304279   library hold time
                                              0.304279   data required time
---------------------------------------------------------------------------------------------
                                              0.304279   data required time
                                             -0.760756   data arrival time
---------------------------------------------------------------------------------------------
                                              0.456477   slack (MET)


Startpoint: _642_ (rising edge-triggered flip-flop clocked by wclk)
Endpoint: _642_ (rising edge-triggered flip-flop clocked by wclk)
Path Group: wclk
Path Type: min

Fanout         Cap        Slew       Delay        Time   Description
---------------------------------------------------------------------------------------------
                                  0.000000    0.000000   clock wclk (rise edge)
                                  0.000000    0.000000   clock source latency
     1    0.016889    0.000000    0.000000    0.000000 ^ wclk (in)
                                                         wclk (net)
                      0.000820    0.000410    0.000410 ^ clkbuf_0_wclk/A (sky130_fd_sc_hd__clkbuf_16)
    16    0.092148    0.108245    0.165291    0.165701 ^ clkbuf_0_wclk/X (sky130_fd_sc_hd__clkbuf_16)
                                                         clknet_0_wclk (net)
                      0.108245    0.000530    0.166231 ^ clkbuf_4_4_0_wclk/A (sky130_fd_sc_hd__clkbuf_8)
    10    0.029506    0.065604    0.167464    0.333695 ^ clkbuf_4_4_0_wclk/X (sky130_fd_sc_hd__clkbuf_8)
                                                         clknet_4_4_0_wclk (net)
                      0.065604    0.000085    0.333780 ^ _642_/CLK (sky130_fd_sc_hd__dfxtp_1)
     2    0.004147    0.053738    0.316420    0.650200 ^ _642_/Q (sky130_fd_sc_hd__dfxtp_1)
                                                         bram.mem[6][1] (net)
                      0.053738    0.000004    0.650204 ^ _473_/A0 (sky130_fd_sc_hd__mux2_1)
     1    0.002239    0.038368    0.112938    0.763142 ^ _473_/X (sky130_fd_sc_hd__mux2_1)
                                                         _089_ (net)
                      0.038368    0.000005    0.763147 ^ _642_/D (sky130_fd_sc_hd__dfxtp_1)
                                              0.763147   data arrival time

                                  0.000000    0.000000   clock wclk (rise edge)
                                  0.000000    0.000000   clock source latency
     1    0.016889    0.000000    0.000000    0.000000 ^ wclk (in)
                                                         wclk (net)
                      0.000820    0.000410    0.000410 ^ clkbuf_0_wclk/A (sky130_fd_sc_hd__clkbuf_16)
    16    0.092148    0.108245    0.165291    0.165701 ^ clkbuf_0_wclk/X (sky130_fd_sc_hd__clkbuf_16)
                                                         clknet_0_wclk (net)
                      0.108245    0.000530    0.166231 ^ clkbuf_4_4_0_wclk/A (sky130_fd_sc_hd__clkbuf_8)
    10    0.029506    0.065604    0.167464    0.333695 ^ clkbuf_4_4_0_wclk/X (sky130_fd_sc_hd__clkbuf_8)
                                                         clknet_4_4_0_wclk (net)
                      0.065604    0.000085    0.333780 ^ _642_/CLK (sky130_fd_sc_hd__dfxtp_1)
                                  0.000000    0.333780   clock reconvergence pessimism
                                 -0.027169    0.306611   library hold time
                                              0.306611   data required time
---------------------------------------------------------------------------------------------
                                              0.306611   data required time
                                             -0.763147   data arrival time
---------------------------------------------------------------------------------------------
                                              0.456536   slack (MET)


Startpoint: _609_ (rising edge-triggered flip-flop clocked by wclk)
Endpoint: _609_ (rising edge-triggered flip-flop clocked by wclk)
Path Group: wclk
Path Type: min

Fanout         Cap        Slew       Delay        Time   Description
---------------------------------------------------------------------------------------------
                                  0.000000    0.000000   clock wclk (rise edge)
                                  0.000000    0.000000   clock source latency
     1    0.016889    0.000000    0.000000    0.000000 ^ wclk (in)
                                                         wclk (net)
                      0.000820    0.000410    0.000410 ^ clkbuf_0_wclk/A (sky130_fd_sc_hd__clkbuf_16)
    16    0.092148    0.108245    0.165291    0.165701 ^ clkbuf_0_wclk/X (sky130_fd_sc_hd__clkbuf_16)
                                                         clknet_0_wclk (net)
                      0.108245    0.000422    0.166123 ^ clkbuf_4_15_0_wclk/A (sky130_fd_sc_hd__clkbuf_8)
     8    0.029296    0.065280    0.167217    0.333340 ^ clkbuf_4_15_0_wclk/X (sky130_fd_sc_hd__clkbuf_8)
                                                         clknet_4_15_0_wclk (net)
                      0.065280    0.000028    0.333368 ^ _609_/CLK (sky130_fd_sc_hd__dfxtp_1)
     2    0.003896    0.051531    0.314645    0.648012 ^ _609_/Q (sky130_fd_sc_hd__dfxtp_1)
                                                         bram.mem[8][1] (net)
                      0.051531    0.000010    0.648022 ^ _445_/A0 (sky130_fd_sc_hd__mux2_1)
     1    0.002508    0.040493    0.114336    0.762359 ^ _445_/X (sky130_fd_sc_hd__mux2_1)
                                                         _065_ (net)
                      0.040493    0.000008    0.762367 ^ _609_/D (sky130_fd_sc_hd__dfxtp_1)
                                              0.762367   data arrival time

                                  0.000000    0.000000   clock wclk (rise edge)
                                  0.000000    0.000000   clock source latency
     1    0.016889    0.000000    0.000000    0.000000 ^ wclk (in)
                                                         wclk (net)
                      0.000820    0.000410    0.000410 ^ clkbuf_0_wclk/A (sky130_fd_sc_hd__clkbuf_16)
    16    0.092148    0.108245    0.165291    0.165701 ^ clkbuf_0_wclk/X (sky130_fd_sc_hd__clkbuf_16)
                                                         clknet_0_wclk (net)
                      0.108245    0.000422    0.166123 ^ clkbuf_4_15_0_wclk/A (sky130_fd_sc_hd__clkbuf_8)
     8    0.029296    0.065280    0.167217    0.333340 ^ clkbuf_4_15_0_wclk/X (sky130_fd_sc_hd__clkbuf_8)
                                                         clknet_4_15_0_wclk (net)
                      0.065280    0.000028    0.333368 ^ _609_/CLK (sky130_fd_sc_hd__dfxtp_1)
                                  0.000000    0.333368   clock reconvergence pessimism
                                 -0.027656    0.305712   library hold time
                                              0.305712   data required time
---------------------------------------------------------------------------------------------
                                              0.305712   data required time
                                             -0.762367   data arrival time
---------------------------------------------------------------------------------------------
                                              0.456655   slack (MET)


Startpoint: _585_ (rising edge-triggered flip-flop clocked by wclk)
Endpoint: _585_ (rising edge-triggered flip-flop clocked by wclk)
Path Group: wclk
Path Type: min

Fanout         Cap        Slew       Delay        Time   Description
---------------------------------------------------------------------------------------------
                                  0.000000    0.000000   clock wclk (rise edge)
                                  0.000000    0.000000   clock source latency
     1    0.016889    0.000000    0.000000    0.000000 ^ wclk (in)
                                                         wclk (net)
                      0.000820    0.000410    0.000410 ^ clkbuf_0_wclk/A (sky130_fd_sc_hd__clkbuf_16)
    16    0.092148    0.108245    0.165291    0.165701 ^ clkbuf_0_wclk/X (sky130_fd_sc_hd__clkbuf_16)
                                                         clknet_0_wclk (net)
                      0.108245    0.000422    0.166123 ^ clkbuf_4_15_0_wclk/A (sky130_fd_sc_hd__clkbuf_8)
     8    0.029296    0.065280    0.167217    0.333340 ^ clkbuf_4_15_0_wclk/X (sky130_fd_sc_hd__clkbuf_8)
                                                         clknet_4_15_0_wclk (net)
                      0.065280    0.000034    0.333374 ^ _585_/CLK (sky130_fd_sc_hd__dfxtp_1)
     2    0.003917    0.051714    0.314782    0.648156 ^ _585_/Q (sky130_fd_sc_hd__dfxtp_1)
                                                         bram.mem[11][1] (net)
                      0.051714    0.000003    0.648159 ^ _417_/A1 (sky130_fd_sc_hd__mux2_1)
     1    0.002199    0.038100    0.114720    0.762879 ^ _417_/X (sky130_fd_sc_hd__mux2_1)
                                                         _041_ (net)
                      0.038100    0.000004    0.762883 ^ _585_/D (sky130_fd_sc_hd__dfxtp_1)
                                              0.762883   data arrival time

                                  0.000000    0.000000   clock wclk (rise edge)
                                  0.000000    0.000000   clock source latency
     1    0.016889    0.000000    0.000000    0.000000 ^ wclk (in)
                                                         wclk (net)
                      0.000820    0.000410    0.000410 ^ clkbuf_0_wclk/A (sky130_fd_sc_hd__clkbuf_16)
    16    0.092148    0.108245    0.165291    0.165701 ^ clkbuf_0_wclk/X (sky130_fd_sc_hd__clkbuf_16)
                                                         clknet_0_wclk (net)
                      0.108245    0.000422    0.166123 ^ clkbuf_4_15_0_wclk/A (sky130_fd_sc_hd__clkbuf_8)
     8    0.029296    0.065280    0.167217    0.333340 ^ clkbuf_4_15_0_wclk/X (sky130_fd_sc_hd__clkbuf_8)
                                                         clknet_4_15_0_wclk (net)
                      0.065280    0.000034    0.333374 ^ _585_/CLK (sky130_fd_sc_hd__dfxtp_1)
                                  0.000000    0.333374   clock reconvergence pessimism
                                 -0.027156    0.306218   library hold time
                                              0.306218   data required time
---------------------------------------------------------------------------------------------
                                              0.306218   data required time
                                             -0.762883   data arrival time
---------------------------------------------------------------------------------------------
                                              0.456665   slack (MET)


Startpoint: _574_ (rising edge-triggered flip-flop clocked by wclk)
Endpoint: _574_ (rising edge-triggered flip-flop clocked by wclk)
Path Group: wclk
Path Type: min

Fanout         Cap        Slew       Delay        Time   Description
---------------------------------------------------------------------------------------------
                                  0.000000    0.000000   clock wclk (rise edge)
                                  0.000000    0.000000   clock source latency
     1    0.016889    0.000000    0.000000    0.000000 ^ wclk (in)
                                                         wclk (net)
                      0.000820    0.000410    0.000410 ^ clkbuf_0_wclk/A (sky130_fd_sc_hd__clkbuf_16)
    16    0.092148    0.108245    0.165291    0.165701 ^ clkbuf_0_wclk/X (sky130_fd_sc_hd__clkbuf_16)
                                                         clknet_0_wclk (net)
                      0.108247    0.000719    0.166420 ^ clkbuf_4_11_0_wclk/A (sky130_fd_sc_hd__clkbuf_8)
    11    0.030534    0.067189    0.168715    0.335135 ^ clkbuf_4_11_0_wclk/X (sky130_fd_sc_hd__clkbuf_8)
                                                         clknet_4_11_0_wclk (net)
                      0.067189    0.000068    0.335203 ^ _574_/CLK (sky130_fd_sc_hd__dfxtp_1)
     2    0.003874    0.051336    0.315217    0.650420 ^ _574_/Q (sky130_fd_sc_hd__dfxtp_1)
                                                         bram.mem[13][6] (net)
                      0.051336    0.000003    0.650423 ^ _404_/A1 (sky130_fd_sc_hd__mux2_1)
     1    0.002199    0.038094    0.114589    0.765012 ^ _404_/X (sky130_fd_sc_hd__mux2_1)
                                                         _030_ (net)
                      0.038094    0.000004    0.765016 ^ _574_/D (sky130_fd_sc_hd__dfxtp_1)
                                              0.765016   data arrival time

                                  0.000000    0.000000   clock wclk (rise edge)
                                  0.000000    0.000000   clock source latency
     1    0.016889    0.000000    0.000000    0.000000 ^ wclk (in)
                                                         wclk (net)
                      0.000820    0.000410    0.000410 ^ clkbuf_0_wclk/A (sky130_fd_sc_hd__clkbuf_16)
    16    0.092148    0.108245    0.165291    0.165701 ^ clkbuf_0_wclk/X (sky130_fd_sc_hd__clkbuf_16)
                                                         clknet_0_wclk (net)
                      0.108247    0.000719    0.166420 ^ clkbuf_4_11_0_wclk/A (sky130_fd_sc_hd__clkbuf_8)
    11    0.030534    0.067189    0.168715    0.335135 ^ clkbuf_4_11_0_wclk/X (sky130_fd_sc_hd__clkbuf_8)
                                                         clknet_4_11_0_wclk (net)
                      0.067189    0.000068    0.335203 ^ _574_/CLK (sky130_fd_sc_hd__dfxtp_1)
                                  0.000000    0.335203   clock reconvergence pessimism
                                 -0.026903    0.308300   library hold time
                                              0.308300   data required time
---------------------------------------------------------------------------------------------
                                              0.308300   data required time
                                             -0.765016   data arrival time
---------------------------------------------------------------------------------------------
                                              0.456716   slack (MET)


Startpoint: _612_ (rising edge-triggered flip-flop clocked by wclk)
Endpoint: _612_ (rising edge-triggered flip-flop clocked by wclk)
Path Group: wclk
Path Type: min

Fanout         Cap        Slew       Delay        Time   Description
---------------------------------------------------------------------------------------------
                                  0.000000    0.000000   clock wclk (rise edge)
                                  0.000000    0.000000   clock source latency
     1    0.016889    0.000000    0.000000    0.000000 ^ wclk (in)
                                                         wclk (net)
                      0.000820    0.000410    0.000410 ^ clkbuf_0_wclk/A (sky130_fd_sc_hd__clkbuf_16)
    16    0.092148    0.108245    0.165291    0.165701 ^ clkbuf_0_wclk/X (sky130_fd_sc_hd__clkbuf_16)
                                                         clknet_0_wclk (net)
                      0.108248    0.000732    0.166433 ^ clkbuf_4_10_0_wclk/A (sky130_fd_sc_hd__clkbuf_8)
    12    0.030472    0.067092    0.168649    0.335083 ^ clkbuf_4_10_0_wclk/X (sky130_fd_sc_hd__clkbuf_8)
                                                         clknet_4_10_0_wclk (net)
                      0.067092    0.000039    0.335122 ^ _612_/CLK (sky130_fd_sc_hd__dfxtp_1)
     2    0.004030    0.052708    0.316208    0.651330 ^ _612_/Q (sky130_fd_sc_hd__dfxtp_1)
                                                         bram.mem[8][4] (net)
                      0.052708    0.000012    0.651342 ^ _448_/A0 (sky130_fd_sc_hd__mux2_1)
     1    0.002337    0.039143    0.113371    0.764713 ^ _448_/X (sky130_fd_sc_hd__mux2_1)
                                                         _068_ (net)
                      0.039143    0.000008    0.764721 ^ _612_/D (sky130_fd_sc_hd__dfxtp_1)
                                              0.764721   data arrival time

                                  0.000000    0.000000   clock wclk (rise edge)
                                  0.000000    0.000000   clock source latency
     1    0.016889    0.000000    0.000000    0.000000 ^ wclk (in)
                                                         wclk (net)
                      0.000820    0.000410    0.000410 ^ clkbuf_0_wclk/A (sky130_fd_sc_hd__clkbuf_16)
    16    0.092148    0.108245    0.165291    0.165701 ^ clkbuf_0_wclk/X (sky130_fd_sc_hd__clkbuf_16)
                                                         clknet_0_wclk (net)
                      0.108248    0.000732    0.166433 ^ clkbuf_4_10_0_wclk/A (sky130_fd_sc_hd__clkbuf_8)
    12    0.030472    0.067092    0.168649    0.335083 ^ clkbuf_4_10_0_wclk/X (sky130_fd_sc_hd__clkbuf_8)
                                                         clknet_4_10_0_wclk (net)
                      0.067092    0.000039    0.335122 ^ _612_/CLK (sky130_fd_sc_hd__dfxtp_1)
                                  0.000000    0.335122   clock reconvergence pessimism
                                 -0.027135    0.307987   library hold time
                                              0.307987   data required time
---------------------------------------------------------------------------------------------
                                              0.307987   data required time
                                             -0.764721   data arrival time
---------------------------------------------------------------------------------------------
                                              0.456734   slack (MET)


Startpoint: _599_ (rising edge-triggered flip-flop clocked by wclk)
Endpoint: _599_ (rising edge-triggered flip-flop clocked by wclk)
Path Group: wclk
Path Type: min

Fanout         Cap        Slew       Delay        Time   Description
---------------------------------------------------------------------------------------------
                                  0.000000    0.000000   clock wclk (rise edge)
                                  0.000000    0.000000   clock source latency
     1    0.016889    0.000000    0.000000    0.000000 ^ wclk (in)
                                                         wclk (net)
                      0.000820    0.000410    0.000410 ^ clkbuf_0_wclk/A (sky130_fd_sc_hd__clkbuf_16)
    16    0.092148    0.108245    0.165291    0.165701 ^ clkbuf_0_wclk/X (sky130_fd_sc_hd__clkbuf_16)
                                                         clknet_0_wclk (net)
                      0.108248    0.000732    0.166433 ^ clkbuf_4_10_0_wclk/A (sky130_fd_sc_hd__clkbuf_8)
    12    0.030472    0.067092    0.168649    0.335083 ^ clkbuf_4_10_0_wclk/X (sky130_fd_sc_hd__clkbuf_8)
                                                         clknet_4_10_0_wclk (net)
                      0.067092    0.000072    0.335155 ^ _599_/CLK (sky130_fd_sc_hd__dfxtp_1)
     2    0.004299    0.055075    0.317980    0.653136 ^ _599_/Q (sky130_fd_sc_hd__dfxtp_1)
                                                         bram.mem[10][7] (net)
                      0.055075    0.000004    0.653140 ^ _432_/A0 (sky130_fd_sc_hd__mux2_1)
     1    0.002072    0.037052    0.112065    0.765205 ^ _432_/X (sky130_fd_sc_hd__mux2_1)
                                                         _055_ (net)
                      0.037052    0.000004    0.765209 ^ _599_/D (sky130_fd_sc_hd__dfxtp_1)
                                              0.765209   data arrival time

                                  0.000000    0.000000   clock wclk (rise edge)
                                  0.000000    0.000000   clock source latency
     1    0.016889    0.000000    0.000000    0.000000 ^ wclk (in)
                                                         wclk (net)
                      0.000820    0.000410    0.000410 ^ clkbuf_0_wclk/A (sky130_fd_sc_hd__clkbuf_16)
    16    0.092148    0.108245    0.165291    0.165701 ^ clkbuf_0_wclk/X (sky130_fd_sc_hd__clkbuf_16)
                                                         clknet_0_wclk (net)
                      0.108248    0.000732    0.166433 ^ clkbuf_4_10_0_wclk/A (sky130_fd_sc_hd__clkbuf_8)
    12    0.030472    0.067092    0.168649    0.335083 ^ clkbuf_4_10_0_wclk/X (sky130_fd_sc_hd__clkbuf_8)
                                                         clknet_4_10_0_wclk (net)
                      0.067092    0.000072    0.335155 ^ _599_/CLK (sky130_fd_sc_hd__dfxtp_1)
                                  0.000000    0.335155   clock reconvergence pessimism
                                 -0.026699    0.308456   library hold time
                                              0.308456   data required time
---------------------------------------------------------------------------------------------
                                              0.308456   data required time
                                             -0.765209   data arrival time
---------------------------------------------------------------------------------------------
                                              0.456753   slack (MET)


Startpoint: _583_ (rising edge-triggered flip-flop clocked by wclk)
Endpoint: _583_ (rising edge-triggered flip-flop clocked by wclk)
Path Group: wclk
Path Type: min

Fanout         Cap        Slew       Delay        Time   Description
---------------------------------------------------------------------------------------------
                                  0.000000    0.000000   clock wclk (rise edge)
                                  0.000000    0.000000   clock source latency
     1    0.016889    0.000000    0.000000    0.000000 ^ wclk (in)
                                                         wclk (net)
                      0.000820    0.000410    0.000410 ^ clkbuf_0_wclk/A (sky130_fd_sc_hd__clkbuf_16)
    16    0.092148    0.108245    0.165291    0.165701 ^ clkbuf_0_wclk/X (sky130_fd_sc_hd__clkbuf_16)
                                                         clknet_0_wclk (net)
                      0.108246    0.000565    0.166267 ^ clkbuf_4_9_0_wclk/A (sky130_fd_sc_hd__clkbuf_8)
     9    0.027724    0.062866    0.165294    0.331561 ^ clkbuf_4_9_0_wclk/X (sky130_fd_sc_hd__clkbuf_8)
                                                         clknet_4_9_0_wclk (net)
                      0.062866    0.000056    0.331617 ^ _583_/CLK (sky130_fd_sc_hd__dfxtp_1)
     2    0.004399    0.055959    0.317054    0.648671 ^ _583_/Q (sky130_fd_sc_hd__dfxtp_1)
                                                         bram.mem[12][7] (net)
                      0.055959    0.000015    0.648686 ^ _414_/A0 (sky130_fd_sc_hd__mux2_1)
     1    0.002099    0.037268    0.112586    0.761272 ^ _414_/X (sky130_fd_sc_hd__mux2_1)
                                                         _039_ (net)
                      0.037268    0.000005    0.761277 ^ _583_/D (sky130_fd_sc_hd__dfxtp_1)
                                              0.761277   data arrival time

                                  0.000000    0.000000   clock wclk (rise edge)
                                  0.000000    0.000000   clock source latency
     1    0.016889    0.000000    0.000000    0.000000 ^ wclk (in)
                                                         wclk (net)
                      0.000820    0.000410    0.000410 ^ clkbuf_0_wclk/A (sky130_fd_sc_hd__clkbuf_16)
    16    0.092148    0.108245    0.165291    0.165701 ^ clkbuf_0_wclk/X (sky130_fd_sc_hd__clkbuf_16)
                                                         clknet_0_wclk (net)
                      0.108246    0.000565    0.166267 ^ clkbuf_4_9_0_wclk/A (sky130_fd_sc_hd__clkbuf_8)
     9    0.027724    0.062866    0.165294    0.331561 ^ clkbuf_4_9_0_wclk/X (sky130_fd_sc_hd__clkbuf_8)
                                                         clknet_4_9_0_wclk (net)
                      0.062866    0.000056    0.331617 ^ _583_/CLK (sky130_fd_sc_hd__dfxtp_1)
                                  0.000000    0.331617   clock reconvergence pessimism
                                 -0.027300    0.304317   library hold time
                                              0.304317   data required time
---------------------------------------------------------------------------------------------
                                              0.304317   data required time
                                             -0.761277   data arrival time
---------------------------------------------------------------------------------------------
                                              0.456960   slack (MET)


Startpoint: _567_ (rising edge-triggered flip-flop clocked by wclk)
Endpoint: _567_ (rising edge-triggered flip-flop clocked by wclk)
Path Group: wclk
Path Type: min

Fanout         Cap        Slew       Delay        Time   Description
---------------------------------------------------------------------------------------------
                                  0.000000    0.000000   clock wclk (rise edge)
                                  0.000000    0.000000   clock source latency
     1    0.016889    0.000000    0.000000    0.000000 ^ wclk (in)
                                                         wclk (net)
                      0.000820    0.000410    0.000410 ^ clkbuf_0_wclk/A (sky130_fd_sc_hd__clkbuf_16)
    16    0.092148    0.108245    0.165291    0.165701 ^ clkbuf_0_wclk/X (sky130_fd_sc_hd__clkbuf_16)
                                                         clknet_0_wclk (net)
                      0.108246    0.000571    0.166272 ^ clkbuf_4_8_0_wclk/A (sky130_fd_sc_hd__clkbuf_8)
    13    0.030580    0.067260    0.168774    0.335046 ^ clkbuf_4_8_0_wclk/X (sky130_fd_sc_hd__clkbuf_8)
                                                         clknet_4_8_0_wclk (net)
                      0.067260    0.000052    0.335097 ^ _567_/CLK (sky130_fd_sc_hd__dfxtp_1)
     2    0.004152    0.053781    0.317074    0.652172 ^ _567_/Q (sky130_fd_sc_hd__dfxtp_1)
                                                         bram.mem[14][7] (net)
                      0.053781    0.000006    0.652178 ^ _396_/A0 (sky130_fd_sc_hd__mux2_1)
     1    0.002261    0.038544    0.113131    0.765310 ^ _396_/X (sky130_fd_sc_hd__mux2_1)
                                                         _023_ (net)
                      0.038544    0.000007    0.765317 ^ _567_/D (sky130_fd_sc_hd__dfxtp_1)
                                              0.765317   data arrival time

                                  0.000000    0.000000   clock wclk (rise edge)
                                  0.000000    0.000000   clock source latency
     1    0.016889    0.000000    0.000000    0.000000 ^ wclk (in)
                                                         wclk (net)
                      0.000820    0.000410    0.000410 ^ clkbuf_0_wclk/A (sky130_fd_sc_hd__clkbuf_16)
    16    0.092148    0.108245    0.165291    0.165701 ^ clkbuf_0_wclk/X (sky130_fd_sc_hd__clkbuf_16)
                                                         clknet_0_wclk (net)
                      0.108246    0.000571    0.166272 ^ clkbuf_4_8_0_wclk/A (sky130_fd_sc_hd__clkbuf_8)
    13    0.030580    0.067260    0.168774    0.335046 ^ clkbuf_4_8_0_wclk/X (sky130_fd_sc_hd__clkbuf_8)
                                                         clknet_4_8_0_wclk (net)
                      0.067260    0.000052    0.335097 ^ _567_/CLK (sky130_fd_sc_hd__dfxtp_1)
                                  0.000000    0.335097   clock reconvergence pessimism
                                 -0.026988    0.308110   library hold time
                                              0.308110   data required time
---------------------------------------------------------------------------------------------
                                              0.308110   data required time
                                             -0.765317   data arrival time
---------------------------------------------------------------------------------------------
                                              0.457207   slack (MET)


Startpoint: _579_ (rising edge-triggered flip-flop clocked by wclk)
Endpoint: _579_ (rising edge-triggered flip-flop clocked by wclk)
Path Group: wclk
Path Type: min

Fanout         Cap        Slew       Delay        Time   Description
---------------------------------------------------------------------------------------------
                                  0.000000    0.000000   clock wclk (rise edge)
                                  0.000000    0.000000   clock source latency
     1    0.016889    0.000000    0.000000    0.000000 ^ wclk (in)
                                                         wclk (net)
                      0.000820    0.000410    0.000410 ^ clkbuf_0_wclk/A (sky130_fd_sc_hd__clkbuf_16)
    16    0.092148    0.108245    0.165291    0.165701 ^ clkbuf_0_wclk/X (sky130_fd_sc_hd__clkbuf_16)
                                                         clknet_0_wclk (net)
                      0.108245    0.000422    0.166123 ^ clkbuf_4_15_0_wclk/A (sky130_fd_sc_hd__clkbuf_8)
     8    0.029296    0.065280    0.167217    0.333340 ^ clkbuf_4_15_0_wclk/X (sky130_fd_sc_hd__clkbuf_8)
                                                         clknet_4_15_0_wclk (net)
                      0.065280    0.000048    0.333388 ^ _579_/CLK (sky130_fd_sc_hd__dfxtp_1)
     2    0.004330    0.055356    0.317510    0.650898 ^ _579_/Q (sky130_fd_sc_hd__dfxtp_1)
                                                         bram.mem[12][3] (net)
                      0.055356    0.000013    0.650911 ^ _410_/A0 (sky130_fd_sc_hd__mux2_1)
     1    0.002167    0.037802    0.112920    0.763831 ^ _410_/X (sky130_fd_sc_hd__mux2_1)
                                                         _035_ (net)
                      0.037802    0.000005    0.763836 ^ _579_/D (sky130_fd_sc_hd__dfxtp_1)
                                              0.763836   data arrival time

                                  0.000000    0.000000   clock wclk (rise edge)
                                  0.000000    0.000000   clock source latency
     1    0.016889    0.000000    0.000000    0.000000 ^ wclk (in)
                                                         wclk (net)
                      0.000820    0.000410    0.000410 ^ clkbuf_0_wclk/A (sky130_fd_sc_hd__clkbuf_16)
    16    0.092148    0.108245    0.165291    0.165701 ^ clkbuf_0_wclk/X (sky130_fd_sc_hd__clkbuf_16)
                                                         clknet_0_wclk (net)
                      0.108245    0.000422    0.166123 ^ clkbuf_4_15_0_wclk/A (sky130_fd_sc_hd__clkbuf_8)
     8    0.029296    0.065280    0.167217    0.333340 ^ clkbuf_4_15_0_wclk/X (sky130_fd_sc_hd__clkbuf_8)
                                                         clknet_4_15_0_wclk (net)
                      0.065280    0.000048    0.333388 ^ _579_/CLK (sky130_fd_sc_hd__dfxtp_1)
                                  0.000000    0.333388   clock reconvergence pessimism
                                 -0.027094    0.306294   library hold time
                                              0.306294   data required time
---------------------------------------------------------------------------------------------
                                              0.306294   data required time
                                             -0.763836   data arrival time
---------------------------------------------------------------------------------------------
                                              0.457542   slack (MET)


Startpoint: _594_ (rising edge-triggered flip-flop clocked by wclk)
Endpoint: _594_ (rising edge-triggered flip-flop clocked by wclk)
Path Group: wclk
Path Type: min

Fanout         Cap        Slew       Delay        Time   Description
---------------------------------------------------------------------------------------------
                                  0.000000    0.000000   clock wclk (rise edge)
                                  0.000000    0.000000   clock source latency
     1    0.016889    0.000000    0.000000    0.000000 ^ wclk (in)
                                                         wclk (net)
                      0.000820    0.000410    0.000410 ^ clkbuf_0_wclk/A (sky130_fd_sc_hd__clkbuf_16)
    16    0.092148    0.108245    0.165291    0.165701 ^ clkbuf_0_wclk/X (sky130_fd_sc_hd__clkbuf_16)
                                                         clknet_0_wclk (net)
                      0.108246    0.000571    0.166272 ^ clkbuf_4_8_0_wclk/A (sky130_fd_sc_hd__clkbuf_8)
    13    0.030580    0.067260    0.168774    0.335046 ^ clkbuf_4_8_0_wclk/X (sky130_fd_sc_hd__clkbuf_8)
                                                         clknet_4_8_0_wclk (net)
                      0.067260    0.000052    0.335097 ^ _594_/CLK (sky130_fd_sc_hd__dfxtp_1)
     2    0.004191    0.054129    0.317335    0.652433 ^ _594_/Q (sky130_fd_sc_hd__dfxtp_1)
                                                         bram.mem[10][2] (net)
                      0.054129    0.000006    0.652439 ^ _427_/A0 (sky130_fd_sc_hd__mux2_1)
     1    0.002261    0.038542    0.113252    0.765691 ^ _427_/X (sky130_fd_sc_hd__mux2_1)
                                                         _050_ (net)
                      0.038542    0.000007    0.765698 ^ _594_/D (sky130_fd_sc_hd__dfxtp_1)
                                              0.765698   data arrival time

                                  0.000000    0.000000   clock wclk (rise edge)
                                  0.000000    0.000000   clock source latency
     1    0.016889    0.000000    0.000000    0.000000 ^ wclk (in)
                                                         wclk (net)
                      0.000820    0.000410    0.000410 ^ clkbuf_0_wclk/A (sky130_fd_sc_hd__clkbuf_16)
    16    0.092148    0.108245    0.165291    0.165701 ^ clkbuf_0_wclk/X (sky130_fd_sc_hd__clkbuf_16)
                                                         clknet_0_wclk (net)
                      0.108246    0.000571    0.166272 ^ clkbuf_4_8_0_wclk/A (sky130_fd_sc_hd__clkbuf_8)
    13    0.030580    0.067260    0.168774    0.335046 ^ clkbuf_4_8_0_wclk/X (sky130_fd_sc_hd__clkbuf_8)
                                                         clknet_4_8_0_wclk (net)
                      0.067260    0.000052    0.335097 ^ _594_/CLK (sky130_fd_sc_hd__dfxtp_1)
                                  0.000000    0.335097   clock reconvergence pessimism
                                 -0.026988    0.308110   library hold time
                                              0.308110   data required time
---------------------------------------------------------------------------------------------
                                              0.308110   data required time
                                             -0.765698   data arrival time
---------------------------------------------------------------------------------------------
                                              0.457588   slack (MET)


Startpoint: _613_ (rising edge-triggered flip-flop clocked by wclk)
Endpoint: _613_ (rising edge-triggered flip-flop clocked by wclk)
Path Group: wclk
Path Type: min

Fanout         Cap        Slew       Delay        Time   Description
---------------------------------------------------------------------------------------------
                                  0.000000    0.000000   clock wclk (rise edge)
                                  0.000000    0.000000   clock source latency
     1    0.016889    0.000000    0.000000    0.000000 ^ wclk (in)
                                                         wclk (net)
                      0.000820    0.000410    0.000410 ^ clkbuf_0_wclk/A (sky130_fd_sc_hd__clkbuf_16)
    16    0.092148    0.108245    0.165291    0.165701 ^ clkbuf_0_wclk/X (sky130_fd_sc_hd__clkbuf_16)
                                                         clknet_0_wclk (net)
                      0.108246    0.000571    0.166272 ^ clkbuf_4_8_0_wclk/A (sky130_fd_sc_hd__clkbuf_8)
    13    0.030580    0.067260    0.168774    0.335046 ^ clkbuf_4_8_0_wclk/X (sky130_fd_sc_hd__clkbuf_8)
                                                         clknet_4_8_0_wclk (net)
                      0.067260    0.000062    0.335108 ^ _613_/CLK (sky130_fd_sc_hd__dfxtp_1)
     2    0.004107    0.053387    0.316780    0.651888 ^ _613_/Q (sky130_fd_sc_hd__dfxtp_1)
                                                         bram.mem[8][5] (net)
                      0.053387    0.000011    0.651899 ^ _449_/A0 (sky130_fd_sc_hd__mux2_1)
     1    0.002382    0.039500    0.113967    0.765866 ^ _449_/X (sky130_fd_sc_hd__mux2_1)
                                                         _069_ (net)
                      0.039500    0.000008    0.765875 ^ _613_/D (sky130_fd_sc_hd__dfxtp_1)
                                              0.765875   data arrival time

                                  0.000000    0.000000   clock wclk (rise edge)
                                  0.000000    0.000000   clock source latency
     1    0.016889    0.000000    0.000000    0.000000 ^ wclk (in)
                                                         wclk (net)
                      0.000820    0.000410    0.000410 ^ clkbuf_0_wclk/A (sky130_fd_sc_hd__clkbuf_16)
    16    0.092148    0.108245    0.165291    0.165701 ^ clkbuf_0_wclk/X (sky130_fd_sc_hd__clkbuf_16)
                                                         clknet_0_wclk (net)
                      0.108246    0.000571    0.166272 ^ clkbuf_4_8_0_wclk/A (sky130_fd_sc_hd__clkbuf_8)
    13    0.030580    0.067260    0.168774    0.335046 ^ clkbuf_4_8_0_wclk/X (sky130_fd_sc_hd__clkbuf_8)
                                                         clknet_4_8_0_wclk (net)
                      0.067260    0.000062    0.335108 ^ _613_/CLK (sky130_fd_sc_hd__dfxtp_1)
                                  0.000000    0.335108   clock reconvergence pessimism
                                 -0.027187    0.307921   library hold time
                                              0.307921   data required time
---------------------------------------------------------------------------------------------
                                              0.307921   data required time
                                             -0.765875   data arrival time
---------------------------------------------------------------------------------------------
                                              0.457954   slack (MET)


Startpoint: _573_ (rising edge-triggered flip-flop clocked by wclk)
Endpoint: _573_ (rising edge-triggered flip-flop clocked by wclk)
Path Group: wclk
Path Type: min

Fanout         Cap        Slew       Delay        Time   Description
---------------------------------------------------------------------------------------------
                                  0.000000    0.000000   clock wclk (rise edge)
                                  0.000000    0.000000   clock source latency
     1    0.016889    0.000000    0.000000    0.000000 ^ wclk (in)
                                                         wclk (net)
                      0.000820    0.000410    0.000410 ^ clkbuf_0_wclk/A (sky130_fd_sc_hd__clkbuf_16)
    16    0.092148    0.108245    0.165291    0.165701 ^ clkbuf_0_wclk/X (sky130_fd_sc_hd__clkbuf_16)
                                                         clknet_0_wclk (net)
                      0.108246    0.000565    0.166267 ^ clkbuf_4_9_0_wclk/A (sky130_fd_sc_hd__clkbuf_8)
     9    0.027724    0.062866    0.165294    0.331561 ^ clkbuf_4_9_0_wclk/X (sky130_fd_sc_hd__clkbuf_8)
                                                         clknet_4_9_0_wclk (net)
                      0.062866    0.000040    0.331600 ^ _573_/CLK (sky130_fd_sc_hd__dfxtp_1)
     2    0.004287    0.054974    0.316317    0.647917 ^ _573_/Q (sky130_fd_sc_hd__dfxtp_1)
                                                         bram.mem[13][5] (net)
                      0.054974    0.000005    0.647922 ^ _403_/A1 (sky130_fd_sc_hd__mux2_1)
     1    0.002026    0.036723    0.114453    0.762376 ^ _403_/X (sky130_fd_sc_hd__mux2_1)
                                                         _029_ (net)
                      0.036723    0.000004    0.762379 ^ _573_/D (sky130_fd_sc_hd__dfxtp_1)
                                              0.762379   data arrival time

                                  0.000000    0.000000   clock wclk (rise edge)
                                  0.000000    0.000000   clock source latency
     1    0.016889    0.000000    0.000000    0.000000 ^ wclk (in)
                                                         wclk (net)
                      0.000820    0.000410    0.000410 ^ clkbuf_0_wclk/A (sky130_fd_sc_hd__clkbuf_16)
    16    0.092148    0.108245    0.165291    0.165701 ^ clkbuf_0_wclk/X (sky130_fd_sc_hd__clkbuf_16)
                                                         clknet_0_wclk (net)
                      0.108246    0.000565    0.166267 ^ clkbuf_4_9_0_wclk/A (sky130_fd_sc_hd__clkbuf_8)
     9    0.027724    0.062866    0.165294    0.331561 ^ clkbuf_4_9_0_wclk/X (sky130_fd_sc_hd__clkbuf_8)
                                                         clknet_4_9_0_wclk (net)
                      0.062866    0.000040    0.331600 ^ _573_/CLK (sky130_fd_sc_hd__dfxtp_1)
                                  0.000000    0.331600   clock reconvergence pessimism
                                 -0.027186    0.304414   library hold time
                                              0.304414   data required time
---------------------------------------------------------------------------------------------
                                              0.304414   data required time
                                             -0.762379   data arrival time
---------------------------------------------------------------------------------------------
                                              0.457965   slack (MET)


Startpoint: _638_ (rising edge-triggered flip-flop clocked by wclk)
Endpoint: _638_ (rising edge-triggered flip-flop clocked by wclk)
Path Group: wclk
Path Type: min

Fanout         Cap        Slew       Delay        Time   Description
---------------------------------------------------------------------------------------------
                                  0.000000    0.000000   clock wclk (rise edge)
                                  0.000000    0.000000   clock source latency
     1    0.016889    0.000000    0.000000    0.000000 ^ wclk (in)
                                                         wclk (net)
                      0.000820    0.000410    0.000410 ^ clkbuf_0_wclk/A (sky130_fd_sc_hd__clkbuf_16)
    16    0.092148    0.108245    0.165291    0.165701 ^ clkbuf_0_wclk/X (sky130_fd_sc_hd__clkbuf_16)
                                                         clknet_0_wclk (net)
                      0.108249    0.000827    0.166528 ^ clkbuf_4_1_0_wclk/A (sky130_fd_sc_hd__clkbuf_8)
    11    0.030115    0.066540    0.168215    0.334743 ^ clkbuf_4_1_0_wclk/X (sky130_fd_sc_hd__clkbuf_8)
                                                         clknet_4_1_0_wclk (net)
                      0.066540    0.000032    0.334775 ^ _638_/CLK (sky130_fd_sc_hd__dfxtp_1)
     2    0.004245    0.054599    0.317417    0.652192 ^ _638_/Q (sky130_fd_sc_hd__dfxtp_1)
                                                         bram.mem[5][5] (net)
                      0.054599    0.000004    0.652197 ^ _468_/A1 (sky130_fd_sc_hd__mux2_1)
     1    0.001986    0.036406    0.114011    0.766208 ^ _468_/X (sky130_fd_sc_hd__mux2_1)
                                                         _085_ (net)
                      0.036406    0.000003    0.766211 ^ _638_/D (sky130_fd_sc_hd__dfxtp_1)
                                              0.766211   data arrival time

                                  0.000000    0.000000   clock wclk (rise edge)
                                  0.000000    0.000000   clock source latency
     1    0.016889    0.000000    0.000000    0.000000 ^ wclk (in)
                                                         wclk (net)
                      0.000820    0.000410    0.000410 ^ clkbuf_0_wclk/A (sky130_fd_sc_hd__clkbuf_16)
    16    0.092148    0.108245    0.165291    0.165701 ^ clkbuf_0_wclk/X (sky130_fd_sc_hd__clkbuf_16)
                                                         clknet_0_wclk (net)
                      0.108249    0.000827    0.166528 ^ clkbuf_4_1_0_wclk/A (sky130_fd_sc_hd__clkbuf_8)
    11    0.030115    0.066540    0.168215    0.334743 ^ clkbuf_4_1_0_wclk/X (sky130_fd_sc_hd__clkbuf_8)
                                                         clknet_4_1_0_wclk (net)
                      0.066540    0.000032    0.334775 ^ _638_/CLK (sky130_fd_sc_hd__dfxtp_1)
                                  0.000000    0.334775   clock reconvergence pessimism
                                 -0.026636    0.308139   library hold time
                                              0.308139   data required time
---------------------------------------------------------------------------------------------
                                              0.308139   data required time
                                             -0.766211   data arrival time
---------------------------------------------------------------------------------------------
                                              0.458072   slack (MET)


Startpoint: _569_ (rising edge-triggered flip-flop clocked by wclk)
Endpoint: _569_ (rising edge-triggered flip-flop clocked by wclk)
Path Group: wclk
Path Type: min

Fanout         Cap        Slew       Delay        Time   Description
---------------------------------------------------------------------------------------------
                                  0.000000    0.000000   clock wclk (rise edge)
                                  0.000000    0.000000   clock source latency
     1    0.016889    0.000000    0.000000    0.000000 ^ wclk (in)
                                                         wclk (net)
                      0.000820    0.000410    0.000410 ^ clkbuf_0_wclk/A (sky130_fd_sc_hd__clkbuf_16)
    16    0.092148    0.108245    0.165291    0.165701 ^ clkbuf_0_wclk/X (sky130_fd_sc_hd__clkbuf_16)
                                                         clknet_0_wclk (net)
                      0.108245    0.000422    0.166123 ^ clkbuf_4_15_0_wclk/A (sky130_fd_sc_hd__clkbuf_8)
     8    0.029296    0.065280    0.167217    0.333340 ^ clkbuf_4_15_0_wclk/X (sky130_fd_sc_hd__clkbuf_8)
                                                         clknet_4_15_0_wclk (net)
                      0.065280    0.000036    0.333376 ^ _569_/CLK (sky130_fd_sc_hd__dfxtp_1)
     2    0.004438    0.056300    0.318217    0.651593 ^ _569_/Q (sky130_fd_sc_hd__dfxtp_1)
                                                         bram.mem[13][1] (net)
                      0.056300    0.000010    0.651603 ^ _399_/A1 (sky130_fd_sc_hd__mux2_1)
     1    0.001825    0.035141    0.113311    0.764915 ^ _399_/X (sky130_fd_sc_hd__mux2_1)
                                                         _025_ (net)
                      0.035141    0.000001    0.764916 ^ _569_/D (sky130_fd_sc_hd__dfxtp_1)
                                              0.764916   data arrival time

                                  0.000000    0.000000   clock wclk (rise edge)
                                  0.000000    0.000000   clock source latency
     1    0.016889    0.000000    0.000000    0.000000 ^ wclk (in)
                                                         wclk (net)
                      0.000820    0.000410    0.000410 ^ clkbuf_0_wclk/A (sky130_fd_sc_hd__clkbuf_16)
    16    0.092148    0.108245    0.165291    0.165701 ^ clkbuf_0_wclk/X (sky130_fd_sc_hd__clkbuf_16)
                                                         clknet_0_wclk (net)
                      0.108245    0.000422    0.166123 ^ clkbuf_4_15_0_wclk/A (sky130_fd_sc_hd__clkbuf_8)
     8    0.029296    0.065280    0.167217    0.333340 ^ clkbuf_4_15_0_wclk/X (sky130_fd_sc_hd__clkbuf_8)
                                                         clknet_4_15_0_wclk (net)
                      0.065280    0.000036    0.333376 ^ _569_/CLK (sky130_fd_sc_hd__dfxtp_1)
                                  0.000000    0.333376   clock reconvergence pessimism
                                 -0.026538    0.306838   library hold time
                                              0.306838   data required time
---------------------------------------------------------------------------------------------
                                              0.306838   data required time
                                             -0.764916   data arrival time
---------------------------------------------------------------------------------------------
                                              0.458078   slack (MET)


Startpoint: _616_ (rising edge-triggered flip-flop clocked by wclk)
Endpoint: _616_ (rising edge-triggered flip-flop clocked by wclk)
Path Group: wclk
Path Type: min

Fanout         Cap        Slew       Delay        Time   Description
---------------------------------------------------------------------------------------------
                                  0.000000    0.000000   clock wclk (rise edge)
                                  0.000000    0.000000   clock source latency
     1    0.016889    0.000000    0.000000    0.000000 ^ wclk (in)
                                                         wclk (net)
                      0.000820    0.000410    0.000410 ^ clkbuf_0_wclk/A (sky130_fd_sc_hd__clkbuf_16)
    16    0.092148    0.108245    0.165291    0.165701 ^ clkbuf_0_wclk/X (sky130_fd_sc_hd__clkbuf_16)
                                                         clknet_0_wclk (net)
                      0.108245    0.000499    0.166200 ^ clkbuf_4_5_0_wclk/A (sky130_fd_sc_hd__clkbuf_8)
     8    0.028858    0.064605    0.166672    0.332872 ^ clkbuf_4_5_0_wclk/X (sky130_fd_sc_hd__clkbuf_8)
                                                         clknet_4_5_0_wclk (net)
                      0.064605    0.000121    0.332993 ^ _616_/CLK (sky130_fd_sc_hd__dfxtp_1)
     2    0.003995    0.052401    0.315043    0.648036 ^ _616_/Q (sky130_fd_sc_hd__dfxtp_1)
                                                         bram.mem[0][0] (net)
                      0.052401    0.000012    0.648048 ^ _454_/A0 (sky130_fd_sc_hd__mux2_1)
     1    0.002578    0.041044    0.115196    0.763244 ^ _454_/X (sky130_fd_sc_hd__mux2_1)
                                                         _072_ (net)
                      0.041044    0.000010    0.763254 ^ _616_/D (sky130_fd_sc_hd__dfxtp_1)
                                              0.763254   data arrival time

                                  0.000000    0.000000   clock wclk (rise edge)
                                  0.000000    0.000000   clock source latency
     1    0.016889    0.000000    0.000000    0.000000 ^ wclk (in)
                                                         wclk (net)
                      0.000820    0.000410    0.000410 ^ clkbuf_0_wclk/A (sky130_fd_sc_hd__clkbuf_16)
    16    0.092148    0.108245    0.165291    0.165701 ^ clkbuf_0_wclk/X (sky130_fd_sc_hd__clkbuf_16)
                                                         clknet_0_wclk (net)
                      0.108245    0.000499    0.166200 ^ clkbuf_4_5_0_wclk/A (sky130_fd_sc_hd__clkbuf_8)
     8    0.028858    0.064605    0.166672    0.332872 ^ clkbuf_4_5_0_wclk/X (sky130_fd_sc_hd__clkbuf_8)
                                                         clknet_4_5_0_wclk (net)
                      0.064605    0.000121    0.332993 ^ _616_/CLK (sky130_fd_sc_hd__dfxtp_1)
                                  0.000000    0.332993   clock reconvergence pessimism
                                 -0.027860    0.305133   library hold time
                                              0.305133   data required time
---------------------------------------------------------------------------------------------
                                              0.305133   data required time
                                             -0.763254   data arrival time
---------------------------------------------------------------------------------------------
                                              0.458121   slack (MET)


Startpoint: _587_ (rising edge-triggered flip-flop clocked by wclk)
Endpoint: _587_ (rising edge-triggered flip-flop clocked by wclk)
Path Group: wclk
Path Type: min

Fanout         Cap        Slew       Delay        Time   Description
---------------------------------------------------------------------------------------------
                                  0.000000    0.000000   clock wclk (rise edge)
                                  0.000000    0.000000   clock source latency
     1    0.016889    0.000000    0.000000    0.000000 ^ wclk (in)
                                                         wclk (net)
                      0.000820    0.000410    0.000410 ^ clkbuf_0_wclk/A (sky130_fd_sc_hd__clkbuf_16)
    16    0.092148    0.108245    0.165291    0.165701 ^ clkbuf_0_wclk/X (sky130_fd_sc_hd__clkbuf_16)
                                                         clknet_0_wclk (net)
                      0.108247    0.000719    0.166420 ^ clkbuf_4_11_0_wclk/A (sky130_fd_sc_hd__clkbuf_8)
    11    0.030534    0.067189    0.168715    0.335135 ^ clkbuf_4_11_0_wclk/X (sky130_fd_sc_hd__clkbuf_8)
                                                         clknet_4_11_0_wclk (net)
                      0.067189    0.000081    0.335216 ^ _587_/CLK (sky130_fd_sc_hd__dfxtp_1)
     2    0.004308    0.055160    0.318081    0.653297 ^ _587_/Q (sky130_fd_sc_hd__dfxtp_1)
                                                         bram.mem[11][3] (net)
                      0.055160    0.000010    0.653306 ^ _419_/A1 (sky130_fd_sc_hd__mux2_1)
     1    0.001939    0.036042    0.113825    0.767132 ^ _419_/X (sky130_fd_sc_hd__mux2_1)
                                                         _043_ (net)
                      0.036042    0.000003    0.767135 ^ _587_/D (sky130_fd_sc_hd__dfxtp_1)
                                              0.767135   data arrival time

                                  0.000000    0.000000   clock wclk (rise edge)
                                  0.000000    0.000000   clock source latency
     1    0.016889    0.000000    0.000000    0.000000 ^ wclk (in)
                                                         wclk (net)
                      0.000820    0.000410    0.000410 ^ clkbuf_0_wclk/A (sky130_fd_sc_hd__clkbuf_16)
    16    0.092148    0.108245    0.165291    0.165701 ^ clkbuf_0_wclk/X (sky130_fd_sc_hd__clkbuf_16)
                                                         clknet_0_wclk (net)
                      0.108247    0.000719    0.166420 ^ clkbuf_4_11_0_wclk/A (sky130_fd_sc_hd__clkbuf_8)
    11    0.030534    0.067189    0.168715    0.335135 ^ clkbuf_4_11_0_wclk/X (sky130_fd_sc_hd__clkbuf_8)
                                                         clknet_4_11_0_wclk (net)
                      0.067189    0.000081    0.335216 ^ _587_/CLK (sky130_fd_sc_hd__dfxtp_1)
                                  0.000000    0.335216   clock reconvergence pessimism
                                 -0.026475    0.308741   library hold time
                                              0.308741   data required time
---------------------------------------------------------------------------------------------
                                              0.308741   data required time
                                             -0.767135   data arrival time
---------------------------------------------------------------------------------------------
                                              0.458394   slack (MET)


Startpoint: _652_ (rising edge-triggered flip-flop clocked by wclk)
Endpoint: _652_ (rising edge-triggered flip-flop clocked by wclk)
Path Group: wclk
Path Type: min

Fanout         Cap        Slew       Delay        Time   Description
---------------------------------------------------------------------------------------------
                                  0.000000    0.000000   clock wclk (rise edge)
                                  0.000000    0.000000   clock source latency
     1    0.016889    0.000000    0.000000    0.000000 ^ wclk (in)
                                                         wclk (net)
                      0.000820    0.000410    0.000410 ^ clkbuf_0_wclk/A (sky130_fd_sc_hd__clkbuf_16)
    16    0.092148    0.108245    0.165291    0.165701 ^ clkbuf_0_wclk/X (sky130_fd_sc_hd__clkbuf_16)
                                                         clknet_0_wclk (net)
                      0.108246    0.000635    0.166336 ^ clkbuf_4_3_0_wclk/A (sky130_fd_sc_hd__clkbuf_8)
    10    0.027596    0.062670    0.165143    0.331480 ^ clkbuf_4_3_0_wclk/X (sky130_fd_sc_hd__clkbuf_8)
                                                         clknet_4_3_0_wclk (net)
                      0.062670    0.000037    0.331517 ^ _652_/CLK (sky130_fd_sc_hd__dfxtp_1)
     2    0.004292    0.055024    0.316280    0.647797 ^ _652_/Q (sky130_fd_sc_hd__dfxtp_1)
                                                         bram.mem[3][3] (net)
                      0.055024    0.000005    0.647802 ^ _484_/A1 (sky130_fd_sc_hd__mux2_1)
     1    0.002072    0.037104    0.114842    0.762644 ^ _484_/X (sky130_fd_sc_hd__mux2_1)
                                                         _099_ (net)
                      0.037104    0.000004    0.762648 ^ _652_/D (sky130_fd_sc_hd__dfxtp_1)
                                              0.762648   data arrival time

                                  0.000000    0.000000   clock wclk (rise edge)
                                  0.000000    0.000000   clock source latency
     1    0.016889    0.000000    0.000000    0.000000 ^ wclk (in)
                                                         wclk (net)
                      0.000820    0.000410    0.000410 ^ clkbuf_0_wclk/A (sky130_fd_sc_hd__clkbuf_16)
    16    0.092148    0.108245    0.165291    0.165701 ^ clkbuf_0_wclk/X (sky130_fd_sc_hd__clkbuf_16)
                                                         clknet_0_wclk (net)
                      0.108246    0.000635    0.166336 ^ clkbuf_4_3_0_wclk/A (sky130_fd_sc_hd__clkbuf_8)
    10    0.027596    0.062670    0.165143    0.331480 ^ clkbuf_4_3_0_wclk/X (sky130_fd_sc_hd__clkbuf_8)
                                                         clknet_4_3_0_wclk (net)
                      0.062670    0.000037    0.331517 ^ _652_/CLK (sky130_fd_sc_hd__dfxtp_1)
                                  0.000000    0.331517   clock reconvergence pessimism
                                 -0.027291    0.304226   library hold time
                                              0.304226   data required time
---------------------------------------------------------------------------------------------
                                              0.304226   data required time
                                             -0.762648   data arrival time
---------------------------------------------------------------------------------------------
                                              0.458422   slack (MET)


Startpoint: _646_ (rising edge-triggered flip-flop clocked by wclk)
Endpoint: _646_ (rising edge-triggered flip-flop clocked by wclk)
Path Group: wclk
Path Type: min

Fanout         Cap        Slew       Delay        Time   Description
---------------------------------------------------------------------------------------------
                                  0.000000    0.000000   clock wclk (rise edge)
                                  0.000000    0.000000   clock source latency
     1    0.016889    0.000000    0.000000    0.000000 ^ wclk (in)
                                                         wclk (net)
                      0.000820    0.000410    0.000410 ^ clkbuf_0_wclk/A (sky130_fd_sc_hd__clkbuf_16)
    16    0.092148    0.108245    0.165291    0.165701 ^ clkbuf_0_wclk/X (sky130_fd_sc_hd__clkbuf_16)
                                                         clknet_0_wclk (net)
                      0.108249    0.000827    0.166528 ^ clkbuf_4_1_0_wclk/A (sky130_fd_sc_hd__clkbuf_8)
    11    0.030115    0.066540    0.168215    0.334743 ^ clkbuf_4_1_0_wclk/X (sky130_fd_sc_hd__clkbuf_8)
                                                         clknet_4_1_0_wclk (net)
                      0.066540    0.000012    0.334755 ^ _646_/CLK (sky130_fd_sc_hd__dfxtp_1)
     2    0.004303    0.055114    0.317802    0.652557 ^ _646_/Q (sky130_fd_sc_hd__dfxtp_1)
                                                         bram.mem[6][5] (net)
                      0.055114    0.000010    0.652567 ^ _477_/A0 (sky130_fd_sc_hd__mux2_1)
     1    0.002255    0.038499    0.113545    0.766112 ^ _477_/X (sky130_fd_sc_hd__mux2_1)
                                                         _093_ (net)
                      0.038499    0.000007    0.766119 ^ _646_/D (sky130_fd_sc_hd__dfxtp_1)
                                              0.766119   data arrival time

                                  0.000000    0.000000   clock wclk (rise edge)
                                  0.000000    0.000000   clock source latency
     1    0.016889    0.000000    0.000000    0.000000 ^ wclk (in)
                                                         wclk (net)
                      0.000820    0.000410    0.000410 ^ clkbuf_0_wclk/A (sky130_fd_sc_hd__clkbuf_16)
    16    0.092148    0.108245    0.165291    0.165701 ^ clkbuf_0_wclk/X (sky130_fd_sc_hd__clkbuf_16)
                                                         clknet_0_wclk (net)
                      0.108249    0.000827    0.166528 ^ clkbuf_4_1_0_wclk/A (sky130_fd_sc_hd__clkbuf_8)
    11    0.030115    0.066540    0.168215    0.334743 ^ clkbuf_4_1_0_wclk/X (sky130_fd_sc_hd__clkbuf_8)
                                                         clknet_4_1_0_wclk (net)
                      0.066540    0.000012    0.334755 ^ _646_/CLK (sky130_fd_sc_hd__dfxtp_1)
                                  0.000000    0.334755   clock reconvergence pessimism
                                 -0.027073    0.307682   library hold time
                                              0.307682   data required time
---------------------------------------------------------------------------------------------
                                              0.307682   data required time
                                             -0.766119   data arrival time
---------------------------------------------------------------------------------------------
                                              0.458438   slack (MET)


Startpoint: _601_ (rising edge-triggered flip-flop clocked by wclk)
Endpoint: _601_ (rising edge-triggered flip-flop clocked by wclk)
Path Group: wclk
Path Type: min

Fanout         Cap        Slew       Delay        Time   Description
---------------------------------------------------------------------------------------------
                                  0.000000    0.000000   clock wclk (rise edge)
                                  0.000000    0.000000   clock source latency
     1    0.016889    0.000000    0.000000    0.000000 ^ wclk (in)
                                                         wclk (net)
                      0.000820    0.000410    0.000410 ^ clkbuf_0_wclk/A (sky130_fd_sc_hd__clkbuf_16)
    16    0.092148    0.108245    0.165291    0.165701 ^ clkbuf_0_wclk/X (sky130_fd_sc_hd__clkbuf_16)
                                                         clknet_0_wclk (net)
                      0.108245    0.000411    0.166112 ^ clkbuf_4_6_0_wclk/A (sky130_fd_sc_hd__clkbuf_8)
     8    0.028646    0.064281    0.166412    0.332523 ^ clkbuf_4_6_0_wclk/X (sky130_fd_sc_hd__clkbuf_8)
                                                         clknet_4_6_0_wclk (net)
                      0.064281    0.000092    0.332616 ^ _601_/CLK (sky130_fd_sc_hd__dfxtp_1)
     2    0.004387    0.055860    0.317512    0.650127 ^ _601_/Q (sky130_fd_sc_hd__dfxtp_1)
                                                         bram.mem[7][1] (net)
                      0.055860    0.000010    0.650137 ^ _436_/A1 (sky130_fd_sc_hd__mux2_1)
     1    0.001939    0.036036    0.114063    0.764200 ^ _436_/X (sky130_fd_sc_hd__mux2_1)
                                                         _057_ (net)
                      0.036036    0.000003    0.764203 ^ _601_/D (sky130_fd_sc_hd__dfxtp_1)
                                              0.764203   data arrival time

                                  0.000000    0.000000   clock wclk (rise edge)
                                  0.000000    0.000000   clock source latency
     1    0.016889    0.000000    0.000000    0.000000 ^ wclk (in)
                                                         wclk (net)
                      0.000820    0.000410    0.000410 ^ clkbuf_0_wclk/A (sky130_fd_sc_hd__clkbuf_16)
    16    0.092148    0.108245    0.165291    0.165701 ^ clkbuf_0_wclk/X (sky130_fd_sc_hd__clkbuf_16)
                                                         clknet_0_wclk (net)
                      0.108245    0.000411    0.166112 ^ clkbuf_4_6_0_wclk/A (sky130_fd_sc_hd__clkbuf_8)
     8    0.028646    0.064281    0.166412    0.332523 ^ clkbuf_4_6_0_wclk/X (sky130_fd_sc_hd__clkbuf_8)
                                                         clknet_4_6_0_wclk (net)
                      0.064281    0.000092    0.332616 ^ _601_/CLK (sky130_fd_sc_hd__dfxtp_1)
                                  0.000000    0.332616   clock reconvergence pessimism
                                 -0.026857    0.305759   library hold time
                                              0.305759   data required time
---------------------------------------------------------------------------------------------
                                              0.305759   data required time
                                             -0.764203   data arrival time
---------------------------------------------------------------------------------------------
                                              0.458444   slack (MET)


Startpoint: _530_ (rising edge-triggered flip-flop clocked by wclk)
Endpoint: _530_ (rising edge-triggered flip-flop clocked by wclk)
Path Group: wclk
Path Type: min

Fanout         Cap        Slew       Delay        Time   Description
---------------------------------------------------------------------------------------------
                                  0.000000    0.000000   clock wclk (rise edge)
                                  0.000000    0.000000   clock source latency
     1    0.016889    0.000000    0.000000    0.000000 ^ wclk (in)
                                                         wclk (net)
                      0.000820    0.000410    0.000410 ^ clkbuf_0_wclk/A (sky130_fd_sc_hd__clkbuf_16)
    16    0.092148    0.108245    0.165291    0.165701 ^ clkbuf_0_wclk/X (sky130_fd_sc_hd__clkbuf_16)
                                                         clknet_0_wclk (net)
                      0.108247    0.000719    0.166420 ^ clkbuf_4_11_0_wclk/A (sky130_fd_sc_hd__clkbuf_8)
    11    0.030534    0.067189    0.168715    0.335135 ^ clkbuf_4_11_0_wclk/X (sky130_fd_sc_hd__clkbuf_8)
                                                         clknet_4_11_0_wclk (net)
                      0.067189    0.000121    0.335256 ^ _530_/CLK (sky130_fd_sc_hd__dfxtp_1)
     2    0.004284    0.054947    0.317922    0.653178 ^ _530_/Q (sky130_fd_sc_hd__dfxtp_1)
                                                         bram.mem[9][6] (net)
                      0.054947    0.000004    0.653182 ^ _386_/A1 (sky130_fd_sc_hd__mux2_1)
     1    0.001986    0.036427    0.114129    0.767311 ^ _386_/X (sky130_fd_sc_hd__mux2_1)
                                                         _014_ (net)
                      0.036427    0.000003    0.767315 ^ _530_/D (sky130_fd_sc_hd__dfxtp_1)
                                              0.767315   data arrival time

                                  0.000000    0.000000   clock wclk (rise edge)
                                  0.000000    0.000000   clock source latency
     1    0.016889    0.000000    0.000000    0.000000 ^ wclk (in)
                                                         wclk (net)
                      0.000820    0.000410    0.000410 ^ clkbuf_0_wclk/A (sky130_fd_sc_hd__clkbuf_16)
    16    0.092148    0.108245    0.165291    0.165701 ^ clkbuf_0_wclk/X (sky130_fd_sc_hd__clkbuf_16)
                                                         clknet_0_wclk (net)
                      0.108247    0.000719    0.166420 ^ clkbuf_4_11_0_wclk/A (sky130_fd_sc_hd__clkbuf_8)
    11    0.030534    0.067189    0.168715    0.335135 ^ clkbuf_4_11_0_wclk/X (sky130_fd_sc_hd__clkbuf_8)
                                                         clknet_4_11_0_wclk (net)
                      0.067189    0.000121    0.335256 ^ _530_/CLK (sky130_fd_sc_hd__dfxtp_1)
                                  0.000000    0.335256   clock reconvergence pessimism
                                 -0.026555    0.308701   library hold time
                                              0.308701   data required time
---------------------------------------------------------------------------------------------
                                              0.308701   data required time
                                             -0.767315   data arrival time
---------------------------------------------------------------------------------------------
                                              0.458614   slack (MET)


Startpoint: _682_ (rising edge-triggered flip-flop clocked by wclk)
Endpoint: _682_ (rising edge-triggered flip-flop clocked by wclk)
Path Group: wclk
Path Type: min

Fanout         Cap        Slew       Delay        Time   Description
---------------------------------------------------------------------------------------------
                                  0.000000    0.000000   clock wclk (rise edge)
                                  0.000000    0.000000   clock source latency
     1    0.016889    0.000000    0.000000    0.000000 ^ wclk (in)
                                                         wclk (net)
                      0.000820    0.000410    0.000410 ^ clkbuf_0_wclk/A (sky130_fd_sc_hd__clkbuf_16)
    16    0.092148    0.108245    0.165291    0.165701 ^ clkbuf_0_wclk/X (sky130_fd_sc_hd__clkbuf_16)
                                                         clknet_0_wclk (net)
                      0.108245    0.000404    0.166105 ^ clkbuf_4_14_0_wclk/A (sky130_fd_sc_hd__clkbuf_8)
     9    0.028789    0.064501    0.166578    0.332682 ^ clkbuf_4_14_0_wclk/X (sky130_fd_sc_hd__clkbuf_8)
                                                         clknet_4_14_0_wclk (net)
                      0.064501    0.000066    0.332748 ^ _682_/CLK (sky130_fd_sc_hd__dfxtp_1)
     2    0.004115    0.053457    0.315795    0.648543 ^ _682_/Q (sky130_fd_sc_hd__dfxtp_1)
                                                         bram.mem[15][0] (net)
                      0.053457    0.000003    0.648546 ^ _507_/A1 (sky130_fd_sc_hd__mux2_1)
     1    0.002224    0.038309    0.115514    0.764060 ^ _507_/X (sky130_fd_sc_hd__mux2_1)
                                                         _120_ (net)
                      0.038309    0.000005    0.764065 ^ _682_/D (sky130_fd_sc_hd__dfxtp_1)
                                              0.764065   data arrival time

                                  0.000000    0.000000   clock wclk (rise edge)
                                  0.000000    0.000000   clock source latency
     1    0.016889    0.000000    0.000000    0.000000 ^ wclk (in)
                                                         wclk (net)
                      0.000820    0.000410    0.000410 ^ clkbuf_0_wclk/A (sky130_fd_sc_hd__clkbuf_16)
    16    0.092148    0.108245    0.165291    0.165701 ^ clkbuf_0_wclk/X (sky130_fd_sc_hd__clkbuf_16)
                                                         clknet_0_wclk (net)
                      0.108245    0.000404    0.166105 ^ clkbuf_4_14_0_wclk/A (sky130_fd_sc_hd__clkbuf_8)
     9    0.028789    0.064501    0.166578    0.332682 ^ clkbuf_4_14_0_wclk/X (sky130_fd_sc_hd__clkbuf_8)
                                                         clknet_4_14_0_wclk (net)
                      0.064501    0.000066    0.332748 ^ _682_/CLK (sky130_fd_sc_hd__dfxtp_1)
                                  0.000000    0.332748   clock reconvergence pessimism
                                 -0.027302    0.305446   library hold time
                                              0.305446   data required time
---------------------------------------------------------------------------------------------
                                              0.305446   data required time
                                             -0.764065   data arrival time
---------------------------------------------------------------------------------------------
                                              0.458619   slack (MET)


Startpoint: _592_ (rising edge-triggered flip-flop clocked by wclk)
Endpoint: _592_ (rising edge-triggered flip-flop clocked by wclk)
Path Group: wclk
Path Type: min

Fanout         Cap        Slew       Delay        Time   Description
---------------------------------------------------------------------------------------------
                                  0.000000    0.000000   clock wclk (rise edge)
                                  0.000000    0.000000   clock source latency
     1    0.016889    0.000000    0.000000    0.000000 ^ wclk (in)
                                                         wclk (net)
                      0.000820    0.000410    0.000410 ^ clkbuf_0_wclk/A (sky130_fd_sc_hd__clkbuf_16)
    16    0.092148    0.108245    0.165291    0.165701 ^ clkbuf_0_wclk/X (sky130_fd_sc_hd__clkbuf_16)
                                                         clknet_0_wclk (net)
                      0.108245    0.000297    0.165998 ^ clkbuf_4_12_0_wclk/A (sky130_fd_sc_hd__clkbuf_8)
     8    0.028409    0.063918    0.166117    0.332116 ^ clkbuf_4_12_0_wclk/X (sky130_fd_sc_hd__clkbuf_8)
                                                         clknet_4_12_0_wclk (net)
                      0.063918    0.000141    0.332256 ^ _592_/CLK (sky130_fd_sc_hd__dfxtp_1)
     2    0.004429    0.056225    0.317649    0.649905 ^ _592_/Q (sky130_fd_sc_hd__dfxtp_1)
                                                         bram.mem[10][0] (net)
                      0.056225    0.000007    0.649912 ^ _425_/A0 (sky130_fd_sc_hd__mux2_1)
     1    0.002221    0.038229    0.113655    0.763567 ^ _425_/X (sky130_fd_sc_hd__mux2_1)
                                                         _048_ (net)
                      0.038229    0.000007    0.763573 ^ _592_/D (sky130_fd_sc_hd__dfxtp_1)
                                              0.763573   data arrival time

                                  0.000000    0.000000   clock wclk (rise edge)
                                  0.000000    0.000000   clock source latency
     1    0.016889    0.000000    0.000000    0.000000 ^ wclk (in)
                                                         wclk (net)
                      0.000820    0.000410    0.000410 ^ clkbuf_0_wclk/A (sky130_fd_sc_hd__clkbuf_16)
    16    0.092148    0.108245    0.165291    0.165701 ^ clkbuf_0_wclk/X (sky130_fd_sc_hd__clkbuf_16)
                                                         clknet_0_wclk (net)
                      0.108245    0.000297    0.165998 ^ clkbuf_4_12_0_wclk/A (sky130_fd_sc_hd__clkbuf_8)
     8    0.028409    0.063918    0.166117    0.332116 ^ clkbuf_4_12_0_wclk/X (sky130_fd_sc_hd__clkbuf_8)
                                                         clknet_4_12_0_wclk (net)
                      0.063918    0.000141    0.332256 ^ _592_/CLK (sky130_fd_sc_hd__dfxtp_1)
                                  0.000000    0.332256   clock reconvergence pessimism
                                 -0.027362    0.304894   library hold time
                                              0.304894   data required time
---------------------------------------------------------------------------------------------
                                              0.304894   data required time
                                             -0.763573   data arrival time
---------------------------------------------------------------------------------------------
                                              0.458679   slack (MET)


Startpoint: _686_ (rising edge-triggered flip-flop clocked by wclk)
Endpoint: _686_ (rising edge-triggered flip-flop clocked by wclk)
Path Group: wclk
Path Type: min

Fanout         Cap        Slew       Delay        Time   Description
---------------------------------------------------------------------------------------------
                                  0.000000    0.000000   clock wclk (rise edge)
                                  0.000000    0.000000   clock source latency
     1    0.016889    0.000000    0.000000    0.000000 ^ wclk (in)
                                                         wclk (net)
                      0.000820    0.000410    0.000410 ^ clkbuf_0_wclk/A (sky130_fd_sc_hd__clkbuf_16)
    16    0.092148    0.108245    0.165291    0.165701 ^ clkbuf_0_wclk/X (sky130_fd_sc_hd__clkbuf_16)
                                                         clknet_0_wclk (net)
                      0.108246    0.000565    0.166267 ^ clkbuf_4_9_0_wclk/A (sky130_fd_sc_hd__clkbuf_8)
     9    0.027724    0.062866    0.165294    0.331561 ^ clkbuf_4_9_0_wclk/X (sky130_fd_sc_hd__clkbuf_8)
                                                         clknet_4_9_0_wclk (net)
                      0.062866    0.000062    0.331622 ^ _686_/CLK (sky130_fd_sc_hd__dfxtp_1)
     2    0.004155    0.053817    0.315450    0.647072 ^ _686_/Q (sky130_fd_sc_hd__dfxtp_1)
                                                         bram.mem[15][4] (net)
                      0.053817    0.000003    0.647076 ^ _511_/A1 (sky130_fd_sc_hd__mux2_1)
     1    0.002231    0.038365    0.115692    0.762768 ^ _511_/X (sky130_fd_sc_hd__mux2_1)
                                                         _124_ (net)
                      0.038365    0.000006    0.762773 ^ _686_/D (sky130_fd_sc_hd__dfxtp_1)
                                              0.762773   data arrival time

                                  0.000000    0.000000   clock wclk (rise edge)
                                  0.000000    0.000000   clock source latency
     1    0.016889    0.000000    0.000000    0.000000 ^ wclk (in)
                                                         wclk (net)
                      0.000820    0.000410    0.000410 ^ clkbuf_0_wclk/A (sky130_fd_sc_hd__clkbuf_16)
    16    0.092148    0.108245    0.165291    0.165701 ^ clkbuf_0_wclk/X (sky130_fd_sc_hd__clkbuf_16)
                                                         clknet_0_wclk (net)
                      0.108246    0.000565    0.166267 ^ clkbuf_4_9_0_wclk/A (sky130_fd_sc_hd__clkbuf_8)
     9    0.027724    0.062866    0.165294    0.331561 ^ clkbuf_4_9_0_wclk/X (sky130_fd_sc_hd__clkbuf_8)
                                                         clknet_4_9_0_wclk (net)
                      0.062866    0.000062    0.331622 ^ _686_/CLK (sky130_fd_sc_hd__dfxtp_1)
                                  0.000000    0.331622   clock reconvergence pessimism
                                 -0.027529    0.304093   library hold time
                                              0.304093   data required time
---------------------------------------------------------------------------------------------
                                              0.304093   data required time
                                             -0.762773   data arrival time
---------------------------------------------------------------------------------------------
                                              0.458680   slack (MET)


Startpoint: _527_ (rising edge-triggered flip-flop clocked by wclk)
Endpoint: _527_ (rising edge-triggered flip-flop clocked by wclk)
Path Group: wclk
Path Type: min

Fanout         Cap        Slew       Delay        Time   Description
---------------------------------------------------------------------------------------------
                                  0.000000    0.000000   clock wclk (rise edge)
                                  0.000000    0.000000   clock source latency
     1    0.016889    0.000000    0.000000    0.000000 ^ wclk (in)
                                                         wclk (net)
                      0.000820    0.000410    0.000410 ^ clkbuf_0_wclk/A (sky130_fd_sc_hd__clkbuf_16)
    16    0.092148    0.108245    0.165291    0.165701 ^ clkbuf_0_wclk/X (sky130_fd_sc_hd__clkbuf_16)
                                                         clknet_0_wclk (net)
                      0.108245    0.000404    0.166105 ^ clkbuf_4_14_0_wclk/A (sky130_fd_sc_hd__clkbuf_8)
     9    0.028789    0.064501    0.166578    0.332682 ^ clkbuf_4_14_0_wclk/X (sky130_fd_sc_hd__clkbuf_8)
                                                         clknet_4_14_0_wclk (net)
                      0.064501    0.000136    0.332818 ^ _527_/CLK (sky130_fd_sc_hd__dfxtp_1)
     2    0.004450    0.056407    0.318005    0.650823 ^ _527_/Q (sky130_fd_sc_hd__dfxtp_1)
                                                         bram.mem[9][3] (net)
                      0.056407    0.000013    0.650836 ^ _383_/A1 (sky130_fd_sc_hd__mux2_1)
     1    0.001909    0.035821    0.114014    0.764850 ^ _383_/X (sky130_fd_sc_hd__mux2_1)
                                                         _011_ (net)
                      0.035821    0.000003    0.764853 ^ _527_/D (sky130_fd_sc_hd__dfxtp_1)
                                              0.764853   data arrival time

                                  0.000000    0.000000   clock wclk (rise edge)
                                  0.000000    0.000000   clock source latency
     1    0.016889    0.000000    0.000000    0.000000 ^ wclk (in)
                                                         wclk (net)
                      0.000820    0.000410    0.000410 ^ clkbuf_0_wclk/A (sky130_fd_sc_hd__clkbuf_16)
    16    0.092148    0.108245    0.165291    0.165701 ^ clkbuf_0_wclk/X (sky130_fd_sc_hd__clkbuf_16)
                                                         clknet_0_wclk (net)
                      0.108245    0.000404    0.166105 ^ clkbuf_4_14_0_wclk/A (sky130_fd_sc_hd__clkbuf_8)
     9    0.028789    0.064501    0.166578    0.332682 ^ clkbuf_4_14_0_wclk/X (sky130_fd_sc_hd__clkbuf_8)
                                                         clknet_4_14_0_wclk (net)
                      0.064501    0.000136    0.332818 ^ _527_/CLK (sky130_fd_sc_hd__dfxtp_1)
                                  0.000000    0.332818   clock reconvergence pessimism
                                 -0.026782    0.306036   library hold time
                                              0.306036   data required time
---------------------------------------------------------------------------------------------
                                              0.306036   data required time
                                             -0.764853   data arrival time
---------------------------------------------------------------------------------------------
                                              0.458817   slack (MET)


Startpoint: _596_ (rising edge-triggered flip-flop clocked by wclk)
Endpoint: _596_ (rising edge-triggered flip-flop clocked by wclk)
Path Group: wclk
Path Type: min

Fanout         Cap        Slew       Delay        Time   Description
---------------------------------------------------------------------------------------------
                                  0.000000    0.000000   clock wclk (rise edge)
                                  0.000000    0.000000   clock source latency
     1    0.016889    0.000000    0.000000    0.000000 ^ wclk (in)
                                                         wclk (net)
                      0.000820    0.000410    0.000410 ^ clkbuf_0_wclk/A (sky130_fd_sc_hd__clkbuf_16)
    16    0.092148    0.108245    0.165291    0.165701 ^ clkbuf_0_wclk/X (sky130_fd_sc_hd__clkbuf_16)
                                                         clknet_0_wclk (net)
                      0.108248    0.000732    0.166433 ^ clkbuf_4_10_0_wclk/A (sky130_fd_sc_hd__clkbuf_8)
    12    0.030472    0.067092    0.168649    0.335083 ^ clkbuf_4_10_0_wclk/X (sky130_fd_sc_hd__clkbuf_8)
                                                         clknet_4_10_0_wclk (net)
                      0.067092    0.000085    0.335168 ^ _596_/CLK (sky130_fd_sc_hd__dfxtp_1)
     2    0.004640    0.058078    0.320230    0.655398 ^ _596_/Q (sky130_fd_sc_hd__dfxtp_1)
                                                         bram.mem[10][4] (net)
                      0.058078    0.000009    0.655407 ^ _429_/A0 (sky130_fd_sc_hd__mux2_1)
     1    0.001949    0.036077    0.112109    0.767515 ^ _429_/X (sky130_fd_sc_hd__mux2_1)
                                                         _052_ (net)
                      0.036077    0.000003    0.767518 ^ _596_/D (sky130_fd_sc_hd__dfxtp_1)
                                              0.767518   data arrival time

                                  0.000000    0.000000   clock wclk (rise edge)
                                  0.000000    0.000000   clock source latency
     1    0.016889    0.000000    0.000000    0.000000 ^ wclk (in)
                                                         wclk (net)
                      0.000820    0.000410    0.000410 ^ clkbuf_0_wclk/A (sky130_fd_sc_hd__clkbuf_16)
    16    0.092148    0.108245    0.165291    0.165701 ^ clkbuf_0_wclk/X (sky130_fd_sc_hd__clkbuf_16)
                                                         clknet_0_wclk (net)
                      0.108248    0.000732    0.166433 ^ clkbuf_4_10_0_wclk/A (sky130_fd_sc_hd__clkbuf_8)
    12    0.030472    0.067092    0.168649    0.335083 ^ clkbuf_4_10_0_wclk/X (sky130_fd_sc_hd__clkbuf_8)
                                                         clknet_4_10_0_wclk (net)
                      0.067092    0.000085    0.335168 ^ _596_/CLK (sky130_fd_sc_hd__dfxtp_1)
                                  0.000000    0.335168   clock reconvergence pessimism
                                 -0.026495    0.308672   library hold time
                                              0.308672   data required time
---------------------------------------------------------------------------------------------
                                              0.308672   data required time
                                             -0.767518   data arrival time
---------------------------------------------------------------------------------------------
                                              0.458846   slack (MET)


Startpoint: _672_ (rising edge-triggered flip-flop clocked by wclk)
Endpoint: _672_ (rising edge-triggered flip-flop clocked by wclk)
Path Group: wclk
Path Type: min

Fanout         Cap        Slew       Delay        Time   Description
---------------------------------------------------------------------------------------------
                                  0.000000    0.000000   clock wclk (rise edge)
                                  0.000000    0.000000   clock source latency
     1    0.016889    0.000000    0.000000    0.000000 ^ wclk (in)
                                                         wclk (net)
                      0.000820    0.000410    0.000410 ^ clkbuf_0_wclk/A (sky130_fd_sc_hd__clkbuf_16)
    16    0.092148    0.108245    0.165291    0.165701 ^ clkbuf_0_wclk/X (sky130_fd_sc_hd__clkbuf_16)
                                                         clknet_0_wclk (net)
                      0.108247    0.000710    0.166412 ^ clkbuf_4_2_0_wclk/A (sky130_fd_sc_hd__clkbuf_8)
    12    0.030163    0.066616    0.168266    0.334678 ^ clkbuf_4_2_0_wclk/X (sky130_fd_sc_hd__clkbuf_8)
                                                         clknet_4_2_0_wclk (net)
                      0.066616    0.000070    0.334748 ^ _672_/CLK (sky130_fd_sc_hd__dfxtp_1)
     2    0.004490    0.056761    0.319065    0.653812 ^ _672_/Q (sky130_fd_sc_hd__dfxtp_1)
                                                         bram.mem[4][6] (net)
                      0.056761    0.000011    0.653823 ^ _496_/A0 (sky130_fd_sc_hd__mux2_1)
     1    0.002127    0.037490    0.113087    0.766910 ^ _496_/X (sky130_fd_sc_hd__mux2_1)
                                                         _110_ (net)
                      0.037490    0.000006    0.766916 ^ _672_/D (sky130_fd_sc_hd__dfxtp_1)
                                              0.766916   data arrival time

                                  0.000000    0.000000   clock wclk (rise edge)
                                  0.000000    0.000000   clock source latency
     1    0.016889    0.000000    0.000000    0.000000 ^ wclk (in)
                                                         wclk (net)
                      0.000820    0.000410    0.000410 ^ clkbuf_0_wclk/A (sky130_fd_sc_hd__clkbuf_16)
    16    0.092148    0.108245    0.165291    0.165701 ^ clkbuf_0_wclk/X (sky130_fd_sc_hd__clkbuf_16)
                                                         clknet_0_wclk (net)
                      0.108247    0.000710    0.166412 ^ clkbuf_4_2_0_wclk/A (sky130_fd_sc_hd__clkbuf_8)
    12    0.030163    0.066616    0.168266    0.334678 ^ clkbuf_4_2_0_wclk/X (sky130_fd_sc_hd__clkbuf_8)
                                                         clknet_4_2_0_wclk (net)
                      0.066616    0.000070    0.334748 ^ _672_/CLK (sky130_fd_sc_hd__dfxtp_1)
                                  0.000000    0.334748   clock reconvergence pessimism
                                 -0.026853    0.307895   library hold time
                                              0.307895   data required time
---------------------------------------------------------------------------------------------
                                              0.307895   data required time
                                             -0.766916   data arrival time
---------------------------------------------------------------------------------------------
                                              0.459021   slack (MET)


Startpoint: _600_ (rising edge-triggered flip-flop clocked by wclk)
Endpoint: _600_ (rising edge-triggered flip-flop clocked by wclk)
Path Group: wclk
Path Type: min

Fanout         Cap        Slew       Delay        Time   Description
---------------------------------------------------------------------------------------------
                                  0.000000    0.000000   clock wclk (rise edge)
                                  0.000000    0.000000   clock source latency
     1    0.016889    0.000000    0.000000    0.000000 ^ wclk (in)
                                                         wclk (net)
                      0.000820    0.000410    0.000410 ^ clkbuf_0_wclk/A (sky130_fd_sc_hd__clkbuf_16)
    16    0.092148    0.108245    0.165291    0.165701 ^ clkbuf_0_wclk/X (sky130_fd_sc_hd__clkbuf_16)
                                                         clknet_0_wclk (net)
                      0.108245    0.000530    0.166231 ^ clkbuf_4_4_0_wclk/A (sky130_fd_sc_hd__clkbuf_8)
    10    0.029506    0.065604    0.167464    0.333695 ^ clkbuf_4_4_0_wclk/X (sky130_fd_sc_hd__clkbuf_8)
                                                         clknet_4_4_0_wclk (net)
                      0.065604    0.000022    0.333717 ^ _600_/CLK (sky130_fd_sc_hd__dfxtp_1)
     2    0.004161    0.053864    0.316514    0.650231 ^ _600_/Q (sky130_fd_sc_hd__dfxtp_1)
                                                         bram.mem[7][0] (net)
                      0.053864    0.000004    0.650235 ^ _435_/A1 (sky130_fd_sc_hd__mux2_1)
     1    0.002199    0.038094    0.115456    0.765691 ^ _435_/X (sky130_fd_sc_hd__mux2_1)
                                                         _056_ (net)
                      0.038094    0.000004    0.765695 ^ _600_/D (sky130_fd_sc_hd__dfxtp_1)
                                              0.765695   data arrival time

                                  0.000000    0.000000   clock wclk (rise edge)
                                  0.000000    0.000000   clock source latency
     1    0.016889    0.000000    0.000000    0.000000 ^ wclk (in)
                                                         wclk (net)
                      0.000820    0.000410    0.000410 ^ clkbuf_0_wclk/A (sky130_fd_sc_hd__clkbuf_16)
    16    0.092148    0.108245    0.165291    0.165701 ^ clkbuf_0_wclk/X (sky130_fd_sc_hd__clkbuf_16)
                                                         clknet_0_wclk (net)
                      0.108245    0.000530    0.166231 ^ clkbuf_4_4_0_wclk/A (sky130_fd_sc_hd__clkbuf_8)
    10    0.029506    0.065604    0.167464    0.333695 ^ clkbuf_4_4_0_wclk/X (sky130_fd_sc_hd__clkbuf_8)
                                                         clknet_4_4_0_wclk (net)
                      0.065604    0.000022    0.333717 ^ _600_/CLK (sky130_fd_sc_hd__dfxtp_1)
                                  0.000000    0.333717   clock reconvergence pessimism
                                 -0.027112    0.306605   library hold time
                                              0.306605   data required time
---------------------------------------------------------------------------------------------
                                              0.306605   data required time
                                             -0.765695   data arrival time
---------------------------------------------------------------------------------------------
                                              0.459090   slack (MET)


Startpoint: _606_ (rising edge-triggered flip-flop clocked by wclk)
Endpoint: _606_ (rising edge-triggered flip-flop clocked by wclk)
Path Group: wclk
Path Type: min

Fanout         Cap        Slew       Delay        Time   Description
---------------------------------------------------------------------------------------------
                                  0.000000    0.000000   clock wclk (rise edge)
                                  0.000000    0.000000   clock source latency
     1    0.016889    0.000000    0.000000    0.000000 ^ wclk (in)
                                                         wclk (net)
                      0.000820    0.000410    0.000410 ^ clkbuf_0_wclk/A (sky130_fd_sc_hd__clkbuf_16)
    16    0.092148    0.108245    0.165291    0.165701 ^ clkbuf_0_wclk/X (sky130_fd_sc_hd__clkbuf_16)
                                                         clknet_0_wclk (net)
                      0.108247    0.000710    0.166412 ^ clkbuf_4_2_0_wclk/A (sky130_fd_sc_hd__clkbuf_8)
    12    0.030163    0.066616    0.168266    0.334678 ^ clkbuf_4_2_0_wclk/X (sky130_fd_sc_hd__clkbuf_8)
                                                         clknet_4_2_0_wclk (net)
                      0.066616    0.000086    0.334764 ^ _606_/CLK (sky130_fd_sc_hd__dfxtp_1)
     2    0.004316    0.055226    0.317915    0.652679 ^ _606_/Q (sky130_fd_sc_hd__dfxtp_1)
                                                         bram.mem[7][6] (net)
                      0.055226    0.000007    0.652686 ^ _441_/A1 (sky130_fd_sc_hd__mux2_1)
     1    0.002026    0.036723    0.114539    0.767225 ^ _441_/X (sky130_fd_sc_hd__mux2_1)
                                                         _062_ (net)
                      0.036723    0.000004    0.767228 ^ _606_/D (sky130_fd_sc_hd__dfxtp_1)
                                              0.767228   data arrival time

                                  0.000000    0.000000   clock wclk (rise edge)
                                  0.000000    0.000000   clock source latency
     1    0.016889    0.000000    0.000000    0.000000 ^ wclk (in)
                                                         wclk (net)
                      0.000820    0.000410    0.000410 ^ clkbuf_0_wclk/A (sky130_fd_sc_hd__clkbuf_16)
    16    0.092148    0.108245    0.165291    0.165701 ^ clkbuf_0_wclk/X (sky130_fd_sc_hd__clkbuf_16)
                                                         clknet_0_wclk (net)
                      0.108247    0.000710    0.166412 ^ clkbuf_4_2_0_wclk/A (sky130_fd_sc_hd__clkbuf_8)
    12    0.030163    0.066616    0.168266    0.334678 ^ clkbuf_4_2_0_wclk/X (sky130_fd_sc_hd__clkbuf_8)
                                                         clknet_4_2_0_wclk (net)
                      0.066616    0.000086    0.334764 ^ _606_/CLK (sky130_fd_sc_hd__dfxtp_1)
                                  0.000000    0.334764   clock reconvergence pessimism
                                 -0.026693    0.308072   library hold time
                                              0.308072   data required time
---------------------------------------------------------------------------------------------
                                              0.308072   data required time
                                             -0.767228   data arrival time
---------------------------------------------------------------------------------------------
                                              0.459157   slack (MET)


Startpoint: _656_ (rising edge-triggered flip-flop clocked by wclk)
Endpoint: _656_ (rising edge-triggered flip-flop clocked by wclk)
Path Group: wclk
Path Type: min

Fanout         Cap        Slew       Delay        Time   Description
---------------------------------------------------------------------------------------------
                                  0.000000    0.000000   clock wclk (rise edge)
                                  0.000000    0.000000   clock source latency
     1    0.016889    0.000000    0.000000    0.000000 ^ wclk (in)
                                                         wclk (net)
                      0.000820    0.000410    0.000410 ^ clkbuf_0_wclk/A (sky130_fd_sc_hd__clkbuf_16)
    16    0.092148    0.108245    0.165291    0.165701 ^ clkbuf_0_wclk/X (sky130_fd_sc_hd__clkbuf_16)
                                                         clknet_0_wclk (net)
                      0.108247    0.000710    0.166412 ^ clkbuf_4_2_0_wclk/A (sky130_fd_sc_hd__clkbuf_8)
    12    0.030163    0.066616    0.168266    0.334678 ^ clkbuf_4_2_0_wclk/X (sky130_fd_sc_hd__clkbuf_8)
                                                         clknet_4_2_0_wclk (net)
                      0.066616    0.000049    0.334727 ^ _656_/CLK (sky130_fd_sc_hd__dfxtp_1)
     2    0.004254    0.054686    0.317510    0.652237 ^ _656_/Q (sky130_fd_sc_hd__dfxtp_1)
                                                         bram.mem[3][7] (net)
                      0.054686    0.000003    0.652240 ^ _488_/A1 (sky130_fd_sc_hd__mux2_1)
     1    0.002105    0.037361    0.114986    0.767226 ^ _488_/X (sky130_fd_sc_hd__mux2_1)
                                                         _103_ (net)
                      0.037361    0.000004    0.767231 ^ _656_/D (sky130_fd_sc_hd__dfxtp_1)
                                              0.767231   data arrival time

                                  0.000000    0.000000   clock wclk (rise edge)
                                  0.000000    0.000000   clock source latency
     1    0.016889    0.000000    0.000000    0.000000 ^ wclk (in)
                                                         wclk (net)
                      0.000820    0.000410    0.000410 ^ clkbuf_0_wclk/A (sky130_fd_sc_hd__clkbuf_16)
    16    0.092148    0.108245    0.165291    0.165701 ^ clkbuf_0_wclk/X (sky130_fd_sc_hd__clkbuf_16)
                                                         clknet_0_wclk (net)
                      0.108247    0.000710    0.166412 ^ clkbuf_4_2_0_wclk/A (sky130_fd_sc_hd__clkbuf_8)
    12    0.030163    0.066616    0.168266    0.334678 ^ clkbuf_4_2_0_wclk/X (sky130_fd_sc_hd__clkbuf_8)
                                                         clknet_4_2_0_wclk (net)
                      0.066616    0.000049    0.334727 ^ _656_/CLK (sky130_fd_sc_hd__dfxtp_1)
                                  0.000000    0.334727   clock reconvergence pessimism
                                 -0.026826    0.307901   library hold time
                                              0.307901   data required time
---------------------------------------------------------------------------------------------
                                              0.307901   data required time
                                             -0.767231   data arrival time
---------------------------------------------------------------------------------------------
                                              0.459330   slack (MET)


Startpoint: _648_ (rising edge-triggered flip-flop clocked by wclk)
Endpoint: _648_ (rising edge-triggered flip-flop clocked by wclk)
Path Group: wclk
Path Type: min

Fanout         Cap        Slew       Delay        Time   Description
---------------------------------------------------------------------------------------------
                                  0.000000    0.000000   clock wclk (rise edge)
                                  0.000000    0.000000   clock source latency
     1    0.016889    0.000000    0.000000    0.000000 ^ wclk (in)
                                                         wclk (net)
                      0.000820    0.000410    0.000410 ^ clkbuf_0_wclk/A (sky130_fd_sc_hd__clkbuf_16)
    16    0.092148    0.108245    0.165291    0.165701 ^ clkbuf_0_wclk/X (sky130_fd_sc_hd__clkbuf_16)
                                                         clknet_0_wclk (net)
                      0.108247    0.000710    0.166412 ^ clkbuf_4_2_0_wclk/A (sky130_fd_sc_hd__clkbuf_8)
    12    0.030163    0.066616    0.168266    0.334678 ^ clkbuf_4_2_0_wclk/X (sky130_fd_sc_hd__clkbuf_8)
                                                         clknet_4_2_0_wclk (net)
                      0.066616    0.000082    0.334760 ^ _648_/CLK (sky130_fd_sc_hd__dfxtp_1)
     2    0.004562    0.057395    0.319540    0.654300 ^ _648_/Q (sky130_fd_sc_hd__dfxtp_1)
                                                         bram.mem[6][7] (net)
                      0.057395    0.000015    0.654315 ^ _479_/A0 (sky130_fd_sc_hd__mux2_1)
     1    0.002097    0.037249    0.113061    0.767376 ^ _479_/X (sky130_fd_sc_hd__mux2_1)
                                                         _095_ (net)
                      0.037249    0.000005    0.767381 ^ _648_/D (sky130_fd_sc_hd__dfxtp_1)
                                              0.767381   data arrival time

                                  0.000000    0.000000   clock wclk (rise edge)
                                  0.000000    0.000000   clock source latency
     1    0.016889    0.000000    0.000000    0.000000 ^ wclk (in)
                                                         wclk (net)
                      0.000820    0.000410    0.000410 ^ clkbuf_0_wclk/A (sky130_fd_sc_hd__clkbuf_16)
    16    0.092148    0.108245    0.165291    0.165701 ^ clkbuf_0_wclk/X (sky130_fd_sc_hd__clkbuf_16)
                                                         clknet_0_wclk (net)
                      0.108247    0.000710    0.166412 ^ clkbuf_4_2_0_wclk/A (sky130_fd_sc_hd__clkbuf_8)
    12    0.030163    0.066616    0.168266    0.334678 ^ clkbuf_4_2_0_wclk/X (sky130_fd_sc_hd__clkbuf_8)
                                                         clknet_4_2_0_wclk (net)
                      0.066616    0.000082    0.334760 ^ _648_/CLK (sky130_fd_sc_hd__dfxtp_1)
                                  0.000000    0.334760   clock reconvergence pessimism
                                 -0.026802    0.307958   library hold time
                                              0.307958   data required time
---------------------------------------------------------------------------------------------
                                              0.307958   data required time
                                             -0.767381   data arrival time
---------------------------------------------------------------------------------------------
                                              0.459423   slack (MET)


Startpoint: _680_ (rising edge-triggered flip-flop clocked by wclk)
Endpoint: _680_ (rising edge-triggered flip-flop clocked by wclk)
Path Group: wclk
Path Type: min

Fanout         Cap        Slew       Delay        Time   Description
---------------------------------------------------------------------------------------------
                                  0.000000    0.000000   clock wclk (rise edge)
                                  0.000000    0.000000   clock source latency
     1    0.016889    0.000000    0.000000    0.000000 ^ wclk (in)
                                                         wclk (net)
                      0.000820    0.000410    0.000410 ^ clkbuf_0_wclk/A (sky130_fd_sc_hd__clkbuf_16)
    16    0.092148    0.108245    0.165291    0.165701 ^ clkbuf_0_wclk/X (sky130_fd_sc_hd__clkbuf_16)
                                                         clknet_0_wclk (net)
                      0.108246    0.000635    0.166336 ^ clkbuf_4_3_0_wclk/A (sky130_fd_sc_hd__clkbuf_8)
    10    0.027596    0.062670    0.165143    0.331480 ^ clkbuf_4_3_0_wclk/X (sky130_fd_sc_hd__clkbuf_8)
                                                         clknet_4_3_0_wclk (net)
                      0.062670    0.000036    0.331515 ^ _680_/CLK (sky130_fd_sc_hd__dfxtp_1)
     2    0.004332    0.055371    0.316540    0.648056 ^ _680_/Q (sky130_fd_sc_hd__dfxtp_1)
                                                         bram.mem[1][6] (net)
                      0.055371    0.000006    0.648062 ^ _505_/A1 (sky130_fd_sc_hd__mux2_1)
     1    0.002147    0.037691    0.115553    0.763614 ^ _505_/X (sky130_fd_sc_hd__mux2_1)
                                                         _118_ (net)
                      0.037691    0.000005    0.763619 ^ _680_/D (sky130_fd_sc_hd__dfxtp_1)
                                              0.763619   data arrival time

                                  0.000000    0.000000   clock wclk (rise edge)
                                  0.000000    0.000000   clock source latency
     1    0.016889    0.000000    0.000000    0.000000 ^ wclk (in)
                                                         wclk (net)
                      0.000820    0.000410    0.000410 ^ clkbuf_0_wclk/A (sky130_fd_sc_hd__clkbuf_16)
    16    0.092148    0.108245    0.165291    0.165701 ^ clkbuf_0_wclk/X (sky130_fd_sc_hd__clkbuf_16)
                                                         clknet_0_wclk (net)
                      0.108246    0.000635    0.166336 ^ clkbuf_4_3_0_wclk/A (sky130_fd_sc_hd__clkbuf_8)
    10    0.027596    0.062670    0.165143    0.331480 ^ clkbuf_4_3_0_wclk/X (sky130_fd_sc_hd__clkbuf_8)
                                                         clknet_4_3_0_wclk (net)
                      0.062670    0.000036    0.331515 ^ _680_/CLK (sky130_fd_sc_hd__dfxtp_1)
                                  0.000000    0.331515   clock reconvergence pessimism
                                 -0.027414    0.304102   library hold time
                                              0.304102   data required time
---------------------------------------------------------------------------------------------
                                              0.304102   data required time
                                             -0.763619   data arrival time
---------------------------------------------------------------------------------------------
                                              0.459518   slack (MET)


Startpoint: _647_ (rising edge-triggered flip-flop clocked by wclk)
Endpoint: _647_ (rising edge-triggered flip-flop clocked by wclk)
Path Group: wclk
Path Type: min

Fanout         Cap        Slew       Delay        Time   Description
---------------------------------------------------------------------------------------------
                                  0.000000    0.000000   clock wclk (rise edge)
                                  0.000000    0.000000   clock source latency
     1    0.016889    0.000000    0.000000    0.000000 ^ wclk (in)
                                                         wclk (net)
                      0.000820    0.000410    0.000410 ^ clkbuf_0_wclk/A (sky130_fd_sc_hd__clkbuf_16)
    16    0.092148    0.108245    0.165291    0.165701 ^ clkbuf_0_wclk/X (sky130_fd_sc_hd__clkbuf_16)
                                                         clknet_0_wclk (net)
                      0.108247    0.000710    0.166412 ^ clkbuf_4_2_0_wclk/A (sky130_fd_sc_hd__clkbuf_8)
    12    0.030163    0.066616    0.168266    0.334678 ^ clkbuf_4_2_0_wclk/X (sky130_fd_sc_hd__clkbuf_8)
                                                         clknet_4_2_0_wclk (net)
                      0.066616    0.000091    0.334769 ^ _647_/CLK (sky130_fd_sc_hd__dfxtp_1)
     2    0.004588    0.057627    0.319713    0.654482 ^ _647_/Q (sky130_fd_sc_hd__dfxtp_1)
                                                         bram.mem[6][6] (net)
                      0.057627    0.000014    0.654496 ^ _478_/A0 (sky130_fd_sc_hd__mux2_1)
     1    0.002102    0.037293    0.113186    0.767682 ^ _478_/X (sky130_fd_sc_hd__mux2_1)
                                                         _094_ (net)
                      0.037293    0.000005    0.767687 ^ _647_/D (sky130_fd_sc_hd__dfxtp_1)
                                              0.767687   data arrival time

                                  0.000000    0.000000   clock wclk (rise edge)
                                  0.000000    0.000000   clock source latency
     1    0.016889    0.000000    0.000000    0.000000 ^ wclk (in)
                                                         wclk (net)
                      0.000820    0.000410    0.000410 ^ clkbuf_0_wclk/A (sky130_fd_sc_hd__clkbuf_16)
    16    0.092148    0.108245    0.165291    0.165701 ^ clkbuf_0_wclk/X (sky130_fd_sc_hd__clkbuf_16)
                                                         clknet_0_wclk (net)
                      0.108247    0.000710    0.166412 ^ clkbuf_4_2_0_wclk/A (sky130_fd_sc_hd__clkbuf_8)
    12    0.030163    0.066616    0.168266    0.334678 ^ clkbuf_4_2_0_wclk/X (sky130_fd_sc_hd__clkbuf_8)
                                                         clknet_4_2_0_wclk (net)
                      0.066616    0.000091    0.334769 ^ _647_/CLK (sky130_fd_sc_hd__dfxtp_1)
                                  0.000000    0.334769   clock reconvergence pessimism
                                 -0.026812    0.307957   library hold time
                                              0.307957   data required time
---------------------------------------------------------------------------------------------
                                              0.307957   data required time
                                             -0.767687   data arrival time
---------------------------------------------------------------------------------------------
                                              0.459730   slack (MET)


Startpoint: _562_ (rising edge-triggered flip-flop clocked by wclk)
Endpoint: _562_ (rising edge-triggered flip-flop clocked by wclk)
Path Group: wclk
Path Type: min

Fanout         Cap        Slew       Delay        Time   Description
---------------------------------------------------------------------------------------------
                                  0.000000    0.000000   clock wclk (rise edge)
                                  0.000000    0.000000   clock source latency
     1    0.016889    0.000000    0.000000    0.000000 ^ wclk (in)
                                                         wclk (net)
                      0.000820    0.000410    0.000410 ^ clkbuf_0_wclk/A (sky130_fd_sc_hd__clkbuf_16)
    16    0.092148    0.108245    0.165291    0.165701 ^ clkbuf_0_wclk/X (sky130_fd_sc_hd__clkbuf_16)
                                                         clknet_0_wclk (net)
                      0.108246    0.000571    0.166272 ^ clkbuf_4_8_0_wclk/A (sky130_fd_sc_hd__clkbuf_8)
    13    0.030580    0.067260    0.168774    0.335046 ^ clkbuf_4_8_0_wclk/X (sky130_fd_sc_hd__clkbuf_8)
                                                         clknet_4_8_0_wclk (net)
                      0.067260    0.000027    0.335072 ^ _562_/CLK (sky130_fd_sc_hd__dfxtp_1)
     2    0.004443    0.056348    0.318997    0.654070 ^ _562_/Q (sky130_fd_sc_hd__dfxtp_1)
                                                         bram.mem[14][2] (net)
                      0.056348    0.000013    0.654083 ^ _391_/A0 (sky130_fd_sc_hd__mux2_1)
     1    0.002240    0.038383    0.113852    0.767935 ^ _391_/X (sky130_fd_sc_hd__mux2_1)
                                                         _018_ (net)
                      0.038383    0.000007    0.767941 ^ _562_/D (sky130_fd_sc_hd__dfxtp_1)
                                              0.767941   data arrival time

                                  0.000000    0.000000   clock wclk (rise edge)
                                  0.000000    0.000000   clock source latency
     1    0.016889    0.000000    0.000000    0.000000 ^ wclk (in)
                                                         wclk (net)
                      0.000820    0.000410    0.000410 ^ clkbuf_0_wclk/A (sky130_fd_sc_hd__clkbuf_16)
    16    0.092148    0.108245    0.165291    0.165701 ^ clkbuf_0_wclk/X (sky130_fd_sc_hd__clkbuf_16)
                                                         clknet_0_wclk (net)
                      0.108246    0.000571    0.166272 ^ clkbuf_4_8_0_wclk/A (sky130_fd_sc_hd__clkbuf_8)
    13    0.030580    0.067260    0.168774    0.335046 ^ clkbuf_4_8_0_wclk/X (sky130_fd_sc_hd__clkbuf_8)
                                                         clknet_4_8_0_wclk (net)
                      0.067260    0.000027    0.335072 ^ _562_/CLK (sky130_fd_sc_hd__dfxtp_1)
                                  0.000000    0.335072   clock reconvergence pessimism
                                 -0.026954    0.308118   library hold time
                                              0.308118   data required time
---------------------------------------------------------------------------------------------
                                              0.308118   data required time
                                             -0.767941   data arrival time
---------------------------------------------------------------------------------------------
                                              0.459823   slack (MET)


Startpoint: _560_ (rising edge-triggered flip-flop clocked by wclk)
Endpoint: _560_ (rising edge-triggered flip-flop clocked by wclk)
Path Group: wclk
Path Type: min

Fanout         Cap        Slew       Delay        Time   Description
---------------------------------------------------------------------------------------------
                                  0.000000    0.000000   clock wclk (rise edge)
                                  0.000000    0.000000   clock source latency
     1    0.016889    0.000000    0.000000    0.000000 ^ wclk (in)
                                                         wclk (net)
                      0.000820    0.000410    0.000410 ^ clkbuf_0_wclk/A (sky130_fd_sc_hd__clkbuf_16)
    16    0.092148    0.108245    0.165291    0.165701 ^ clkbuf_0_wclk/X (sky130_fd_sc_hd__clkbuf_16)
                                                         clknet_0_wclk (net)
                      0.108245    0.000297    0.165998 ^ clkbuf_4_12_0_wclk/A (sky130_fd_sc_hd__clkbuf_8)
     8    0.028409    0.063918    0.166117    0.332116 ^ clkbuf_4_12_0_wclk/X (sky130_fd_sc_hd__clkbuf_8)
                                                         clknet_4_12_0_wclk (net)
                      0.063918    0.000068    0.332184 ^ _560_/CLK (sky130_fd_sc_hd__dfxtp_1)
     2    0.004320    0.055270    0.316933    0.649117 ^ _560_/Q (sky130_fd_sc_hd__dfxtp_1)
                                                         bram.mem[14][0] (net)
                      0.055270    0.000017    0.649135 ^ _389_/A0 (sky130_fd_sc_hd__mux2_1)
     1    0.002453    0.040063    0.115186    0.764320 ^ _389_/X (sky130_fd_sc_hd__mux2_1)
                                                         _016_ (net)
                      0.040063    0.000010    0.764331 ^ _560_/D (sky130_fd_sc_hd__dfxtp_1)
                                              0.764331   data arrival time

                                  0.000000    0.000000   clock wclk (rise edge)
                                  0.000000    0.000000   clock source latency
     1    0.016889    0.000000    0.000000    0.000000 ^ wclk (in)
                                                         wclk (net)
                      0.000820    0.000410    0.000410 ^ clkbuf_0_wclk/A (sky130_fd_sc_hd__clkbuf_16)
    16    0.092148    0.108245    0.165291    0.165701 ^ clkbuf_0_wclk/X (sky130_fd_sc_hd__clkbuf_16)
                                                         clknet_0_wclk (net)
                      0.108245    0.000297    0.165998 ^ clkbuf_4_12_0_wclk/A (sky130_fd_sc_hd__clkbuf_8)
     8    0.028409    0.063918    0.166117    0.332116 ^ clkbuf_4_12_0_wclk/X (sky130_fd_sc_hd__clkbuf_8)
                                                         clknet_4_12_0_wclk (net)
                      0.063918    0.000068    0.332184 ^ _560_/CLK (sky130_fd_sc_hd__dfxtp_1)
                                  0.000000    0.332184   clock reconvergence pessimism
                                 -0.027745    0.304439   library hold time
                                              0.304439   data required time
---------------------------------------------------------------------------------------------
                                              0.304439   data required time
                                             -0.764331   data arrival time
---------------------------------------------------------------------------------------------
                                              0.459892   slack (MET)


Startpoint: _696_ (rising edge-triggered flip-flop clocked by wclk)
Endpoint: _696_ (rising edge-triggered flip-flop clocked by wclk)
Path Group: wclk
Path Type: min

Fanout         Cap        Slew       Delay        Time   Description
---------------------------------------------------------------------------------------------
                                  0.000000    0.000000   clock wclk (rise edge)
                                  0.000000    0.000000   clock source latency
     1    0.016889    0.000000    0.000000    0.000000 ^ wclk (in)
                                                         wclk (net)
                      0.000820    0.000410    0.000410 ^ clkbuf_0_wclk/A (sky130_fd_sc_hd__clkbuf_16)
    16    0.092148    0.108245    0.165291    0.165701 ^ clkbuf_0_wclk/X (sky130_fd_sc_hd__clkbuf_16)
                                                         clknet_0_wclk (net)
                      0.108246    0.000571    0.166272 ^ clkbuf_4_8_0_wclk/A (sky130_fd_sc_hd__clkbuf_8)
    13    0.030580    0.067260    0.168774    0.335046 ^ clkbuf_4_8_0_wclk/X (sky130_fd_sc_hd__clkbuf_8)
                                                         clknet_4_8_0_wclk (net)
                      0.067260    0.000071    0.335116 ^ _696_/CLK (sky130_fd_sc_hd__dfxtp_1)
     2    0.004215    0.054341    0.317494    0.652610 ^ _696_/Q (sky130_fd_sc_hd__dfxtp_1)
                                                         bram.mem[2][6] (net)
                      0.054341    0.000014    0.652624 ^ _522_/A0 (sky130_fd_sc_hd__mux2_1)
     1    0.002483    0.040301    0.115109    0.767733 ^ _522_/X (sky130_fd_sc_hd__mux2_1)
                                                         _134_ (net)
                      0.040301    0.000010    0.767743 ^ _696_/D (sky130_fd_sc_hd__dfxtp_1)
                                              0.767743   data arrival time

                                  0.000000    0.000000   clock wclk (rise edge)
                                  0.000000    0.000000   clock source latency
     1    0.016889    0.000000    0.000000    0.000000 ^ wclk (in)
                                                         wclk (net)
                      0.000820    0.000410    0.000410 ^ clkbuf_0_wclk/A (sky130_fd_sc_hd__clkbuf_16)
    16    0.092148    0.108245    0.165291    0.165701 ^ clkbuf_0_wclk/X (sky130_fd_sc_hd__clkbuf_16)
                                                         clknet_0_wclk (net)
                      0.108246    0.000571    0.166272 ^ clkbuf_4_8_0_wclk/A (sky130_fd_sc_hd__clkbuf_8)
    13    0.030580    0.067260    0.168774    0.335046 ^ clkbuf_4_8_0_wclk/X (sky130_fd_sc_hd__clkbuf_8)
                                                         clknet_4_8_0_wclk (net)
                      0.067260    0.000071    0.335116 ^ _696_/CLK (sky130_fd_sc_hd__dfxtp_1)
                                  0.000000    0.335116   clock reconvergence pessimism
                                 -0.027355    0.307762   library hold time
                                              0.307762   data required time
---------------------------------------------------------------------------------------------
                                              0.307762   data required time
                                             -0.767743   data arrival time
---------------------------------------------------------------------------------------------
                                              0.459981   slack (MET)


Startpoint: _687_ (rising edge-triggered flip-flop clocked by wclk)
Endpoint: _687_ (rising edge-triggered flip-flop clocked by wclk)
Path Group: wclk
Path Type: min

Fanout         Cap        Slew       Delay        Time   Description
---------------------------------------------------------------------------------------------
                                  0.000000    0.000000   clock wclk (rise edge)
                                  0.000000    0.000000   clock source latency
     1    0.016889    0.000000    0.000000    0.000000 ^ wclk (in)
                                                         wclk (net)
                      0.000820    0.000410    0.000410 ^ clkbuf_0_wclk/A (sky130_fd_sc_hd__clkbuf_16)
    16    0.092148    0.108245    0.165291    0.165701 ^ clkbuf_0_wclk/X (sky130_fd_sc_hd__clkbuf_16)
                                                         clknet_0_wclk (net)
                      0.108246    0.000565    0.166267 ^ clkbuf_4_9_0_wclk/A (sky130_fd_sc_hd__clkbuf_8)
     9    0.027724    0.062866    0.165294    0.331561 ^ clkbuf_4_9_0_wclk/X (sky130_fd_sc_hd__clkbuf_8)
                                                         clknet_4_9_0_wclk (net)
                      0.062866    0.000047    0.331608 ^ _687_/CLK (sky130_fd_sc_hd__dfxtp_1)
     2    0.004543    0.057234    0.318010    0.649618 ^ _687_/Q (sky130_fd_sc_hd__dfxtp_1)
                                                         bram.mem[15][5] (net)
                      0.057234    0.000004    0.649622 ^ _512_/A1 (sky130_fd_sc_hd__mux2_1)
     1    0.001986    0.036433    0.114906    0.764529 ^ _512_/X (sky130_fd_sc_hd__mux2_1)
                                                         _125_ (net)
                      0.036433    0.000003    0.764532 ^ _687_/D (sky130_fd_sc_hd__dfxtp_1)
                                              0.764532   data arrival time

                                  0.000000    0.000000   clock wclk (rise edge)
                                  0.000000    0.000000   clock source latency
     1    0.016889    0.000000    0.000000    0.000000 ^ wclk (in)
                                                         wclk (net)
                      0.000820    0.000410    0.000410 ^ clkbuf_0_wclk/A (sky130_fd_sc_hd__clkbuf_16)
    16    0.092148    0.108245    0.165291    0.165701 ^ clkbuf_0_wclk/X (sky130_fd_sc_hd__clkbuf_16)
                                                         clknet_0_wclk (net)
                      0.108246    0.000565    0.166267 ^ clkbuf_4_9_0_wclk/A (sky130_fd_sc_hd__clkbuf_8)
     9    0.027724    0.062866    0.165294    0.331561 ^ clkbuf_4_9_0_wclk/X (sky130_fd_sc_hd__clkbuf_8)
                                                         clknet_4_9_0_wclk (net)
                      0.062866    0.000047    0.331608 ^ _687_/CLK (sky130_fd_sc_hd__dfxtp_1)
                                  0.000000    0.331608   clock reconvergence pessimism
                                 -0.027125    0.304482   library hold time
                                              0.304482   data required time
---------------------------------------------------------------------------------------------
                                              0.304482   data required time
                                             -0.764532   data arrival time
---------------------------------------------------------------------------------------------
                                              0.460050   slack (MET)


Startpoint: _633_ (rising edge-triggered flip-flop clocked by wclk)
Endpoint: _633_ (rising edge-triggered flip-flop clocked by wclk)
Path Group: wclk
Path Type: min

Fanout         Cap        Slew       Delay        Time   Description
---------------------------------------------------------------------------------------------
                                  0.000000    0.000000   clock wclk (rise edge)
                                  0.000000    0.000000   clock source latency
     1    0.016889    0.000000    0.000000    0.000000 ^ wclk (in)
                                                         wclk (net)
                      0.000820    0.000410    0.000410 ^ clkbuf_0_wclk/A (sky130_fd_sc_hd__clkbuf_16)
    16    0.092148    0.108245    0.165291    0.165701 ^ clkbuf_0_wclk/X (sky130_fd_sc_hd__clkbuf_16)
                                                         clknet_0_wclk (net)
                      0.108245    0.000530    0.166231 ^ clkbuf_4_4_0_wclk/A (sky130_fd_sc_hd__clkbuf_8)
    10    0.029506    0.065604    0.167464    0.333695 ^ clkbuf_4_4_0_wclk/X (sky130_fd_sc_hd__clkbuf_8)
                                                         clknet_4_4_0_wclk (net)
                      0.065604    0.000031    0.333726 ^ _633_/CLK (sky130_fd_sc_hd__dfxtp_1)
     2    0.004468    0.056568    0.318540    0.652266 ^ _633_/Q (sky130_fd_sc_hd__dfxtp_1)
                                                         bram.mem[5][0] (net)
                      0.056568    0.000007    0.652273 ^ _463_/A1 (sky130_fd_sc_hd__mux2_1)
     1    0.001993    0.036462    0.114736    0.767009 ^ _463_/X (sky130_fd_sc_hd__mux2_1)
                                                         _080_ (net)
                      0.036462    0.000004    0.767013 ^ _633_/D (sky130_fd_sc_hd__dfxtp_1)
                                              0.767013   data arrival time

                                  0.000000    0.000000   clock wclk (rise edge)
                                  0.000000    0.000000   clock source latency
     1    0.016889    0.000000    0.000000    0.000000 ^ wclk (in)
                                                         wclk (net)
                      0.000820    0.000410    0.000410 ^ clkbuf_0_wclk/A (sky130_fd_sc_hd__clkbuf_16)
    16    0.092148    0.108245    0.165291    0.165701 ^ clkbuf_0_wclk/X (sky130_fd_sc_hd__clkbuf_16)
                                                         clknet_0_wclk (net)
                      0.108245    0.000530    0.166231 ^ clkbuf_4_4_0_wclk/A (sky130_fd_sc_hd__clkbuf_8)
    10    0.029506    0.065604    0.167464    0.333695 ^ clkbuf_4_4_0_wclk/X (sky130_fd_sc_hd__clkbuf_8)
                                                         clknet_4_4_0_wclk (net)
                      0.065604    0.000031    0.333726 ^ _633_/CLK (sky130_fd_sc_hd__dfxtp_1)
                                  0.000000    0.333726   clock reconvergence pessimism
                                 -0.026771    0.306955   library hold time
                                              0.306955   data required time
---------------------------------------------------------------------------------------------
                                              0.306955   data required time
                                             -0.767013   data arrival time
---------------------------------------------------------------------------------------------
                                              0.460058   slack (MET)


Startpoint: _604_ (rising edge-triggered flip-flop clocked by wclk)
Endpoint: _604_ (rising edge-triggered flip-flop clocked by wclk)
Path Group: wclk
Path Type: min

Fanout         Cap        Slew       Delay        Time   Description
---------------------------------------------------------------------------------------------
                                  0.000000    0.000000   clock wclk (rise edge)
                                  0.000000    0.000000   clock source latency
     1    0.016889    0.000000    0.000000    0.000000 ^ wclk (in)
                                                         wclk (net)
                      0.000820    0.000410    0.000410 ^ clkbuf_0_wclk/A (sky130_fd_sc_hd__clkbuf_16)
    16    0.092148    0.108245    0.165291    0.165701 ^ clkbuf_0_wclk/X (sky130_fd_sc_hd__clkbuf_16)
                                                         clknet_0_wclk (net)
                      0.108249    0.000805    0.166506 ^ clkbuf_4_0_0_wclk/A (sky130_fd_sc_hd__clkbuf_8)
    12    0.030706    0.067456    0.168922    0.335428 ^ clkbuf_4_0_0_wclk/X (sky130_fd_sc_hd__clkbuf_8)
                                                         clknet_4_0_0_wclk (net)
                      0.067456    0.000012    0.335440 ^ _604_/CLK (sky130_fd_sc_hd__dfxtp_1)
     2    0.004387    0.055857    0.318703    0.654143 ^ _604_/Q (sky130_fd_sc_hd__dfxtp_1)
                                                         bram.mem[7][4] (net)
                      0.055857    0.000005    0.654148 ^ _439_/A1 (sky130_fd_sc_hd__mux2_1)
     1    0.002033    0.036779    0.114809    0.768958 ^ _439_/X (sky130_fd_sc_hd__mux2_1)
                                                         _060_ (net)
                      0.036779    0.000004    0.768961 ^ _604_/D (sky130_fd_sc_hd__dfxtp_1)
                                              0.768961   data arrival time

                                  0.000000    0.000000   clock wclk (rise edge)
                                  0.000000    0.000000   clock source latency
     1    0.016889    0.000000    0.000000    0.000000 ^ wclk (in)
                                                         wclk (net)
                      0.000820    0.000410    0.000410 ^ clkbuf_0_wclk/A (sky130_fd_sc_hd__clkbuf_16)
    16    0.092148    0.108245    0.165291    0.165701 ^ clkbuf_0_wclk/X (sky130_fd_sc_hd__clkbuf_16)
                                                         clknet_0_wclk (net)
                      0.108249    0.000805    0.166506 ^ clkbuf_4_0_0_wclk/A (sky130_fd_sc_hd__clkbuf_8)
    12    0.030706    0.067456    0.168922    0.335428 ^ clkbuf_4_0_0_wclk/X (sky130_fd_sc_hd__clkbuf_8)
                                                         clknet_4_0_0_wclk (net)
                      0.067456    0.000012    0.335440 ^ _604_/CLK (sky130_fd_sc_hd__dfxtp_1)
                                  0.000000    0.335440   clock reconvergence pessimism
                                 -0.026594    0.308846   library hold time
                                              0.308846   data required time
---------------------------------------------------------------------------------------------
                                              0.308846   data required time
                                             -0.768961   data arrival time
---------------------------------------------------------------------------------------------
                                              0.460115   slack (MET)


Startpoint: _593_ (rising edge-triggered flip-flop clocked by wclk)
Endpoint: _593_ (rising edge-triggered flip-flop clocked by wclk)
Path Group: wclk
Path Type: min

Fanout         Cap        Slew       Delay        Time   Description
---------------------------------------------------------------------------------------------
                                  0.000000    0.000000   clock wclk (rise edge)
                                  0.000000    0.000000   clock source latency
     1    0.016889    0.000000    0.000000    0.000000 ^ wclk (in)
                                                         wclk (net)
                      0.000820    0.000410    0.000410 ^ clkbuf_0_wclk/A (sky130_fd_sc_hd__clkbuf_16)
    16    0.092148    0.108245    0.165291    0.165701 ^ clkbuf_0_wclk/X (sky130_fd_sc_hd__clkbuf_16)
                                                         clknet_0_wclk (net)
                      0.108245    0.000404    0.166105 ^ clkbuf_4_14_0_wclk/A (sky130_fd_sc_hd__clkbuf_8)
     9    0.028789    0.064501    0.166578    0.332682 ^ clkbuf_4_14_0_wclk/X (sky130_fd_sc_hd__clkbuf_8)
                                                         clknet_4_14_0_wclk (net)
                      0.064501    0.000127    0.332810 ^ _593_/CLK (sky130_fd_sc_hd__dfxtp_1)
     2    0.004402    0.055990    0.317692    0.650502 ^ _593_/Q (sky130_fd_sc_hd__dfxtp_1)
                                                         bram.mem[10][1] (net)
                      0.055990    0.000006    0.650508 ^ _426_/A0 (sky130_fd_sc_hd__mux2_1)
     1    0.002389    0.039555    0.114920    0.765427 ^ _426_/X (sky130_fd_sc_hd__mux2_1)
                                                         _049_ (net)
                      0.039555    0.000007    0.765435 ^ _593_/D (sky130_fd_sc_hd__dfxtp_1)
                                              0.765435   data arrival time

                                  0.000000    0.000000   clock wclk (rise edge)
                                  0.000000    0.000000   clock source latency
     1    0.016889    0.000000    0.000000    0.000000 ^ wclk (in)
                                                         wclk (net)
                      0.000820    0.000410    0.000410 ^ clkbuf_0_wclk/A (sky130_fd_sc_hd__clkbuf_16)
    16    0.092148    0.108245    0.165291    0.165701 ^ clkbuf_0_wclk/X (sky130_fd_sc_hd__clkbuf_16)
                                                         clknet_0_wclk (net)
                      0.108245    0.000404    0.166105 ^ clkbuf_4_14_0_wclk/A (sky130_fd_sc_hd__clkbuf_8)
     9    0.028789    0.064501    0.166578    0.332682 ^ clkbuf_4_14_0_wclk/X (sky130_fd_sc_hd__clkbuf_8)
                                                         clknet_4_14_0_wclk (net)
                      0.064501    0.000127    0.332810 ^ _593_/CLK (sky130_fd_sc_hd__dfxtp_1)
                                  0.000000    0.332810   clock reconvergence pessimism
                                 -0.027562    0.305247   library hold time
                                              0.305247   data required time
---------------------------------------------------------------------------------------------
                                              0.305247   data required time
                                             -0.765435   data arrival time
---------------------------------------------------------------------------------------------
                                              0.460187   slack (MET)


Startpoint: _568_ (rising edge-triggered flip-flop clocked by wclk)
Endpoint: _568_ (rising edge-triggered flip-flop clocked by wclk)
Path Group: wclk
Path Type: min

Fanout         Cap        Slew       Delay        Time   Description
---------------------------------------------------------------------------------------------
                                  0.000000    0.000000   clock wclk (rise edge)
                                  0.000000    0.000000   clock source latency
     1    0.016889    0.000000    0.000000    0.000000 ^ wclk (in)
                                                         wclk (net)
                      0.000820    0.000410    0.000410 ^ clkbuf_0_wclk/A (sky130_fd_sc_hd__clkbuf_16)
    16    0.092148    0.108245    0.165291    0.165701 ^ clkbuf_0_wclk/X (sky130_fd_sc_hd__clkbuf_16)
                                                         clknet_0_wclk (net)
                      0.108245    0.000297    0.165998 ^ clkbuf_4_12_0_wclk/A (sky130_fd_sc_hd__clkbuf_8)
     8    0.028409    0.063918    0.166117    0.332116 ^ clkbuf_4_12_0_wclk/X (sky130_fd_sc_hd__clkbuf_8)
                                                         clknet_4_12_0_wclk (net)
                      0.063918    0.000042    0.332157 ^ _568_/CLK (sky130_fd_sc_hd__dfxtp_1)
     2    0.004470    0.056584    0.317918    0.650075 ^ _568_/Q (sky130_fd_sc_hd__dfxtp_1)
                                                         bram.mem[13][0] (net)
                      0.056584    0.000017    0.650092 ^ _398_/A1 (sky130_fd_sc_hd__mux2_1)
     1    0.002048    0.036901    0.115179    0.765271 ^ _398_/X (sky130_fd_sc_hd__mux2_1)
                                                         _024_ (net)
                      0.036901    0.000004    0.765275 ^ _568_/D (sky130_fd_sc_hd__dfxtp_1)
                                              0.765275   data arrival time

                                  0.000000    0.000000   clock wclk (rise edge)
                                  0.000000    0.000000   clock source latency
     1    0.016889    0.000000    0.000000    0.000000 ^ wclk (in)
                                                         wclk (net)
                      0.000820    0.000410    0.000410 ^ clkbuf_0_wclk/A (sky130_fd_sc_hd__clkbuf_16)
    16    0.092148    0.108245    0.165291    0.165701 ^ clkbuf_0_wclk/X (sky130_fd_sc_hd__clkbuf_16)
                                                         clknet_0_wclk (net)
                      0.108245    0.000297    0.165998 ^ clkbuf_4_12_0_wclk/A (sky130_fd_sc_hd__clkbuf_8)
     8    0.028409    0.063918    0.166117    0.332116 ^ clkbuf_4_12_0_wclk/X (sky130_fd_sc_hd__clkbuf_8)
                                                         clknet_4_12_0_wclk (net)
                      0.063918    0.000042    0.332157 ^ _568_/CLK (sky130_fd_sc_hd__dfxtp_1)
                                  0.000000    0.332157   clock reconvergence pessimism
                                 -0.027085    0.305073   library hold time
                                              0.305073   data required time
---------------------------------------------------------------------------------------------
                                              0.305073   data required time
                                             -0.765275   data arrival time
---------------------------------------------------------------------------------------------
                                              0.460202   slack (MET)


Startpoint: _692_ (rising edge-triggered flip-flop clocked by wclk)
Endpoint: _692_ (rising edge-triggered flip-flop clocked by wclk)
Path Group: wclk
Path Type: min

Fanout         Cap        Slew       Delay        Time   Description
---------------------------------------------------------------------------------------------
                                  0.000000    0.000000   clock wclk (rise edge)
                                  0.000000    0.000000   clock source latency
     1    0.016889    0.000000    0.000000    0.000000 ^ wclk (in)
                                                         wclk (net)
                      0.000820    0.000410    0.000410 ^ clkbuf_0_wclk/A (sky130_fd_sc_hd__clkbuf_16)
    16    0.092148    0.108245    0.165291    0.165701 ^ clkbuf_0_wclk/X (sky130_fd_sc_hd__clkbuf_16)
                                                         clknet_0_wclk (net)
                      0.108249    0.000805    0.166506 ^ clkbuf_4_0_0_wclk/A (sky130_fd_sc_hd__clkbuf_8)
    12    0.030706    0.067456    0.168922    0.335428 ^ clkbuf_4_0_0_wclk/X (sky130_fd_sc_hd__clkbuf_8)
                                                         clknet_4_0_0_wclk (net)
                      0.067456    0.000124    0.335552 ^ _692_/CLK (sky130_fd_sc_hd__dfxtp_1)
     2    0.004194    0.054152    0.317426    0.652978 ^ _692_/Q (sky130_fd_sc_hd__dfxtp_1)
                                                         bram.mem[2][2] (net)
                      0.054152    0.000014    0.652992 ^ _518_/A0 (sky130_fd_sc_hd__mux2_1)
     1    0.002523    0.040613    0.115361    0.768352 ^ _518_/X (sky130_fd_sc_hd__mux2_1)
                                                         _130_ (net)
                      0.040613    0.000011    0.768363 ^ _692_/D (sky130_fd_sc_hd__dfxtp_1)
                                              0.768363   data arrival time

                                  0.000000    0.000000   clock wclk (rise edge)
                                  0.000000    0.000000   clock source latency
     1    0.016889    0.000000    0.000000    0.000000 ^ wclk (in)
                                                         wclk (net)
                      0.000820    0.000410    0.000410 ^ clkbuf_0_wclk/A (sky130_fd_sc_hd__clkbuf_16)
    16    0.092148    0.108245    0.165291    0.165701 ^ clkbuf_0_wclk/X (sky130_fd_sc_hd__clkbuf_16)
                                                         clknet_0_wclk (net)
                      0.108249    0.000805    0.166506 ^ clkbuf_4_0_0_wclk/A (sky130_fd_sc_hd__clkbuf_8)
    12    0.030706    0.067456    0.168922    0.335428 ^ clkbuf_4_0_0_wclk/X (sky130_fd_sc_hd__clkbuf_8)
                                                         clknet_4_0_0_wclk (net)
                      0.067456    0.000124    0.335552 ^ _692_/CLK (sky130_fd_sc_hd__dfxtp_1)
                                  0.000000    0.335552   clock reconvergence pessimism
                                 -0.027394    0.308158   library hold time
                                              0.308158   data required time
---------------------------------------------------------------------------------------------
                                              0.308158   data required time
                                             -0.768363   data arrival time
---------------------------------------------------------------------------------------------
                                              0.460205   slack (MET)


Startpoint: _678_ (rising edge-triggered flip-flop clocked by wclk)
Endpoint: _678_ (rising edge-triggered flip-flop clocked by wclk)
Path Group: wclk
Path Type: min

Fanout         Cap        Slew       Delay        Time   Description
---------------------------------------------------------------------------------------------
                                  0.000000    0.000000   clock wclk (rise edge)
                                  0.000000    0.000000   clock source latency
     1    0.016889    0.000000    0.000000    0.000000 ^ wclk (in)
                                                         wclk (net)
                      0.000820    0.000410    0.000410 ^ clkbuf_0_wclk/A (sky130_fd_sc_hd__clkbuf_16)
    16    0.092148    0.108245    0.165291    0.165701 ^ clkbuf_0_wclk/X (sky130_fd_sc_hd__clkbuf_16)
                                                         clknet_0_wclk (net)
                      0.108249    0.000827    0.166528 ^ clkbuf_4_1_0_wclk/A (sky130_fd_sc_hd__clkbuf_8)
    11    0.030115    0.066540    0.168215    0.334743 ^ clkbuf_4_1_0_wclk/X (sky130_fd_sc_hd__clkbuf_8)
                                                         clknet_4_1_0_wclk (net)
                      0.066540    0.000076    0.334820 ^ _678_/CLK (sky130_fd_sc_hd__dfxtp_1)
     2    0.004426    0.056196    0.318613    0.653433 ^ _678_/Q (sky130_fd_sc_hd__dfxtp_1)
                                                         bram.mem[1][4] (net)
                      0.056196    0.000005    0.653438 ^ _503_/A1 (sky130_fd_sc_hd__mux2_1)
     1    0.002033    0.036789    0.114925    0.768363 ^ _503_/X (sky130_fd_sc_hd__mux2_1)
                                                         _116_ (net)
                      0.036789    0.000004    0.768367 ^ _678_/D (sky130_fd_sc_hd__dfxtp_1)
                                              0.768367   data arrival time

                                  0.000000    0.000000   clock wclk (rise edge)
                                  0.000000    0.000000   clock source latency
     1    0.016889    0.000000    0.000000    0.000000 ^ wclk (in)
                                                         wclk (net)
                      0.000820    0.000410    0.000410 ^ clkbuf_0_wclk/A (sky130_fd_sc_hd__clkbuf_16)
    16    0.092148    0.108245    0.165291    0.165701 ^ clkbuf_0_wclk/X (sky130_fd_sc_hd__clkbuf_16)
                                                         clknet_0_wclk (net)
                      0.108249    0.000827    0.166528 ^ clkbuf_4_1_0_wclk/A (sky130_fd_sc_hd__clkbuf_8)
    11    0.030115    0.066540    0.168215    0.334743 ^ clkbuf_4_1_0_wclk/X (sky130_fd_sc_hd__clkbuf_8)
                                                         clknet_4_1_0_wclk (net)
                      0.066540    0.000076    0.334820 ^ _678_/CLK (sky130_fd_sc_hd__dfxtp_1)
                                  0.000000    0.334820   clock reconvergence pessimism
                                 -0.026716    0.308103   library hold time
                                              0.308103   data required time
---------------------------------------------------------------------------------------------
                                              0.308103   data required time
                                             -0.768367   data arrival time
---------------------------------------------------------------------------------------------
                                              0.460264   slack (MET)


Startpoint: _607_ (rising edge-triggered flip-flop clocked by wclk)
Endpoint: _607_ (rising edge-triggered flip-flop clocked by wclk)
Path Group: wclk
Path Type: min

Fanout         Cap        Slew       Delay        Time   Description
---------------------------------------------------------------------------------------------
                                  0.000000    0.000000   clock wclk (rise edge)
                                  0.000000    0.000000   clock source latency
     1    0.016889    0.000000    0.000000    0.000000 ^ wclk (in)
                                                         wclk (net)
                      0.000820    0.000410    0.000410 ^ clkbuf_0_wclk/A (sky130_fd_sc_hd__clkbuf_16)
    16    0.092148    0.108245    0.165291    0.165701 ^ clkbuf_0_wclk/X (sky130_fd_sc_hd__clkbuf_16)
                                                         clknet_0_wclk (net)
                      0.108247    0.000710    0.166412 ^ clkbuf_4_2_0_wclk/A (sky130_fd_sc_hd__clkbuf_8)
    12    0.030163    0.066616    0.168266    0.334678 ^ clkbuf_4_2_0_wclk/X (sky130_fd_sc_hd__clkbuf_8)
                                                         clknet_4_2_0_wclk (net)
                      0.066616    0.000079    0.334756 ^ _607_/CLK (sky130_fd_sc_hd__dfxtp_1)
     2    0.004308    0.055160    0.317866    0.652622 ^ _607_/Q (sky130_fd_sc_hd__dfxtp_1)
                                                         bram.mem[7][7] (net)
                      0.055160    0.000007    0.652629 ^ _442_/A1 (sky130_fd_sc_hd__mux2_1)
     1    0.002151    0.037718    0.115518    0.768147 ^ _442_/X (sky130_fd_sc_hd__mux2_1)
                                                         _063_ (net)
                      0.037718    0.000005    0.768152 ^ _607_/D (sky130_fd_sc_hd__dfxtp_1)
                                              0.768152   data arrival time

                                  0.000000    0.000000   clock wclk (rise edge)
                                  0.000000    0.000000   clock source latency
     1    0.016889    0.000000    0.000000    0.000000 ^ wclk (in)
                                                         wclk (net)
                      0.000820    0.000410    0.000410 ^ clkbuf_0_wclk/A (sky130_fd_sc_hd__clkbuf_16)
    16    0.092148    0.108245    0.165291    0.165701 ^ clkbuf_0_wclk/X (sky130_fd_sc_hd__clkbuf_16)
                                                         clknet_0_wclk (net)
                      0.108247    0.000710    0.166412 ^ clkbuf_4_2_0_wclk/A (sky130_fd_sc_hd__clkbuf_8)
    12    0.030163    0.066616    0.168266    0.334678 ^ clkbuf_4_2_0_wclk/X (sky130_fd_sc_hd__clkbuf_8)
                                                         clknet_4_2_0_wclk (net)
                      0.066616    0.000079    0.334756 ^ _607_/CLK (sky130_fd_sc_hd__dfxtp_1)
                                  0.000000    0.334756   clock reconvergence pessimism
                                 -0.026900    0.307856   library hold time
                                              0.307856   data required time
---------------------------------------------------------------------------------------------
                                              0.307856   data required time
                                             -0.768152   data arrival time
---------------------------------------------------------------------------------------------
                                              0.460296   slack (MET)


Startpoint: _688_ (rising edge-triggered flip-flop clocked by wclk)
Endpoint: _688_ (rising edge-triggered flip-flop clocked by wclk)
Path Group: wclk
Path Type: min

Fanout         Cap        Slew       Delay        Time   Description
---------------------------------------------------------------------------------------------
                                  0.000000    0.000000   clock wclk (rise edge)
                                  0.000000    0.000000   clock source latency
     1    0.016889    0.000000    0.000000    0.000000 ^ wclk (in)
                                                         wclk (net)
                      0.000820    0.000410    0.000410 ^ clkbuf_0_wclk/A (sky130_fd_sc_hd__clkbuf_16)
    16    0.092148    0.108245    0.165291    0.165701 ^ clkbuf_0_wclk/X (sky130_fd_sc_hd__clkbuf_16)
                                                         clknet_0_wclk (net)
                      0.108248    0.000732    0.166433 ^ clkbuf_4_10_0_wclk/A (sky130_fd_sc_hd__clkbuf_8)
    12    0.030472    0.067092    0.168649    0.335083 ^ clkbuf_4_10_0_wclk/X (sky130_fd_sc_hd__clkbuf_8)
                                                         clknet_4_10_0_wclk (net)
                      0.067092    0.000015    0.335098 ^ _688_/CLK (sky130_fd_sc_hd__dfxtp_1)
     2    0.004307    0.055150    0.318037    0.653135 ^ _688_/Q (sky130_fd_sc_hd__dfxtp_1)
                                                         bram.mem[15][6] (net)
                      0.055150    0.000003    0.653138 ^ _513_/A1 (sky130_fd_sc_hd__mux2_1)
     1    0.002144    0.037684    0.115459    0.768596 ^ _513_/X (sky130_fd_sc_hd__mux2_1)
                                                         _126_ (net)
                      0.037684    0.000005    0.768601 ^ _688_/D (sky130_fd_sc_hd__dfxtp_1)
                                              0.768601   data arrival time

                                  0.000000    0.000000   clock wclk (rise edge)
                                  0.000000    0.000000   clock source latency
     1    0.016889    0.000000    0.000000    0.000000 ^ wclk (in)
                                                         wclk (net)
                      0.000820    0.000410    0.000410 ^ clkbuf_0_wclk/A (sky130_fd_sc_hd__clkbuf_16)
    16    0.092148    0.108245    0.165291    0.165701 ^ clkbuf_0_wclk/X (sky130_fd_sc_hd__clkbuf_16)
                                                         clknet_0_wclk (net)
                      0.108248    0.000732    0.166433 ^ clkbuf_4_10_0_wclk/A (sky130_fd_sc_hd__clkbuf_8)
    12    0.030472    0.067092    0.168649    0.335083 ^ clkbuf_4_10_0_wclk/X (sky130_fd_sc_hd__clkbuf_8)
                                                         clknet_4_10_0_wclk (net)
                      0.067092    0.000015    0.335098 ^ _688_/CLK (sky130_fd_sc_hd__dfxtp_1)
                                  0.000000    0.335098   clock reconvergence pessimism
                                 -0.026831    0.308267   library hold time
                                              0.308267   data required time
---------------------------------------------------------------------------------------------
                                              0.308267   data required time
                                             -0.768601   data arrival time
---------------------------------------------------------------------------------------------
                                              0.460334   slack (MET)


Startpoint: _591_ (rising edge-triggered flip-flop clocked by wclk)
Endpoint: _591_ (rising edge-triggered flip-flop clocked by wclk)
Path Group: wclk
Path Type: min

Fanout         Cap        Slew       Delay        Time   Description
---------------------------------------------------------------------------------------------
                                  0.000000    0.000000   clock wclk (rise edge)
                                  0.000000    0.000000   clock source latency
     1    0.016889    0.000000    0.000000    0.000000 ^ wclk (in)
                                                         wclk (net)
                      0.000820    0.000410    0.000410 ^ clkbuf_0_wclk/A (sky130_fd_sc_hd__clkbuf_16)
    16    0.092148    0.108245    0.165291    0.165701 ^ clkbuf_0_wclk/X (sky130_fd_sc_hd__clkbuf_16)
                                                         clknet_0_wclk (net)
                      0.108248    0.000732    0.166433 ^ clkbuf_4_10_0_wclk/A (sky130_fd_sc_hd__clkbuf_8)
    12    0.030472    0.067092    0.168649    0.335083 ^ clkbuf_4_10_0_wclk/X (sky130_fd_sc_hd__clkbuf_8)
                                                         clknet_4_10_0_wclk (net)
                      0.067092    0.000062    0.335145 ^ _591_/CLK (sky130_fd_sc_hd__dfxtp_1)
     2    0.004452    0.056428    0.318994    0.654139 ^ _591_/Q (sky130_fd_sc_hd__dfxtp_1)
                                                         bram.mem[11][7] (net)
                      0.056428    0.000004    0.654143 ^ _423_/A1 (sky130_fd_sc_hd__mux2_1)
     1    0.002026    0.036730    0.114948    0.769091 ^ _423_/X (sky130_fd_sc_hd__mux2_1)
                                                         _047_ (net)
                      0.036730    0.000004    0.769095 ^ _591_/D (sky130_fd_sc_hd__dfxtp_1)
                                              0.769095   data arrival time

                                  0.000000    0.000000   clock wclk (rise edge)
                                  0.000000    0.000000   clock source latency
     1    0.016889    0.000000    0.000000    0.000000 ^ wclk (in)
                                                         wclk (net)
                      0.000820    0.000410    0.000410 ^ clkbuf_0_wclk/A (sky130_fd_sc_hd__clkbuf_16)
    16    0.092148    0.108245    0.165291    0.165701 ^ clkbuf_0_wclk/X (sky130_fd_sc_hd__clkbuf_16)
                                                         clknet_0_wclk (net)
                      0.108248    0.000732    0.166433 ^ clkbuf_4_10_0_wclk/A (sky130_fd_sc_hd__clkbuf_8)
    12    0.030472    0.067092    0.168649    0.335083 ^ clkbuf_4_10_0_wclk/X (sky130_fd_sc_hd__clkbuf_8)
                                                         clknet_4_10_0_wclk (net)
                      0.067092    0.000062    0.335145 ^ _591_/CLK (sky130_fd_sc_hd__dfxtp_1)
                                  0.000000    0.335145   clock reconvergence pessimism
                                 -0.026631    0.308514   library hold time
                                              0.308514   data required time
---------------------------------------------------------------------------------------------
                                              0.308514   data required time
                                             -0.769095   data arrival time
---------------------------------------------------------------------------------------------
                                              0.460581   slack (MET)


Startpoint: _645_ (rising edge-triggered flip-flop clocked by wclk)
Endpoint: _645_ (rising edge-triggered flip-flop clocked by wclk)
Path Group: wclk
Path Type: min

Fanout         Cap        Slew       Delay        Time   Description
---------------------------------------------------------------------------------------------
                                  0.000000    0.000000   clock wclk (rise edge)
                                  0.000000    0.000000   clock source latency
     1    0.016889    0.000000    0.000000    0.000000 ^ wclk (in)
                                                         wclk (net)
                      0.000820    0.000410    0.000410 ^ clkbuf_0_wclk/A (sky130_fd_sc_hd__clkbuf_16)
    16    0.092148    0.108245    0.165291    0.165701 ^ clkbuf_0_wclk/X (sky130_fd_sc_hd__clkbuf_16)
                                                         clknet_0_wclk (net)
                      0.108249    0.000805    0.166506 ^ clkbuf_4_0_0_wclk/A (sky130_fd_sc_hd__clkbuf_8)
    12    0.030706    0.067456    0.168922    0.335428 ^ clkbuf_4_0_0_wclk/X (sky130_fd_sc_hd__clkbuf_8)
                                                         clknet_4_0_0_wclk (net)
                      0.067456    0.000007    0.335435 ^ _645_/CLK (sky130_fd_sc_hd__dfxtp_1)
     2    0.004641    0.058092    0.320377    0.655812 ^ _645_/Q (sky130_fd_sc_hd__dfxtp_1)
                                                         bram.mem[6][4] (net)
                      0.058092    0.000012    0.655825 ^ _476_/A0 (sky130_fd_sc_hd__mux2_1)
     1    0.002122    0.037445    0.113499    0.769324 ^ _476_/X (sky130_fd_sc_hd__mux2_1)
                                                         _092_ (net)
                      0.037445    0.000006    0.769329 ^ _645_/D (sky130_fd_sc_hd__dfxtp_1)
                                              0.769329   data arrival time

                                  0.000000    0.000000   clock wclk (rise edge)
                                  0.000000    0.000000   clock source latency
     1    0.016889    0.000000    0.000000    0.000000 ^ wclk (in)
                                                         wclk (net)
                      0.000820    0.000410    0.000410 ^ clkbuf_0_wclk/A (sky130_fd_sc_hd__clkbuf_16)
    16    0.092148    0.108245    0.165291    0.165701 ^ clkbuf_0_wclk/X (sky130_fd_sc_hd__clkbuf_16)
                                                         clknet_0_wclk (net)
                      0.108249    0.000805    0.166506 ^ clkbuf_4_0_0_wclk/A (sky130_fd_sc_hd__clkbuf_8)
    12    0.030706    0.067456    0.168922    0.335428 ^ clkbuf_4_0_0_wclk/X (sky130_fd_sc_hd__clkbuf_8)
                                                         clknet_4_0_0_wclk (net)
                      0.067456    0.000007    0.335435 ^ _645_/CLK (sky130_fd_sc_hd__dfxtp_1)
                                  0.000000    0.335435   clock reconvergence pessimism
                                 -0.026733    0.308703   library hold time
                                              0.308703   data required time
---------------------------------------------------------------------------------------------
                                              0.308703   data required time
                                             -0.769329   data arrival time
---------------------------------------------------------------------------------------------
                                              0.460627   slack (MET)


Startpoint: _582_ (rising edge-triggered flip-flop clocked by wclk)
Endpoint: _582_ (rising edge-triggered flip-flop clocked by wclk)
Path Group: wclk
Path Type: min

Fanout         Cap        Slew       Delay        Time   Description
---------------------------------------------------------------------------------------------
                                  0.000000    0.000000   clock wclk (rise edge)
                                  0.000000    0.000000   clock source latency
     1    0.016889    0.000000    0.000000    0.000000 ^ wclk (in)
                                                         wclk (net)
                      0.000820    0.000410    0.000410 ^ clkbuf_0_wclk/A (sky130_fd_sc_hd__clkbuf_16)
    16    0.092148    0.108245    0.165291    0.165701 ^ clkbuf_0_wclk/X (sky130_fd_sc_hd__clkbuf_16)
                                                         clknet_0_wclk (net)
                      0.108247    0.000719    0.166420 ^ clkbuf_4_11_0_wclk/A (sky130_fd_sc_hd__clkbuf_8)
    11    0.030534    0.067189    0.168715    0.335135 ^ clkbuf_4_11_0_wclk/X (sky130_fd_sc_hd__clkbuf_8)
                                                         clknet_4_11_0_wclk (net)
                      0.067189    0.000033    0.335168 ^ _582_/CLK (sky130_fd_sc_hd__dfxtp_1)
     2    0.004451    0.056416    0.319022    0.654190 ^ _582_/Q (sky130_fd_sc_hd__dfxtp_1)
                                                         bram.mem[12][6] (net)
                      0.056416    0.000019    0.654210 ^ _413_/A0 (sky130_fd_sc_hd__mux2_1)
     1    0.002323    0.039033    0.114535    0.768745 ^ _413_/X (sky130_fd_sc_hd__mux2_1)
                                                         _038_ (net)
                      0.039033    0.000008    0.768752 ^ _582_/D (sky130_fd_sc_hd__dfxtp_1)
                                              0.768752   data arrival time

                                  0.000000    0.000000   clock wclk (rise edge)
                                  0.000000    0.000000   clock source latency
     1    0.016889    0.000000    0.000000    0.000000 ^ wclk (in)
                                                         wclk (net)
                      0.000820    0.000410    0.000410 ^ clkbuf_0_wclk/A (sky130_fd_sc_hd__clkbuf_16)
    16    0.092148    0.108245    0.165291    0.165701 ^ clkbuf_0_wclk/X (sky130_fd_sc_hd__clkbuf_16)
                                                         clknet_0_wclk (net)
                      0.108247    0.000719    0.166420 ^ clkbuf_4_11_0_wclk/A (sky130_fd_sc_hd__clkbuf_8)
    11    0.030534    0.067189    0.168715    0.335135 ^ clkbuf_4_11_0_wclk/X (sky130_fd_sc_hd__clkbuf_8)
                                                         clknet_4_11_0_wclk (net)
                      0.067189    0.000033    0.335168 ^ _582_/CLK (sky130_fd_sc_hd__dfxtp_1)
                                  0.000000    0.335168   clock reconvergence pessimism
                                 -0.027099    0.308069   library hold time
                                              0.308069   data required time
---------------------------------------------------------------------------------------------
                                              0.308069   data required time
                                             -0.768752   data arrival time
---------------------------------------------------------------------------------------------
                                              0.460683   slack (MET)


Startpoint: _649_ (rising edge-triggered flip-flop clocked by wclk)
Endpoint: _649_ (rising edge-triggered flip-flop clocked by wclk)
Path Group: wclk
Path Type: min

Fanout         Cap        Slew       Delay        Time   Description
---------------------------------------------------------------------------------------------
                                  0.000000    0.000000   clock wclk (rise edge)
                                  0.000000    0.000000   clock source latency
     1    0.016889    0.000000    0.000000    0.000000 ^ wclk (in)
                                                         wclk (net)
                      0.000820    0.000410    0.000410 ^ clkbuf_0_wclk/A (sky130_fd_sc_hd__clkbuf_16)
    16    0.092148    0.108245    0.165291    0.165701 ^ clkbuf_0_wclk/X (sky130_fd_sc_hd__clkbuf_16)
                                                         clknet_0_wclk (net)
                      0.108245    0.000499    0.166200 ^ clkbuf_4_5_0_wclk/A (sky130_fd_sc_hd__clkbuf_8)
     8    0.028858    0.064605    0.166672    0.332872 ^ clkbuf_4_5_0_wclk/X (sky130_fd_sc_hd__clkbuf_8)
                                                         clknet_4_5_0_wclk (net)
                      0.064605    0.000111    0.332984 ^ _649_/CLK (sky130_fd_sc_hd__dfxtp_1)
     2    0.004505    0.056893    0.318408    0.651392 ^ _649_/Q (sky130_fd_sc_hd__dfxtp_1)
                                                         bram.mem[3][0] (net)
                      0.056893    0.000016    0.651407 ^ _481_/A1 (sky130_fd_sc_hd__mux2_1)
     1    0.002055    0.036968    0.115340    0.766747 ^ _481_/X (sky130_fd_sc_hd__mux2_1)
                                                         _096_ (net)
                      0.036968    0.000004    0.766751 ^ _649_/D (sky130_fd_sc_hd__dfxtp_1)
                                              0.766751   data arrival time

                                  0.000000    0.000000   clock wclk (rise edge)
                                  0.000000    0.000000   clock source latency
     1    0.016889    0.000000    0.000000    0.000000 ^ wclk (in)
                                                         wclk (net)
                      0.000820    0.000410    0.000410 ^ clkbuf_0_wclk/A (sky130_fd_sc_hd__clkbuf_16)
    16    0.092148    0.108245    0.165291    0.165701 ^ clkbuf_0_wclk/X (sky130_fd_sc_hd__clkbuf_16)
                                                         clknet_0_wclk (net)
                      0.108245    0.000499    0.166200 ^ clkbuf_4_5_0_wclk/A (sky130_fd_sc_hd__clkbuf_8)
     8    0.028858    0.064605    0.166672    0.332872 ^ clkbuf_4_5_0_wclk/X (sky130_fd_sc_hd__clkbuf_8)
                                                         clknet_4_5_0_wclk (net)
                      0.064605    0.000111    0.332984 ^ _649_/CLK (sky130_fd_sc_hd__dfxtp_1)
                                  0.000000    0.332984   clock reconvergence pessimism
                                 -0.027008    0.305975   library hold time
                                              0.305975   data required time
---------------------------------------------------------------------------------------------
                                              0.305975   data required time
                                             -0.766751   data arrival time
---------------------------------------------------------------------------------------------
                                              0.460776   slack (MET)


Startpoint: _617_ (rising edge-triggered flip-flop clocked by wclk)
Endpoint: _617_ (rising edge-triggered flip-flop clocked by wclk)
Path Group: wclk
Path Type: min

Fanout         Cap        Slew       Delay        Time   Description
---------------------------------------------------------------------------------------------
                                  0.000000    0.000000   clock wclk (rise edge)
                                  0.000000    0.000000   clock source latency
     1    0.016889    0.000000    0.000000    0.000000 ^ wclk (in)
                                                         wclk (net)
                      0.000820    0.000410    0.000410 ^ clkbuf_0_wclk/A (sky130_fd_sc_hd__clkbuf_16)
    16    0.092148    0.108245    0.165291    0.165701 ^ clkbuf_0_wclk/X (sky130_fd_sc_hd__clkbuf_16)
                                                         clknet_0_wclk (net)
                      0.108245    0.000426    0.166127 ^ clkbuf_4_7_0_wclk/A (sky130_fd_sc_hd__clkbuf_8)
    11    0.029723    0.065938    0.167724    0.333851 ^ clkbuf_4_7_0_wclk/X (sky130_fd_sc_hd__clkbuf_8)
                                                         clknet_4_7_0_wclk (net)
                      0.065938    0.000041    0.333892 ^ _617_/CLK (sky130_fd_sc_hd__dfxtp_1)
     2    0.004042    0.052814    0.315853    0.649745 ^ _617_/Q (sky130_fd_sc_hd__dfxtp_1)
                                                         bram.mem[0][1] (net)
                      0.052814    0.000010    0.649756 ^ _455_/A0 (sky130_fd_sc_hd__mux2_1)
     1    0.002810    0.041366    0.117193    0.766949 ^ _455_/X (sky130_fd_sc_hd__mux2_1)
                                                         _073_ (net)
                      0.041366    0.000013    0.766962 ^ _617_/D (sky130_fd_sc_hd__dfxtp_1)
                                              0.766962   data arrival time

                                  0.000000    0.000000   clock wclk (rise edge)
                                  0.000000    0.000000   clock source latency
     1    0.016889    0.000000    0.000000    0.000000 ^ wclk (in)
                                                         wclk (net)
                      0.000820    0.000410    0.000410 ^ clkbuf_0_wclk/A (sky130_fd_sc_hd__clkbuf_16)
    16    0.092148    0.108245    0.165291    0.165701 ^ clkbuf_0_wclk/X (sky130_fd_sc_hd__clkbuf_16)
                                                         clknet_0_wclk (net)
                      0.108245    0.000426    0.166127 ^ clkbuf_4_7_0_wclk/A (sky130_fd_sc_hd__clkbuf_8)
    11    0.029723    0.065938    0.167724    0.333851 ^ clkbuf_4_7_0_wclk/X (sky130_fd_sc_hd__clkbuf_8)
                                                         clknet_4_7_0_wclk (net)
                      0.065938    0.000041    0.333892 ^ _617_/CLK (sky130_fd_sc_hd__dfxtp_1)
                                  0.000000    0.333892   clock reconvergence pessimism
                                 -0.027751    0.306141   library hold time
                                              0.306141   data required time
---------------------------------------------------------------------------------------------
                                              0.306141   data required time
                                             -0.766962   data arrival time
---------------------------------------------------------------------------------------------
                                              0.460821   slack (MET)


Startpoint: _577_ (rising edge-triggered flip-flop clocked by wclk)
Endpoint: _577_ (rising edge-triggered flip-flop clocked by wclk)
Path Group: wclk
Path Type: min

Fanout         Cap        Slew       Delay        Time   Description
---------------------------------------------------------------------------------------------
                                  0.000000    0.000000   clock wclk (rise edge)
                                  0.000000    0.000000   clock source latency
     1    0.016889    0.000000    0.000000    0.000000 ^ wclk (in)
                                                         wclk (net)
                      0.000820    0.000410    0.000410 ^ clkbuf_0_wclk/A (sky130_fd_sc_hd__clkbuf_16)
    16    0.092148    0.108245    0.165291    0.165701 ^ clkbuf_0_wclk/X (sky130_fd_sc_hd__clkbuf_16)
                                                         clknet_0_wclk (net)
                      0.108245    0.000422    0.166123 ^ clkbuf_4_15_0_wclk/A (sky130_fd_sc_hd__clkbuf_8)
     8    0.029296    0.065280    0.167217    0.333340 ^ clkbuf_4_15_0_wclk/X (sky130_fd_sc_hd__clkbuf_8)
                                                         clknet_4_15_0_wclk (net)
                      0.065280    0.000044    0.333384 ^ _577_/CLK (sky130_fd_sc_hd__dfxtp_1)
     2    0.004804    0.059524    0.320632    0.654016 ^ _577_/Q (sky130_fd_sc_hd__dfxtp_1)
                                                         bram.mem[12][1] (net)
                      0.059524    0.000013    0.654029 ^ _408_/A0 (sky130_fd_sc_hd__mux2_1)
     1    0.002035    0.036760    0.113298    0.767327 ^ _408_/X (sky130_fd_sc_hd__mux2_1)
                                                         _033_ (net)
                      0.036760    0.000004    0.767331 ^ _577_/D (sky130_fd_sc_hd__dfxtp_1)
                                              0.767331   data arrival time

                                  0.000000    0.000000   clock wclk (rise edge)
                                  0.000000    0.000000   clock source latency
     1    0.016889    0.000000    0.000000    0.000000 ^ wclk (in)
                                                         wclk (net)
                      0.000820    0.000410    0.000410 ^ clkbuf_0_wclk/A (sky130_fd_sc_hd__clkbuf_16)
    16    0.092148    0.108245    0.165291    0.165701 ^ clkbuf_0_wclk/X (sky130_fd_sc_hd__clkbuf_16)
                                                         clknet_0_wclk (net)
                      0.108245    0.000422    0.166123 ^ clkbuf_4_15_0_wclk/A (sky130_fd_sc_hd__clkbuf_8)
     8    0.029296    0.065280    0.167217    0.333340 ^ clkbuf_4_15_0_wclk/X (sky130_fd_sc_hd__clkbuf_8)
                                                         clknet_4_15_0_wclk (net)
                      0.065280    0.000044    0.333384 ^ _577_/CLK (sky130_fd_sc_hd__dfxtp_1)
                                  0.000000    0.333384   clock reconvergence pessimism
                                 -0.026876    0.306508   library hold time
                                              0.306508   data required time
---------------------------------------------------------------------------------------------
                                              0.306508   data required time
                                             -0.767331   data arrival time
---------------------------------------------------------------------------------------------
                                              0.460823   slack (MET)


Startpoint: _668_ (rising edge-triggered flip-flop clocked by wclk)
Endpoint: _668_ (rising edge-triggered flip-flop clocked by wclk)
Path Group: wclk
Path Type: min

Fanout         Cap        Slew       Delay        Time   Description
---------------------------------------------------------------------------------------------
                                  0.000000    0.000000   clock wclk (rise edge)
                                  0.000000    0.000000   clock source latency
     1    0.016889    0.000000    0.000000    0.000000 ^ wclk (in)
                                                         wclk (net)
                      0.000820    0.000410    0.000410 ^ clkbuf_0_wclk/A (sky130_fd_sc_hd__clkbuf_16)
    16    0.092148    0.108245    0.165291    0.165701 ^ clkbuf_0_wclk/X (sky130_fd_sc_hd__clkbuf_16)
                                                         clknet_0_wclk (net)
                      0.108249    0.000805    0.166506 ^ clkbuf_4_0_0_wclk/A (sky130_fd_sc_hd__clkbuf_8)
    12    0.030706    0.067456    0.168922    0.335428 ^ clkbuf_4_0_0_wclk/X (sky130_fd_sc_hd__clkbuf_8)
                                                         clknet_4_0_0_wclk (net)
                      0.067456    0.000021    0.335449 ^ _668_/CLK (sky130_fd_sc_hd__dfxtp_1)
     2    0.004427    0.056201    0.318961    0.654410 ^ _668_/Q (sky130_fd_sc_hd__dfxtp_1)
                                                         bram.mem[4][2] (net)
                      0.056201    0.000016    0.654426 ^ _492_/A0 (sky130_fd_sc_hd__mux2_1)
     1    0.002357    0.039302    0.114733    0.769159 ^ _492_/X (sky130_fd_sc_hd__mux2_1)
                                                         _106_ (net)
                      0.039302    0.000009    0.769168 ^ _668_/D (sky130_fd_sc_hd__dfxtp_1)
                                              0.769168   data arrival time

                                  0.000000    0.000000   clock wclk (rise edge)
                                  0.000000    0.000000   clock source latency
     1    0.016889    0.000000    0.000000    0.000000 ^ wclk (in)
                                                         wclk (net)
                      0.000820    0.000410    0.000410 ^ clkbuf_0_wclk/A (sky130_fd_sc_hd__clkbuf_16)
    16    0.092148    0.108245    0.165291    0.165701 ^ clkbuf_0_wclk/X (sky130_fd_sc_hd__clkbuf_16)
                                                         clknet_0_wclk (net)
                      0.108249    0.000805    0.166506 ^ clkbuf_4_0_0_wclk/A (sky130_fd_sc_hd__clkbuf_8)
    12    0.030706    0.067456    0.168922    0.335428 ^ clkbuf_4_0_0_wclk/X (sky130_fd_sc_hd__clkbuf_8)
                                                         clknet_4_0_0_wclk (net)
                      0.067456    0.000021    0.335449 ^ _668_/CLK (sky130_fd_sc_hd__dfxtp_1)
                                  0.000000    0.335449   clock reconvergence pessimism
                                 -0.027120    0.308329   library hold time
                                              0.308329   data required time
---------------------------------------------------------------------------------------------
                                              0.308329   data required time
                                             -0.769168   data arrival time
---------------------------------------------------------------------------------------------
                                              0.460839   slack (MET)


Startpoint: _689_ (rising edge-triggered flip-flop clocked by wclk)
Endpoint: _689_ (rising edge-triggered flip-flop clocked by wclk)
Path Group: wclk
Path Type: min

Fanout         Cap        Slew       Delay        Time   Description
---------------------------------------------------------------------------------------------
                                  0.000000    0.000000   clock wclk (rise edge)
                                  0.000000    0.000000   clock source latency
     1    0.016889    0.000000    0.000000    0.000000 ^ wclk (in)
                                                         wclk (net)
                      0.000820    0.000410    0.000410 ^ clkbuf_0_wclk/A (sky130_fd_sc_hd__clkbuf_16)
    16    0.092148    0.108245    0.165291    0.165701 ^ clkbuf_0_wclk/X (sky130_fd_sc_hd__clkbuf_16)
                                                         clknet_0_wclk (net)
                      0.108246    0.000571    0.166272 ^ clkbuf_4_8_0_wclk/A (sky130_fd_sc_hd__clkbuf_8)
    13    0.030580    0.067260    0.168774    0.335046 ^ clkbuf_4_8_0_wclk/X (sky130_fd_sc_hd__clkbuf_8)
                                                         clknet_4_8_0_wclk (net)
                      0.067260    0.000045    0.335091 ^ _689_/CLK (sky130_fd_sc_hd__dfxtp_1)
     2    0.004393    0.055907    0.318667    0.653758 ^ _689_/Q (sky130_fd_sc_hd__dfxtp_1)
                                                         bram.mem[15][7] (net)
                      0.055907    0.000008    0.653766 ^ _514_/A1 (sky130_fd_sc_hd__mux2_1)
     1    0.002112    0.037427    0.115457    0.769222 ^ _514_/X (sky130_fd_sc_hd__mux2_1)
                                                         _127_ (net)
                      0.037427    0.000005    0.769227 ^ _689_/D (sky130_fd_sc_hd__dfxtp_1)
                                              0.769227   data arrival time

                                  0.000000    0.000000   clock wclk (rise edge)
                                  0.000000    0.000000   clock source latency
     1    0.016889    0.000000    0.000000    0.000000 ^ wclk (in)
                                                         wclk (net)
                      0.000820    0.000410    0.000410 ^ clkbuf_0_wclk/A (sky130_fd_sc_hd__clkbuf_16)
    16    0.092148    0.108245    0.165291    0.165701 ^ clkbuf_0_wclk/X (sky130_fd_sc_hd__clkbuf_16)
                                                         clknet_0_wclk (net)
                      0.108246    0.000571    0.166272 ^ clkbuf_4_8_0_wclk/A (sky130_fd_sc_hd__clkbuf_8)
    13    0.030580    0.067260    0.168774    0.335046 ^ clkbuf_4_8_0_wclk/X (sky130_fd_sc_hd__clkbuf_8)
                                                         clknet_4_8_0_wclk (net)
                      0.067260    0.000045    0.335091 ^ _689_/CLK (sky130_fd_sc_hd__dfxtp_1)
                                  0.000000    0.335091   clock reconvergence pessimism
                                 -0.026755    0.308336   library hold time
                                              0.308336   data required time
---------------------------------------------------------------------------------------------
                                              0.308336   data required time
                                             -0.769227   data arrival time
---------------------------------------------------------------------------------------------
                                              0.460891   slack (MET)


Startpoint: _602_ (rising edge-triggered flip-flop clocked by wclk)
Endpoint: _602_ (rising edge-triggered flip-flop clocked by wclk)
Path Group: wclk
Path Type: min

Fanout         Cap        Slew       Delay        Time   Description
---------------------------------------------------------------------------------------------
                                  0.000000    0.000000   clock wclk (rise edge)
                                  0.000000    0.000000   clock source latency
     1    0.016889    0.000000    0.000000    0.000000 ^ wclk (in)
                                                         wclk (net)
                      0.000820    0.000410    0.000410 ^ clkbuf_0_wclk/A (sky130_fd_sc_hd__clkbuf_16)
    16    0.092148    0.108245    0.165291    0.165701 ^ clkbuf_0_wclk/X (sky130_fd_sc_hd__clkbuf_16)
                                                         clknet_0_wclk (net)
                      0.108249    0.000805    0.166506 ^ clkbuf_4_0_0_wclk/A (sky130_fd_sc_hd__clkbuf_8)
    12    0.030706    0.067456    0.168922    0.335428 ^ clkbuf_4_0_0_wclk/X (sky130_fd_sc_hd__clkbuf_8)
                                                         clknet_4_0_0_wclk (net)
                      0.067456    0.000095    0.335523 ^ _602_/CLK (sky130_fd_sc_hd__dfxtp_1)
     2    0.004155    0.053813    0.317172    0.652695 ^ _602_/Q (sky130_fd_sc_hd__dfxtp_1)
                                                         bram.mem[7][2] (net)
                      0.053813    0.000005    0.652700 ^ _437_/A1 (sky130_fd_sc_hd__mux2_1)
     1    0.002349    0.039284    0.116636    0.769337 ^ _437_/X (sky130_fd_sc_hd__mux2_1)
                                                         _058_ (net)
                      0.039284    0.000007    0.769344 ^ _602_/D (sky130_fd_sc_hd__dfxtp_1)
                                              0.769344   data arrival time

                                  0.000000    0.000000   clock wclk (rise edge)
                                  0.000000    0.000000   clock source latency
     1    0.016889    0.000000    0.000000    0.000000 ^ wclk (in)
                                                         wclk (net)
                      0.000820    0.000410    0.000410 ^ clkbuf_0_wclk/A (sky130_fd_sc_hd__clkbuf_16)
    16    0.092148    0.108245    0.165291    0.165701 ^ clkbuf_0_wclk/X (sky130_fd_sc_hd__clkbuf_16)
                                                         clknet_0_wclk (net)
                      0.108249    0.000805    0.166506 ^ clkbuf_4_0_0_wclk/A (sky130_fd_sc_hd__clkbuf_8)
    12    0.030706    0.067456    0.168922    0.335428 ^ clkbuf_4_0_0_wclk/X (sky130_fd_sc_hd__clkbuf_8)
                                                         clknet_4_0_0_wclk (net)
                      0.067456    0.000095    0.335523 ^ _602_/CLK (sky130_fd_sc_hd__dfxtp_1)
                                  0.000000    0.335523   clock reconvergence pessimism
                                 -0.027117    0.308406   library hold time
                                              0.308406   data required time
---------------------------------------------------------------------------------------------
                                              0.308406   data required time
                                             -0.769344   data arrival time
---------------------------------------------------------------------------------------------
                                              0.460937   slack (MET)


Startpoint: _651_ (rising edge-triggered flip-flop clocked by wclk)
Endpoint: _651_ (rising edge-triggered flip-flop clocked by wclk)
Path Group: wclk
Path Type: min

Fanout         Cap        Slew       Delay        Time   Description
---------------------------------------------------------------------------------------------
                                  0.000000    0.000000   clock wclk (rise edge)
                                  0.000000    0.000000   clock source latency
     1    0.016889    0.000000    0.000000    0.000000 ^ wclk (in)
                                                         wclk (net)
                      0.000820    0.000410    0.000410 ^ clkbuf_0_wclk/A (sky130_fd_sc_hd__clkbuf_16)
    16    0.092148    0.108245    0.165291    0.165701 ^ clkbuf_0_wclk/X (sky130_fd_sc_hd__clkbuf_16)
                                                         clknet_0_wclk (net)
                      0.108249    0.000805    0.166506 ^ clkbuf_4_0_0_wclk/A (sky130_fd_sc_hd__clkbuf_8)
    12    0.030706    0.067456    0.168922    0.335428 ^ clkbuf_4_0_0_wclk/X (sky130_fd_sc_hd__clkbuf_8)
                                                         clknet_4_0_0_wclk (net)
                      0.067456    0.000123    0.335551 ^ _651_/CLK (sky130_fd_sc_hd__dfxtp_1)
     2    0.004337    0.055416    0.318373    0.653924 ^ _651_/Q (sky130_fd_sc_hd__dfxtp_1)
                                                         bram.mem[3][2] (net)
                      0.055416    0.000007    0.653930 ^ _483_/A1 (sky130_fd_sc_hd__mux2_1)
     1    0.002231    0.038355    0.116235    0.770165 ^ _483_/X (sky130_fd_sc_hd__mux2_1)
                                                         _098_ (net)
                      0.038355    0.000006    0.770171 ^ _651_/D (sky130_fd_sc_hd__dfxtp_1)
                                              0.770171   data arrival time

                                  0.000000    0.000000   clock wclk (rise edge)
                                  0.000000    0.000000   clock source latency
     1    0.016889    0.000000    0.000000    0.000000 ^ wclk (in)
                                                         wclk (net)
                      0.000820    0.000410    0.000410 ^ clkbuf_0_wclk/A (sky130_fd_sc_hd__clkbuf_16)
    16    0.092148    0.108245    0.165291    0.165701 ^ clkbuf_0_wclk/X (sky130_fd_sc_hd__clkbuf_16)
                                                         clknet_0_wclk (net)
                      0.108249    0.000805    0.166506 ^ clkbuf_4_0_0_wclk/A (sky130_fd_sc_hd__clkbuf_8)
    12    0.030706    0.067456    0.168922    0.335428 ^ clkbuf_4_0_0_wclk/X (sky130_fd_sc_hd__clkbuf_8)
                                                         clknet_4_0_0_wclk (net)
                      0.067456    0.000123    0.335551 ^ _651_/CLK (sky130_fd_sc_hd__dfxtp_1)
                                  0.000000    0.335551   clock reconvergence pessimism
                                 -0.026923    0.308628   library hold time
                                              0.308628   data required time
---------------------------------------------------------------------------------------------
                                              0.308628   data required time
                                             -0.770171   data arrival time
---------------------------------------------------------------------------------------------
                                              0.461543   slack (MET)


Startpoint: _605_ (rising edge-triggered flip-flop clocked by wclk)
Endpoint: _605_ (rising edge-triggered flip-flop clocked by wclk)
Path Group: wclk
Path Type: min

Fanout         Cap        Slew       Delay        Time   Description
---------------------------------------------------------------------------------------------
                                  0.000000    0.000000   clock wclk (rise edge)
                                  0.000000    0.000000   clock source latency
     1    0.016889    0.000000    0.000000    0.000000 ^ wclk (in)
                                                         wclk (net)
                      0.000820    0.000410    0.000410 ^ clkbuf_0_wclk/A (sky130_fd_sc_hd__clkbuf_16)
    16    0.092148    0.108245    0.165291    0.165701 ^ clkbuf_0_wclk/X (sky130_fd_sc_hd__clkbuf_16)
                                                         clknet_0_wclk (net)
                      0.108249    0.000827    0.166528 ^ clkbuf_4_1_0_wclk/A (sky130_fd_sc_hd__clkbuf_8)
    11    0.030115    0.066540    0.168215    0.334743 ^ clkbuf_4_1_0_wclk/X (sky130_fd_sc_hd__clkbuf_8)
                                                         clknet_4_1_0_wclk (net)
                      0.066540    0.000017    0.334760 ^ _605_/CLK (sky130_fd_sc_hd__dfxtp_1)
     2    0.004496    0.056813    0.319075    0.653836 ^ _605_/Q (sky130_fd_sc_hd__dfxtp_1)
                                                         bram.mem[7][5] (net)
                      0.056813    0.000016    0.653851 ^ _440_/A1 (sky130_fd_sc_hd__mux2_1)
     1    0.002127    0.037527    0.115887    0.769738 ^ _440_/X (sky130_fd_sc_hd__mux2_1)
                                                         _061_ (net)
                      0.037527    0.000006    0.769744 ^ _605_/D (sky130_fd_sc_hd__dfxtp_1)
                                              0.769744   data arrival time

                                  0.000000    0.000000   clock wclk (rise edge)
                                  0.000000    0.000000   clock source latency
     1    0.016889    0.000000    0.000000    0.000000 ^ wclk (in)
                                                         wclk (net)
                      0.000820    0.000410    0.000410 ^ clkbuf_0_wclk/A (sky130_fd_sc_hd__clkbuf_16)
    16    0.092148    0.108245    0.165291    0.165701 ^ clkbuf_0_wclk/X (sky130_fd_sc_hd__clkbuf_16)
                                                         clknet_0_wclk (net)
                      0.108249    0.000827    0.166528 ^ clkbuf_4_1_0_wclk/A (sky130_fd_sc_hd__clkbuf_8)
    11    0.030115    0.066540    0.168215    0.334743 ^ clkbuf_4_1_0_wclk/X (sky130_fd_sc_hd__clkbuf_8)
                                                         clknet_4_1_0_wclk (net)
                      0.066540    0.000017    0.334760 ^ _605_/CLK (sky130_fd_sc_hd__dfxtp_1)
                                  0.000000    0.334760   clock reconvergence pessimism
                                 -0.026870    0.307890   library hold time
                                              0.307890   data required time
---------------------------------------------------------------------------------------------
                                              0.307890   data required time
                                             -0.769744   data arrival time
---------------------------------------------------------------------------------------------
                                              0.461854   slack (MET)


Startpoint: _650_ (rising edge-triggered flip-flop clocked by wclk)
Endpoint: _650_ (rising edge-triggered flip-flop clocked by wclk)
Path Group: wclk
Path Type: min

Fanout         Cap        Slew       Delay        Time   Description
---------------------------------------------------------------------------------------------
                                  0.000000    0.000000   clock wclk (rise edge)
                                  0.000000    0.000000   clock source latency
     1    0.016889    0.000000    0.000000    0.000000 ^ wclk (in)
                                                         wclk (net)
                      0.000820    0.000410    0.000410 ^ clkbuf_0_wclk/A (sky130_fd_sc_hd__clkbuf_16)
    16    0.092148    0.108245    0.165291    0.165701 ^ clkbuf_0_wclk/X (sky130_fd_sc_hd__clkbuf_16)
                                                         clknet_0_wclk (net)
                      0.108245    0.000411    0.166112 ^ clkbuf_4_6_0_wclk/A (sky130_fd_sc_hd__clkbuf_8)
     8    0.028646    0.064281    0.166412    0.332523 ^ clkbuf_4_6_0_wclk/X (sky130_fd_sc_hd__clkbuf_8)
                                                         clknet_4_6_0_wclk (net)
                      0.064281    0.000026    0.332549 ^ _650_/CLK (sky130_fd_sc_hd__dfxtp_1)
     2    0.004164    0.053891    0.316037    0.648586 ^ _650_/Q (sky130_fd_sc_hd__dfxtp_1)
                                                         bram.mem[3][1] (net)
                      0.053891    0.000013    0.648599 ^ _482_/A1 (sky130_fd_sc_hd__mux2_1)
     1    0.002523    0.040667    0.118044    0.766643 ^ _482_/X (sky130_fd_sc_hd__mux2_1)
                                                         _097_ (net)
                      0.040667    0.000011    0.766654 ^ _650_/D (sky130_fd_sc_hd__dfxtp_1)
                                              0.766654   data arrival time

                                  0.000000    0.000000   clock wclk (rise edge)
                                  0.000000    0.000000   clock source latency
     1    0.016889    0.000000    0.000000    0.000000 ^ wclk (in)
                                                         wclk (net)
                      0.000820    0.000410    0.000410 ^ clkbuf_0_wclk/A (sky130_fd_sc_hd__clkbuf_16)
    16    0.092148    0.108245    0.165291    0.165701 ^ clkbuf_0_wclk/X (sky130_fd_sc_hd__clkbuf_16)
                                                         clknet_0_wclk (net)
                      0.108245    0.000411    0.166112 ^ clkbuf_4_6_0_wclk/A (sky130_fd_sc_hd__clkbuf_8)
     8    0.028646    0.064281    0.166412    0.332523 ^ clkbuf_4_6_0_wclk/X (sky130_fd_sc_hd__clkbuf_8)
                                                         clknet_4_6_0_wclk (net)
                      0.064281    0.000026    0.332549 ^ _650_/CLK (sky130_fd_sc_hd__dfxtp_1)
                                  0.000000    0.332549   clock reconvergence pessimism
                                 -0.027823    0.304725   library hold time
                                              0.304725   data required time
---------------------------------------------------------------------------------------------
                                              0.304725   data required time
                                             -0.766654   data arrival time
---------------------------------------------------------------------------------------------
                                              0.461928   slack (MET)


Startpoint: _640_ (rising edge-triggered flip-flop clocked by wclk)
Endpoint: _640_ (rising edge-triggered flip-flop clocked by wclk)
Path Group: wclk
Path Type: min

Fanout         Cap        Slew       Delay        Time   Description
---------------------------------------------------------------------------------------------
                                  0.000000    0.000000   clock wclk (rise edge)
                                  0.000000    0.000000   clock source latency
     1    0.016889    0.000000    0.000000    0.000000 ^ wclk (in)
                                                         wclk (net)
                      0.000820    0.000410    0.000410 ^ clkbuf_0_wclk/A (sky130_fd_sc_hd__clkbuf_16)
    16    0.092148    0.108245    0.165291    0.165701 ^ clkbuf_0_wclk/X (sky130_fd_sc_hd__clkbuf_16)
                                                         clknet_0_wclk (net)
                      0.108247    0.000710    0.166412 ^ clkbuf_4_2_0_wclk/A (sky130_fd_sc_hd__clkbuf_8)
    12    0.030163    0.066616    0.168266    0.334678 ^ clkbuf_4_2_0_wclk/X (sky130_fd_sc_hd__clkbuf_8)
                                                         clknet_4_2_0_wclk (net)
                      0.066616    0.000057    0.334734 ^ _640_/CLK (sky130_fd_sc_hd__dfxtp_1)
     2    0.004559    0.057370    0.319521    0.654256 ^ _640_/Q (sky130_fd_sc_hd__dfxtp_1)
                                                         bram.mem[5][7] (net)
                      0.057370    0.000009    0.654264 ^ _470_/A1 (sky130_fd_sc_hd__mux2_1)
     1    0.002075    0.037108    0.115658    0.769922 ^ _470_/X (sky130_fd_sc_hd__mux2_1)
                                                         _087_ (net)
                      0.037108    0.000004    0.769927 ^ _640_/D (sky130_fd_sc_hd__dfxtp_1)
                                              0.769927   data arrival time

                                  0.000000    0.000000   clock wclk (rise edge)
                                  0.000000    0.000000   clock source latency
     1    0.016889    0.000000    0.000000    0.000000 ^ wclk (in)
                                                         wclk (net)
                      0.000820    0.000410    0.000410 ^ clkbuf_0_wclk/A (sky130_fd_sc_hd__clkbuf_16)
    16    0.092148    0.108245    0.165291    0.165701 ^ clkbuf_0_wclk/X (sky130_fd_sc_hd__clkbuf_16)
                                                         clknet_0_wclk (net)
                      0.108247    0.000710    0.166412 ^ clkbuf_4_2_0_wclk/A (sky130_fd_sc_hd__clkbuf_8)
    12    0.030163    0.066616    0.168266    0.334678 ^ clkbuf_4_2_0_wclk/X (sky130_fd_sc_hd__clkbuf_8)
                                                         clknet_4_2_0_wclk (net)
                      0.066616    0.000057    0.334734 ^ _640_/CLK (sky130_fd_sc_hd__dfxtp_1)
                                  0.000000    0.334734   clock reconvergence pessimism
                                 -0.026773    0.307962   library hold time
                                              0.307962   data required time
---------------------------------------------------------------------------------------------
                                              0.307962   data required time
                                             -0.769927   data arrival time
---------------------------------------------------------------------------------------------
                                              0.461965   slack (MET)


Startpoint: _529_ (rising edge-triggered flip-flop clocked by wclk)
Endpoint: _529_ (rising edge-triggered flip-flop clocked by wclk)
Path Group: wclk
Path Type: min

Fanout         Cap        Slew       Delay        Time   Description
---------------------------------------------------------------------------------------------
                                  0.000000    0.000000   clock wclk (rise edge)
                                  0.000000    0.000000   clock source latency
     1    0.016889    0.000000    0.000000    0.000000 ^ wclk (in)
                                                         wclk (net)
                      0.000820    0.000410    0.000410 ^ clkbuf_0_wclk/A (sky130_fd_sc_hd__clkbuf_16)
    16    0.092148    0.108245    0.165291    0.165701 ^ clkbuf_0_wclk/X (sky130_fd_sc_hd__clkbuf_16)
                                                         clknet_0_wclk (net)
                      0.108246    0.000571    0.166272 ^ clkbuf_4_8_0_wclk/A (sky130_fd_sc_hd__clkbuf_8)
    13    0.030580    0.067260    0.168774    0.335046 ^ clkbuf_4_8_0_wclk/X (sky130_fd_sc_hd__clkbuf_8)
                                                         clknet_4_8_0_wclk (net)
                      0.067260    0.000092    0.335138 ^ _529_/CLK (sky130_fd_sc_hd__dfxtp_1)
     2    0.004508    0.056916    0.319423    0.654560 ^ _529_/Q (sky130_fd_sc_hd__dfxtp_1)
                                                         bram.mem[9][5] (net)
                      0.056916    0.000005    0.654566 ^ _385_/A1 (sky130_fd_sc_hd__mux2_1)
     1    0.002112    0.037422    0.115800    0.770366 ^ _385_/X (sky130_fd_sc_hd__mux2_1)
                                                         _013_ (net)
                      0.037422    0.000005    0.770370 ^ _529_/D (sky130_fd_sc_hd__dfxtp_1)
                                              0.770370   data arrival time

                                  0.000000    0.000000   clock wclk (rise edge)
                                  0.000000    0.000000   clock source latency
     1    0.016889    0.000000    0.000000    0.000000 ^ wclk (in)
                                                         wclk (net)
                      0.000820    0.000410    0.000410 ^ clkbuf_0_wclk/A (sky130_fd_sc_hd__clkbuf_16)
    16    0.092148    0.108245    0.165291    0.165701 ^ clkbuf_0_wclk/X (sky130_fd_sc_hd__clkbuf_16)
                                                         clknet_0_wclk (net)
                      0.108246    0.000571    0.166272 ^ clkbuf_4_8_0_wclk/A (sky130_fd_sc_hd__clkbuf_8)
    13    0.030580    0.067260    0.168774    0.335046 ^ clkbuf_4_8_0_wclk/X (sky130_fd_sc_hd__clkbuf_8)
                                                         clknet_4_8_0_wclk (net)
                      0.067260    0.000092    0.335138 ^ _529_/CLK (sky130_fd_sc_hd__dfxtp_1)
                                  0.000000    0.335138   clock reconvergence pessimism
                                 -0.026754    0.308384   library hold time
                                              0.308384   data required time
---------------------------------------------------------------------------------------------
                                              0.308384   data required time
                                             -0.770370   data arrival time
---------------------------------------------------------------------------------------------
                                              0.461986   slack (MET)


Startpoint: _531_ (rising edge-triggered flip-flop clocked by wclk)
Endpoint: _531_ (rising edge-triggered flip-flop clocked by wclk)
Path Group: wclk
Path Type: min

Fanout         Cap        Slew       Delay        Time   Description
---------------------------------------------------------------------------------------------
                                  0.000000    0.000000   clock wclk (rise edge)
                                  0.000000    0.000000   clock source latency
     1    0.016889    0.000000    0.000000    0.000000 ^ wclk (in)
                                                         wclk (net)
                      0.000820    0.000410    0.000410 ^ clkbuf_0_wclk/A (sky130_fd_sc_hd__clkbuf_16)
    16    0.092148    0.108245    0.165291    0.165701 ^ clkbuf_0_wclk/X (sky130_fd_sc_hd__clkbuf_16)
                                                         clknet_0_wclk (net)
                      0.108248    0.000732    0.166433 ^ clkbuf_4_10_0_wclk/A (sky130_fd_sc_hd__clkbuf_8)
    12    0.030472    0.067092    0.168649    0.335083 ^ clkbuf_4_10_0_wclk/X (sky130_fd_sc_hd__clkbuf_8)
                                                         clknet_4_10_0_wclk (net)
                      0.067092    0.000069    0.335152 ^ _531_/CLK (sky130_fd_sc_hd__dfxtp_1)
     2    0.004044    0.052836    0.316304    0.651455 ^ _531_/Q (sky130_fd_sc_hd__dfxtp_1)
                                                         bram.mem[9][7] (net)
                      0.052836    0.000007    0.651462 ^ _387_/A1 (sky130_fd_sc_hd__mux2_1)
     1    0.002580    0.041120    0.118137    0.769599 ^ _387_/X (sky130_fd_sc_hd__mux2_1)
                                                         _015_ (net)
                      0.041120    0.000009    0.769608 ^ _531_/D (sky130_fd_sc_hd__dfxtp_1)
                                              0.769608   data arrival time

                                  0.000000    0.000000   clock wclk (rise edge)
                                  0.000000    0.000000   clock source latency
     1    0.016889    0.000000    0.000000    0.000000 ^ wclk (in)
                                                         wclk (net)
                      0.000820    0.000410    0.000410 ^ clkbuf_0_wclk/A (sky130_fd_sc_hd__clkbuf_16)
    16    0.092148    0.108245    0.165291    0.165701 ^ clkbuf_0_wclk/X (sky130_fd_sc_hd__clkbuf_16)
                                                         clknet_0_wclk (net)
                      0.108248    0.000732    0.166433 ^ clkbuf_4_10_0_wclk/A (sky130_fd_sc_hd__clkbuf_8)
    12    0.030472    0.067092    0.168649    0.335083 ^ clkbuf_4_10_0_wclk/X (sky130_fd_sc_hd__clkbuf_8)
                                                         clknet_4_10_0_wclk (net)
                      0.067092    0.000069    0.335152 ^ _531_/CLK (sky130_fd_sc_hd__dfxtp_1)
                                  0.000000    0.335152   clock reconvergence pessimism
                                 -0.027548    0.307604   library hold time
                                              0.307604   data required time
---------------------------------------------------------------------------------------------
                                              0.307604   data required time
                                             -0.769608   data arrival time
---------------------------------------------------------------------------------------------
                                              0.462005   slack (MET)


Startpoint: _655_ (rising edge-triggered flip-flop clocked by wclk)
Endpoint: _655_ (rising edge-triggered flip-flop clocked by wclk)
Path Group: wclk
Path Type: min

Fanout         Cap        Slew       Delay        Time   Description
---------------------------------------------------------------------------------------------
                                  0.000000    0.000000   clock wclk (rise edge)
                                  0.000000    0.000000   clock source latency
     1    0.016889    0.000000    0.000000    0.000000 ^ wclk (in)
                                                         wclk (net)
                      0.000820    0.000410    0.000410 ^ clkbuf_0_wclk/A (sky130_fd_sc_hd__clkbuf_16)
    16    0.092148    0.108245    0.165291    0.165701 ^ clkbuf_0_wclk/X (sky130_fd_sc_hd__clkbuf_16)
                                                         clknet_0_wclk (net)
                      0.108247    0.000710    0.166412 ^ clkbuf_4_2_0_wclk/A (sky130_fd_sc_hd__clkbuf_8)
    12    0.030163    0.066616    0.168266    0.334678 ^ clkbuf_4_2_0_wclk/X (sky130_fd_sc_hd__clkbuf_8)
                                                         clknet_4_2_0_wclk (net)
                      0.066616    0.000048    0.334726 ^ _655_/CLK (sky130_fd_sc_hd__dfxtp_1)
     2    0.004512    0.056954    0.319209    0.653935 ^ _655_/Q (sky130_fd_sc_hd__dfxtp_1)
                                                         bram.mem[3][6] (net)
                      0.056954    0.000016    0.653950 ^ _487_/A1 (sky130_fd_sc_hd__mux2_1)
     1    0.002127    0.037538    0.115935    0.769885 ^ _487_/X (sky130_fd_sc_hd__mux2_1)
                                                         _102_ (net)
                      0.037538    0.000006    0.769891 ^ _655_/D (sky130_fd_sc_hd__dfxtp_1)
                                              0.769891   data arrival time

                                  0.000000    0.000000   clock wclk (rise edge)
                                  0.000000    0.000000   clock source latency
     1    0.016889    0.000000    0.000000    0.000000 ^ wclk (in)
                                                         wclk (net)
                      0.000820    0.000410    0.000410 ^ clkbuf_0_wclk/A (sky130_fd_sc_hd__clkbuf_16)
    16    0.092148    0.108245    0.165291    0.165701 ^ clkbuf_0_wclk/X (sky130_fd_sc_hd__clkbuf_16)
                                                         clknet_0_wclk (net)
                      0.108247    0.000710    0.166412 ^ clkbuf_4_2_0_wclk/A (sky130_fd_sc_hd__clkbuf_8)
    12    0.030163    0.066616    0.168266    0.334678 ^ clkbuf_4_2_0_wclk/X (sky130_fd_sc_hd__clkbuf_8)
                                                         clknet_4_2_0_wclk (net)
                      0.066616    0.000048    0.334726 ^ _655_/CLK (sky130_fd_sc_hd__dfxtp_1)
                                  0.000000    0.334726   clock reconvergence pessimism
                                 -0.026863    0.307863   library hold time
                                              0.307863   data required time
---------------------------------------------------------------------------------------------
                                              0.307863   data required time
                                             -0.769891   data arrival time
---------------------------------------------------------------------------------------------
                                              0.462028   slack (MET)


Startpoint: _636_ (rising edge-triggered flip-flop clocked by wclk)
Endpoint: _636_ (rising edge-triggered flip-flop clocked by wclk)
Path Group: wclk
Path Type: min

Fanout         Cap        Slew       Delay        Time   Description
---------------------------------------------------------------------------------------------
                                  0.000000    0.000000   clock wclk (rise edge)
                                  0.000000    0.000000   clock source latency
     1    0.016889    0.000000    0.000000    0.000000 ^ wclk (in)
                                                         wclk (net)
                      0.000820    0.000410    0.000410 ^ clkbuf_0_wclk/A (sky130_fd_sc_hd__clkbuf_16)
    16    0.092148    0.108245    0.165291    0.165701 ^ clkbuf_0_wclk/X (sky130_fd_sc_hd__clkbuf_16)
                                                         clknet_0_wclk (net)
                      0.108246    0.000635    0.166336 ^ clkbuf_4_3_0_wclk/A (sky130_fd_sc_hd__clkbuf_8)
    10    0.027596    0.062670    0.165143    0.331480 ^ clkbuf_4_3_0_wclk/X (sky130_fd_sc_hd__clkbuf_8)
                                                         clknet_4_3_0_wclk (net)
                      0.062670    0.000039    0.331518 ^ _636_/CLK (sky130_fd_sc_hd__dfxtp_1)
     2    0.004168    0.053925    0.315457    0.646976 ^ _636_/Q (sky130_fd_sc_hd__dfxtp_1)
                                                         bram.mem[5][3] (net)
                      0.053925    0.000011    0.646986 ^ _466_/A1 (sky130_fd_sc_hd__mux2_1)
     1    0.002651    0.040203    0.119075    0.766062 ^ _466_/X (sky130_fd_sc_hd__mux2_1)
                                                         _083_ (net)
                      0.040203    0.000011    0.766073 ^ _636_/D (sky130_fd_sc_hd__dfxtp_1)
                                              0.766073   data arrival time

                                  0.000000    0.000000   clock wclk (rise edge)
                                  0.000000    0.000000   clock source latency
     1    0.016889    0.000000    0.000000    0.000000 ^ wclk (in)
                                                         wclk (net)
                      0.000820    0.000410    0.000410 ^ clkbuf_0_wclk/A (sky130_fd_sc_hd__clkbuf_16)
    16    0.092148    0.108245    0.165291    0.165701 ^ clkbuf_0_wclk/X (sky130_fd_sc_hd__clkbuf_16)
                                                         clknet_0_wclk (net)
                      0.108246    0.000635    0.166336 ^ clkbuf_4_3_0_wclk/A (sky130_fd_sc_hd__clkbuf_8)
    10    0.027596    0.062670    0.165143    0.331480 ^ clkbuf_4_3_0_wclk/X (sky130_fd_sc_hd__clkbuf_8)
                                                         clknet_4_3_0_wclk (net)
                      0.062670    0.000039    0.331518 ^ _636_/CLK (sky130_fd_sc_hd__dfxtp_1)
                                  0.000000    0.331518   clock reconvergence pessimism
                                 -0.027939    0.303580   library hold time
                                              0.303580   data required time
---------------------------------------------------------------------------------------------
                                              0.303580   data required time
                                             -0.766073   data arrival time
---------------------------------------------------------------------------------------------
                                              0.462493   slack (MET)


Startpoint: _653_ (rising edge-triggered flip-flop clocked by wclk)
Endpoint: _653_ (rising edge-triggered flip-flop clocked by wclk)
Path Group: wclk
Path Type: min

Fanout         Cap        Slew       Delay        Time   Description
---------------------------------------------------------------------------------------------
                                  0.000000    0.000000   clock wclk (rise edge)
                                  0.000000    0.000000   clock source latency
     1    0.016889    0.000000    0.000000    0.000000 ^ wclk (in)
                                                         wclk (net)
                      0.000820    0.000410    0.000410 ^ clkbuf_0_wclk/A (sky130_fd_sc_hd__clkbuf_16)
    16    0.092148    0.108245    0.165291    0.165701 ^ clkbuf_0_wclk/X (sky130_fd_sc_hd__clkbuf_16)
                                                         clknet_0_wclk (net)
                      0.108249    0.000827    0.166528 ^ clkbuf_4_1_0_wclk/A (sky130_fd_sc_hd__clkbuf_8)
    11    0.030115    0.066540    0.168215    0.334743 ^ clkbuf_4_1_0_wclk/X (sky130_fd_sc_hd__clkbuf_8)
                                                         clknet_4_1_0_wclk (net)
                      0.066540    0.000082    0.334825 ^ _653_/CLK (sky130_fd_sc_hd__dfxtp_1)
     2    0.004475    0.056627    0.318935    0.653761 ^ _653_/Q (sky130_fd_sc_hd__dfxtp_1)
                                                         bram.mem[3][4] (net)
                      0.056627    0.000014    0.653774 ^ _485_/A1 (sky130_fd_sc_hd__mux2_1)
     1    0.002216    0.038237    0.116527    0.770301 ^ _485_/X (sky130_fd_sc_hd__mux2_1)
                                                         _100_ (net)
                      0.038237    0.000007    0.770308 ^ _653_/D (sky130_fd_sc_hd__dfxtp_1)
                                              0.770308   data arrival time

                                  0.000000    0.000000   clock wclk (rise edge)
                                  0.000000    0.000000   clock source latency
     1    0.016889    0.000000    0.000000    0.000000 ^ wclk (in)
                                                         wclk (net)
                      0.000820    0.000410    0.000410 ^ clkbuf_0_wclk/A (sky130_fd_sc_hd__clkbuf_16)
    16    0.092148    0.108245    0.165291    0.165701 ^ clkbuf_0_wclk/X (sky130_fd_sc_hd__clkbuf_16)
                                                         clknet_0_wclk (net)
                      0.108249    0.000827    0.166528 ^ clkbuf_4_1_0_wclk/A (sky130_fd_sc_hd__clkbuf_8)
    11    0.030115    0.066540    0.168215    0.334743 ^ clkbuf_4_1_0_wclk/X (sky130_fd_sc_hd__clkbuf_8)
                                                         clknet_4_1_0_wclk (net)
                      0.066540    0.000082    0.334825 ^ _653_/CLK (sky130_fd_sc_hd__dfxtp_1)
                                  0.000000    0.334825   clock reconvergence pessimism
                                 -0.027019    0.307807   library hold time
                                              0.307807   data required time
---------------------------------------------------------------------------------------------
                                              0.307807   data required time
                                             -0.770308   data arrival time
---------------------------------------------------------------------------------------------
                                              0.462501   slack (MET)


Startpoint: _685_ (rising edge-triggered flip-flop clocked by wclk)
Endpoint: _685_ (rising edge-triggered flip-flop clocked by wclk)
Path Group: wclk
Path Type: min

Fanout         Cap        Slew       Delay        Time   Description
---------------------------------------------------------------------------------------------
                                  0.000000    0.000000   clock wclk (rise edge)
                                  0.000000    0.000000   clock source latency
     1    0.016889    0.000000    0.000000    0.000000 ^ wclk (in)
                                                         wclk (net)
                      0.000820    0.000410    0.000410 ^ clkbuf_0_wclk/A (sky130_fd_sc_hd__clkbuf_16)
    16    0.092148    0.108245    0.165291    0.165701 ^ clkbuf_0_wclk/X (sky130_fd_sc_hd__clkbuf_16)
                                                         clknet_0_wclk (net)
                      0.108247    0.000719    0.166420 ^ clkbuf_4_11_0_wclk/A (sky130_fd_sc_hd__clkbuf_8)
    11    0.030534    0.067189    0.168715    0.335135 ^ clkbuf_4_11_0_wclk/X (sky130_fd_sc_hd__clkbuf_8)
                                                         clknet_4_11_0_wclk (net)
                      0.067189    0.000007    0.335142 ^ _685_/CLK (sky130_fd_sc_hd__dfxtp_1)
     2    0.004690    0.058520    0.320598    0.655740 ^ _685_/Q (sky130_fd_sc_hd__dfxtp_1)
                                                         bram.mem[15][3] (net)
                      0.058520    0.000004    0.655744 ^ _510_/A1 (sky130_fd_sc_hd__mux2_1)
     1    0.001986    0.036433    0.115343    0.771087 ^ _510_/X (sky130_fd_sc_hd__mux2_1)
                                                         _123_ (net)
                      0.036433    0.000003    0.771091 ^ _685_/D (sky130_fd_sc_hd__dfxtp_1)
                                              0.771091   data arrival time

                                  0.000000    0.000000   clock wclk (rise edge)
                                  0.000000    0.000000   clock source latency
     1    0.016889    0.000000    0.000000    0.000000 ^ wclk (in)
                                                         wclk (net)
                      0.000820    0.000410    0.000410 ^ clkbuf_0_wclk/A (sky130_fd_sc_hd__clkbuf_16)
    16    0.092148    0.108245    0.165291    0.165701 ^ clkbuf_0_wclk/X (sky130_fd_sc_hd__clkbuf_16)
                                                         clknet_0_wclk (net)
                      0.108247    0.000719    0.166420 ^ clkbuf_4_11_0_wclk/A (sky130_fd_sc_hd__clkbuf_8)
    11    0.030534    0.067189    0.168715    0.335135 ^ clkbuf_4_11_0_wclk/X (sky130_fd_sc_hd__clkbuf_8)
                                                         clknet_4_11_0_wclk (net)
                      0.067189    0.000007    0.335142 ^ _685_/CLK (sky130_fd_sc_hd__dfxtp_1)
                                  0.000000    0.335142   clock reconvergence pessimism
                                 -0.026557    0.308585   library hold time
                                              0.308585   data required time
---------------------------------------------------------------------------------------------
                                              0.308585   data required time
                                             -0.771091   data arrival time
---------------------------------------------------------------------------------------------
                                              0.462505   slack (MET)


Startpoint: _675_ (rising edge-triggered flip-flop clocked by wclk)
Endpoint: _675_ (rising edge-triggered flip-flop clocked by wclk)
Path Group: wclk
Path Type: min

Fanout         Cap        Slew       Delay        Time   Description
---------------------------------------------------------------------------------------------
                                  0.000000    0.000000   clock wclk (rise edge)
                                  0.000000    0.000000   clock source latency
     1    0.016889    0.000000    0.000000    0.000000 ^ wclk (in)
                                                         wclk (net)
                      0.000820    0.000410    0.000410 ^ clkbuf_0_wclk/A (sky130_fd_sc_hd__clkbuf_16)
    16    0.092148    0.108245    0.165291    0.165701 ^ clkbuf_0_wclk/X (sky130_fd_sc_hd__clkbuf_16)
                                                         clknet_0_wclk (net)
                      0.108245    0.000411    0.166112 ^ clkbuf_4_6_0_wclk/A (sky130_fd_sc_hd__clkbuf_8)
     8    0.028646    0.064281    0.166412    0.332523 ^ clkbuf_4_6_0_wclk/X (sky130_fd_sc_hd__clkbuf_8)
                                                         clknet_4_6_0_wclk (net)
                      0.064281    0.000023    0.332546 ^ _675_/CLK (sky130_fd_sc_hd__dfxtp_1)
     2    0.004533    0.057145    0.318475    0.651021 ^ _675_/Q (sky130_fd_sc_hd__dfxtp_1)
                                                         bram.mem[1][1] (net)
                      0.057145    0.000018    0.651039 ^ _500_/A1 (sky130_fd_sc_hd__mux2_1)
     1    0.002224    0.038298    0.116767    0.767806 ^ _500_/X (sky130_fd_sc_hd__mux2_1)
                                                         _113_ (net)
                      0.038298    0.000007    0.767813 ^ _675_/D (sky130_fd_sc_hd__dfxtp_1)
                                              0.767813   data arrival time

                                  0.000000    0.000000   clock wclk (rise edge)
                                  0.000000    0.000000   clock source latency
     1    0.016889    0.000000    0.000000    0.000000 ^ wclk (in)
                                                         wclk (net)
                      0.000820    0.000410    0.000410 ^ clkbuf_0_wclk/A (sky130_fd_sc_hd__clkbuf_16)
    16    0.092148    0.108245    0.165291    0.165701 ^ clkbuf_0_wclk/X (sky130_fd_sc_hd__clkbuf_16)
                                                         clknet_0_wclk (net)
                      0.108245    0.000411    0.166112 ^ clkbuf_4_6_0_wclk/A (sky130_fd_sc_hd__clkbuf_8)
     8    0.028646    0.064281    0.166412    0.332523 ^ clkbuf_4_6_0_wclk/X (sky130_fd_sc_hd__clkbuf_8)
                                                         clknet_4_6_0_wclk (net)
                      0.064281    0.000023    0.332546 ^ _675_/CLK (sky130_fd_sc_hd__dfxtp_1)
                                  0.000000    0.332546   clock reconvergence pessimism
                                 -0.027329    0.305217   library hold time
                                              0.305217   data required time
---------------------------------------------------------------------------------------------
                                              0.305217   data required time
                                             -0.767813   data arrival time
---------------------------------------------------------------------------------------------
                                              0.462596   slack (MET)


Startpoint: _676_ (rising edge-triggered flip-flop clocked by wclk)
Endpoint: _676_ (rising edge-triggered flip-flop clocked by wclk)
Path Group: wclk
Path Type: min

Fanout         Cap        Slew       Delay        Time   Description
---------------------------------------------------------------------------------------------
                                  0.000000    0.000000   clock wclk (rise edge)
                                  0.000000    0.000000   clock source latency
     1    0.016889    0.000000    0.000000    0.000000 ^ wclk (in)
                                                         wclk (net)
                      0.000820    0.000410    0.000410 ^ clkbuf_0_wclk/A (sky130_fd_sc_hd__clkbuf_16)
    16    0.092148    0.108245    0.165291    0.165701 ^ clkbuf_0_wclk/X (sky130_fd_sc_hd__clkbuf_16)
                                                         clknet_0_wclk (net)
                      0.108249    0.000805    0.166506 ^ clkbuf_4_0_0_wclk/A (sky130_fd_sc_hd__clkbuf_8)
    12    0.030706    0.067456    0.168922    0.335428 ^ clkbuf_4_0_0_wclk/X (sky130_fd_sc_hd__clkbuf_8)
                                                         clknet_4_0_0_wclk (net)
                      0.067456    0.000113    0.335541 ^ _676_/CLK (sky130_fd_sc_hd__dfxtp_1)
     2    0.004259    0.054727    0.317857    0.653398 ^ _676_/Q (sky130_fd_sc_hd__dfxtp_1)
                                                         bram.mem[1][2] (net)
                      0.054727    0.000009    0.653407 ^ _501_/A1 (sky130_fd_sc_hd__mux2_1)
     1    0.002419    0.039844    0.117502    0.770909 ^ _501_/X (sky130_fd_sc_hd__mux2_1)
                                                         _114_ (net)
                      0.039844    0.000009    0.770918 ^ _676_/D (sky130_fd_sc_hd__dfxtp_1)
                                              0.770918   data arrival time

                                  0.000000    0.000000   clock wclk (rise edge)
                                  0.000000    0.000000   clock source latency
     1    0.016889    0.000000    0.000000    0.000000 ^ wclk (in)
                                                         wclk (net)
                      0.000820    0.000410    0.000410 ^ clkbuf_0_wclk/A (sky130_fd_sc_hd__clkbuf_16)
    16    0.092148    0.108245    0.165291    0.165701 ^ clkbuf_0_wclk/X (sky130_fd_sc_hd__clkbuf_16)
                                                         clknet_0_wclk (net)
                      0.108249    0.000805    0.166506 ^ clkbuf_4_0_0_wclk/A (sky130_fd_sc_hd__clkbuf_8)
    12    0.030706    0.067456    0.168922    0.335428 ^ clkbuf_4_0_0_wclk/X (sky130_fd_sc_hd__clkbuf_8)
                                                         clknet_4_0_0_wclk (net)
                      0.067456    0.000113    0.335541 ^ _676_/CLK (sky130_fd_sc_hd__dfxtp_1)
                                  0.000000    0.335541   clock reconvergence pessimism
                                 -0.027234    0.308308   library hold time
                                              0.308308   data required time
---------------------------------------------------------------------------------------------
                                              0.308308   data required time
                                             -0.770918   data arrival time
---------------------------------------------------------------------------------------------
                                              0.462610   slack (MET)


Startpoint: _525_ (rising edge-triggered flip-flop clocked by wclk)
Endpoint: _525_ (rising edge-triggered flip-flop clocked by wclk)
Path Group: wclk
Path Type: min

Fanout         Cap        Slew       Delay        Time   Description
---------------------------------------------------------------------------------------------
                                  0.000000    0.000000   clock wclk (rise edge)
                                  0.000000    0.000000   clock source latency
     1    0.016889    0.000000    0.000000    0.000000 ^ wclk (in)
                                                         wclk (net)
                      0.000820    0.000410    0.000410 ^ clkbuf_0_wclk/A (sky130_fd_sc_hd__clkbuf_16)
    16    0.092148    0.108245    0.165291    0.165701 ^ clkbuf_0_wclk/X (sky130_fd_sc_hd__clkbuf_16)
                                                         clknet_0_wclk (net)
                      0.108245    0.000422    0.166123 ^ clkbuf_4_15_0_wclk/A (sky130_fd_sc_hd__clkbuf_8)
     8    0.029296    0.065280    0.167217    0.333340 ^ clkbuf_4_15_0_wclk/X (sky130_fd_sc_hd__clkbuf_8)
                                                         clknet_4_15_0_wclk (net)
                      0.065280    0.000042    0.333382 ^ _525_/CLK (sky130_fd_sc_hd__dfxtp_1)
     2    0.004687    0.058498    0.319864    0.653245 ^ _525_/Q (sky130_fd_sc_hd__dfxtp_1)
                                                         bram.mem[9][1] (net)
                      0.058498    0.000017    0.653262 ^ _381_/A1 (sky130_fd_sc_hd__mux2_1)
     1    0.002048    0.036918    0.115830    0.769092 ^ _381_/X (sky130_fd_sc_hd__mux2_1)
                                                         _009_ (net)
                      0.036918    0.000004    0.769096 ^ _525_/D (sky130_fd_sc_hd__dfxtp_1)
                                              0.769096   data arrival time

                                  0.000000    0.000000   clock wclk (rise edge)
                                  0.000000    0.000000   clock source latency
     1    0.016889    0.000000    0.000000    0.000000 ^ wclk (in)
                                                         wclk (net)
                      0.000820    0.000410    0.000410 ^ clkbuf_0_wclk/A (sky130_fd_sc_hd__clkbuf_16)
    16    0.092148    0.108245    0.165291    0.165701 ^ clkbuf_0_wclk/X (sky130_fd_sc_hd__clkbuf_16)
                                                         clknet_0_wclk (net)
                      0.108245    0.000422    0.166123 ^ clkbuf_4_15_0_wclk/A (sky130_fd_sc_hd__clkbuf_8)
     8    0.029296    0.065280    0.167217    0.333340 ^ clkbuf_4_15_0_wclk/X (sky130_fd_sc_hd__clkbuf_8)
                                                         clknet_4_15_0_wclk (net)
                      0.065280    0.000042    0.333382 ^ _525_/CLK (sky130_fd_sc_hd__dfxtp_1)
                                  0.000000    0.333382   clock reconvergence pessimism
                                 -0.026909    0.306472   library hold time
                                              0.306472   data required time
---------------------------------------------------------------------------------------------
                                              0.306472   data required time
                                             -0.769096   data arrival time
---------------------------------------------------------------------------------------------
                                              0.462623   slack (MET)


Startpoint: _666_ (rising edge-triggered flip-flop clocked by wclk)
Endpoint: _666_ (rising edge-triggered flip-flop clocked by wclk)
Path Group: wclk
Path Type: min

Fanout         Cap        Slew       Delay        Time   Description
---------------------------------------------------------------------------------------------
                                  0.000000    0.000000   clock wclk (rise edge)
                                  0.000000    0.000000   clock source latency
     1    0.016889    0.000000    0.000000    0.000000 ^ wclk (in)
                                                         wclk (net)
                      0.000820    0.000410    0.000410 ^ clkbuf_0_wclk/A (sky130_fd_sc_hd__clkbuf_16)
    16    0.092148    0.108245    0.165291    0.165701 ^ clkbuf_0_wclk/X (sky130_fd_sc_hd__clkbuf_16)
                                                         clknet_0_wclk (net)
                      0.108245    0.000499    0.166200 ^ clkbuf_4_5_0_wclk/A (sky130_fd_sc_hd__clkbuf_8)
     8    0.028858    0.064605    0.166672    0.332872 ^ clkbuf_4_5_0_wclk/X (sky130_fd_sc_hd__clkbuf_8)
                                                         clknet_4_5_0_wclk (net)
                      0.064605    0.000024    0.332896 ^ _666_/CLK (sky130_fd_sc_hd__dfxtp_1)
     2    0.004329    0.055345    0.317248    0.650144 ^ _666_/Q (sky130_fd_sc_hd__dfxtp_1)
                                                         bram.mem[4][0] (net)
                      0.055345    0.000012    0.650155 ^ _490_/A0 (sky130_fd_sc_hd__mux2_1)
     1    0.002763    0.041012    0.117690    0.767845 ^ _490_/X (sky130_fd_sc_hd__mux2_1)
                                                         _104_ (net)
                      0.041012    0.000014    0.767859 ^ _666_/D (sky130_fd_sc_hd__dfxtp_1)
                                              0.767859   data arrival time

                                  0.000000    0.000000   clock wclk (rise edge)
                                  0.000000    0.000000   clock source latency
     1    0.016889    0.000000    0.000000    0.000000 ^ wclk (in)
                                                         wclk (net)
                      0.000820    0.000410    0.000410 ^ clkbuf_0_wclk/A (sky130_fd_sc_hd__clkbuf_16)
    16    0.092148    0.108245    0.165291    0.165701 ^ clkbuf_0_wclk/X (sky130_fd_sc_hd__clkbuf_16)
                                                         clknet_0_wclk (net)
                      0.108245    0.000499    0.166200 ^ clkbuf_4_5_0_wclk/A (sky130_fd_sc_hd__clkbuf_8)
     8    0.028858    0.064605    0.166672    0.332872 ^ clkbuf_4_5_0_wclk/X (sky130_fd_sc_hd__clkbuf_8)
                                                         clknet_4_5_0_wclk (net)
                      0.064605    0.000024    0.332896 ^ _666_/CLK (sky130_fd_sc_hd__dfxtp_1)
                                  0.000000    0.332896   clock reconvergence pessimism
                                 -0.027853    0.305043   library hold time
                                              0.305043   data required time
---------------------------------------------------------------------------------------------
                                              0.305043   data required time
                                             -0.767859   data arrival time
---------------------------------------------------------------------------------------------
                                              0.462816   slack (MET)


Startpoint: _570_ (rising edge-triggered flip-flop clocked by wclk)
Endpoint: _570_ (rising edge-triggered flip-flop clocked by wclk)
Path Group: wclk
Path Type: min

Fanout         Cap        Slew       Delay        Time   Description
---------------------------------------------------------------------------------------------
                                  0.000000    0.000000   clock wclk (rise edge)
                                  0.000000    0.000000   clock source latency
     1    0.016889    0.000000    0.000000    0.000000 ^ wclk (in)
                                                         wclk (net)
                      0.000820    0.000410    0.000410 ^ clkbuf_0_wclk/A (sky130_fd_sc_hd__clkbuf_16)
    16    0.092148    0.108245    0.165291    0.165701 ^ clkbuf_0_wclk/X (sky130_fd_sc_hd__clkbuf_16)
                                                         clknet_0_wclk (net)
                      0.108246    0.000565    0.166267 ^ clkbuf_4_9_0_wclk/A (sky130_fd_sc_hd__clkbuf_8)
     9    0.027724    0.062866    0.165294    0.331561 ^ clkbuf_4_9_0_wclk/X (sky130_fd_sc_hd__clkbuf_8)
                                                         clknet_4_9_0_wclk (net)
                      0.062866    0.000028    0.331589 ^ _570_/CLK (sky130_fd_sc_hd__dfxtp_1)
     2    0.004520    0.057025    0.317853    0.649442 ^ _570_/Q (sky130_fd_sc_hd__dfxtp_1)
                                                         bram.mem[13][2] (net)
                      0.057025    0.000012    0.649454 ^ _400_/A1 (sky130_fd_sc_hd__mux2_1)
     1    0.002297    0.038872    0.117312    0.766766 ^ _400_/X (sky130_fd_sc_hd__mux2_1)
                                                         _026_ (net)
                      0.038872    0.000007    0.766773 ^ _570_/D (sky130_fd_sc_hd__dfxtp_1)
                                              0.766773   data arrival time

                                  0.000000    0.000000   clock wclk (rise edge)
                                  0.000000    0.000000   clock source latency
     1    0.016889    0.000000    0.000000    0.000000 ^ wclk (in)
                                                         wclk (net)
                      0.000820    0.000410    0.000410 ^ clkbuf_0_wclk/A (sky130_fd_sc_hd__clkbuf_16)
    16    0.092148    0.108245    0.165291    0.165701 ^ clkbuf_0_wclk/X (sky130_fd_sc_hd__clkbuf_16)
                                                         clknet_0_wclk (net)
                      0.108246    0.000565    0.166267 ^ clkbuf_4_9_0_wclk/A (sky130_fd_sc_hd__clkbuf_8)
     9    0.027724    0.062866    0.165294    0.331561 ^ clkbuf_4_9_0_wclk/X (sky130_fd_sc_hd__clkbuf_8)
                                                         clknet_4_9_0_wclk (net)
                      0.062866    0.000028    0.331589 ^ _570_/CLK (sky130_fd_sc_hd__dfxtp_1)
                                  0.000000    0.331589   clock reconvergence pessimism
                                 -0.027635    0.303954   library hold time
                                              0.303954   data required time
---------------------------------------------------------------------------------------------
                                              0.303954   data required time
                                             -0.766773   data arrival time
---------------------------------------------------------------------------------------------
                                              0.462819   slack (MET)


Startpoint: _634_ (rising edge-triggered flip-flop clocked by wclk)
Endpoint: _634_ (rising edge-triggered flip-flop clocked by wclk)
Path Group: wclk
Path Type: min

Fanout         Cap        Slew       Delay        Time   Description
---------------------------------------------------------------------------------------------
                                  0.000000    0.000000   clock wclk (rise edge)
                                  0.000000    0.000000   clock source latency
     1    0.016889    0.000000    0.000000    0.000000 ^ wclk (in)
                                                         wclk (net)
                      0.000820    0.000410    0.000410 ^ clkbuf_0_wclk/A (sky130_fd_sc_hd__clkbuf_16)
    16    0.092148    0.108245    0.165291    0.165701 ^ clkbuf_0_wclk/X (sky130_fd_sc_hd__clkbuf_16)
                                                         clknet_0_wclk (net)
                      0.108245    0.000530    0.166231 ^ clkbuf_4_4_0_wclk/A (sky130_fd_sc_hd__clkbuf_8)
    10    0.029506    0.065604    0.167464    0.333695 ^ clkbuf_4_4_0_wclk/X (sky130_fd_sc_hd__clkbuf_8)
                                                         clknet_4_4_0_wclk (net)
                      0.065604    0.000086    0.333781 ^ _634_/CLK (sky130_fd_sc_hd__dfxtp_1)
     2    0.004128    0.053574    0.316297    0.650078 ^ _634_/Q (sky130_fd_sc_hd__dfxtp_1)
                                                         bram.mem[5][1] (net)
                      0.053574    0.000011    0.650088 ^ _464_/A1 (sky130_fd_sc_hd__mux2_1)
     1    0.002651    0.040203    0.118956    0.769044 ^ _464_/X (sky130_fd_sc_hd__mux2_1)
                                                         _081_ (net)
                      0.040203    0.000011    0.769056 ^ _634_/D (sky130_fd_sc_hd__dfxtp_1)
                                              0.769056   data arrival time

                                  0.000000    0.000000   clock wclk (rise edge)
                                  0.000000    0.000000   clock source latency
     1    0.016889    0.000000    0.000000    0.000000 ^ wclk (in)
                                                         wclk (net)
                      0.000820    0.000410    0.000410 ^ clkbuf_0_wclk/A (sky130_fd_sc_hd__clkbuf_16)
    16    0.092148    0.108245    0.165291    0.165701 ^ clkbuf_0_wclk/X (sky130_fd_sc_hd__clkbuf_16)
                                                         clknet_0_wclk (net)
                      0.108245    0.000530    0.166231 ^ clkbuf_4_4_0_wclk/A (sky130_fd_sc_hd__clkbuf_8)
    10    0.029506    0.065604    0.167464    0.333695 ^ clkbuf_4_4_0_wclk/X (sky130_fd_sc_hd__clkbuf_8)
                                                         clknet_4_4_0_wclk (net)
                      0.065604    0.000086    0.333781 ^ _634_/CLK (sky130_fd_sc_hd__dfxtp_1)
                                  0.000000    0.333781   clock reconvergence pessimism
                                 -0.027552    0.306228   library hold time
                                              0.306228   data required time
---------------------------------------------------------------------------------------------
                                              0.306228   data required time
                                             -0.769056   data arrival time
---------------------------------------------------------------------------------------------
                                              0.462827   slack (MET)


Startpoint: _578_ (rising edge-triggered flip-flop clocked by wclk)
Endpoint: _578_ (rising edge-triggered flip-flop clocked by wclk)
Path Group: wclk
Path Type: min

Fanout         Cap        Slew       Delay        Time   Description
---------------------------------------------------------------------------------------------
                                  0.000000    0.000000   clock wclk (rise edge)
                                  0.000000    0.000000   clock source latency
     1    0.016889    0.000000    0.000000    0.000000 ^ wclk (in)
                                                         wclk (net)
                      0.000820    0.000410    0.000410 ^ clkbuf_0_wclk/A (sky130_fd_sc_hd__clkbuf_16)
    16    0.092148    0.108245    0.165291    0.165701 ^ clkbuf_0_wclk/X (sky130_fd_sc_hd__clkbuf_16)
                                                         clknet_0_wclk (net)
                      0.108246    0.000565    0.166267 ^ clkbuf_4_9_0_wclk/A (sky130_fd_sc_hd__clkbuf_8)
     9    0.027724    0.062866    0.165294    0.331561 ^ clkbuf_4_9_0_wclk/X (sky130_fd_sc_hd__clkbuf_8)
                                                         clknet_4_9_0_wclk (net)
                      0.062866    0.000041    0.331602 ^ _578_/CLK (sky130_fd_sc_hd__dfxtp_1)
     2    0.004460    0.054471    0.317455    0.649056 ^ _578_/Q (sky130_fd_sc_hd__dfxtp_1)
                                                         bram.mem[12][2] (net)
                      0.054471    0.000022    0.649078 ^ _409_/A0 (sky130_fd_sc_hd__mux2_1)
     1    0.002755    0.040952    0.117325    0.766403 ^ _409_/X (sky130_fd_sc_hd__mux2_1)
                                                         _034_ (net)
                      0.040952    0.000015    0.766418 ^ _578_/D (sky130_fd_sc_hd__dfxtp_1)
                                              0.766418   data arrival time

                                  0.000000    0.000000   clock wclk (rise edge)
                                  0.000000    0.000000   clock source latency
     1    0.016889    0.000000    0.000000    0.000000 ^ wclk (in)
                                                         wclk (net)
                      0.000820    0.000410    0.000410 ^ clkbuf_0_wclk/A (sky130_fd_sc_hd__clkbuf_16)
    16    0.092148    0.108245    0.165291    0.165701 ^ clkbuf_0_wclk/X (sky130_fd_sc_hd__clkbuf_16)
                                                         clknet_0_wclk (net)
                      0.108246    0.000565    0.166267 ^ clkbuf_4_9_0_wclk/A (sky130_fd_sc_hd__clkbuf_8)
     9    0.027724    0.062866    0.165294    0.331561 ^ clkbuf_4_9_0_wclk/X (sky130_fd_sc_hd__clkbuf_8)
                                                         clknet_4_9_0_wclk (net)
                      0.062866    0.000041    0.331602 ^ _578_/CLK (sky130_fd_sc_hd__dfxtp_1)
                                  0.000000    0.331602   clock reconvergence pessimism
                                 -0.028069    0.303532   library hold time
                                              0.303532   data required time
---------------------------------------------------------------------------------------------
                                              0.303532   data required time
                                             -0.766418   data arrival time
---------------------------------------------------------------------------------------------
                                              0.462886   slack (MET)


Startpoint: _526_ (rising edge-triggered flip-flop clocked by wclk)
Endpoint: _526_ (rising edge-triggered flip-flop clocked by wclk)
Path Group: wclk
Path Type: min

Fanout         Cap        Slew       Delay        Time   Description
---------------------------------------------------------------------------------------------
                                  0.000000    0.000000   clock wclk (rise edge)
                                  0.000000    0.000000   clock source latency
     1    0.016889    0.000000    0.000000    0.000000 ^ wclk (in)
                                                         wclk (net)
                      0.000820    0.000410    0.000410 ^ clkbuf_0_wclk/A (sky130_fd_sc_hd__clkbuf_16)
    16    0.092148    0.108245    0.165291    0.165701 ^ clkbuf_0_wclk/X (sky130_fd_sc_hd__clkbuf_16)
                                                         clknet_0_wclk (net)
                      0.108246    0.000571    0.166272 ^ clkbuf_4_8_0_wclk/A (sky130_fd_sc_hd__clkbuf_8)
    13    0.030580    0.067260    0.168774    0.335046 ^ clkbuf_4_8_0_wclk/X (sky130_fd_sc_hd__clkbuf_8)
                                                         clknet_4_8_0_wclk (net)
                      0.067260    0.000047    0.335093 ^ _526_/CLK (sky130_fd_sc_hd__dfxtp_1)
     2    0.004317    0.055240    0.318167    0.653260 ^ _526_/Q (sky130_fd_sc_hd__dfxtp_1)
                                                         bram.mem[9][2] (net)
                      0.055240    0.000014    0.653274 ^ _382_/A1 (sky130_fd_sc_hd__mux2_1)
     1    0.002404    0.039733    0.117558    0.770832 ^ _382_/X (sky130_fd_sc_hd__mux2_1)
                                                         _010_ (net)
                      0.039733    0.000009    0.770841 ^ _526_/D (sky130_fd_sc_hd__dfxtp_1)
                                              0.770841   data arrival time

                                  0.000000    0.000000   clock wclk (rise edge)
                                  0.000000    0.000000   clock source latency
     1    0.016889    0.000000    0.000000    0.000000 ^ wclk (in)
                                                         wclk (net)
                      0.000820    0.000410    0.000410 ^ clkbuf_0_wclk/A (sky130_fd_sc_hd__clkbuf_16)
    16    0.092148    0.108245    0.165291    0.165701 ^ clkbuf_0_wclk/X (sky130_fd_sc_hd__clkbuf_16)
                                                         clknet_0_wclk (net)
                      0.108246    0.000571    0.166272 ^ clkbuf_4_8_0_wclk/A (sky130_fd_sc_hd__clkbuf_8)
    13    0.030580    0.067260    0.168774    0.335046 ^ clkbuf_4_8_0_wclk/X (sky130_fd_sc_hd__clkbuf_8)
                                                         clknet_4_8_0_wclk (net)
                      0.067260    0.000047    0.335093 ^ _526_/CLK (sky130_fd_sc_hd__dfxtp_1)
                                  0.000000    0.335093   clock reconvergence pessimism
                                 -0.027236    0.307856   library hold time
                                              0.307856   data required time
---------------------------------------------------------------------------------------------
                                              0.307856   data required time
                                             -0.770841   data arrival time
---------------------------------------------------------------------------------------------
                                              0.462985   slack (MET)


Startpoint: _683_ (rising edge-triggered flip-flop clocked by wclk)
Endpoint: _683_ (rising edge-triggered flip-flop clocked by wclk)
Path Group: wclk
Path Type: min

Fanout         Cap        Slew       Delay        Time   Description
---------------------------------------------------------------------------------------------
                                  0.000000    0.000000   clock wclk (rise edge)
                                  0.000000    0.000000   clock source latency
     1    0.016889    0.000000    0.000000    0.000000 ^ wclk (in)
                                                         wclk (net)
                      0.000820    0.000410    0.000410 ^ clkbuf_0_wclk/A (sky130_fd_sc_hd__clkbuf_16)
    16    0.092148    0.108245    0.165291    0.165701 ^ clkbuf_0_wclk/X (sky130_fd_sc_hd__clkbuf_16)
                                                         clknet_0_wclk (net)
                      0.108245    0.000422    0.166123 ^ clkbuf_4_15_0_wclk/A (sky130_fd_sc_hd__clkbuf_8)
     8    0.029296    0.065280    0.167217    0.333340 ^ clkbuf_4_15_0_wclk/X (sky130_fd_sc_hd__clkbuf_8)
                                                         clknet_4_15_0_wclk (net)
                      0.065280    0.000039    0.333379 ^ _683_/CLK (sky130_fd_sc_hd__dfxtp_1)
     2    0.004370    0.055706    0.317772    0.651151 ^ _683_/Q (sky130_fd_sc_hd__dfxtp_1)
                                                         bram.mem[15][1] (net)
                      0.055706    0.000015    0.651166 ^ _508_/A1 (sky130_fd_sc_hd__mux2_1)
     1    0.002451    0.040106    0.118087    0.769253 ^ _508_/X (sky130_fd_sc_hd__mux2_1)
                                                         _121_ (net)
                      0.040106    0.000010    0.769264 ^ _683_/D (sky130_fd_sc_hd__dfxtp_1)
                                              0.769264   data arrival time

                                  0.000000    0.000000   clock wclk (rise edge)
                                  0.000000    0.000000   clock source latency
     1    0.016889    0.000000    0.000000    0.000000 ^ wclk (in)
                                                         wclk (net)
                      0.000820    0.000410    0.000410 ^ clkbuf_0_wclk/A (sky130_fd_sc_hd__clkbuf_16)
    16    0.092148    0.108245    0.165291    0.165701 ^ clkbuf_0_wclk/X (sky130_fd_sc_hd__clkbuf_16)
                                                         clknet_0_wclk (net)
                      0.108245    0.000422    0.166123 ^ clkbuf_4_15_0_wclk/A (sky130_fd_sc_hd__clkbuf_8)
     8    0.029296    0.065280    0.167217    0.333340 ^ clkbuf_4_15_0_wclk/X (sky130_fd_sc_hd__clkbuf_8)
                                                         clknet_4_15_0_wclk (net)
                      0.065280    0.000039    0.333379 ^ _683_/CLK (sky130_fd_sc_hd__dfxtp_1)
                                  0.000000    0.333379   clock reconvergence pessimism
                                 -0.027575    0.305804   library hold time
                                              0.305804   data required time
---------------------------------------------------------------------------------------------
                                              0.305804   data required time
                                             -0.769264   data arrival time
---------------------------------------------------------------------------------------------
                                              0.463459   slack (MET)


Startpoint: _670_ (rising edge-triggered flip-flop clocked by wclk)
Endpoint: _670_ (rising edge-triggered flip-flop clocked by wclk)
Path Group: wclk
Path Type: min

Fanout         Cap        Slew       Delay        Time   Description
---------------------------------------------------------------------------------------------
                                  0.000000    0.000000   clock wclk (rise edge)
                                  0.000000    0.000000   clock source latency
     1    0.016889    0.000000    0.000000    0.000000 ^ wclk (in)
                                                         wclk (net)
                      0.000820    0.000410    0.000410 ^ clkbuf_0_wclk/A (sky130_fd_sc_hd__clkbuf_16)
    16    0.092148    0.108245    0.165291    0.165701 ^ clkbuf_0_wclk/X (sky130_fd_sc_hd__clkbuf_16)
                                                         clknet_0_wclk (net)
                      0.108249    0.000827    0.166528 ^ clkbuf_4_1_0_wclk/A (sky130_fd_sc_hd__clkbuf_8)
    11    0.030115    0.066540    0.168215    0.334743 ^ clkbuf_4_1_0_wclk/X (sky130_fd_sc_hd__clkbuf_8)
                                                         clknet_4_1_0_wclk (net)
                      0.066540    0.000031    0.334774 ^ _670_/CLK (sky130_fd_sc_hd__dfxtp_1)
     2    0.004479    0.056665    0.318964    0.653738 ^ _670_/Q (sky130_fd_sc_hd__dfxtp_1)
                                                         bram.mem[4][4] (net)
                      0.056665    0.000018    0.653756 ^ _494_/A0 (sky130_fd_sc_hd__mux2_1)
     1    0.002640    0.040078    0.117155    0.770911 ^ _494_/X (sky130_fd_sc_hd__mux2_1)
                                                         _108_ (net)
                      0.040078    0.000013    0.770924 ^ _670_/D (sky130_fd_sc_hd__dfxtp_1)
                                              0.770924   data arrival time

                                  0.000000    0.000000   clock wclk (rise edge)
                                  0.000000    0.000000   clock source latency
     1    0.016889    0.000000    0.000000    0.000000 ^ wclk (in)
                                                         wclk (net)
                      0.000820    0.000410    0.000410 ^ clkbuf_0_wclk/A (sky130_fd_sc_hd__clkbuf_16)
    16    0.092148    0.108245    0.165291    0.165701 ^ clkbuf_0_wclk/X (sky130_fd_sc_hd__clkbuf_16)
                                                         clknet_0_wclk (net)
                      0.108249    0.000827    0.166528 ^ clkbuf_4_1_0_wclk/A (sky130_fd_sc_hd__clkbuf_8)
    11    0.030115    0.066540    0.168215    0.334743 ^ clkbuf_4_1_0_wclk/X (sky130_fd_sc_hd__clkbuf_8)
                                                         clknet_4_1_0_wclk (net)
                      0.066540    0.000031    0.334774 ^ _670_/CLK (sky130_fd_sc_hd__dfxtp_1)
                                  0.000000    0.334774   clock reconvergence pessimism
                                 -0.027403    0.307371   library hold time
                                              0.307371   data required time
---------------------------------------------------------------------------------------------
                                              0.307371   data required time
                                             -0.770924   data arrival time
---------------------------------------------------------------------------------------------
                                              0.463553   slack (MET)


Startpoint: _637_ (rising edge-triggered flip-flop clocked by wclk)
Endpoint: _637_ (rising edge-triggered flip-flop clocked by wclk)
Path Group: wclk
Path Type: min

Fanout         Cap        Slew       Delay        Time   Description
---------------------------------------------------------------------------------------------
                                  0.000000    0.000000   clock wclk (rise edge)
                                  0.000000    0.000000   clock source latency
     1    0.016889    0.000000    0.000000    0.000000 ^ wclk (in)
                                                         wclk (net)
                      0.000820    0.000410    0.000410 ^ clkbuf_0_wclk/A (sky130_fd_sc_hd__clkbuf_16)
    16    0.092148    0.108245    0.165291    0.165701 ^ clkbuf_0_wclk/X (sky130_fd_sc_hd__clkbuf_16)
                                                         clknet_0_wclk (net)
                      0.108249    0.000827    0.166528 ^ clkbuf_4_1_0_wclk/A (sky130_fd_sc_hd__clkbuf_8)
    11    0.030115    0.066540    0.168215    0.334743 ^ clkbuf_4_1_0_wclk/X (sky130_fd_sc_hd__clkbuf_8)
                                                         clknet_4_1_0_wclk (net)
                      0.066540    0.000024    0.334768 ^ _637_/CLK (sky130_fd_sc_hd__dfxtp_1)
     2    0.004399    0.055960    0.318437    0.653204 ^ _637_/Q (sky130_fd_sc_hd__dfxtp_1)
                                                         bram.mem[5][4] (net)
                      0.055960    0.000015    0.653219 ^ _467_/A1 (sky130_fd_sc_hd__mux2_1)
     1    0.002404    0.039713    0.117802    0.771021 ^ _467_/X (sky130_fd_sc_hd__mux2_1)
                                                         _084_ (net)
                      0.039713    0.000009    0.771030 ^ _637_/D (sky130_fd_sc_hd__dfxtp_1)
                                              0.771030   data arrival time

                                  0.000000    0.000000   clock wclk (rise edge)
                                  0.000000    0.000000   clock source latency
     1    0.016889    0.000000    0.000000    0.000000 ^ wclk (in)
                                                         wclk (net)
                      0.000820    0.000410    0.000410 ^ clkbuf_0_wclk/A (sky130_fd_sc_hd__clkbuf_16)
    16    0.092148    0.108245    0.165291    0.165701 ^ clkbuf_0_wclk/X (sky130_fd_sc_hd__clkbuf_16)
                                                         clknet_0_wclk (net)
                      0.108249    0.000827    0.166528 ^ clkbuf_4_1_0_wclk/A (sky130_fd_sc_hd__clkbuf_8)
    11    0.030115    0.066540    0.168215    0.334743 ^ clkbuf_4_1_0_wclk/X (sky130_fd_sc_hd__clkbuf_8)
                                                         clknet_4_1_0_wclk (net)
                      0.066540    0.000024    0.334768 ^ _637_/CLK (sky130_fd_sc_hd__dfxtp_1)
                                  0.000000    0.334768   clock reconvergence pessimism
                                 -0.027327    0.307441   library hold time
                                              0.307441   data required time
---------------------------------------------------------------------------------------------
                                              0.307441   data required time
                                             -0.771030   data arrival time
---------------------------------------------------------------------------------------------
                                              0.463589   slack (MET)


Startpoint: _694_ (rising edge-triggered flip-flop clocked by wclk)
Endpoint: _694_ (rising edge-triggered flip-flop clocked by wclk)
Path Group: wclk
Path Type: min

Fanout         Cap        Slew       Delay        Time   Description
---------------------------------------------------------------------------------------------
                                  0.000000    0.000000   clock wclk (rise edge)
                                  0.000000    0.000000   clock source latency
     1    0.016889    0.000000    0.000000    0.000000 ^ wclk (in)
                                                         wclk (net)
                      0.000820    0.000410    0.000410 ^ clkbuf_0_wclk/A (sky130_fd_sc_hd__clkbuf_16)
    16    0.092148    0.108245    0.165291    0.165701 ^ clkbuf_0_wclk/X (sky130_fd_sc_hd__clkbuf_16)
                                                         clknet_0_wclk (net)
                      0.108249    0.000805    0.166506 ^ clkbuf_4_0_0_wclk/A (sky130_fd_sc_hd__clkbuf_8)
    12    0.030706    0.067456    0.168922    0.335428 ^ clkbuf_4_0_0_wclk/X (sky130_fd_sc_hd__clkbuf_8)
                                                         clknet_4_0_0_wclk (net)
                      0.067456    0.000122    0.335550 ^ _694_/CLK (sky130_fd_sc_hd__dfxtp_1)
     2    0.004452    0.056427    0.319130    0.654680 ^ _694_/Q (sky130_fd_sc_hd__dfxtp_1)
                                                         bram.mem[2][4] (net)
                      0.056427    0.000010    0.654690 ^ _520_/A0 (sky130_fd_sc_hd__mux2_1)
     1    0.002651    0.040166    0.117171    0.771861 ^ _520_/X (sky130_fd_sc_hd__mux2_1)
                                                         _132_ (net)
                      0.040166    0.000011    0.771872 ^ _694_/D (sky130_fd_sc_hd__dfxtp_1)
                                              0.771872   data arrival time

                                  0.000000    0.000000   clock wclk (rise edge)
                                  0.000000    0.000000   clock source latency
     1    0.016889    0.000000    0.000000    0.000000 ^ wclk (in)
                                                         wclk (net)
                      0.000820    0.000410    0.000410 ^ clkbuf_0_wclk/A (sky130_fd_sc_hd__clkbuf_16)
    16    0.092148    0.108245    0.165291    0.165701 ^ clkbuf_0_wclk/X (sky130_fd_sc_hd__clkbuf_16)
                                                         clknet_0_wclk (net)
                      0.108249    0.000805    0.166506 ^ clkbuf_4_0_0_wclk/A (sky130_fd_sc_hd__clkbuf_8)
    12    0.030706    0.067456    0.168922    0.335428 ^ clkbuf_4_0_0_wclk/X (sky130_fd_sc_hd__clkbuf_8)
                                                         clknet_4_0_0_wclk (net)
                      0.067456    0.000122    0.335550 ^ _694_/CLK (sky130_fd_sc_hd__dfxtp_1)
                                  0.000000    0.335550   clock reconvergence pessimism
                                 -0.027301    0.308249   library hold time
                                              0.308249   data required time
---------------------------------------------------------------------------------------------
                                              0.308249   data required time
                                             -0.771872   data arrival time
---------------------------------------------------------------------------------------------
                                              0.463623   slack (MET)


Startpoint: _524_ (rising edge-triggered flip-flop clocked by wclk)
Endpoint: _524_ (rising edge-triggered flip-flop clocked by wclk)
Path Group: wclk
Path Type: min

Fanout         Cap        Slew       Delay        Time   Description
---------------------------------------------------------------------------------------------
                                  0.000000    0.000000   clock wclk (rise edge)
                                  0.000000    0.000000   clock source latency
     1    0.016889    0.000000    0.000000    0.000000 ^ wclk (in)
                                                         wclk (net)
                      0.000820    0.000410    0.000410 ^ clkbuf_0_wclk/A (sky130_fd_sc_hd__clkbuf_16)
    16    0.092148    0.108245    0.165291    0.165701 ^ clkbuf_0_wclk/X (sky130_fd_sc_hd__clkbuf_16)
                                                         clknet_0_wclk (net)
                      0.108245    0.000411    0.166112 ^ clkbuf_4_6_0_wclk/A (sky130_fd_sc_hd__clkbuf_8)
     8    0.028646    0.064281    0.166412    0.332523 ^ clkbuf_4_6_0_wclk/X (sky130_fd_sc_hd__clkbuf_8)
                                                         clknet_4_6_0_wclk (net)
                      0.064281    0.000121    0.332644 ^ _524_/CLK (sky130_fd_sc_hd__dfxtp_1)
     2    0.004665    0.058300    0.319340    0.651984 ^ _524_/Q (sky130_fd_sc_hd__dfxtp_1)
                                                         bram.mem[9][0] (net)
                      0.058300    0.000015    0.652000 ^ _380_/A1 (sky130_fd_sc_hd__mux2_1)
     1    0.002216    0.038242    0.117096    0.769095 ^ _380_/X (sky130_fd_sc_hd__mux2_1)
                                                         _008_ (net)
                      0.038242    0.000007    0.769102 ^ _524_/D (sky130_fd_sc_hd__dfxtp_1)
                                              0.769102   data arrival time

                                  0.000000    0.000000   clock wclk (rise edge)
                                  0.000000    0.000000   clock source latency
     1    0.016889    0.000000    0.000000    0.000000 ^ wclk (in)
                                                         wclk (net)
                      0.000820    0.000410    0.000410 ^ clkbuf_0_wclk/A (sky130_fd_sc_hd__clkbuf_16)
    16    0.092148    0.108245    0.165291    0.165701 ^ clkbuf_0_wclk/X (sky130_fd_sc_hd__clkbuf_16)
                                                         clknet_0_wclk (net)
                      0.108245    0.000411    0.166112 ^ clkbuf_4_6_0_wclk/A (sky130_fd_sc_hd__clkbuf_8)
     8    0.028646    0.064281    0.166412    0.332523 ^ clkbuf_4_6_0_wclk/X (sky130_fd_sc_hd__clkbuf_8)
                                                         clknet_4_6_0_wclk (net)
                      0.064281    0.000121    0.332644 ^ _524_/CLK (sky130_fd_sc_hd__dfxtp_1)
                                  0.000000    0.332644   clock reconvergence pessimism
                                 -0.027317    0.305327   library hold time
                                              0.305327   data required time
---------------------------------------------------------------------------------------------
                                              0.305327   data required time
                                             -0.769102   data arrival time
---------------------------------------------------------------------------------------------
                                              0.463774   slack (MET)


Startpoint: _586_ (rising edge-triggered flip-flop clocked by wclk)
Endpoint: _586_ (rising edge-triggered flip-flop clocked by wclk)
Path Group: wclk
Path Type: min

Fanout         Cap        Slew       Delay        Time   Description
---------------------------------------------------------------------------------------------
                                  0.000000    0.000000   clock wclk (rise edge)
                                  0.000000    0.000000   clock source latency
     1    0.016889    0.000000    0.000000    0.000000 ^ wclk (in)
                                                         wclk (net)
                      0.000820    0.000410    0.000410 ^ clkbuf_0_wclk/A (sky130_fd_sc_hd__clkbuf_16)
    16    0.092148    0.108245    0.165291    0.165701 ^ clkbuf_0_wclk/X (sky130_fd_sc_hd__clkbuf_16)
                                                         clknet_0_wclk (net)
                      0.108246    0.000571    0.166272 ^ clkbuf_4_8_0_wclk/A (sky130_fd_sc_hd__clkbuf_8)
    13    0.030580    0.067260    0.168774    0.335046 ^ clkbuf_4_8_0_wclk/X (sky130_fd_sc_hd__clkbuf_8)
                                                         clknet_4_8_0_wclk (net)
                      0.067260    0.000049    0.335095 ^ _586_/CLK (sky130_fd_sc_hd__dfxtp_1)
     2    0.004506    0.056897    0.319409    0.654504 ^ _586_/Q (sky130_fd_sc_hd__dfxtp_1)
                                                         bram.mem[11][2] (net)
                      0.056897    0.000010    0.654514 ^ _418_/A1 (sky130_fd_sc_hd__mux2_1)
     1    0.002340    0.039215    0.117609    0.772123 ^ _418_/X (sky130_fd_sc_hd__mux2_1)
                                                         _042_ (net)
                      0.039215    0.000008    0.772131 ^ _586_/D (sky130_fd_sc_hd__dfxtp_1)
                                              0.772131   data arrival time

                                  0.000000    0.000000   clock wclk (rise edge)
                                  0.000000    0.000000   clock source latency
     1    0.016889    0.000000    0.000000    0.000000 ^ wclk (in)
                                                         wclk (net)
                      0.000820    0.000410    0.000410 ^ clkbuf_0_wclk/A (sky130_fd_sc_hd__clkbuf_16)
    16    0.092148    0.108245    0.165291    0.165701 ^ clkbuf_0_wclk/X (sky130_fd_sc_hd__clkbuf_16)
                                                         clknet_0_wclk (net)
                      0.108246    0.000571    0.166272 ^ clkbuf_4_8_0_wclk/A (sky130_fd_sc_hd__clkbuf_8)
    13    0.030580    0.067260    0.168774    0.335046 ^ clkbuf_4_8_0_wclk/X (sky130_fd_sc_hd__clkbuf_8)
                                                         clknet_4_8_0_wclk (net)
                      0.067260    0.000049    0.335095 ^ _586_/CLK (sky130_fd_sc_hd__dfxtp_1)
                                  0.000000    0.335095   clock reconvergence pessimism
                                 -0.027128    0.307967   library hold time
                                              0.307967   data required time
---------------------------------------------------------------------------------------------
                                              0.307967   data required time
                                             -0.772131   data arrival time
---------------------------------------------------------------------------------------------
                                              0.464164   slack (MET)


Startpoint: _584_ (rising edge-triggered flip-flop clocked by wclk)
Endpoint: _584_ (rising edge-triggered flip-flop clocked by wclk)
Path Group: wclk
Path Type: min

Fanout         Cap        Slew       Delay        Time   Description
---------------------------------------------------------------------------------------------
                                  0.000000    0.000000   clock wclk (rise edge)
                                  0.000000    0.000000   clock source latency
     1    0.016889    0.000000    0.000000    0.000000 ^ wclk (in)
                                                         wclk (net)
                      0.000820    0.000410    0.000410 ^ clkbuf_0_wclk/A (sky130_fd_sc_hd__clkbuf_16)
    16    0.092148    0.108245    0.165291    0.165701 ^ clkbuf_0_wclk/X (sky130_fd_sc_hd__clkbuf_16)
                                                         clknet_0_wclk (net)
                      0.108245    0.000297    0.165998 ^ clkbuf_4_12_0_wclk/A (sky130_fd_sc_hd__clkbuf_8)
     8    0.028409    0.063918    0.166117    0.332116 ^ clkbuf_4_12_0_wclk/X (sky130_fd_sc_hd__clkbuf_8)
                                                         clknet_4_12_0_wclk (net)
                      0.063918    0.000148    0.332264 ^ _584_/CLK (sky130_fd_sc_hd__dfxtp_1)
     2    0.004431    0.056241    0.317661    0.649924 ^ _584_/Q (sky130_fd_sc_hd__dfxtp_1)
                                                         bram.mem[11][0] (net)
                      0.056241    0.000008    0.649933 ^ _416_/A1 (sky130_fd_sc_hd__mux2_1)
     1    0.002508    0.040541    0.118722    0.768654 ^ _416_/X (sky130_fd_sc_hd__mux2_1)
                                                         _040_ (net)
                      0.040541    0.000008    0.768663 ^ _584_/D (sky130_fd_sc_hd__dfxtp_1)
                                              0.768663   data arrival time

                                  0.000000    0.000000   clock wclk (rise edge)
                                  0.000000    0.000000   clock source latency
     1    0.016889    0.000000    0.000000    0.000000 ^ wclk (in)
                                                         wclk (net)
                      0.000820    0.000410    0.000410 ^ clkbuf_0_wclk/A (sky130_fd_sc_hd__clkbuf_16)
    16    0.092148    0.108245    0.165291    0.165701 ^ clkbuf_0_wclk/X (sky130_fd_sc_hd__clkbuf_16)
                                                         clknet_0_wclk (net)
                      0.108245    0.000297    0.165998 ^ clkbuf_4_12_0_wclk/A (sky130_fd_sc_hd__clkbuf_8)
     8    0.028409    0.063918    0.166117    0.332116 ^ clkbuf_4_12_0_wclk/X (sky130_fd_sc_hd__clkbuf_8)
                                                         clknet_4_12_0_wclk (net)
                      0.063918    0.000148    0.332264 ^ _584_/CLK (sky130_fd_sc_hd__dfxtp_1)
                                  0.000000    0.332264   clock reconvergence pessimism
                                 -0.027845    0.304418   library hold time
                                              0.304418   data required time
---------------------------------------------------------------------------------------------
                                              0.304418   data required time
                                             -0.768663   data arrival time
---------------------------------------------------------------------------------------------
                                              0.464244   slack (MET)


Startpoint: _610_ (rising edge-triggered flip-flop clocked by wclk)
Endpoint: _610_ (rising edge-triggered flip-flop clocked by wclk)
Path Group: wclk
Path Type: min

Fanout         Cap        Slew       Delay        Time   Description
---------------------------------------------------------------------------------------------
                                  0.000000    0.000000   clock wclk (rise edge)
                                  0.000000    0.000000   clock source latency
     1    0.016889    0.000000    0.000000    0.000000 ^ wclk (in)
                                                         wclk (net)
                      0.000820    0.000410    0.000410 ^ clkbuf_0_wclk/A (sky130_fd_sc_hd__clkbuf_16)
    16    0.092148    0.108245    0.165291    0.165701 ^ clkbuf_0_wclk/X (sky130_fd_sc_hd__clkbuf_16)
                                                         clknet_0_wclk (net)
                      0.108246    0.000571    0.166272 ^ clkbuf_4_8_0_wclk/A (sky130_fd_sc_hd__clkbuf_8)
    13    0.030580    0.067260    0.168774    0.335046 ^ clkbuf_4_8_0_wclk/X (sky130_fd_sc_hd__clkbuf_8)
                                                         clknet_4_8_0_wclk (net)
                      0.067260    0.000025    0.335071 ^ _610_/CLK (sky130_fd_sc_hd__dfxtp_1)
     2    0.004731    0.058881    0.320895    0.655966 ^ _610_/Q (sky130_fd_sc_hd__dfxtp_1)
                                                         bram.mem[8][2] (net)
                      0.058881    0.000018    0.655984 ^ _446_/A0 (sky130_fd_sc_hd__mux2_1)
     1    0.002411    0.039732    0.116093    0.772077 ^ _446_/X (sky130_fd_sc_hd__mux2_1)
                                                         _066_ (net)
                      0.039732    0.000007    0.772085 ^ _610_/D (sky130_fd_sc_hd__dfxtp_1)
                                              0.772085   data arrival time

                                  0.000000    0.000000   clock wclk (rise edge)
                                  0.000000    0.000000   clock source latency
     1    0.016889    0.000000    0.000000    0.000000 ^ wclk (in)
                                                         wclk (net)
                      0.000820    0.000410    0.000410 ^ clkbuf_0_wclk/A (sky130_fd_sc_hd__clkbuf_16)
    16    0.092148    0.108245    0.165291    0.165701 ^ clkbuf_0_wclk/X (sky130_fd_sc_hd__clkbuf_16)
                                                         clknet_0_wclk (net)
                      0.108246    0.000571    0.166272 ^ clkbuf_4_8_0_wclk/A (sky130_fd_sc_hd__clkbuf_8)
    13    0.030580    0.067260    0.168774    0.335046 ^ clkbuf_4_8_0_wclk/X (sky130_fd_sc_hd__clkbuf_8)
                                                         clknet_4_8_0_wclk (net)
                      0.067260    0.000025    0.335071 ^ _610_/CLK (sky130_fd_sc_hd__dfxtp_1)
                                  0.000000    0.335071   clock reconvergence pessimism
                                 -0.027236    0.307835   library hold time
                                              0.307835   data required time
---------------------------------------------------------------------------------------------
                                              0.307835   data required time
                                             -0.772085   data arrival time
---------------------------------------------------------------------------------------------
                                              0.464250   slack (MET)


Startpoint: _643_ (rising edge-triggered flip-flop clocked by wclk)
Endpoint: _643_ (rising edge-triggered flip-flop clocked by wclk)
Path Group: wclk
Path Type: min

Fanout         Cap        Slew       Delay        Time   Description
---------------------------------------------------------------------------------------------
                                  0.000000    0.000000   clock wclk (rise edge)
                                  0.000000    0.000000   clock source latency
     1    0.016889    0.000000    0.000000    0.000000 ^ wclk (in)
                                                         wclk (net)
                      0.000820    0.000410    0.000410 ^ clkbuf_0_wclk/A (sky130_fd_sc_hd__clkbuf_16)
    16    0.092148    0.108245    0.165291    0.165701 ^ clkbuf_0_wclk/X (sky130_fd_sc_hd__clkbuf_16)
                                                         clknet_0_wclk (net)
                      0.108249    0.000805    0.166506 ^ clkbuf_4_0_0_wclk/A (sky130_fd_sc_hd__clkbuf_8)
    12    0.030706    0.067456    0.168922    0.335428 ^ clkbuf_4_0_0_wclk/X (sky130_fd_sc_hd__clkbuf_8)
                                                         clknet_4_0_0_wclk (net)
                      0.067456    0.000088    0.335516 ^ _643_/CLK (sky130_fd_sc_hd__dfxtp_1)
     2    0.004545    0.057242    0.319741    0.655256 ^ _643_/Q (sky130_fd_sc_hd__dfxtp_1)
                                                         bram.mem[6][2] (net)
                      0.057242    0.000020    0.655276 ^ _474_/A0 (sky130_fd_sc_hd__mux2_1)
     1    0.002634    0.040035    0.117307    0.772583 ^ _474_/X (sky130_fd_sc_hd__mux2_1)
                                                         _090_ (net)
                      0.040035    0.000013    0.772597 ^ _643_/D (sky130_fd_sc_hd__dfxtp_1)
                                              0.772597   data arrival time

                                  0.000000    0.000000   clock wclk (rise edge)
                                  0.000000    0.000000   clock source latency
     1    0.016889    0.000000    0.000000    0.000000 ^ wclk (in)
                                                         wclk (net)
                      0.000820    0.000410    0.000410 ^ clkbuf_0_wclk/A (sky130_fd_sc_hd__clkbuf_16)
    16    0.092148    0.108245    0.165291    0.165701 ^ clkbuf_0_wclk/X (sky130_fd_sc_hd__clkbuf_16)
                                                         clknet_0_wclk (net)
                      0.108249    0.000805    0.166506 ^ clkbuf_4_0_0_wclk/A (sky130_fd_sc_hd__clkbuf_8)
    12    0.030706    0.067456    0.168922    0.335428 ^ clkbuf_4_0_0_wclk/X (sky130_fd_sc_hd__clkbuf_8)
                                                         clknet_4_0_0_wclk (net)
                      0.067456    0.000088    0.335516 ^ _643_/CLK (sky130_fd_sc_hd__dfxtp_1)
                                  0.000000    0.335516   clock reconvergence pessimism
                                 -0.027273    0.308242   library hold time
                                              0.308242   data required time
---------------------------------------------------------------------------------------------
                                              0.308242   data required time
                                             -0.772597   data arrival time
---------------------------------------------------------------------------------------------
                                              0.464354   slack (MET)


Startpoint: _571_ (rising edge-triggered flip-flop clocked by wclk)
Endpoint: _571_ (rising edge-triggered flip-flop clocked by wclk)
Path Group: wclk
Path Type: min

Fanout         Cap        Slew       Delay        Time   Description
---------------------------------------------------------------------------------------------
                                  0.000000    0.000000   clock wclk (rise edge)
                                  0.000000    0.000000   clock source latency
     1    0.016889    0.000000    0.000000    0.000000 ^ wclk (in)
                                                         wclk (net)
                      0.000820    0.000410    0.000410 ^ clkbuf_0_wclk/A (sky130_fd_sc_hd__clkbuf_16)
    16    0.092148    0.108245    0.165291    0.165701 ^ clkbuf_0_wclk/X (sky130_fd_sc_hd__clkbuf_16)
                                                         clknet_0_wclk (net)
                      0.108245    0.000404    0.166105 ^ clkbuf_4_14_0_wclk/A (sky130_fd_sc_hd__clkbuf_8)
     9    0.028789    0.064501    0.166578    0.332682 ^ clkbuf_4_14_0_wclk/X (sky130_fd_sc_hd__clkbuf_8)
                                                         clknet_4_14_0_wclk (net)
                      0.064501    0.000102    0.332784 ^ _571_/CLK (sky130_fd_sc_hd__dfxtp_1)
     2    0.004675    0.056307    0.319482    0.652267 ^ _571_/Q (sky130_fd_sc_hd__dfxtp_1)
                                                         bram.mem[13][3] (net)
                      0.056307    0.000022    0.652289 ^ _401_/A1 (sky130_fd_sc_hd__mux2_1)
     1    0.002357    0.039343    0.117543    0.769832 ^ _401_/X (sky130_fd_sc_hd__mux2_1)
                                                         _027_ (net)
                      0.039343    0.000009    0.769841 ^ _571_/D (sky130_fd_sc_hd__dfxtp_1)
                                              0.769841   data arrival time

                                  0.000000    0.000000   clock wclk (rise edge)
                                  0.000000    0.000000   clock source latency
     1    0.016889    0.000000    0.000000    0.000000 ^ wclk (in)
                                                         wclk (net)
                      0.000820    0.000410    0.000410 ^ clkbuf_0_wclk/A (sky130_fd_sc_hd__clkbuf_16)
    16    0.092148    0.108245    0.165291    0.165701 ^ clkbuf_0_wclk/X (sky130_fd_sc_hd__clkbuf_16)
                                                         clknet_0_wclk (net)
                      0.108245    0.000404    0.166105 ^ clkbuf_4_14_0_wclk/A (sky130_fd_sc_hd__clkbuf_8)
     9    0.028789    0.064501    0.166578    0.332682 ^ clkbuf_4_14_0_wclk/X (sky130_fd_sc_hd__clkbuf_8)
                                                         clknet_4_14_0_wclk (net)
                      0.064501    0.000102    0.332784 ^ _571_/CLK (sky130_fd_sc_hd__dfxtp_1)
                                  0.000000    0.332784   clock reconvergence pessimism
                                 -0.027518    0.305266   library hold time
                                              0.305266   data required time
---------------------------------------------------------------------------------------------
                                              0.305266   data required time
                                             -0.769841   data arrival time
---------------------------------------------------------------------------------------------
                                              0.464575   slack (MET)


Startpoint: _644_ (rising edge-triggered flip-flop clocked by wclk)
Endpoint: _644_ (rising edge-triggered flip-flop clocked by wclk)
Path Group: wclk
Path Type: min

Fanout         Cap        Slew       Delay        Time   Description
---------------------------------------------------------------------------------------------
                                  0.000000    0.000000   clock wclk (rise edge)
                                  0.000000    0.000000   clock source latency
     1    0.016889    0.000000    0.000000    0.000000 ^ wclk (in)
                                                         wclk (net)
                      0.000820    0.000410    0.000410 ^ clkbuf_0_wclk/A (sky130_fd_sc_hd__clkbuf_16)
    16    0.092148    0.108245    0.165291    0.165701 ^ clkbuf_0_wclk/X (sky130_fd_sc_hd__clkbuf_16)
                                                         clknet_0_wclk (net)
                      0.108246    0.000635    0.166336 ^ clkbuf_4_3_0_wclk/A (sky130_fd_sc_hd__clkbuf_8)
    10    0.027596    0.062670    0.165143    0.331480 ^ clkbuf_4_3_0_wclk/X (sky130_fd_sc_hd__clkbuf_8)
                                                         clknet_4_3_0_wclk (net)
                      0.062670    0.000006    0.331486 ^ _644_/CLK (sky130_fd_sc_hd__dfxtp_1)
     2    0.004689    0.058513    0.318894    0.650380 ^ _644_/Q (sky130_fd_sc_hd__dfxtp_1)
                                                         bram.mem[6][3] (net)
                      0.058513    0.000017    0.650396 ^ _475_/A0 (sky130_fd_sc_hd__mux2_1)
     1    0.002640    0.040078    0.117790    0.768187 ^ _475_/X (sky130_fd_sc_hd__mux2_1)
                                                         _091_ (net)
                      0.040078    0.000013    0.768200 ^ _644_/D (sky130_fd_sc_hd__dfxtp_1)
                                              0.768200   data arrival time

                                  0.000000    0.000000   clock wclk (rise edge)
                                  0.000000    0.000000   clock source latency
     1    0.016889    0.000000    0.000000    0.000000 ^ wclk (in)
                                                         wclk (net)
                      0.000820    0.000410    0.000410 ^ clkbuf_0_wclk/A (sky130_fd_sc_hd__clkbuf_16)
    16    0.092148    0.108245    0.165291    0.165701 ^ clkbuf_0_wclk/X (sky130_fd_sc_hd__clkbuf_16)
                                                         clknet_0_wclk (net)
                      0.108246    0.000635    0.166336 ^ clkbuf_4_3_0_wclk/A (sky130_fd_sc_hd__clkbuf_8)
    10    0.027596    0.062670    0.165143    0.331480 ^ clkbuf_4_3_0_wclk/X (sky130_fd_sc_hd__clkbuf_8)
                                                         clknet_4_3_0_wclk (net)
                      0.062670    0.000006    0.331486 ^ _644_/CLK (sky130_fd_sc_hd__dfxtp_1)
                                  0.000000    0.331486   clock reconvergence pessimism
                                 -0.027913    0.303573   library hold time
                                              0.303573   data required time
---------------------------------------------------------------------------------------------
                                              0.303573   data required time
                                             -0.768200   data arrival time
---------------------------------------------------------------------------------------------
                                              0.464627   slack (MET)


Startpoint: _575_ (rising edge-triggered flip-flop clocked by wclk)
Endpoint: _575_ (rising edge-triggered flip-flop clocked by wclk)
Path Group: wclk
Path Type: min

Fanout         Cap        Slew       Delay        Time   Description
---------------------------------------------------------------------------------------------
                                  0.000000    0.000000   clock wclk (rise edge)
                                  0.000000    0.000000   clock source latency
     1    0.016889    0.000000    0.000000    0.000000 ^ wclk (in)
                                                         wclk (net)
                      0.000820    0.000410    0.000410 ^ clkbuf_0_wclk/A (sky130_fd_sc_hd__clkbuf_16)
    16    0.092148    0.108245    0.165291    0.165701 ^ clkbuf_0_wclk/X (sky130_fd_sc_hd__clkbuf_16)
                                                         clknet_0_wclk (net)
                      0.108247    0.000719    0.166420 ^ clkbuf_4_11_0_wclk/A (sky130_fd_sc_hd__clkbuf_8)
    11    0.030534    0.067189    0.168715    0.335135 ^ clkbuf_4_11_0_wclk/X (sky130_fd_sc_hd__clkbuf_8)
                                                         clknet_4_11_0_wclk (net)
                      0.067189    0.000048    0.335184 ^ _575_/CLK (sky130_fd_sc_hd__dfxtp_1)
     2    0.004514    0.056973    0.319439    0.654622 ^ _575_/Q (sky130_fd_sc_hd__dfxtp_1)
                                                         bram.mem[13][7] (net)
                      0.056973    0.000017    0.654640 ^ _405_/A1 (sky130_fd_sc_hd__mux2_1)
     1    0.002396    0.039655    0.118084    0.772724 ^ _405_/X (sky130_fd_sc_hd__mux2_1)
                                                         _031_ (net)
                      0.039655    0.000010    0.772733 ^ _575_/D (sky130_fd_sc_hd__dfxtp_1)
                                              0.772733   data arrival time

                                  0.000000    0.000000   clock wclk (rise edge)
                                  0.000000    0.000000   clock source latency
     1    0.016889    0.000000    0.000000    0.000000 ^ wclk (in)
                                                         wclk (net)
                      0.000820    0.000410    0.000410 ^ clkbuf_0_wclk/A (sky130_fd_sc_hd__clkbuf_16)
    16    0.092148    0.108245    0.165291    0.165701 ^ clkbuf_0_wclk/X (sky130_fd_sc_hd__clkbuf_16)
                                                         clknet_0_wclk (net)
                      0.108247    0.000719    0.166420 ^ clkbuf_4_11_0_wclk/A (sky130_fd_sc_hd__clkbuf_8)
    11    0.030534    0.067189    0.168715    0.335135 ^ clkbuf_4_11_0_wclk/X (sky130_fd_sc_hd__clkbuf_8)
                                                         clknet_4_11_0_wclk (net)
                      0.067189    0.000048    0.335184 ^ _575_/CLK (sky130_fd_sc_hd__dfxtp_1)
                                  0.000000    0.335184   clock reconvergence pessimism
                                 -0.027229    0.307954   library hold time
                                              0.307954   data required time
---------------------------------------------------------------------------------------------
                                              0.307954   data required time
                                             -0.772733   data arrival time
---------------------------------------------------------------------------------------------
                                              0.464779   slack (MET)


Startpoint: _677_ (rising edge-triggered flip-flop clocked by wclk)
Endpoint: _677_ (rising edge-triggered flip-flop clocked by wclk)
Path Group: wclk
Path Type: min

Fanout         Cap        Slew       Delay        Time   Description
---------------------------------------------------------------------------------------------
                                  0.000000    0.000000   clock wclk (rise edge)
                                  0.000000    0.000000   clock source latency
     1    0.016889    0.000000    0.000000    0.000000 ^ wclk (in)
                                                         wclk (net)
                      0.000820    0.000410    0.000410 ^ clkbuf_0_wclk/A (sky130_fd_sc_hd__clkbuf_16)
    16    0.092148    0.108245    0.165291    0.165701 ^ clkbuf_0_wclk/X (sky130_fd_sc_hd__clkbuf_16)
                                                         clknet_0_wclk (net)
                      0.108245    0.000411    0.166112 ^ clkbuf_4_6_0_wclk/A (sky130_fd_sc_hd__clkbuf_8)
     8    0.028646    0.064281    0.166412    0.332523 ^ clkbuf_4_6_0_wclk/X (sky130_fd_sc_hd__clkbuf_8)
                                                         clknet_4_6_0_wclk (net)
                      0.064281    0.000121    0.332645 ^ _677_/CLK (sky130_fd_sc_hd__dfxtp_1)
     2    0.004675    0.058393    0.319409    0.652054 ^ _677_/Q (sky130_fd_sc_hd__dfxtp_1)
                                                         bram.mem[1][3] (net)
                      0.058393    0.000019    0.652073 ^ _502_/A1 (sky130_fd_sc_hd__mux2_1)
     1    0.002357    0.039351    0.118251    0.770325 ^ _502_/X (sky130_fd_sc_hd__mux2_1)
                                                         _115_ (net)
                      0.039351    0.000009    0.770334 ^ _677_/D (sky130_fd_sc_hd__dfxtp_1)
                                              0.770334   data arrival time

                                  0.000000    0.000000   clock wclk (rise edge)
                                  0.000000    0.000000   clock source latency
     1    0.016889    0.000000    0.000000    0.000000 ^ wclk (in)
                                                         wclk (net)
                      0.000820    0.000410    0.000410 ^ clkbuf_0_wclk/A (sky130_fd_sc_hd__clkbuf_16)
    16    0.092148    0.108245    0.165291    0.165701 ^ clkbuf_0_wclk/X (sky130_fd_sc_hd__clkbuf_16)
                                                         clknet_0_wclk (net)
                      0.108245    0.000411    0.166112 ^ clkbuf_4_6_0_wclk/A (sky130_fd_sc_hd__clkbuf_8)
     8    0.028646    0.064281    0.166412    0.332523 ^ clkbuf_4_6_0_wclk/X (sky130_fd_sc_hd__clkbuf_8)
                                                         clknet_4_6_0_wclk (net)
                      0.064281    0.000121    0.332645 ^ _677_/CLK (sky130_fd_sc_hd__dfxtp_1)
                                  0.000000    0.332645   clock reconvergence pessimism
                                 -0.027549    0.305096   library hold time
                                              0.305096   data required time
---------------------------------------------------------------------------------------------
                                              0.305096   data required time
                                             -0.770334   data arrival time
---------------------------------------------------------------------------------------------
                                              0.465238   slack (MET)


Startpoint: _684_ (rising edge-triggered flip-flop clocked by wclk)
Endpoint: _684_ (rising edge-triggered flip-flop clocked by wclk)
Path Group: wclk
Path Type: min

Fanout         Cap        Slew       Delay        Time   Description
---------------------------------------------------------------------------------------------
                                  0.000000    0.000000   clock wclk (rise edge)
                                  0.000000    0.000000   clock source latency
     1    0.016889    0.000000    0.000000    0.000000 ^ wclk (in)
                                                         wclk (net)
                      0.000820    0.000410    0.000410 ^ clkbuf_0_wclk/A (sky130_fd_sc_hd__clkbuf_16)
    16    0.092148    0.108245    0.165291    0.165701 ^ clkbuf_0_wclk/X (sky130_fd_sc_hd__clkbuf_16)
                                                         clknet_0_wclk (net)
                      0.108246    0.000571    0.166272 ^ clkbuf_4_8_0_wclk/A (sky130_fd_sc_hd__clkbuf_8)
    13    0.030580    0.067260    0.168774    0.335046 ^ clkbuf_4_8_0_wclk/X (sky130_fd_sc_hd__clkbuf_8)
                                                         clknet_4_8_0_wclk (net)
                      0.067260    0.000065    0.335111 ^ _684_/CLK (sky130_fd_sc_hd__dfxtp_1)
     2    0.004966    0.060950    0.322444    0.657555 ^ _684_/Q (sky130_fd_sc_hd__dfxtp_1)
                                                         bram.mem[15][2] (net)
                      0.060950    0.000013    0.657568 ^ _509_/A1 (sky130_fd_sc_hd__mux2_1)
     1    0.001995    0.036506    0.116242    0.773810 ^ _509_/X (sky130_fd_sc_hd__mux2_1)
                                                         _122_ (net)
                      0.036506    0.000004    0.773814 ^ _684_/D (sky130_fd_sc_hd__dfxtp_1)
                                              0.773814   data arrival time

                                  0.000000    0.000000   clock wclk (rise edge)
                                  0.000000    0.000000   clock source latency
     1    0.016889    0.000000    0.000000    0.000000 ^ wclk (in)
                                                         wclk (net)
                      0.000820    0.000410    0.000410 ^ clkbuf_0_wclk/A (sky130_fd_sc_hd__clkbuf_16)
    16    0.092148    0.108245    0.165291    0.165701 ^ clkbuf_0_wclk/X (sky130_fd_sc_hd__clkbuf_16)
                                                         clknet_0_wclk (net)
                      0.108246    0.000571    0.166272 ^ clkbuf_4_8_0_wclk/A (sky130_fd_sc_hd__clkbuf_8)
    13    0.030580    0.067260    0.168774    0.335046 ^ clkbuf_4_8_0_wclk/X (sky130_fd_sc_hd__clkbuf_8)
                                                         clknet_4_8_0_wclk (net)
                      0.067260    0.000065    0.335111 ^ _684_/CLK (sky130_fd_sc_hd__dfxtp_1)
                                  0.000000    0.335111   clock reconvergence pessimism
                                 -0.026563    0.308548   library hold time
                                              0.308548   data required time
---------------------------------------------------------------------------------------------
                                              0.308548   data required time
                                             -0.773814   data arrival time
---------------------------------------------------------------------------------------------
                                              0.465266   slack (MET)


Startpoint: _679_ (rising edge-triggered flip-flop clocked by wclk)
Endpoint: _679_ (rising edge-triggered flip-flop clocked by wclk)
Path Group: wclk
Path Type: min

Fanout         Cap        Slew       Delay        Time   Description
---------------------------------------------------------------------------------------------
                                  0.000000    0.000000   clock wclk (rise edge)
                                  0.000000    0.000000   clock source latency
     1    0.016889    0.000000    0.000000    0.000000 ^ wclk (in)
                                                         wclk (net)
                      0.000820    0.000410    0.000410 ^ clkbuf_0_wclk/A (sky130_fd_sc_hd__clkbuf_16)
    16    0.092148    0.108245    0.165291    0.165701 ^ clkbuf_0_wclk/X (sky130_fd_sc_hd__clkbuf_16)
                                                         clknet_0_wclk (net)
                      0.108245    0.000530    0.166231 ^ clkbuf_4_4_0_wclk/A (sky130_fd_sc_hd__clkbuf_8)
    10    0.029506    0.065604    0.167464    0.333695 ^ clkbuf_4_4_0_wclk/X (sky130_fd_sc_hd__clkbuf_8)
                                                         clknet_4_4_0_wclk (net)
                      0.065604    0.000082    0.333777 ^ _679_/CLK (sky130_fd_sc_hd__dfxtp_1)
     2    0.004392    0.055896    0.318037    0.651814 ^ _679_/Q (sky130_fd_sc_hd__dfxtp_1)
                                                         bram.mem[1][5] (net)
                      0.055896    0.000010    0.651824 ^ _504_/A1 (sky130_fd_sc_hd__mux2_1)
     1    0.002651    0.040216    0.119746    0.771570 ^ _504_/X (sky130_fd_sc_hd__mux2_1)
                                                         _117_ (net)
                      0.040216    0.000011    0.771581 ^ _679_/D (sky130_fd_sc_hd__dfxtp_1)
                                              0.771581   data arrival time

                                  0.000000    0.000000   clock wclk (rise edge)
                                  0.000000    0.000000   clock source latency
     1    0.016889    0.000000    0.000000    0.000000 ^ wclk (in)
                                                         wclk (net)
                      0.000820    0.000410    0.000410 ^ clkbuf_0_wclk/A (sky130_fd_sc_hd__clkbuf_16)
    16    0.092148    0.108245    0.165291    0.165701 ^ clkbuf_0_wclk/X (sky130_fd_sc_hd__clkbuf_16)
                                                         clknet_0_wclk (net)
                      0.108245    0.000530    0.166231 ^ clkbuf_4_4_0_wclk/A (sky130_fd_sc_hd__clkbuf_8)
    10    0.029506    0.065604    0.167464    0.333695 ^ clkbuf_4_4_0_wclk/X (sky130_fd_sc_hd__clkbuf_8)
                                                         clknet_4_4_0_wclk (net)
                      0.065604    0.000082    0.333777 ^ _679_/CLK (sky130_fd_sc_hd__dfxtp_1)
                                  0.000000    0.333777   clock reconvergence pessimism
                                 -0.027555    0.306222   library hold time
                                              0.306222   data required time
---------------------------------------------------------------------------------------------
                                              0.306222   data required time
                                             -0.771581   data arrival time
---------------------------------------------------------------------------------------------
                                              0.465359   slack (MET)


Startpoint: _674_ (rising edge-triggered flip-flop clocked by wclk)
Endpoint: _674_ (rising edge-triggered flip-flop clocked by wclk)
Path Group: wclk
Path Type: min

Fanout         Cap        Slew       Delay        Time   Description
---------------------------------------------------------------------------------------------
                                  0.000000    0.000000   clock wclk (rise edge)
                                  0.000000    0.000000   clock source latency
     1    0.016889    0.000000    0.000000    0.000000 ^ wclk (in)
                                                         wclk (net)
                      0.000820    0.000410    0.000410 ^ clkbuf_0_wclk/A (sky130_fd_sc_hd__clkbuf_16)
    16    0.092148    0.108245    0.165291    0.165701 ^ clkbuf_0_wclk/X (sky130_fd_sc_hd__clkbuf_16)
                                                         clknet_0_wclk (net)
                      0.108245    0.000499    0.166200 ^ clkbuf_4_5_0_wclk/A (sky130_fd_sc_hd__clkbuf_8)
     8    0.028858    0.064605    0.166672    0.332872 ^ clkbuf_4_5_0_wclk/X (sky130_fd_sc_hd__clkbuf_8)
                                                         clknet_4_5_0_wclk (net)
                      0.064605    0.000118    0.332990 ^ _674_/CLK (sky130_fd_sc_hd__dfxtp_1)
     2    0.004674    0.058380    0.319522    0.652512 ^ _674_/Q (sky130_fd_sc_hd__dfxtp_1)
                                                         bram.mem[1][0] (net)
                      0.058380    0.000020    0.652531 ^ _499_/A1 (sky130_fd_sc_hd__mux2_1)
     1    0.002389    0.039608    0.118506    0.771037 ^ _499_/X (sky130_fd_sc_hd__mux2_1)
                                                         _112_ (net)
                      0.039608    0.000009    0.771046 ^ _674_/D (sky130_fd_sc_hd__dfxtp_1)
                                              0.771046   data arrival time

                                  0.000000    0.000000   clock wclk (rise edge)
                                  0.000000    0.000000   clock source latency
     1    0.016889    0.000000    0.000000    0.000000 ^ wclk (in)
                                                         wclk (net)
                      0.000820    0.000410    0.000410 ^ clkbuf_0_wclk/A (sky130_fd_sc_hd__clkbuf_16)
    16    0.092148    0.108245    0.165291    0.165701 ^ clkbuf_0_wclk/X (sky130_fd_sc_hd__clkbuf_16)
                                                         clknet_0_wclk (net)
                      0.108245    0.000499    0.166200 ^ clkbuf_4_5_0_wclk/A (sky130_fd_sc_hd__clkbuf_8)
     8    0.028858    0.064605    0.166672    0.332872 ^ clkbuf_4_5_0_wclk/X (sky130_fd_sc_hd__clkbuf_8)
                                                         clknet_4_5_0_wclk (net)
                      0.064605    0.000118    0.332990 ^ _674_/CLK (sky130_fd_sc_hd__dfxtp_1)
                                  0.000000    0.332990   clock reconvergence pessimism
                                 -0.027560    0.305430   library hold time
                                              0.305430   data required time
---------------------------------------------------------------------------------------------
                                              0.305430   data required time
                                             -0.771046   data arrival time
---------------------------------------------------------------------------------------------
                                              0.465616   slack (MET)


Startpoint: _639_ (rising edge-triggered flip-flop clocked by wclk)
Endpoint: _639_ (rising edge-triggered flip-flop clocked by wclk)
Path Group: wclk
Path Type: min

Fanout         Cap        Slew       Delay        Time   Description
---------------------------------------------------------------------------------------------
                                  0.000000    0.000000   clock wclk (rise edge)
                                  0.000000    0.000000   clock source latency
     1    0.016889    0.000000    0.000000    0.000000 ^ wclk (in)
                                                         wclk (net)
                      0.000820    0.000410    0.000410 ^ clkbuf_0_wclk/A (sky130_fd_sc_hd__clkbuf_16)
    16    0.092148    0.108245    0.165291    0.165701 ^ clkbuf_0_wclk/X (sky130_fd_sc_hd__clkbuf_16)
                                                         clknet_0_wclk (net)
                      0.108247    0.000710    0.166412 ^ clkbuf_4_2_0_wclk/A (sky130_fd_sc_hd__clkbuf_8)
    12    0.030163    0.066616    0.168266    0.334678 ^ clkbuf_4_2_0_wclk/X (sky130_fd_sc_hd__clkbuf_8)
                                                         clknet_4_2_0_wclk (net)
                      0.066616    0.000047    0.334725 ^ _639_/CLK (sky130_fd_sc_hd__dfxtp_1)
     2    0.004529    0.057102    0.319320    0.654045 ^ _639_/Q (sky130_fd_sc_hd__dfxtp_1)
                                                         bram.mem[5][6] (net)
                      0.057102    0.000020    0.654065 ^ _469_/A1 (sky130_fd_sc_hd__mux2_1)
     1    0.002532    0.039306    0.119210    0.773275 ^ _469_/X (sky130_fd_sc_hd__mux2_1)
                                                         _086_ (net)
                      0.039306    0.000011    0.773286 ^ _639_/D (sky130_fd_sc_hd__dfxtp_1)
                                              0.773286   data arrival time

                                  0.000000    0.000000   clock wclk (rise edge)
                                  0.000000    0.000000   clock source latency
     1    0.016889    0.000000    0.000000    0.000000 ^ wclk (in)
                                                         wclk (net)
                      0.000820    0.000410    0.000410 ^ clkbuf_0_wclk/A (sky130_fd_sc_hd__clkbuf_16)
    16    0.092148    0.108245    0.165291    0.165701 ^ clkbuf_0_wclk/X (sky130_fd_sc_hd__clkbuf_16)
                                                         clknet_0_wclk (net)
                      0.108247    0.000710    0.166412 ^ clkbuf_4_2_0_wclk/A (sky130_fd_sc_hd__clkbuf_8)
    12    0.030163    0.066616    0.168266    0.334678 ^ clkbuf_4_2_0_wclk/X (sky130_fd_sc_hd__clkbuf_8)
                                                         clknet_4_2_0_wclk (net)
                      0.066616    0.000047    0.334725 ^ _639_/CLK (sky130_fd_sc_hd__dfxtp_1)
                                  0.000000    0.334725   clock reconvergence pessimism
                                 -0.027232    0.307493   library hold time
                                              0.307493   data required time
---------------------------------------------------------------------------------------------
                                              0.307493   data required time
                                             -0.773286   data arrival time
---------------------------------------------------------------------------------------------
                                              0.465793   slack (MET)


Startpoint: _572_ (rising edge-triggered flip-flop clocked by wclk)
Endpoint: _572_ (rising edge-triggered flip-flop clocked by wclk)
Path Group: wclk
Path Type: min

Fanout         Cap        Slew       Delay        Time   Description
---------------------------------------------------------------------------------------------
                                  0.000000    0.000000   clock wclk (rise edge)
                                  0.000000    0.000000   clock source latency
     1    0.016889    0.000000    0.000000    0.000000 ^ wclk (in)
                                                         wclk (net)
                      0.000820    0.000410    0.000410 ^ clkbuf_0_wclk/A (sky130_fd_sc_hd__clkbuf_16)
    16    0.092148    0.108245    0.165291    0.165701 ^ clkbuf_0_wclk/X (sky130_fd_sc_hd__clkbuf_16)
                                                         clknet_0_wclk (net)
                      0.108245    0.000404    0.166105 ^ clkbuf_4_14_0_wclk/A (sky130_fd_sc_hd__clkbuf_8)
     9    0.028789    0.064501    0.166578    0.332682 ^ clkbuf_4_14_0_wclk/X (sky130_fd_sc_hd__clkbuf_8)
                                                         clknet_4_14_0_wclk (net)
                      0.064501    0.000053    0.332735 ^ _572_/CLK (sky130_fd_sc_hd__dfxtp_1)
     2    0.004514    0.056975    0.318431    0.651166 ^ _572_/Q (sky130_fd_sc_hd__dfxtp_1)
                                                         bram.mem[13][4] (net)
                      0.056975    0.000013    0.651179 ^ _402_/A1 (sky130_fd_sc_hd__mux2_1)
     1    0.002609    0.039891    0.119775    0.770955 ^ _402_/X (sky130_fd_sc_hd__mux2_1)
                                                         _028_ (net)
                      0.039891    0.000012    0.770967 ^ _572_/D (sky130_fd_sc_hd__dfxtp_1)
                                              0.770967   data arrival time

                                  0.000000    0.000000   clock wclk (rise edge)
                                  0.000000    0.000000   clock source latency
     1    0.016889    0.000000    0.000000    0.000000 ^ wclk (in)
                                                         wclk (net)
                      0.000820    0.000410    0.000410 ^ clkbuf_0_wclk/A (sky130_fd_sc_hd__clkbuf_16)
    16    0.092148    0.108245    0.165291    0.165701 ^ clkbuf_0_wclk/X (sky130_fd_sc_hd__clkbuf_16)
                                                         clknet_0_wclk (net)
                      0.108245    0.000404    0.166105 ^ clkbuf_4_14_0_wclk/A (sky130_fd_sc_hd__clkbuf_8)
     9    0.028789    0.064501    0.166578    0.332682 ^ clkbuf_4_14_0_wclk/X (sky130_fd_sc_hd__clkbuf_8)
                                                         clknet_4_14_0_wclk (net)
                      0.064501    0.000053    0.332735 ^ _572_/CLK (sky130_fd_sc_hd__dfxtp_1)
                                  0.000000    0.332735   clock reconvergence pessimism
                                 -0.027632    0.305103   library hold time
                                              0.305103   data required time
---------------------------------------------------------------------------------------------
                                              0.305103   data required time
                                             -0.770967   data arrival time
---------------------------------------------------------------------------------------------
                                              0.465864   slack (MET)


Startpoint: _635_ (rising edge-triggered flip-flop clocked by wclk)
Endpoint: _635_ (rising edge-triggered flip-flop clocked by wclk)
Path Group: wclk
Path Type: min

Fanout         Cap        Slew       Delay        Time   Description
---------------------------------------------------------------------------------------------
                                  0.000000    0.000000   clock wclk (rise edge)
                                  0.000000    0.000000   clock source latency
     1    0.016889    0.000000    0.000000    0.000000 ^ wclk (in)
                                                         wclk (net)
                      0.000820    0.000410    0.000410 ^ clkbuf_0_wclk/A (sky130_fd_sc_hd__clkbuf_16)
    16    0.092148    0.108245    0.165291    0.165701 ^ clkbuf_0_wclk/X (sky130_fd_sc_hd__clkbuf_16)
                                                         clknet_0_wclk (net)
                      0.108249    0.000805    0.166506 ^ clkbuf_4_0_0_wclk/A (sky130_fd_sc_hd__clkbuf_8)
    12    0.030706    0.067456    0.168922    0.335428 ^ clkbuf_4_0_0_wclk/X (sky130_fd_sc_hd__clkbuf_8)
                                                         clknet_4_0_0_wclk (net)
                      0.067456    0.000029    0.335457 ^ _635_/CLK (sky130_fd_sc_hd__dfxtp_1)
     2    0.004523    0.057053    0.319599    0.655057 ^ _635_/Q (sky130_fd_sc_hd__dfxtp_1)
                                                         bram.mem[5][2] (net)
                      0.057053    0.000016    0.655073 ^ _465_/A1 (sky130_fd_sc_hd__mux2_1)
     1    0.002525    0.040671    0.119138    0.774211 ^ _465_/X (sky130_fd_sc_hd__mux2_1)
                                                         _082_ (net)
                      0.040671    0.000011    0.774222 ^ _635_/D (sky130_fd_sc_hd__dfxtp_1)
                                              0.774222   data arrival time

                                  0.000000    0.000000   clock wclk (rise edge)
                                  0.000000    0.000000   clock source latency
     1    0.016889    0.000000    0.000000    0.000000 ^ wclk (in)
                                                         wclk (net)
                      0.000820    0.000410    0.000410 ^ clkbuf_0_wclk/A (sky130_fd_sc_hd__clkbuf_16)
    16    0.092148    0.108245    0.165291    0.165701 ^ clkbuf_0_wclk/X (sky130_fd_sc_hd__clkbuf_16)
                                                         clknet_0_wclk (net)
                      0.108249    0.000805    0.166506 ^ clkbuf_4_0_0_wclk/A (sky130_fd_sc_hd__clkbuf_8)
    12    0.030706    0.067456    0.168922    0.335428 ^ clkbuf_4_0_0_wclk/X (sky130_fd_sc_hd__clkbuf_8)
                                                         clknet_4_0_0_wclk (net)
                      0.067456    0.000029    0.335457 ^ _635_/CLK (sky130_fd_sc_hd__dfxtp_1)
                                  0.000000    0.335457   clock reconvergence pessimism
                                 -0.027406    0.308051   library hold time
                                              0.308051   data required time
---------------------------------------------------------------------------------------------
                                              0.308051   data required time
                                             -0.774222   data arrival time
---------------------------------------------------------------------------------------------
                                              0.466171   slack (MET)


Startpoint: _589_ (rising edge-triggered flip-flop clocked by wclk)
Endpoint: _589_ (rising edge-triggered flip-flop clocked by wclk)
Path Group: wclk
Path Type: min

Fanout         Cap        Slew       Delay        Time   Description
---------------------------------------------------------------------------------------------
                                  0.000000    0.000000   clock wclk (rise edge)
                                  0.000000    0.000000   clock source latency
     1    0.016889    0.000000    0.000000    0.000000 ^ wclk (in)
                                                         wclk (net)
                      0.000820    0.000410    0.000410 ^ clkbuf_0_wclk/A (sky130_fd_sc_hd__clkbuf_16)
    16    0.092148    0.108245    0.165291    0.165701 ^ clkbuf_0_wclk/X (sky130_fd_sc_hd__clkbuf_16)
                                                         clknet_0_wclk (net)
                      0.108246    0.000571    0.166272 ^ clkbuf_4_8_0_wclk/A (sky130_fd_sc_hd__clkbuf_8)
    13    0.030580    0.067260    0.168774    0.335046 ^ clkbuf_4_8_0_wclk/X (sky130_fd_sc_hd__clkbuf_8)
                                                         clknet_4_8_0_wclk (net)
                      0.067260    0.000098    0.335144 ^ _589_/CLK (sky130_fd_sc_hd__dfxtp_1)
     2    0.004910    0.060455    0.322073    0.657218 ^ _589_/Q (sky130_fd_sc_hd__dfxtp_1)
                                                         bram.mem[11][5] (net)
                      0.060455    0.000015    0.657233 ^ _421_/A1 (sky130_fd_sc_hd__mux2_1)
     1    0.002224    0.038294    0.117890    0.775123 ^ _421_/X (sky130_fd_sc_hd__mux2_1)
                                                         _045_ (net)
                      0.038294    0.000007    0.775130 ^ _589_/D (sky130_fd_sc_hd__dfxtp_1)
                                              0.775130   data arrival time

                                  0.000000    0.000000   clock wclk (rise edge)
                                  0.000000    0.000000   clock source latency
     1    0.016889    0.000000    0.000000    0.000000 ^ wclk (in)
                                                         wclk (net)
                      0.000820    0.000410    0.000410 ^ clkbuf_0_wclk/A (sky130_fd_sc_hd__clkbuf_16)
    16    0.092148    0.108245    0.165291    0.165701 ^ clkbuf_0_wclk/X (sky130_fd_sc_hd__clkbuf_16)
                                                         clknet_0_wclk (net)
                      0.108246    0.000571    0.166272 ^ clkbuf_4_8_0_wclk/A (sky130_fd_sc_hd__clkbuf_8)
    13    0.030580    0.067260    0.168774    0.335046 ^ clkbuf_4_8_0_wclk/X (sky130_fd_sc_hd__clkbuf_8)
                                                         clknet_4_8_0_wclk (net)
                      0.067260    0.000098    0.335144 ^ _589_/CLK (sky130_fd_sc_hd__dfxtp_1)
                                  0.000000    0.335144   clock reconvergence pessimism
                                 -0.026936    0.308208   library hold time
                                              0.308208   data required time
---------------------------------------------------------------------------------------------
                                              0.308208   data required time
                                             -0.775130   data arrival time
---------------------------------------------------------------------------------------------
                                              0.466922   slack (MET)


Startpoint: _654_ (rising edge-triggered flip-flop clocked by wclk)
Endpoint: _654_ (rising edge-triggered flip-flop clocked by wclk)
Path Group: wclk
Path Type: min

Fanout         Cap        Slew       Delay        Time   Description
---------------------------------------------------------------------------------------------
                                  0.000000    0.000000   clock wclk (rise edge)
                                  0.000000    0.000000   clock source latency
     1    0.016889    0.000000    0.000000    0.000000 ^ wclk (in)
                                                         wclk (net)
                      0.000820    0.000410    0.000410 ^ clkbuf_0_wclk/A (sky130_fd_sc_hd__clkbuf_16)
    16    0.092148    0.108245    0.165291    0.165701 ^ clkbuf_0_wclk/X (sky130_fd_sc_hd__clkbuf_16)
                                                         clknet_0_wclk (net)
                      0.108249    0.000827    0.166528 ^ clkbuf_4_1_0_wclk/A (sky130_fd_sc_hd__clkbuf_8)
    11    0.030115    0.066540    0.168215    0.334743 ^ clkbuf_4_1_0_wclk/X (sky130_fd_sc_hd__clkbuf_8)
                                                         clknet_4_1_0_wclk (net)
                      0.066540    0.000082    0.334825 ^ _654_/CLK (sky130_fd_sc_hd__dfxtp_1)
     2    0.004663    0.058281    0.320175    0.655000 ^ _654_/Q (sky130_fd_sc_hd__dfxtp_1)
                                                         bram.mem[3][5] (net)
                      0.058281    0.000010    0.655010 ^ _486_/A1 (sky130_fd_sc_hd__mux2_1)
     1    0.002612    0.041367    0.120241    0.775251 ^ _486_/X (sky130_fd_sc_hd__mux2_1)
                                                         _101_ (net)
                      0.041367    0.000011    0.775262 ^ _654_/D (sky130_fd_sc_hd__dfxtp_1)
                                              0.775262   data arrival time

                                  0.000000    0.000000   clock wclk (rise edge)
                                  0.000000    0.000000   clock source latency
     1    0.016889    0.000000    0.000000    0.000000 ^ wclk (in)
                                                         wclk (net)
                      0.000820    0.000410    0.000410 ^ clkbuf_0_wclk/A (sky130_fd_sc_hd__clkbuf_16)
    16    0.092148    0.108245    0.165291    0.165701 ^ clkbuf_0_wclk/X (sky130_fd_sc_hd__clkbuf_16)
                                                         clknet_0_wclk (net)
                      0.108249    0.000827    0.166528 ^ clkbuf_4_1_0_wclk/A (sky130_fd_sc_hd__clkbuf_8)
    11    0.030115    0.066540    0.168215    0.334743 ^ clkbuf_4_1_0_wclk/X (sky130_fd_sc_hd__clkbuf_8)
                                                         clknet_4_1_0_wclk (net)
                      0.066540    0.000082    0.334825 ^ _654_/CLK (sky130_fd_sc_hd__dfxtp_1)
                                  0.000000    0.334825   clock reconvergence pessimism
                                 -0.027672    0.307153   library hold time
                                              0.307153   data required time
---------------------------------------------------------------------------------------------
                                              0.307153   data required time
                                             -0.775262   data arrival time
---------------------------------------------------------------------------------------------
                                              0.468109   slack (MET)


Startpoint: _590_ (rising edge-triggered flip-flop clocked by wclk)
Endpoint: _590_ (rising edge-triggered flip-flop clocked by wclk)
Path Group: wclk
Path Type: min

Fanout         Cap        Slew       Delay        Time   Description
---------------------------------------------------------------------------------------------
                                  0.000000    0.000000   clock wclk (rise edge)
                                  0.000000    0.000000   clock source latency
     1    0.016889    0.000000    0.000000    0.000000 ^ wclk (in)
                                                         wclk (net)
                      0.000820    0.000410    0.000410 ^ clkbuf_0_wclk/A (sky130_fd_sc_hd__clkbuf_16)
    16    0.092148    0.108245    0.165291    0.165701 ^ clkbuf_0_wclk/X (sky130_fd_sc_hd__clkbuf_16)
                                                         clknet_0_wclk (net)
                      0.108247    0.000719    0.166420 ^ clkbuf_4_11_0_wclk/A (sky130_fd_sc_hd__clkbuf_8)
    11    0.030534    0.067189    0.168715    0.335135 ^ clkbuf_4_11_0_wclk/X (sky130_fd_sc_hd__clkbuf_8)
                                                         clknet_4_11_0_wclk (net)
                      0.067189    0.000128    0.335263 ^ _590_/CLK (sky130_fd_sc_hd__dfxtp_1)
     2    0.004774    0.059263    0.321154    0.656417 ^ _590_/Q (sky130_fd_sc_hd__dfxtp_1)
                                                         bram.mem[11][6] (net)
                      0.059263    0.000021    0.656438 ^ _422_/A1 (sky130_fd_sc_hd__mux2_1)
     1    0.002674    0.040381    0.121062    0.777500 ^ _422_/X (sky130_fd_sc_hd__mux2_1)
                                                         _046_ (net)
                      0.040381    0.000014    0.777514 ^ _590_/D (sky130_fd_sc_hd__dfxtp_1)
                                              0.777514   data arrival time

                                  0.000000    0.000000   clock wclk (rise edge)
                                  0.000000    0.000000   clock source latency
     1    0.016889    0.000000    0.000000    0.000000 ^ wclk (in)
                                                         wclk (net)
                      0.000820    0.000410    0.000410 ^ clkbuf_0_wclk/A (sky130_fd_sc_hd__clkbuf_16)
    16    0.092148    0.108245    0.165291    0.165701 ^ clkbuf_0_wclk/X (sky130_fd_sc_hd__clkbuf_16)
                                                         clknet_0_wclk (net)
                      0.108247    0.000719    0.166420 ^ clkbuf_4_11_0_wclk/A (sky130_fd_sc_hd__clkbuf_8)
    11    0.030534    0.067189    0.168715    0.335135 ^ clkbuf_4_11_0_wclk/X (sky130_fd_sc_hd__clkbuf_8)
                                                         clknet_4_11_0_wclk (net)
                      0.067189    0.000128    0.335263 ^ _590_/CLK (sky130_fd_sc_hd__dfxtp_1)
                                  0.000000    0.335263   clock reconvergence pessimism
                                 -0.027381    0.307883   library hold time
                                              0.307883   data required time
---------------------------------------------------------------------------------------------
                                              0.307883   data required time
                                             -0.777514   data arrival time
---------------------------------------------------------------------------------------------
                                              0.469631   slack (MET)


Startpoint: _588_ (rising edge-triggered flip-flop clocked by wclk)
Endpoint: _588_ (rising edge-triggered flip-flop clocked by wclk)
Path Group: wclk
Path Type: min

Fanout         Cap        Slew       Delay        Time   Description
---------------------------------------------------------------------------------------------
                                  0.000000    0.000000   clock wclk (rise edge)
                                  0.000000    0.000000   clock source latency
     1    0.016889    0.000000    0.000000    0.000000 ^ wclk (in)
                                                         wclk (net)
                      0.000820    0.000410    0.000410 ^ clkbuf_0_wclk/A (sky130_fd_sc_hd__clkbuf_16)
    16    0.092148    0.108245    0.165291    0.165701 ^ clkbuf_0_wclk/X (sky130_fd_sc_hd__clkbuf_16)
                                                         clknet_0_wclk (net)
                      0.108248    0.000732    0.166433 ^ clkbuf_4_10_0_wclk/A (sky130_fd_sc_hd__clkbuf_8)
    12    0.030472    0.067092    0.168649    0.335083 ^ clkbuf_4_10_0_wclk/X (sky130_fd_sc_hd__clkbuf_8)
                                                         clknet_4_10_0_wclk (net)
                      0.067092    0.000075    0.335158 ^ _588_/CLK (sky130_fd_sc_hd__dfxtp_1)
     2    0.004925    0.060586    0.322108    0.657267 ^ _588_/Q (sky130_fd_sc_hd__dfxtp_1)
                                                         bram.mem[11][4] (net)
                      0.060586    0.000014    0.657281 ^ _420_/A1 (sky130_fd_sc_hd__mux2_1)
     1    0.002570    0.039596    0.120690    0.777972 ^ _420_/X (sky130_fd_sc_hd__mux2_1)
                                                         _044_ (net)
                      0.039596    0.000012    0.777983 ^ _588_/D (sky130_fd_sc_hd__dfxtp_1)
                                              0.777983   data arrival time

                                  0.000000    0.000000   clock wclk (rise edge)
                                  0.000000    0.000000   clock source latency
     1    0.016889    0.000000    0.000000    0.000000 ^ wclk (in)
                                                         wclk (net)
                      0.000820    0.000410    0.000410 ^ clkbuf_0_wclk/A (sky130_fd_sc_hd__clkbuf_16)
    16    0.092148    0.108245    0.165291    0.165701 ^ clkbuf_0_wclk/X (sky130_fd_sc_hd__clkbuf_16)
                                                         clknet_0_wclk (net)
                      0.108248    0.000732    0.166433 ^ clkbuf_4_10_0_wclk/A (sky130_fd_sc_hd__clkbuf_8)
    12    0.030472    0.067092    0.168649    0.335083 ^ clkbuf_4_10_0_wclk/X (sky130_fd_sc_hd__clkbuf_8)
                                                         clknet_4_10_0_wclk (net)
                      0.067092    0.000075    0.335158 ^ _588_/CLK (sky130_fd_sc_hd__dfxtp_1)
                                  0.000000    0.335158   clock reconvergence pessimism
                                 -0.027230    0.307929   library hold time
                                              0.307929   data required time
---------------------------------------------------------------------------------------------
                                              0.307929   data required time
                                             -0.777983   data arrival time
---------------------------------------------------------------------------------------------
                                              0.470055   slack (MET)


Startpoint: _603_ (rising edge-triggered flip-flop clocked by wclk)
Endpoint: _603_ (rising edge-triggered flip-flop clocked by wclk)
Path Group: wclk
Path Type: min

Fanout         Cap        Slew       Delay        Time   Description
---------------------------------------------------------------------------------------------
                                  0.000000    0.000000   clock wclk (rise edge)
                                  0.000000    0.000000   clock source latency
     1    0.016889    0.000000    0.000000    0.000000 ^ wclk (in)
                                                         wclk (net)
                      0.000820    0.000410    0.000410 ^ clkbuf_0_wclk/A (sky130_fd_sc_hd__clkbuf_16)
    16    0.092148    0.108245    0.165291    0.165701 ^ clkbuf_0_wclk/X (sky130_fd_sc_hd__clkbuf_16)
                                                         clknet_0_wclk (net)
                      0.108246    0.000635    0.166336 ^ clkbuf_4_3_0_wclk/A (sky130_fd_sc_hd__clkbuf_8)
    10    0.027596    0.062670    0.165143    0.331480 ^ clkbuf_4_3_0_wclk/X (sky130_fd_sc_hd__clkbuf_8)
                                                         clknet_4_3_0_wclk (net)
                      0.062670    0.000041    0.331521 ^ _603_/CLK (sky130_fd_sc_hd__dfxtp_1)
     2    0.004929    0.058490    0.320470    0.651991 ^ _603_/Q (sky130_fd_sc_hd__dfxtp_1)
                                                         bram.mem[7][3] (net)
                      0.058490    0.000026    0.652017 ^ _438_/A1 (sky130_fd_sc_hd__mux2_1)
     1    0.003154    0.044035    0.124623    0.776640 ^ _438_/X (sky130_fd_sc_hd__mux2_1)
                                                         _059_ (net)
                      0.044035    0.000020    0.776660 ^ _603_/D (sky130_fd_sc_hd__dfxtp_1)
                                              0.776660   data arrival time

                                  0.000000    0.000000   clock wclk (rise edge)
                                  0.000000    0.000000   clock source latency
     1    0.016889    0.000000    0.000000    0.000000 ^ wclk (in)
                                                         wclk (net)
                      0.000820    0.000410    0.000410 ^ clkbuf_0_wclk/A (sky130_fd_sc_hd__clkbuf_16)
    16    0.092148    0.108245    0.165291    0.165701 ^ clkbuf_0_wclk/X (sky130_fd_sc_hd__clkbuf_16)
                                                         clknet_0_wclk (net)
                      0.108246    0.000635    0.166336 ^ clkbuf_4_3_0_wclk/A (sky130_fd_sc_hd__clkbuf_8)
    10    0.027596    0.062670    0.165143    0.331480 ^ clkbuf_4_3_0_wclk/X (sky130_fd_sc_hd__clkbuf_8)
                                                         clknet_4_3_0_wclk (net)
                      0.062670    0.000041    0.331521 ^ _603_/CLK (sky130_fd_sc_hd__dfxtp_1)
                                  0.000000    0.331521   clock reconvergence pessimism
                                 -0.028739    0.302782   library hold time
                                              0.302782   data required time
---------------------------------------------------------------------------------------------
                                              0.302782   data required time
                                             -0.776660   data arrival time
---------------------------------------------------------------------------------------------
                                              0.473878   slack (MET)


Startpoint: _628_ (rising edge-triggered flip-flop clocked by wclk)
Endpoint: _632_ (rising edge-triggered flip-flop clocked by wclk)
Path Group: wclk
Path Type: min

Fanout         Cap        Slew       Delay        Time   Description
---------------------------------------------------------------------------------------------
                                  0.000000    0.000000   clock wclk (rise edge)
                                  0.000000    0.000000   clock source latency
     1    0.016889    0.000000    0.000000    0.000000 ^ wclk (in)
                                                         wclk (net)
                      0.000820    0.000410    0.000410 ^ clkbuf_0_wclk/A (sky130_fd_sc_hd__clkbuf_16)
    16    0.092148    0.108245    0.165291    0.165701 ^ clkbuf_0_wclk/X (sky130_fd_sc_hd__clkbuf_16)
                                                         clknet_0_wclk (net)
                      0.108245    0.000338    0.166039 ^ clkbuf_4_13_0_wclk/A (sky130_fd_sc_hd__clkbuf_8)
    10    0.029376    0.065405    0.167296    0.333335 ^ clkbuf_4_13_0_wclk/X (sky130_fd_sc_hd__clkbuf_8)
                                                         clknet_4_13_0_wclk (net)
                      0.065405    0.000071    0.333406 ^ _628_/CLK (sky130_fd_sc_hd__dfrtp_2)
     4    0.021990    0.119333    0.414908    0.748314 ^ _628_/Q (sky130_fd_sc_hd__dfrtp_2)
                                                         sync_gwptr_to_rd.d1[4] (net)
                      0.119333    0.000040    0.748354 ^ _345_/A (sky130_fd_sc_hd__xor2_1)
     1    0.002584    0.035395    0.078096    0.826450 v _345_/X (sky130_fd_sc_hd__xor2_1)
                                                         u_wrptr_handler.g_wptr_next[3] (net)
                      0.035395    0.000009    0.826459 v _632_/D (sky130_fd_sc_hd__dfrtp_1)
                                              0.826459   data arrival time

                                  0.000000    0.000000   clock wclk (rise edge)
                                  0.000000    0.000000   clock source latency
     1    0.016889    0.000000    0.000000    0.000000 ^ wclk (in)
                                                         wclk (net)
                      0.000820    0.000410    0.000410 ^ clkbuf_0_wclk/A (sky130_fd_sc_hd__clkbuf_16)
    16    0.092148    0.108245    0.165291    0.165701 ^ clkbuf_0_wclk/X (sky130_fd_sc_hd__clkbuf_16)
                                                         clknet_0_wclk (net)
                      0.108245    0.000338    0.166039 ^ clkbuf_4_13_0_wclk/A (sky130_fd_sc_hd__clkbuf_8)
    10    0.029376    0.065405    0.167296    0.333335 ^ clkbuf_4_13_0_wclk/X (sky130_fd_sc_hd__clkbuf_8)
                                                         clknet_4_13_0_wclk (net)
                      0.065405    0.000097    0.333432 ^ _632_/CLK (sky130_fd_sc_hd__dfrtp_1)
                                  0.000000    0.333432   clock reconvergence pessimism
                                 -0.037211    0.296221   library hold time
                                              0.296221   data required time
---------------------------------------------------------------------------------------------
                                              0.296221   data required time
                                             -0.826459   data arrival time
---------------------------------------------------------------------------------------------
                                              0.530238   slack (MET)


Startpoint: _628_ (rising edge-triggered flip-flop clocked by wclk)
Endpoint: _628_ (rising edge-triggered flip-flop clocked by wclk)
Path Group: wclk
Path Type: min

Fanout         Cap        Slew       Delay        Time   Description
---------------------------------------------------------------------------------------------
                                  0.000000    0.000000   clock wclk (rise edge)
                                  0.000000    0.000000   clock source latency
     1    0.016889    0.000000    0.000000    0.000000 ^ wclk (in)
                                                         wclk (net)
                      0.000820    0.000410    0.000410 ^ clkbuf_0_wclk/A (sky130_fd_sc_hd__clkbuf_16)
    16    0.092148    0.108245    0.165291    0.165701 ^ clkbuf_0_wclk/X (sky130_fd_sc_hd__clkbuf_16)
                                                         clknet_0_wclk (net)
                      0.108245    0.000338    0.166039 ^ clkbuf_4_13_0_wclk/A (sky130_fd_sc_hd__clkbuf_8)
    10    0.029376    0.065405    0.167296    0.333335 ^ clkbuf_4_13_0_wclk/X (sky130_fd_sc_hd__clkbuf_8)
                                                         clknet_4_13_0_wclk (net)
                      0.065405    0.000071    0.333406 ^ _628_/CLK (sky130_fd_sc_hd__dfrtp_2)
     4    0.021990    0.119333    0.414908    0.748314 ^ _628_/Q (sky130_fd_sc_hd__dfrtp_2)
                                                         sync_gwptr_to_rd.d1[4] (net)
                      0.119333    0.000067    0.748381 ^ _344_/A (sky130_fd_sc_hd__xnor2_1)
     1    0.002881    0.037527    0.084226    0.832607 v _344_/Y (sky130_fd_sc_hd__xnor2_1)
                                                         u_wrptr_handler.b_wptr_next[4] (net)
                      0.037527    0.000015    0.832622 v _628_/D (sky130_fd_sc_hd__dfrtp_2)
                                              0.832622   data arrival time

                                  0.000000    0.000000   clock wclk (rise edge)
                                  0.000000    0.000000   clock source latency
     1    0.016889    0.000000    0.000000    0.000000 ^ wclk (in)
                                                         wclk (net)
                      0.000820    0.000410    0.000410 ^ clkbuf_0_wclk/A (sky130_fd_sc_hd__clkbuf_16)
    16    0.092148    0.108245    0.165291    0.165701 ^ clkbuf_0_wclk/X (sky130_fd_sc_hd__clkbuf_16)
                                                         clknet_0_wclk (net)
                      0.108245    0.000338    0.166039 ^ clkbuf_4_13_0_wclk/A (sky130_fd_sc_hd__clkbuf_8)
    10    0.029376    0.065405    0.167296    0.333335 ^ clkbuf_4_13_0_wclk/X (sky130_fd_sc_hd__clkbuf_8)
                                                         clknet_4_13_0_wclk (net)
                      0.065405    0.000071    0.333406 ^ _628_/CLK (sky130_fd_sc_hd__dfrtp_2)
                                  0.000000    0.333406   clock reconvergence pessimism
                                 -0.034417    0.298988   library hold time
                                              0.298988   data required time
---------------------------------------------------------------------------------------------
                                              0.298988   data required time
                                             -0.832622   data arrival time
---------------------------------------------------------------------------------------------
                                              0.533633   slack (MET)


Startpoint: _661_ (rising edge-triggered flip-flop clocked by rclk)
Endpoint: _661_ (rising edge-triggered flip-flop clocked by rclk)
Path Group: rclk
Path Type: min

Fanout         Cap        Slew       Delay        Time   Description
---------------------------------------------------------------------------------------------
                                  0.000000    0.000000   clock rclk (rise edge)
                                  0.000000    0.000000   clock source latency
     1    0.012367    0.000000    0.000000    0.000000 ^ rclk (in)
                                                         rclk (net)
                      0.000335    0.000167    0.000167 ^ clkbuf_0_rclk/A (sky130_fd_sc_hd__clkbuf_16)
     2    0.017181    0.039446    0.107155    0.107323 ^ clkbuf_0_rclk/X (sky130_fd_sc_hd__clkbuf_16)
                                                         clknet_0_rclk (net)
                      0.039446    0.000037    0.107360 ^ clkbuf_1_1__f_rclk/A (sky130_fd_sc_hd__clkbuf_16)
    16    0.037628    0.057696    0.138290    0.245649 ^ clkbuf_1_1__f_rclk/X (sky130_fd_sc_hd__clkbuf_16)
                                                         clknet_1_1__leaf_rclk (net)
                      0.057696    0.000103    0.245753 ^ _661_/CLK (sky130_fd_sc_hd__dfrtp_4)
     5    0.024628    0.100633    0.449820    0.695572 ^ _661_/Q (sky130_fd_sc_hd__dfrtp_4)
                                                         r_ptr_bin[4] (net)
                      0.100633    0.000105    0.695677 ^ _327_/A (sky130_fd_sc_hd__xnor2_1)
     1    0.002574    0.035465    0.077265    0.772942 v _327_/Y (sky130_fd_sc_hd__xnor2_1)
                                                         u_rptr_handler.b_rptr_next[4] (net)
                      0.035465    0.000007    0.772949 v _661_/D (sky130_fd_sc_hd__dfrtp_4)
                                              0.772949   data arrival time

                                  0.000000    0.000000   clock rclk (rise edge)
                                  0.000000    0.000000   clock source latency
     1    0.012367    0.000000    0.000000    0.000000 ^ rclk (in)
                                                         rclk (net)
                      0.000335    0.000167    0.000167 ^ clkbuf_0_rclk/A (sky130_fd_sc_hd__clkbuf_16)
     2    0.017181    0.039446    0.107155    0.107323 ^ clkbuf_0_rclk/X (sky130_fd_sc_hd__clkbuf_16)
                                                         clknet_0_rclk (net)
                      0.039446    0.000037    0.107360 ^ clkbuf_1_1__f_rclk/A (sky130_fd_sc_hd__clkbuf_16)
    16    0.037628    0.057696    0.138290    0.245649 ^ clkbuf_1_1__f_rclk/X (sky130_fd_sc_hd__clkbuf_16)
                                                         clknet_1_1__leaf_rclk (net)
                      0.057696    0.000103    0.245753 ^ _661_/CLK (sky130_fd_sc_hd__dfrtp_4)
                                  0.000000    0.245753   clock reconvergence pessimism
                                 -0.035279    0.210474   library hold time
                                              0.210474   data required time
---------------------------------------------------------------------------------------------
                                              0.210474   data required time
                                             -0.772949   data arrival time
---------------------------------------------------------------------------------------------
                                              0.562475   slack (MET)


Startpoint: _661_ (rising edge-triggered flip-flop clocked by rclk)
Endpoint: _665_ (rising edge-triggered flip-flop clocked by rclk)
Path Group: rclk
Path Type: min

Fanout         Cap        Slew       Delay        Time   Description
---------------------------------------------------------------------------------------------
                                  0.000000    0.000000   clock rclk (rise edge)
                                  0.000000    0.000000   clock source latency
     1    0.012367    0.000000    0.000000    0.000000 ^ rclk (in)
                                                         rclk (net)
                      0.000335    0.000167    0.000167 ^ clkbuf_0_rclk/A (sky130_fd_sc_hd__clkbuf_16)
     2    0.017181    0.039446    0.107155    0.107323 ^ clkbuf_0_rclk/X (sky130_fd_sc_hd__clkbuf_16)
                                                         clknet_0_rclk (net)
                      0.039446    0.000037    0.107360 ^ clkbuf_1_1__f_rclk/A (sky130_fd_sc_hd__clkbuf_16)
    16    0.037628    0.057696    0.138290    0.245649 ^ clkbuf_1_1__f_rclk/X (sky130_fd_sc_hd__clkbuf_16)
                                                         clknet_1_1__leaf_rclk (net)
                      0.057696    0.000103    0.245753 ^ _661_/CLK (sky130_fd_sc_hd__dfrtp_4)
     5    0.024628    0.100633    0.449820    0.695572 ^ _661_/Q (sky130_fd_sc_hd__dfrtp_4)
                                                         r_ptr_bin[4] (net)
                      0.100633    0.000090    0.695662 ^ _328_/A (sky130_fd_sc_hd__xnor2_1)
     1    0.002376    0.035379    0.075922    0.771584 v _328_/Y (sky130_fd_sc_hd__xnor2_1)
                                                         u_rptr_handler.g_rptr_next[3] (net)
                      0.035379    0.000005    0.771589 v _665_/D (sky130_fd_sc_hd__dfrtp_1)
                                              0.771589   data arrival time

                                  0.000000    0.000000   clock rclk (rise edge)
                                  0.000000    0.000000   clock source latency
     1    0.012367    0.000000    0.000000    0.000000 ^ rclk (in)
                                                         rclk (net)
                      0.000335    0.000167    0.000167 ^ clkbuf_0_rclk/A (sky130_fd_sc_hd__clkbuf_16)
     2    0.017181    0.039446    0.107155    0.107323 ^ clkbuf_0_rclk/X (sky130_fd_sc_hd__clkbuf_16)
                                                         clknet_0_rclk (net)
                      0.039446    0.000037    0.107360 ^ clkbuf_1_1__f_rclk/A (sky130_fd_sc_hd__clkbuf_16)
    16    0.037628    0.057696    0.138290    0.245649 ^ clkbuf_1_1__f_rclk/X (sky130_fd_sc_hd__clkbuf_16)
                                                         clknet_1_1__leaf_rclk (net)
                      0.057696    0.000093    0.245742 ^ _665_/CLK (sky130_fd_sc_hd__dfrtp_1)
                                  0.000000    0.245742   clock reconvergence pessimism
                                 -0.038963    0.206779   library hold time
                                              0.206779   data required time
---------------------------------------------------------------------------------------------
                                              0.206779   data required time
                                             -0.771589   data arrival time
---------------------------------------------------------------------------------------------
                                              0.564810   slack (MET)


Startpoint: _626_ (rising edge-triggered flip-flop clocked by wclk)
Endpoint: _626_ (rising edge-triggered flip-flop clocked by wclk)
Path Group: wclk
Path Type: min

Fanout         Cap        Slew       Delay        Time   Description
---------------------------------------------------------------------------------------------
                                  0.000000    0.000000   clock wclk (rise edge)
                                  0.000000    0.000000   clock source latency
     1    0.016889    0.000000    0.000000    0.000000 ^ wclk (in)
                                                         wclk (net)
                      0.000820    0.000410    0.000410 ^ clkbuf_0_wclk/A (sky130_fd_sc_hd__clkbuf_16)
    16    0.092148    0.108245    0.165291    0.165701 ^ clkbuf_0_wclk/X (sky130_fd_sc_hd__clkbuf_16)
                                                         clknet_0_wclk (net)
                      0.108245    0.000426    0.166127 ^ clkbuf_4_7_0_wclk/A (sky130_fd_sc_hd__clkbuf_8)
    11    0.029723    0.065938    0.167724    0.333851 ^ clkbuf_4_7_0_wclk/X (sky130_fd_sc_hd__clkbuf_8)
                                                         clknet_4_7_0_wclk (net)
                      0.065938    0.000066    0.333918 ^ _626_/CLK (sky130_fd_sc_hd__dfrtp_4)
    10    0.035535    0.127803    0.477396    0.811314 ^ _626_/Q (sky130_fd_sc_hd__dfrtp_4)
                                                         bram.waddr[2] (net)
                      0.127803    0.000119    0.811432 ^ _337_/A (sky130_fd_sc_hd__xor2_1)
     1    0.002245    0.034644    0.077761    0.889194 v _337_/X (sky130_fd_sc_hd__xor2_1)
                                                         u_wrptr_handler.b_wptr_next[2] (net)
                      0.034644    0.000003    0.889197 v _626_/D (sky130_fd_sc_hd__dfrtp_4)
                                              0.889197   data arrival time

                                  0.000000    0.000000   clock wclk (rise edge)
                                  0.000000    0.000000   clock source latency
     1    0.016889    0.000000    0.000000    0.000000 ^ wclk (in)
                                                         wclk (net)
                      0.000820    0.000410    0.000410 ^ clkbuf_0_wclk/A (sky130_fd_sc_hd__clkbuf_16)
    16    0.092148    0.108245    0.165291    0.165701 ^ clkbuf_0_wclk/X (sky130_fd_sc_hd__clkbuf_16)
                                                         clknet_0_wclk (net)
                      0.108245    0.000426    0.166127 ^ clkbuf_4_7_0_wclk/A (sky130_fd_sc_hd__clkbuf_8)
    11    0.029723    0.065938    0.167724    0.333851 ^ clkbuf_4_7_0_wclk/X (sky130_fd_sc_hd__clkbuf_8)
                                                         clknet_4_7_0_wclk (net)
                      0.065938    0.000066    0.333918 ^ _626_/CLK (sky130_fd_sc_hd__dfrtp_4)
                                  0.000000    0.333918   clock reconvergence pessimism
                                 -0.033068    0.300850   library hold time
                                              0.300850   data required time
---------------------------------------------------------------------------------------------
                                              0.300850   data required time
                                             -0.889197   data arrival time
---------------------------------------------------------------------------------------------
                                              0.588346   slack (MET)


Startpoint: _626_ (rising edge-triggered flip-flop clocked by wclk)
Endpoint: _630_ (rising edge-triggered flip-flop clocked by wclk)
Path Group: wclk
Path Type: min

Fanout         Cap        Slew       Delay        Time   Description
---------------------------------------------------------------------------------------------
                                  0.000000    0.000000   clock wclk (rise edge)
                                  0.000000    0.000000   clock source latency
     1    0.016889    0.000000    0.000000    0.000000 ^ wclk (in)
                                                         wclk (net)
                      0.000820    0.000410    0.000410 ^ clkbuf_0_wclk/A (sky130_fd_sc_hd__clkbuf_16)
    16    0.092148    0.108245    0.165291    0.165701 ^ clkbuf_0_wclk/X (sky130_fd_sc_hd__clkbuf_16)
                                                         clknet_0_wclk (net)
                      0.108245    0.000426    0.166127 ^ clkbuf_4_7_0_wclk/A (sky130_fd_sc_hd__clkbuf_8)
    11    0.029723    0.065938    0.167724    0.333851 ^ clkbuf_4_7_0_wclk/X (sky130_fd_sc_hd__clkbuf_8)
                                                         clknet_4_7_0_wclk (net)
                      0.065938    0.000066    0.333918 ^ _626_/CLK (sky130_fd_sc_hd__dfrtp_4)
    10    0.035535    0.127803    0.477396    0.811314 ^ _626_/Q (sky130_fd_sc_hd__dfrtp_4)
                                                         bram.waddr[2] (net)
                      0.127803    0.000169    0.811482 ^ _338_/A (sky130_fd_sc_hd__xnor2_1)
     1    0.002542    0.036513    0.083909    0.895391 v _338_/Y (sky130_fd_sc_hd__xnor2_1)
                                                         u_wrptr_handler.g_wptr_next[1] (net)
                      0.036513    0.000008    0.895399 v _630_/D (sky130_fd_sc_hd__dfrtp_1)
                                              0.895399   data arrival time

                                  0.000000    0.000000   clock wclk (rise edge)
                                  0.000000    0.000000   clock source latency
     1    0.016889    0.000000    0.000000    0.000000 ^ wclk (in)
                                                         wclk (net)
                      0.000820    0.000410    0.000410 ^ clkbuf_0_wclk/A (sky130_fd_sc_hd__clkbuf_16)
    16    0.092148    0.108245    0.165291    0.165701 ^ clkbuf_0_wclk/X (sky130_fd_sc_hd__clkbuf_16)
                                                         clknet_0_wclk (net)
                      0.108245    0.000426    0.166127 ^ clkbuf_4_7_0_wclk/A (sky130_fd_sc_hd__clkbuf_8)
    11    0.029723    0.065938    0.167724    0.333851 ^ clkbuf_4_7_0_wclk/X (sky130_fd_sc_hd__clkbuf_8)
                                                         clknet_4_7_0_wclk (net)
                      0.065938    0.000079    0.333931 ^ _630_/CLK (sky130_fd_sc_hd__dfrtp_1)
                                  0.000000    0.333931   clock reconvergence pessimism
                                 -0.037545    0.296386   library hold time
                                              0.296386   data required time
---------------------------------------------------------------------------------------------
                                              0.296386   data required time
                                             -0.895399   data arrival time
---------------------------------------------------------------------------------------------
                                              0.599014   slack (MET)


Startpoint: _660_ (rising edge-triggered flip-flop clocked by rclk)
Endpoint: _664_ (rising edge-triggered flip-flop clocked by rclk)
Path Group: rclk
Path Type: min

Fanout         Cap        Slew       Delay        Time   Description
---------------------------------------------------------------------------------------------
                                  0.000000    0.000000   clock rclk (rise edge)
                                  0.000000    0.000000   clock source latency
     1    0.012367    0.000000    0.000000    0.000000 ^ rclk (in)
                                                         rclk (net)
                      0.000335    0.000167    0.000167 ^ clkbuf_0_rclk/A (sky130_fd_sc_hd__clkbuf_16)
     2    0.017181    0.039446    0.107155    0.107323 ^ clkbuf_0_rclk/X (sky130_fd_sc_hd__clkbuf_16)
                                                         clknet_0_rclk (net)
                      0.039446    0.000037    0.107360 ^ clkbuf_1_1__f_rclk/A (sky130_fd_sc_hd__clkbuf_16)
    16    0.037628    0.057696    0.138290    0.245649 ^ clkbuf_1_1__f_rclk/X (sky130_fd_sc_hd__clkbuf_16)
                                                         clknet_1_1__leaf_rclk (net)
                      0.057696    0.000103    0.245752 ^ _660_/CLK (sky130_fd_sc_hd__dfrtp_4)
    12    0.046079    0.154989    0.497793    0.743546 ^ _660_/Q (sky130_fd_sc_hd__dfrtp_4)
                                                         bram.raddr[3] (net)
                      0.154989    0.000184    0.743729 ^ _326_/A (sky130_fd_sc_hd__xnor2_1)
     1    0.002415    0.035696    0.087892    0.831622 v _326_/Y (sky130_fd_sc_hd__xnor2_1)
                                                         u_rptr_handler.g_rptr_next[2] (net)
                      0.035696    0.000005    0.831627 v _664_/D (sky130_fd_sc_hd__dfrtp_1)
                                              0.831627   data arrival time

                                  0.000000    0.000000   clock rclk (rise edge)
                                  0.000000    0.000000   clock source latency
     1    0.012367    0.000000    0.000000    0.000000 ^ rclk (in)
                                                         rclk (net)
                      0.000335    0.000167    0.000167 ^ clkbuf_0_rclk/A (sky130_fd_sc_hd__clkbuf_16)
     2    0.017181    0.039446    0.107155    0.107323 ^ clkbuf_0_rclk/X (sky130_fd_sc_hd__clkbuf_16)
                                                         clknet_0_rclk (net)
                      0.039446    0.000029    0.107352 ^ clkbuf_1_0__f_rclk/A (sky130_fd_sc_hd__clkbuf_16)
    12    0.041044    0.060714    0.140823    0.248175 ^ clkbuf_1_0__f_rclk/X (sky130_fd_sc_hd__clkbuf_16)
                                                         clknet_1_0__leaf_rclk (net)
                      0.060714    0.000066    0.248241 ^ _664_/CLK (sky130_fd_sc_hd__dfrtp_1)
                                  0.000000    0.248241   clock reconvergence pessimism
                                 -0.038404    0.209837   library hold time
                                              0.209837   data required time
---------------------------------------------------------------------------------------------
                                              0.209837   data required time
                                             -0.831627   data arrival time
---------------------------------------------------------------------------------------------
                                              0.621790   slack (MET)


Startpoint: _627_ (rising edge-triggered flip-flop clocked by wclk)
Endpoint: _631_ (rising edge-triggered flip-flop clocked by wclk)
Path Group: wclk
Path Type: min

Fanout         Cap        Slew       Delay        Time   Description
---------------------------------------------------------------------------------------------
                                  0.000000    0.000000   clock wclk (rise edge)
                                  0.000000    0.000000   clock source latency
     1    0.016889    0.000000    0.000000    0.000000 ^ wclk (in)
                                                         wclk (net)
                      0.000820    0.000410    0.000410 ^ clkbuf_0_wclk/A (sky130_fd_sc_hd__clkbuf_16)
    16    0.092148    0.108245    0.165291    0.165701 ^ clkbuf_0_wclk/X (sky130_fd_sc_hd__clkbuf_16)
                                                         clknet_0_wclk (net)
                      0.108245    0.000338    0.166039 ^ clkbuf_4_13_0_wclk/A (sky130_fd_sc_hd__clkbuf_8)
    10    0.029376    0.065405    0.167296    0.333335 ^ clkbuf_4_13_0_wclk/X (sky130_fd_sc_hd__clkbuf_8)
                                                         clknet_4_13_0_wclk (net)
                      0.065405    0.000113    0.333448 ^ _627_/CLK (sky130_fd_sc_hd__dfrtp_1)
     4    0.012997    0.085350    0.411503    0.744951 v _627_/Q (sky130_fd_sc_hd__dfrtp_1)
                                                         bram.waddr[3] (net)
                      0.085350    0.000037    0.744988 v _254_/A (sky130_fd_sc_hd__inv_2)
     5    0.019483    0.095042    0.111279    0.856267 ^ _254_/Y (sky130_fd_sc_hd__inv_2)
                                                         _138_ (net)
                      0.095042    0.000096    0.856363 ^ _343_/A (sky130_fd_sc_hd__xnor2_1)
     1    0.002178    0.030575    0.073102    0.929466 v _343_/Y (sky130_fd_sc_hd__xnor2_1)
                                                         u_wrptr_handler.g_wptr_next[2] (net)
                      0.030575    0.000003    0.929469 v _631_/D (sky130_fd_sc_hd__dfrtp_1)
                                              0.929469   data arrival time

                                  0.000000    0.000000   clock wclk (rise edge)
                                  0.000000    0.000000   clock source latency
     1    0.016889    0.000000    0.000000    0.000000 ^ wclk (in)
                                                         wclk (net)
                      0.000820    0.000410    0.000410 ^ clkbuf_0_wclk/A (sky130_fd_sc_hd__clkbuf_16)
    16    0.092148    0.108245    0.165291    0.165701 ^ clkbuf_0_wclk/X (sky130_fd_sc_hd__clkbuf_16)
                                                         clknet_0_wclk (net)
                      0.108245    0.000338    0.166039 ^ clkbuf_4_13_0_wclk/A (sky130_fd_sc_hd__clkbuf_8)
    10    0.029376    0.065405    0.167296    0.333335 ^ clkbuf_4_13_0_wclk/X (sky130_fd_sc_hd__clkbuf_8)
                                                         clknet_4_13_0_wclk (net)
                      0.065405    0.000117    0.333452 ^ _631_/CLK (sky130_fd_sc_hd__dfrtp_1)
                                  0.000000    0.333452   clock reconvergence pessimism
                                 -0.035250    0.298202   library hold time
                                              0.298202   data required time
---------------------------------------------------------------------------------------------
                                              0.298202   data required time
                                             -0.929469   data arrival time
---------------------------------------------------------------------------------------------
                                              0.631266   slack (MET)


Startpoint: _627_ (rising edge-triggered flip-flop clocked by wclk)
Endpoint: _627_ (rising edge-triggered flip-flop clocked by wclk)
Path Group: wclk
Path Type: min

Fanout         Cap        Slew       Delay        Time   Description
---------------------------------------------------------------------------------------------
                                  0.000000    0.000000   clock wclk (rise edge)
                                  0.000000    0.000000   clock source latency
     1    0.016889    0.000000    0.000000    0.000000 ^ wclk (in)
                                                         wclk (net)
                      0.000820    0.000410    0.000410 ^ clkbuf_0_wclk/A (sky130_fd_sc_hd__clkbuf_16)
    16    0.092148    0.108245    0.165291    0.165701 ^ clkbuf_0_wclk/X (sky130_fd_sc_hd__clkbuf_16)
                                                         clknet_0_wclk (net)
                      0.108245    0.000338    0.166039 ^ clkbuf_4_13_0_wclk/A (sky130_fd_sc_hd__clkbuf_8)
    10    0.029376    0.065405    0.167296    0.333335 ^ clkbuf_4_13_0_wclk/X (sky130_fd_sc_hd__clkbuf_8)
                                                         clknet_4_13_0_wclk (net)
                      0.065405    0.000113    0.333448 ^ _627_/CLK (sky130_fd_sc_hd__dfrtp_1)
     4    0.014228    0.137959    0.396498    0.729946 ^ _627_/Q (sky130_fd_sc_hd__dfrtp_1)
                                                         bram.waddr[3] (net)
                      0.137959    0.000027    0.729973 ^ _341_/B1 (sky130_fd_sc_hd__a41o_1)
     2    0.007770    0.084398    0.143839    0.873812 ^ _341_/X (sky130_fd_sc_hd__a41o_1)
                                                         _205_ (net)
                      0.084398    0.000037    0.873848 ^ _342_/B (sky130_fd_sc_hd__and2_1)
     1    0.002601    0.045962    0.124407    0.998256 ^ _342_/X (sky130_fd_sc_hd__and2_1)
                                                         u_wrptr_handler.b_wptr_next[3] (net)
                      0.045962    0.000008    0.998264 ^ _627_/D (sky130_fd_sc_hd__dfrtp_1)
                                              0.998264   data arrival time

                                  0.000000    0.000000   clock wclk (rise edge)
                                  0.000000    0.000000   clock source latency
     1    0.016889    0.000000    0.000000    0.000000 ^ wclk (in)
                                                         wclk (net)
                      0.000820    0.000410    0.000410 ^ clkbuf_0_wclk/A (sky130_fd_sc_hd__clkbuf_16)
    16    0.092148    0.108245    0.165291    0.165701 ^ clkbuf_0_wclk/X (sky130_fd_sc_hd__clkbuf_16)
                                                         clknet_0_wclk (net)
                      0.108245    0.000338    0.166039 ^ clkbuf_4_13_0_wclk/A (sky130_fd_sc_hd__clkbuf_8)
    10    0.029376    0.065405    0.167296    0.333335 ^ clkbuf_4_13_0_wclk/X (sky130_fd_sc_hd__clkbuf_8)
                                                         clknet_4_13_0_wclk (net)
                      0.065405    0.000113    0.333448 ^ _627_/CLK (sky130_fd_sc_hd__dfrtp_1)
                                  0.000000    0.333448   clock reconvergence pessimism
                                 -0.032177    0.301271   library hold time
                                              0.301271   data required time
---------------------------------------------------------------------------------------------
                                              0.301271   data required time
                                             -0.998264   data arrival time
---------------------------------------------------------------------------------------------
                                              0.696993   slack (MET)


Startpoint: _659_ (rising edge-triggered flip-flop clocked by rclk)
Endpoint: _663_ (rising edge-triggered flip-flop clocked by rclk)
Path Group: rclk
Path Type: min

Fanout         Cap        Slew       Delay        Time   Description
---------------------------------------------------------------------------------------------
                                  0.000000    0.000000   clock rclk (rise edge)
                                  0.000000    0.000000   clock source latency
     1    0.012367    0.000000    0.000000    0.000000 ^ rclk (in)
                                                         rclk (net)
                      0.000335    0.000167    0.000167 ^ clkbuf_0_rclk/A (sky130_fd_sc_hd__clkbuf_16)
     2    0.017181    0.039446    0.107155    0.107323 ^ clkbuf_0_rclk/X (sky130_fd_sc_hd__clkbuf_16)
                                                         clknet_0_rclk (net)
                      0.039446    0.000029    0.107352 ^ clkbuf_1_0__f_rclk/A (sky130_fd_sc_hd__clkbuf_16)
    12    0.041044    0.060714    0.140823    0.248175 ^ clkbuf_1_0__f_rclk/X (sky130_fd_sc_hd__clkbuf_16)
                                                         clknet_1_0__leaf_rclk (net)
                      0.060714    0.000056    0.248231 ^ _659_/CLK (sky130_fd_sc_hd__dfrtp_4)
    20    0.083136    0.247343    0.571995    0.820226 ^ _659_/Q (sky130_fd_sc_hd__dfrtp_4)
                                                         bram.raddr[2] (net)
                      0.247343    0.000171    0.820397 ^ _322_/A (sky130_fd_sc_hd__xnor2_1)
     1    0.002700    0.036915    0.106997    0.927394 v _322_/Y (sky130_fd_sc_hd__xnor2_1)
                                                         u_rptr_handler.g_rptr_next[1] (net)
                      0.036915    0.000010    0.927404 v _663_/D (sky130_fd_sc_hd__dfrtp_1)
                                              0.927404   data arrival time

                                  0.000000    0.000000   clock rclk (rise edge)
                                  0.000000    0.000000   clock source latency
     1    0.012367    0.000000    0.000000    0.000000 ^ rclk (in)
                                                         rclk (net)
                      0.000335    0.000167    0.000167 ^ clkbuf_0_rclk/A (sky130_fd_sc_hd__clkbuf_16)
     2    0.017181    0.039446    0.107155    0.107323 ^ clkbuf_0_rclk/X (sky130_fd_sc_hd__clkbuf_16)
                                                         clknet_0_rclk (net)
                      0.039446    0.000029    0.107352 ^ clkbuf_1_0__f_rclk/A (sky130_fd_sc_hd__clkbuf_16)
    12    0.041044    0.060714    0.140823    0.248175 ^ clkbuf_1_0__f_rclk/X (sky130_fd_sc_hd__clkbuf_16)
                                                         clknet_1_0__leaf_rclk (net)
                      0.060714    0.000074    0.248249 ^ _663_/CLK (sky130_fd_sc_hd__dfrtp_1)
                                  0.000000    0.248249   clock reconvergence pessimism
                                 -0.038900    0.209349   library hold time
                                              0.209349   data required time
---------------------------------------------------------------------------------------------
                                              0.209349   data required time
                                             -0.927404   data arrival time
---------------------------------------------------------------------------------------------
                                              0.718054   slack (MET)


Startpoint: _625_ (rising edge-triggered flip-flop clocked by wclk)
Endpoint: _629_ (rising edge-triggered flip-flop clocked by wclk)
Path Group: wclk
Path Type: min

Fanout         Cap        Slew       Delay        Time   Description
---------------------------------------------------------------------------------------------
                                  0.000000    0.000000   clock wclk (rise edge)
                                  0.000000    0.000000   clock source latency
     1    0.016889    0.000000    0.000000    0.000000 ^ wclk (in)
                                                         wclk (net)
                      0.000820    0.000410    0.000410 ^ clkbuf_0_wclk/A (sky130_fd_sc_hd__clkbuf_16)
    16    0.092148    0.108245    0.165291    0.165701 ^ clkbuf_0_wclk/X (sky130_fd_sc_hd__clkbuf_16)
                                                         clknet_0_wclk (net)
                      0.108245    0.000411    0.166112 ^ clkbuf_4_6_0_wclk/A (sky130_fd_sc_hd__clkbuf_8)
     8    0.028646    0.064281    0.166412    0.332523 ^ clkbuf_4_6_0_wclk/X (sky130_fd_sc_hd__clkbuf_8)
                                                         clknet_4_6_0_wclk (net)
                      0.064281    0.000019    0.332542 ^ _625_/CLK (sky130_fd_sc_hd__dfrtp_4)
    23    0.090088    0.265358    0.587100    0.919642 ^ _625_/Q (sky130_fd_sc_hd__dfrtp_4)
                                                         bram.waddr[1] (net)
                      0.265358    0.000656    0.920298 ^ _335_/A (sky130_fd_sc_hd__xnor2_1)
     1    0.003916    0.044470    0.120165    1.040463 v _335_/Y (sky130_fd_sc_hd__xnor2_1)
                                                         u_wrptr_handler.g_wptr_next[0] (net)
                      0.044470    0.000030    1.040494 v _629_/D (sky130_fd_sc_hd__dfrtp_1)
                                              1.040494   data arrival time

                                  0.000000    0.000000   clock wclk (rise edge)
                                  0.000000    0.000000   clock source latency
     1    0.016889    0.000000    0.000000    0.000000 ^ wclk (in)
                                                         wclk (net)
                      0.000820    0.000410    0.000410 ^ clkbuf_0_wclk/A (sky130_fd_sc_hd__clkbuf_16)
    16    0.092148    0.108245    0.165291    0.165701 ^ clkbuf_0_wclk/X (sky130_fd_sc_hd__clkbuf_16)
                                                         clknet_0_wclk (net)
                      0.108245    0.000338    0.166039 ^ clkbuf_4_13_0_wclk/A (sky130_fd_sc_hd__clkbuf_8)
    10    0.029376    0.065405    0.167296    0.333335 ^ clkbuf_4_13_0_wclk/X (sky130_fd_sc_hd__clkbuf_8)
                                                         clknet_4_13_0_wclk (net)
                      0.065405    0.000055    0.333390 ^ _629_/CLK (sky130_fd_sc_hd__dfrtp_1)
                                  0.000000    0.333390   clock reconvergence pessimism
                                 -0.040905    0.292485   library hold time
                                              0.292485   data required time
---------------------------------------------------------------------------------------------
                                              0.292485   data required time
                                             -1.040494   data arrival time
---------------------------------------------------------------------------------------------
                                              0.748009   slack (MET)


Startpoint: _624_ (rising edge-triggered flip-flop clocked by wclk)
Endpoint: _624_ (rising edge-triggered flip-flop clocked by wclk)
Path Group: wclk
Path Type: min

Fanout         Cap        Slew       Delay        Time   Description
---------------------------------------------------------------------------------------------
                                  0.000000    0.000000   clock wclk (rise edge)
                                  0.000000    0.000000   clock source latency
     1    0.016889    0.000000    0.000000    0.000000 ^ wclk (in)
                                                         wclk (net)
                      0.000820    0.000410    0.000410 ^ clkbuf_0_wclk/A (sky130_fd_sc_hd__clkbuf_16)
    16    0.092148    0.108245    0.165291    0.165701 ^ clkbuf_0_wclk/X (sky130_fd_sc_hd__clkbuf_16)
                                                         clknet_0_wclk (net)
                      0.108245    0.000426    0.166127 ^ clkbuf_4_7_0_wclk/A (sky130_fd_sc_hd__clkbuf_8)
    11    0.029723    0.065938    0.167724    0.333851 ^ clkbuf_4_7_0_wclk/X (sky130_fd_sc_hd__clkbuf_8)
                                                         clknet_4_7_0_wclk (net)
                      0.065938    0.000008    0.333860 ^ _624_/CLK (sky130_fd_sc_hd__dfrtp_4)
    23    0.115686    0.332384    0.636397    0.970257 ^ _624_/Q (sky130_fd_sc_hd__dfrtp_4)
                                                         bram.waddr[0] (net)
                      0.332384    0.000481    0.970738 ^ _331_/A (sky130_fd_sc_hd__xor2_1)
     1    0.002216    0.034800    0.107440    1.078178 v _331_/X (sky130_fd_sc_hd__xor2_1)
                                                         u_wrptr_handler.b_wptr_next[0] (net)
                      0.034800    0.000004    1.078181 v _624_/D (sky130_fd_sc_hd__dfrtp_4)
                                              1.078181   data arrival time

                                  0.000000    0.000000   clock wclk (rise edge)
                                  0.000000    0.000000   clock source latency
     1    0.016889    0.000000    0.000000    0.000000 ^ wclk (in)
                                                         wclk (net)
                      0.000820    0.000410    0.000410 ^ clkbuf_0_wclk/A (sky130_fd_sc_hd__clkbuf_16)
    16    0.092148    0.108245    0.165291    0.165701 ^ clkbuf_0_wclk/X (sky130_fd_sc_hd__clkbuf_16)
                                                         clknet_0_wclk (net)
                      0.108245    0.000426    0.166127 ^ clkbuf_4_7_0_wclk/A (sky130_fd_sc_hd__clkbuf_8)
    11    0.029723    0.065938    0.167724    0.333851 ^ clkbuf_4_7_0_wclk/X (sky130_fd_sc_hd__clkbuf_8)
                                                         clknet_4_7_0_wclk (net)
                      0.065938    0.000008    0.333860 ^ _624_/CLK (sky130_fd_sc_hd__dfrtp_4)
                                  0.000000    0.333860   clock reconvergence pessimism
                                 -0.033131    0.300729   library hold time
                                              0.300729   data required time
---------------------------------------------------------------------------------------------
                                              0.300729   data required time
                                             -1.078181   data arrival time
---------------------------------------------------------------------------------------------
                                              0.777452   slack (MET)


Startpoint: _660_ (rising edge-triggered flip-flop clocked by rclk)
Endpoint: _547_ (rising edge-triggered flip-flop clocked by rclk)
Path Group: rclk
Path Type: min

Fanout         Cap        Slew       Delay        Time   Description
---------------------------------------------------------------------------------------------
                                  0.000000    0.000000   clock rclk (rise edge)
                                  0.000000    0.000000   clock source latency
     1    0.012367    0.000000    0.000000    0.000000 ^ rclk (in)
                                                         rclk (net)
                      0.000335    0.000167    0.000167 ^ clkbuf_0_rclk/A (sky130_fd_sc_hd__clkbuf_16)
     2    0.017181    0.039446    0.107155    0.107323 ^ clkbuf_0_rclk/X (sky130_fd_sc_hd__clkbuf_16)
                                                         clknet_0_rclk (net)
                      0.039446    0.000037    0.107360 ^ clkbuf_1_1__f_rclk/A (sky130_fd_sc_hd__clkbuf_16)
    16    0.037628    0.057696    0.138290    0.245649 ^ clkbuf_1_1__f_rclk/X (sky130_fd_sc_hd__clkbuf_16)
                                                         clknet_1_1__leaf_rclk (net)
                      0.057696    0.000103    0.245752 ^ _660_/CLK (sky130_fd_sc_hd__dfrtp_4)
    12    0.046079    0.154989    0.497793    0.743546 ^ _660_/Q (sky130_fd_sc_hd__dfrtp_4)
                                                         bram.raddr[3] (net)
                      0.154990    0.000786    0.744331 ^ _270_/B1 (sky130_fd_sc_hd__o21a_1)
     1    0.002761    0.040627    0.138797    0.883128 ^ _270_/X (sky130_fd_sc_hd__o21a_1)
                                                         _153_ (net)
                      0.040627    0.000004    0.883132 ^ _274_/A2 (sky130_fd_sc_hd__a22o_1)
     1    0.001905    0.036960    0.118852    1.001984 ^ _274_/X (sky130_fd_sc_hd__a22o_1)
                                                         _005_ (net)
                      0.036960    0.000002    1.001986 ^ _547_/D (sky130_fd_sc_hd__dfxtp_1)
                                              1.001986   data arrival time

                                  0.000000    0.000000   clock rclk (rise edge)
                                  0.000000    0.000000   clock source latency
     1    0.012367    0.000000    0.000000    0.000000 ^ rclk (in)
                                                         rclk (net)
                      0.000335    0.000167    0.000167 ^ clkbuf_0_rclk/A (sky130_fd_sc_hd__clkbuf_16)
     2    0.017181    0.039446    0.107155    0.107323 ^ clkbuf_0_rclk/X (sky130_fd_sc_hd__clkbuf_16)
                                                         clknet_0_rclk (net)
                      0.039446    0.000029    0.107352 ^ clkbuf_1_0__f_rclk/A (sky130_fd_sc_hd__clkbuf_16)
    12    0.041044    0.060714    0.140823    0.248175 ^ clkbuf_1_0__f_rclk/X (sky130_fd_sc_hd__clkbuf_16)
                                                         clknet_1_0__leaf_rclk (net)
                      0.060714    0.000153    0.248328 ^ _547_/CLK (sky130_fd_sc_hd__dfxtp_1)
                                  0.000000    0.248328   clock reconvergence pessimism
                                 -0.027519    0.220809   library hold time
                                              0.220809   data required time
---------------------------------------------------------------------------------------------
                                              0.220809   data required time
                                             -1.001986   data arrival time
---------------------------------------------------------------------------------------------
                                              0.781176   slack (MET)


Startpoint: _660_ (rising edge-triggered flip-flop clocked by rclk)
Endpoint: _660_ (rising edge-triggered flip-flop clocked by rclk)
Path Group: rclk
Path Type: min

Fanout         Cap        Slew       Delay        Time   Description
---------------------------------------------------------------------------------------------
                                  0.000000    0.000000   clock rclk (rise edge)
                                  0.000000    0.000000   clock source latency
     1    0.012367    0.000000    0.000000    0.000000 ^ rclk (in)
                                                         rclk (net)
                      0.000335    0.000167    0.000167 ^ clkbuf_0_rclk/A (sky130_fd_sc_hd__clkbuf_16)
     2    0.017181    0.039446    0.107155    0.107323 ^ clkbuf_0_rclk/X (sky130_fd_sc_hd__clkbuf_16)
                                                         clknet_0_rclk (net)
                      0.039446    0.000037    0.107360 ^ clkbuf_1_1__f_rclk/A (sky130_fd_sc_hd__clkbuf_16)
    16    0.037628    0.057696    0.138290    0.245649 ^ clkbuf_1_1__f_rclk/X (sky130_fd_sc_hd__clkbuf_16)
                                                         clknet_1_1__leaf_rclk (net)
                      0.057696    0.000103    0.245752 ^ _660_/CLK (sky130_fd_sc_hd__dfrtp_4)
    12    0.046079    0.154989    0.497793    0.743546 ^ _660_/Q (sky130_fd_sc_hd__dfrtp_4)
                                                         bram.raddr[3] (net)
                      0.154989    0.000015    0.743561 ^ _324_/A (sky130_fd_sc_hd__nand2_1)
     2    0.006719    0.061089    0.096388    0.839948 v _324_/Y (sky130_fd_sc_hd__nand2_1)
                                                         _197_ (net)
                      0.061089    0.000007    0.839955 v _325_/B (sky130_fd_sc_hd__and2b_1)
     1    0.002564    0.033118    0.155874    0.995830 v _325_/X (sky130_fd_sc_hd__and2b_1)
                                                         u_rptr_handler.b_rptr_next[3] (net)
                      0.033118    0.000007    0.995837 v _660_/D (sky130_fd_sc_hd__dfrtp_4)
                                              0.995837   data arrival time

                                  0.000000    0.000000   clock rclk (rise edge)
                                  0.000000    0.000000   clock source latency
     1    0.012367    0.000000    0.000000    0.000000 ^ rclk (in)
                                                         rclk (net)
                      0.000335    0.000167    0.000167 ^ clkbuf_0_rclk/A (sky130_fd_sc_hd__clkbuf_16)
     2    0.017181    0.039446    0.107155    0.107323 ^ clkbuf_0_rclk/X (sky130_fd_sc_hd__clkbuf_16)
                                                         clknet_0_rclk (net)
                      0.039446    0.000037    0.107360 ^ clkbuf_1_1__f_rclk/A (sky130_fd_sc_hd__clkbuf_16)
    16    0.037628    0.057696    0.138290    0.245649 ^ clkbuf_1_1__f_rclk/X (sky130_fd_sc_hd__clkbuf_16)
                                                         clknet_1_1__leaf_rclk (net)
                      0.057696    0.000103    0.245752 ^ _660_/CLK (sky130_fd_sc_hd__dfrtp_4)
                                  0.000000    0.245752   clock reconvergence pessimism
                                 -0.034329    0.211424   library hold time
                                              0.211424   data required time
---------------------------------------------------------------------------------------------
                                              0.211424   data required time
                                             -0.995837   data arrival time
---------------------------------------------------------------------------------------------
                                              0.784413   slack (MET)


Startpoint: _660_ (rising edge-triggered flip-flop clocked by rclk)
Endpoint: _545_ (rising edge-triggered flip-flop clocked by rclk)
Path Group: rclk
Path Type: min

Fanout         Cap        Slew       Delay        Time   Description
---------------------------------------------------------------------------------------------
                                  0.000000    0.000000   clock rclk (rise edge)
                                  0.000000    0.000000   clock source latency
     1    0.012367    0.000000    0.000000    0.000000 ^ rclk (in)
                                                         rclk (net)
                      0.000335    0.000167    0.000167 ^ clkbuf_0_rclk/A (sky130_fd_sc_hd__clkbuf_16)
     2    0.017181    0.039446    0.107155    0.107323 ^ clkbuf_0_rclk/X (sky130_fd_sc_hd__clkbuf_16)
                                                         clknet_0_rclk (net)
                      0.039446    0.000037    0.107360 ^ clkbuf_1_1__f_rclk/A (sky130_fd_sc_hd__clkbuf_16)
    16    0.037628    0.057696    0.138290    0.245649 ^ clkbuf_1_1__f_rclk/X (sky130_fd_sc_hd__clkbuf_16)
                                                         clknet_1_1__leaf_rclk (net)
                      0.057696    0.000103    0.245752 ^ _660_/CLK (sky130_fd_sc_hd__dfrtp_4)
    12    0.046079    0.154989    0.497793    0.743546 ^ _660_/Q (sky130_fd_sc_hd__dfrtp_4)
                                                         bram.raddr[3] (net)
                      0.154989    0.000581    0.744126 ^ _373_/B1 (sky130_fd_sc_hd__o21a_1)
     1    0.002790    0.040856    0.139013    0.883139 ^ _373_/X (sky130_fd_sc_hd__o21a_1)
                                                         _230_ (net)
                      0.040856    0.000005    0.883144 ^ _377_/A2 (sky130_fd_sc_hd__a22o_1)
     1    0.002783    0.043135    0.125610    1.008754 ^ _377_/X (sky130_fd_sc_hd__a22o_1)
                                                         _003_ (net)
                      0.043135    0.000016    1.008770 ^ _545_/D (sky130_fd_sc_hd__dfxtp_1)
                                              1.008770   data arrival time

                                  0.000000    0.000000   clock rclk (rise edge)
                                  0.000000    0.000000   clock source latency
     1    0.012367    0.000000    0.000000    0.000000 ^ rclk (in)
                                                         rclk (net)
                      0.000335    0.000167    0.000167 ^ clkbuf_0_rclk/A (sky130_fd_sc_hd__clkbuf_16)
     2    0.017181    0.039446    0.107155    0.107323 ^ clkbuf_0_rclk/X (sky130_fd_sc_hd__clkbuf_16)
                                                         clknet_0_rclk (net)
                      0.039446    0.000029    0.107352 ^ clkbuf_1_0__f_rclk/A (sky130_fd_sc_hd__clkbuf_16)
    12    0.041044    0.060714    0.140823    0.248175 ^ clkbuf_1_0__f_rclk/X (sky130_fd_sc_hd__clkbuf_16)
                                                         clknet_1_0__leaf_rclk (net)
                      0.060714    0.000221    0.248395 ^ _545_/CLK (sky130_fd_sc_hd__dfxtp_1)
                                  0.000000    0.248395   clock reconvergence pessimism
                                 -0.028809    0.219586   library hold time
                                              0.219586   data required time
---------------------------------------------------------------------------------------------
                                              0.219586   data required time
                                             -1.008770   data arrival time
---------------------------------------------------------------------------------------------
                                              0.789184   slack (MET)


Startpoint: _660_ (rising edge-triggered flip-flop clocked by rclk)
Endpoint: _543_ (rising edge-triggered flip-flop clocked by rclk)
Path Group: rclk
Path Type: min

Fanout         Cap        Slew       Delay        Time   Description
---------------------------------------------------------------------------------------------
                                  0.000000    0.000000   clock rclk (rise edge)
                                  0.000000    0.000000   clock source latency
     1    0.012367    0.000000    0.000000    0.000000 ^ rclk (in)
                                                         rclk (net)
                      0.000335    0.000167    0.000167 ^ clkbuf_0_rclk/A (sky130_fd_sc_hd__clkbuf_16)
     2    0.017181    0.039446    0.107155    0.107323 ^ clkbuf_0_rclk/X (sky130_fd_sc_hd__clkbuf_16)
                                                         clknet_0_rclk (net)
                      0.039446    0.000037    0.107360 ^ clkbuf_1_1__f_rclk/A (sky130_fd_sc_hd__clkbuf_16)
    16    0.037628    0.057696    0.138290    0.245649 ^ clkbuf_1_1__f_rclk/X (sky130_fd_sc_hd__clkbuf_16)
                                                         clknet_1_1__leaf_rclk (net)
                      0.057696    0.000103    0.245752 ^ _660_/CLK (sky130_fd_sc_hd__dfrtp_4)
    12    0.046079    0.154989    0.497793    0.743546 ^ _660_/Q (sky130_fd_sc_hd__dfrtp_4)
                                                         bram.raddr[3] (net)
                      0.154989    0.000340    0.743886 ^ _357_/B1 (sky130_fd_sc_hd__o21a_1)
     1    0.002996    0.042694    0.140572    0.884458 ^ _357_/X (sky130_fd_sc_hd__o21a_1)
                                                         _216_ (net)
                      0.042694    0.000008    0.884467 ^ _361_/A2 (sky130_fd_sc_hd__a22o_1)
     1    0.002872    0.043872    0.126842    1.011309 ^ _361_/X (sky130_fd_sc_hd__a22o_1)
                                                         _001_ (net)
                      0.043872    0.000018    1.011326 ^ _543_/D (sky130_fd_sc_hd__dfxtp_1)
                                              1.011326   data arrival time

                                  0.000000    0.000000   clock rclk (rise edge)
                                  0.000000    0.000000   clock source latency
     1    0.012367    0.000000    0.000000    0.000000 ^ rclk (in)
                                                         rclk (net)
                      0.000335    0.000167    0.000167 ^ clkbuf_0_rclk/A (sky130_fd_sc_hd__clkbuf_16)
     2    0.017181    0.039446    0.107155    0.107323 ^ clkbuf_0_rclk/X (sky130_fd_sc_hd__clkbuf_16)
                                                         clknet_0_rclk (net)
                      0.039446    0.000029    0.107352 ^ clkbuf_1_0__f_rclk/A (sky130_fd_sc_hd__clkbuf_16)
    12    0.041044    0.060714    0.140823    0.248175 ^ clkbuf_1_0__f_rclk/X (sky130_fd_sc_hd__clkbuf_16)
                                                         clknet_1_0__leaf_rclk (net)
                      0.060714    0.000132    0.248307 ^ _543_/CLK (sky130_fd_sc_hd__dfxtp_1)
                                  0.000000    0.248307   clock reconvergence pessimism
                                 -0.028963    0.219344   library hold time
                                              0.219344   data required time
---------------------------------------------------------------------------------------------
                                              0.219344   data required time
                                             -1.011326   data arrival time
---------------------------------------------------------------------------------------------
                                              0.791982   slack (MET)


Startpoint: _660_ (rising edge-triggered flip-flop clocked by rclk)
Endpoint: _546_ (rising edge-triggered flip-flop clocked by rclk)
Path Group: rclk
Path Type: min

Fanout         Cap        Slew       Delay        Time   Description
---------------------------------------------------------------------------------------------
                                  0.000000    0.000000   clock rclk (rise edge)
                                  0.000000    0.000000   clock source latency
     1    0.012367    0.000000    0.000000    0.000000 ^ rclk (in)
                                                         rclk (net)
                      0.000335    0.000167    0.000167 ^ clkbuf_0_rclk/A (sky130_fd_sc_hd__clkbuf_16)
     2    0.017181    0.039446    0.107155    0.107323 ^ clkbuf_0_rclk/X (sky130_fd_sc_hd__clkbuf_16)
                                                         clknet_0_rclk (net)
                      0.039446    0.000037    0.107360 ^ clkbuf_1_1__f_rclk/A (sky130_fd_sc_hd__clkbuf_16)
    16    0.037628    0.057696    0.138290    0.245649 ^ clkbuf_1_1__f_rclk/X (sky130_fd_sc_hd__clkbuf_16)
                                                         clknet_1_1__leaf_rclk (net)
                      0.057696    0.000103    0.245752 ^ _660_/CLK (sky130_fd_sc_hd__dfrtp_4)
    12    0.046079    0.154989    0.497793    0.743546 ^ _660_/Q (sky130_fd_sc_hd__dfrtp_4)
                                                         bram.raddr[3] (net)
                      0.154990    0.000730    0.744276 ^ _262_/B1 (sky130_fd_sc_hd__o21a_1)
     1    0.002736    0.040517    0.138608    0.882884 ^ _262_/X (sky130_fd_sc_hd__o21a_1)
                                                         _146_ (net)
                      0.040517    0.000002    0.882886 ^ _266_/A2 (sky130_fd_sc_hd__a22o_1)
     1    0.003609    0.050066    0.131627    1.014513 ^ _266_/X (sky130_fd_sc_hd__a22o_1)
                                                         _004_ (net)
                      0.050066    0.000033    1.014547 ^ _546_/D (sky130_fd_sc_hd__dfxtp_1)
                                              1.014547   data arrival time

                                  0.000000    0.000000   clock rclk (rise edge)
                                  0.000000    0.000000   clock source latency
     1    0.012367    0.000000    0.000000    0.000000 ^ rclk (in)
                                                         rclk (net)
                      0.000335    0.000167    0.000167 ^ clkbuf_0_rclk/A (sky130_fd_sc_hd__clkbuf_16)
     2    0.017181    0.039446    0.107155    0.107323 ^ clkbuf_0_rclk/X (sky130_fd_sc_hd__clkbuf_16)
                                                         clknet_0_rclk (net)
                      0.039446    0.000029    0.107352 ^ clkbuf_1_0__f_rclk/A (sky130_fd_sc_hd__clkbuf_16)
    12    0.041044    0.060714    0.140823    0.248175 ^ clkbuf_1_0__f_rclk/X (sky130_fd_sc_hd__clkbuf_16)
                                                         clknet_1_0__leaf_rclk (net)
                      0.060714    0.000230    0.248405 ^ _546_/CLK (sky130_fd_sc_hd__dfxtp_1)
                                  0.000000    0.248405   clock reconvergence pessimism
                                 -0.030257    0.218147   library hold time
                                              0.218147   data required time
---------------------------------------------------------------------------------------------
                                              0.218147   data required time
                                             -1.014547   data arrival time
---------------------------------------------------------------------------------------------
                                              0.796399   slack (MET)


Startpoint: _659_ (rising edge-triggered flip-flop clocked by rclk)
Endpoint: _659_ (rising edge-triggered flip-flop clocked by rclk)
Path Group: rclk
Path Type: min

Fanout         Cap        Slew       Delay        Time   Description
---------------------------------------------------------------------------------------------
                                  0.000000    0.000000   clock rclk (rise edge)
                                  0.000000    0.000000   clock source latency
     1    0.012367    0.000000    0.000000    0.000000 ^ rclk (in)
                                                         rclk (net)
                      0.000335    0.000167    0.000167 ^ clkbuf_0_rclk/A (sky130_fd_sc_hd__clkbuf_16)
     2    0.017181    0.039446    0.107155    0.107323 ^ clkbuf_0_rclk/X (sky130_fd_sc_hd__clkbuf_16)
                                                         clknet_0_rclk (net)
                      0.039446    0.000029    0.107352 ^ clkbuf_1_0__f_rclk/A (sky130_fd_sc_hd__clkbuf_16)
    12    0.041044    0.060714    0.140823    0.248175 ^ clkbuf_1_0__f_rclk/X (sky130_fd_sc_hd__clkbuf_16)
                                                         clknet_1_0__leaf_rclk (net)
                      0.060714    0.000056    0.248231 ^ _659_/CLK (sky130_fd_sc_hd__dfrtp_4)
    20    0.083136    0.247343    0.571995    0.820226 ^ _659_/Q (sky130_fd_sc_hd__dfrtp_4)
                                                         bram.raddr[2] (net)
                      0.247343    0.000166    0.820392 ^ _320_/A (sky130_fd_sc_hd__nor2_1)
     2    0.007647    0.047321    0.112199    0.932591 v _320_/Y (sky130_fd_sc_hd__nor2_1)
                                                         _195_ (net)
                      0.047321    0.000023    0.932614 v _321_/B (sky130_fd_sc_hd__nor2_1)
     1    0.002537    0.073807    0.078788    1.011402 ^ _321_/Y (sky130_fd_sc_hd__nor2_1)
                                                         u_rptr_handler.b_rptr_next[2] (net)
                      0.073807    0.000006    1.011408 ^ _659_/D (sky130_fd_sc_hd__dfrtp_4)
                                              1.011408   data arrival time

                                  0.000000    0.000000   clock rclk (rise edge)
                                  0.000000    0.000000   clock source latency
     1    0.012367    0.000000    0.000000    0.000000 ^ rclk (in)
                                                         rclk (net)
                      0.000335    0.000167    0.000167 ^ clkbuf_0_rclk/A (sky130_fd_sc_hd__clkbuf_16)
     2    0.017181    0.039446    0.107155    0.107323 ^ clkbuf_0_rclk/X (sky130_fd_sc_hd__clkbuf_16)
                                                         clknet_0_rclk (net)
                      0.039446    0.000029    0.107352 ^ clkbuf_1_0__f_rclk/A (sky130_fd_sc_hd__clkbuf_16)
    12    0.041044    0.060714    0.140823    0.248175 ^ clkbuf_1_0__f_rclk/X (sky130_fd_sc_hd__clkbuf_16)
                                                         clknet_1_0__leaf_rclk (net)
                      0.060714    0.000056    0.248231 ^ _659_/CLK (sky130_fd_sc_hd__dfrtp_4)
                                  0.000000    0.248231   clock reconvergence pessimism
                                 -0.038644    0.209587   library hold time
                                              0.209587   data required time
---------------------------------------------------------------------------------------------
                                              0.209587   data required time
                                             -1.011408   data arrival time
---------------------------------------------------------------------------------------------
                                              0.801821   slack (MET)


Startpoint: _660_ (rising edge-triggered flip-flop clocked by rclk)
Endpoint: _549_ (rising edge-triggered flip-flop clocked by rclk)
Path Group: rclk
Path Type: min

Fanout         Cap        Slew       Delay        Time   Description
---------------------------------------------------------------------------------------------
                                  0.000000    0.000000   clock rclk (rise edge)
                                  0.000000    0.000000   clock source latency
     1    0.012367    0.000000    0.000000    0.000000 ^ rclk (in)
                                                         rclk (net)
                      0.000335    0.000167    0.000167 ^ clkbuf_0_rclk/A (sky130_fd_sc_hd__clkbuf_16)
     2    0.017181    0.039446    0.107155    0.107323 ^ clkbuf_0_rclk/X (sky130_fd_sc_hd__clkbuf_16)
                                                         clknet_0_rclk (net)
                      0.039446    0.000037    0.107360 ^ clkbuf_1_1__f_rclk/A (sky130_fd_sc_hd__clkbuf_16)
    16    0.037628    0.057696    0.138290    0.245649 ^ clkbuf_1_1__f_rclk/X (sky130_fd_sc_hd__clkbuf_16)
                                                         clknet_1_1__leaf_rclk (net)
                      0.057696    0.000103    0.245752 ^ _660_/CLK (sky130_fd_sc_hd__dfrtp_4)
    12    0.046079    0.154989    0.497793    0.743546 ^ _660_/Q (sky130_fd_sc_hd__dfrtp_4)
                                                         bram.raddr[3] (net)
                      0.154990    0.000723    0.744269 ^ _286_/B1 (sky130_fd_sc_hd__o21a_1)
     1    0.003208    0.044506    0.142176    0.886444 ^ _286_/X (sky130_fd_sc_hd__o21a_1)
                                                         _167_ (net)
                      0.044506    0.000013    0.886458 ^ _290_/A2 (sky130_fd_sc_hd__a22o_1)
     1    0.004048    0.053796    0.135792    1.022250 ^ _290_/X (sky130_fd_sc_hd__a22o_1)
                                                         _007_ (net)
                      0.053796    0.000035    1.022285 ^ _549_/D (sky130_fd_sc_hd__dfxtp_1)
                                              1.022285   data arrival time

                                  0.000000    0.000000   clock rclk (rise edge)
                                  0.000000    0.000000   clock source latency
     1    0.012367    0.000000    0.000000    0.000000 ^ rclk (in)
                                                         rclk (net)
                      0.000335    0.000167    0.000167 ^ clkbuf_0_rclk/A (sky130_fd_sc_hd__clkbuf_16)
     2    0.017181    0.039446    0.107155    0.107323 ^ clkbuf_0_rclk/X (sky130_fd_sc_hd__clkbuf_16)
                                                         clknet_0_rclk (net)
                      0.039446    0.000029    0.107352 ^ clkbuf_1_0__f_rclk/A (sky130_fd_sc_hd__clkbuf_16)
    12    0.041044    0.060714    0.140823    0.248175 ^ clkbuf_1_0__f_rclk/X (sky130_fd_sc_hd__clkbuf_16)
                                                         clknet_1_0__leaf_rclk (net)
                      0.060714    0.000225    0.248399 ^ _549_/CLK (sky130_fd_sc_hd__dfxtp_1)
                                  0.000000    0.248399   clock reconvergence pessimism
                                 -0.031036    0.217363   library hold time
                                              0.217363   data required time
---------------------------------------------------------------------------------------------
                                              0.217363   data required time
                                             -1.022285   data arrival time
---------------------------------------------------------------------------------------------
                                              0.804922   slack (MET)


Startpoint: _660_ (rising edge-triggered flip-flop clocked by rclk)
Endpoint: _542_ (rising edge-triggered flip-flop clocked by rclk)
Path Group: rclk
Path Type: min

Fanout         Cap        Slew       Delay        Time   Description
---------------------------------------------------------------------------------------------
                                  0.000000    0.000000   clock rclk (rise edge)
                                  0.000000    0.000000   clock source latency
     1    0.012367    0.000000    0.000000    0.000000 ^ rclk (in)
                                                         rclk (net)
                      0.000335    0.000167    0.000167 ^ clkbuf_0_rclk/A (sky130_fd_sc_hd__clkbuf_16)
     2    0.017181    0.039446    0.107155    0.107323 ^ clkbuf_0_rclk/X (sky130_fd_sc_hd__clkbuf_16)
                                                         clknet_0_rclk (net)
                      0.039446    0.000037    0.107360 ^ clkbuf_1_1__f_rclk/A (sky130_fd_sc_hd__clkbuf_16)
    16    0.037628    0.057696    0.138290    0.245649 ^ clkbuf_1_1__f_rclk/X (sky130_fd_sc_hd__clkbuf_16)
                                                         clknet_1_1__leaf_rclk (net)
                      0.057696    0.000103    0.245752 ^ _660_/CLK (sky130_fd_sc_hd__dfrtp_4)
    12    0.046079    0.154989    0.497793    0.743546 ^ _660_/Q (sky130_fd_sc_hd__dfrtp_4)
                                                         bram.raddr[3] (net)
                      0.154989    0.000474    0.744020 ^ _349_/B1 (sky130_fd_sc_hd__o21a_1)
     1    0.002771    0.040761    0.138870    0.882890 ^ _349_/X (sky130_fd_sc_hd__o21a_1)
                                                         _209_ (net)
                      0.040761    0.000004    0.882894 ^ _353_/A2 (sky130_fd_sc_hd__a22o_1)
     1    0.004701    0.059412    0.139060    1.021955 ^ _353_/X (sky130_fd_sc_hd__a22o_1)
                                                         _000_ (net)
                      0.059412    0.000042    1.021996 ^ _542_/D (sky130_fd_sc_hd__dfxtp_1)
                                              1.021996   data arrival time

                                  0.000000    0.000000   clock rclk (rise edge)
                                  0.000000    0.000000   clock source latency
     1    0.012367    0.000000    0.000000    0.000000 ^ rclk (in)
                                                         rclk (net)
                      0.000335    0.000167    0.000167 ^ clkbuf_0_rclk/A (sky130_fd_sc_hd__clkbuf_16)
     2    0.017181    0.039446    0.107155    0.107323 ^ clkbuf_0_rclk/X (sky130_fd_sc_hd__clkbuf_16)
                                                         clknet_0_rclk (net)
                      0.039446    0.000037    0.107360 ^ clkbuf_1_1__f_rclk/A (sky130_fd_sc_hd__clkbuf_16)
    16    0.037628    0.057696    0.138290    0.245649 ^ clkbuf_1_1__f_rclk/X (sky130_fd_sc_hd__clkbuf_16)
                                                         clknet_1_1__leaf_rclk (net)
                      0.057696    0.000107    0.245756 ^ _542_/CLK (sky130_fd_sc_hd__dfxtp_1)
                                  0.000000    0.245756   clock reconvergence pessimism
                                 -0.032609    0.213147   library hold time
                                              0.213147   data required time
---------------------------------------------------------------------------------------------
                                              0.213147   data required time
                                             -1.021996   data arrival time
---------------------------------------------------------------------------------------------
                                              0.808849   slack (MET)


Startpoint: _660_ (rising edge-triggered flip-flop clocked by rclk)
Endpoint: _548_ (rising edge-triggered flip-flop clocked by rclk)
Path Group: rclk
Path Type: min

Fanout         Cap        Slew       Delay        Time   Description
---------------------------------------------------------------------------------------------
                                  0.000000    0.000000   clock rclk (rise edge)
                                  0.000000    0.000000   clock source latency
     1    0.012367    0.000000    0.000000    0.000000 ^ rclk (in)
                                                         rclk (net)
                      0.000335    0.000167    0.000167 ^ clkbuf_0_rclk/A (sky130_fd_sc_hd__clkbuf_16)
     2    0.017181    0.039446    0.107155    0.107323 ^ clkbuf_0_rclk/X (sky130_fd_sc_hd__clkbuf_16)
                                                         clknet_0_rclk (net)
                      0.039446    0.000037    0.107360 ^ clkbuf_1_1__f_rclk/A (sky130_fd_sc_hd__clkbuf_16)
    16    0.037628    0.057696    0.138290    0.245649 ^ clkbuf_1_1__f_rclk/X (sky130_fd_sc_hd__clkbuf_16)
                                                         clknet_1_1__leaf_rclk (net)
                      0.057696    0.000103    0.245752 ^ _660_/CLK (sky130_fd_sc_hd__dfrtp_4)
    12    0.046079    0.154989    0.497793    0.743546 ^ _660_/Q (sky130_fd_sc_hd__dfrtp_4)
                                                         bram.raddr[3] (net)
                      0.154990    0.000743    0.744289 ^ _278_/B1 (sky130_fd_sc_hd__o21a_1)
     1    0.002739    0.040467    0.138627    0.882917 ^ _278_/X (sky130_fd_sc_hd__o21a_1)
                                                         _160_ (net)
                      0.040467    0.000004    0.882920 ^ _282_/A2 (sky130_fd_sc_hd__a22o_1)
     1    0.005537    0.066691    0.144602    1.027522 ^ _282_/X (sky130_fd_sc_hd__a22o_1)
                                                         _006_ (net)
                      0.066691    0.000068    1.027589 ^ _548_/D (sky130_fd_sc_hd__dfxtp_1)
                                              1.027589   data arrival time

                                  0.000000    0.000000   clock rclk (rise edge)
                                  0.000000    0.000000   clock source latency
     1    0.012367    0.000000    0.000000    0.000000 ^ rclk (in)
                                                         rclk (net)
                      0.000335    0.000167    0.000167 ^ clkbuf_0_rclk/A (sky130_fd_sc_hd__clkbuf_16)
     2    0.017181    0.039446    0.107155    0.107323 ^ clkbuf_0_rclk/X (sky130_fd_sc_hd__clkbuf_16)
                                                         clknet_0_rclk (net)
                      0.039446    0.000029    0.107352 ^ clkbuf_1_0__f_rclk/A (sky130_fd_sc_hd__clkbuf_16)
    12    0.041044    0.060714    0.140823    0.248175 ^ clkbuf_1_0__f_rclk/X (sky130_fd_sc_hd__clkbuf_16)
                                                         clknet_1_0__leaf_rclk (net)
                      0.060714    0.000180    0.248355 ^ _548_/CLK (sky130_fd_sc_hd__dfxtp_1)
                                  0.000000    0.248355   clock reconvergence pessimism
                                 -0.033731    0.214624   library hold time
                                              0.214624   data required time
---------------------------------------------------------------------------------------------
                                              0.214624   data required time
                                             -1.027589   data arrival time
---------------------------------------------------------------------------------------------
                                              0.812966   slack (MET)


Startpoint: _660_ (rising edge-triggered flip-flop clocked by rclk)
Endpoint: _544_ (rising edge-triggered flip-flop clocked by rclk)
Path Group: rclk
Path Type: min

Fanout         Cap        Slew       Delay        Time   Description
---------------------------------------------------------------------------------------------
                                  0.000000    0.000000   clock rclk (rise edge)
                                  0.000000    0.000000   clock source latency
     1    0.012367    0.000000    0.000000    0.000000 ^ rclk (in)
                                                         rclk (net)
                      0.000335    0.000167    0.000167 ^ clkbuf_0_rclk/A (sky130_fd_sc_hd__clkbuf_16)
     2    0.017181    0.039446    0.107155    0.107323 ^ clkbuf_0_rclk/X (sky130_fd_sc_hd__clkbuf_16)
                                                         clknet_0_rclk (net)
                      0.039446    0.000037    0.107360 ^ clkbuf_1_1__f_rclk/A (sky130_fd_sc_hd__clkbuf_16)
    16    0.037628    0.057696    0.138290    0.245649 ^ clkbuf_1_1__f_rclk/X (sky130_fd_sc_hd__clkbuf_16)
                                                         clknet_1_1__leaf_rclk (net)
                      0.057696    0.000103    0.245752 ^ _660_/CLK (sky130_fd_sc_hd__dfrtp_4)
    12    0.046079    0.154989    0.497793    0.743546 ^ _660_/Q (sky130_fd_sc_hd__dfrtp_4)
                                                         bram.raddr[3] (net)
                      0.154990    0.000786    0.744332 ^ _365_/B1 (sky130_fd_sc_hd__o21a_1)
     1    0.002636    0.039565    0.137852    0.882184 ^ _365_/X (sky130_fd_sc_hd__o21a_1)
                                                         _223_ (net)
                      0.039565    0.000001    0.882185 ^ _369_/A2 (sky130_fd_sc_hd__a22o_1)
     1    0.006557    0.075655    0.151184    1.033370 ^ _369_/X (sky130_fd_sc_hd__a22o_1)
                                                         _002_ (net)
                      0.075655    0.000120    1.033490 ^ _544_/D (sky130_fd_sc_hd__dfxtp_1)
                                              1.033490   data arrival time

                                  0.000000    0.000000   clock rclk (rise edge)
                                  0.000000    0.000000   clock source latency
     1    0.012367    0.000000    0.000000    0.000000 ^ rclk (in)
                                                         rclk (net)
                      0.000335    0.000167    0.000167 ^ clkbuf_0_rclk/A (sky130_fd_sc_hd__clkbuf_16)
     2    0.017181    0.039446    0.107155    0.107323 ^ clkbuf_0_rclk/X (sky130_fd_sc_hd__clkbuf_16)
                                                         clknet_0_rclk (net)
                      0.039446    0.000029    0.107352 ^ clkbuf_1_0__f_rclk/A (sky130_fd_sc_hd__clkbuf_16)
    12    0.041044    0.060714    0.140823    0.248175 ^ clkbuf_1_0__f_rclk/X (sky130_fd_sc_hd__clkbuf_16)
                                                         clknet_1_0__leaf_rclk (net)
                      0.060714    0.000225    0.248399 ^ _544_/CLK (sky130_fd_sc_hd__dfxtp_1)
                                  0.000000    0.248399   clock reconvergence pessimism
                                 -0.035604    0.212796   library hold time
                                              0.212796   data required time
---------------------------------------------------------------------------------------------
                                              0.212796   data required time
                                             -1.033490   data arrival time
---------------------------------------------------------------------------------------------
                                              0.820694   slack (MET)


Startpoint: _625_ (rising edge-triggered flip-flop clocked by wclk)
Endpoint: _625_ (rising edge-triggered flip-flop clocked by wclk)
Path Group: wclk
Path Type: min

Fanout         Cap        Slew       Delay        Time   Description
---------------------------------------------------------------------------------------------
                                  0.000000    0.000000   clock wclk (rise edge)
                                  0.000000    0.000000   clock source latency
     1    0.016889    0.000000    0.000000    0.000000 ^ wclk (in)
                                                         wclk (net)
                      0.000820    0.000410    0.000410 ^ clkbuf_0_wclk/A (sky130_fd_sc_hd__clkbuf_16)
    16    0.092148    0.108245    0.165291    0.165701 ^ clkbuf_0_wclk/X (sky130_fd_sc_hd__clkbuf_16)
                                                         clknet_0_wclk (net)
                      0.108245    0.000411    0.166112 ^ clkbuf_4_6_0_wclk/A (sky130_fd_sc_hd__clkbuf_8)
     8    0.028646    0.064281    0.166412    0.332523 ^ clkbuf_4_6_0_wclk/X (sky130_fd_sc_hd__clkbuf_8)
                                                         clknet_4_6_0_wclk (net)
                      0.064281    0.000019    0.332542 ^ _625_/CLK (sky130_fd_sc_hd__dfrtp_4)
    23    0.090088    0.265358    0.587100    0.919642 ^ _625_/Q (sky130_fd_sc_hd__dfrtp_4)
                                                         bram.waddr[1] (net)
                      0.265358    0.000288    0.919930 ^ _333_/B1 (sky130_fd_sc_hd__a21oi_1)
     2    0.007456    0.082557    0.105004    1.024934 v _333_/Y (sky130_fd_sc_hd__a21oi_1)
                                                         _201_ (net)
                      0.082557    0.000024    1.024958 v _334_/B (sky130_fd_sc_hd__nor2_1)
     1    0.002743    0.077504    0.094979    1.119937 ^ _334_/Y (sky130_fd_sc_hd__nor2_1)
                                                         u_wrptr_handler.b_wptr_next[1] (net)
                      0.077504    0.000011    1.119948 ^ _625_/D (sky130_fd_sc_hd__dfrtp_4)
                                              1.119948   data arrival time

                                  0.000000    0.000000   clock wclk (rise edge)
                                  0.000000    0.000000   clock source latency
     1    0.016889    0.000000    0.000000    0.000000 ^ wclk (in)
                                                         wclk (net)
                      0.000820    0.000410    0.000410 ^ clkbuf_0_wclk/A (sky130_fd_sc_hd__clkbuf_16)
    16    0.092148    0.108245    0.165291    0.165701 ^ clkbuf_0_wclk/X (sky130_fd_sc_hd__clkbuf_16)
                                                         clknet_0_wclk (net)
                      0.108245    0.000411    0.166112 ^ clkbuf_4_6_0_wclk/A (sky130_fd_sc_hd__clkbuf_8)
     8    0.028646    0.064281    0.166412    0.332523 ^ clkbuf_4_6_0_wclk/X (sky130_fd_sc_hd__clkbuf_8)
                                                         clknet_4_6_0_wclk (net)
                      0.064281    0.000019    0.332542 ^ _625_/CLK (sky130_fd_sc_hd__dfrtp_4)
                                  0.000000    0.332542   clock reconvergence pessimism
                                 -0.038927    0.293615   library hold time
                                              0.293615   data required time
---------------------------------------------------------------------------------------------
                                              0.293615   data required time
                                             -1.119948   data arrival time
---------------------------------------------------------------------------------------------
                                              0.826333   slack (MET)


Startpoint: _658_ (rising edge-triggered flip-flop clocked by rclk)
Endpoint: _662_ (rising edge-triggered flip-flop clocked by rclk)
Path Group: rclk
Path Type: min

Fanout         Cap        Slew       Delay        Time   Description
---------------------------------------------------------------------------------------------
                                  0.000000    0.000000   clock rclk (rise edge)
                                  0.000000    0.000000   clock source latency
     1    0.012367    0.000000    0.000000    0.000000 ^ rclk (in)
                                                         rclk (net)
                      0.000335    0.000167    0.000167 ^ clkbuf_0_rclk/A (sky130_fd_sc_hd__clkbuf_16)
     2    0.017181    0.039446    0.107155    0.107323 ^ clkbuf_0_rclk/X (sky130_fd_sc_hd__clkbuf_16)
                                                         clknet_0_rclk (net)
                      0.039446    0.000029    0.107352 ^ clkbuf_1_0__f_rclk/A (sky130_fd_sc_hd__clkbuf_16)
    12    0.041044    0.060714    0.140823    0.248175 ^ clkbuf_1_0__f_rclk/X (sky130_fd_sc_hd__clkbuf_16)
                                                         clknet_1_0__leaf_rclk (net)
                      0.060714    0.000041    0.248216 ^ _658_/CLK (sky130_fd_sc_hd__dfrtp_4)
    35    0.139039    0.393679    0.678711    0.926927 ^ _658_/Q (sky130_fd_sc_hd__dfrtp_4)
                                                         bram.raddr[1] (net)
                      0.393679    0.000377    0.927304 ^ _318_/A (sky130_fd_sc_hd__xnor2_1)
     1    0.002480    0.037685    0.121501    1.048805 v _318_/Y (sky130_fd_sc_hd__xnor2_1)
                                                         u_rptr_handler.g_rptr_next[0] (net)
                      0.037685    0.000005    1.048810 v _662_/D (sky130_fd_sc_hd__dfrtp_1)
                                              1.048810   data arrival time

                                  0.000000    0.000000   clock rclk (rise edge)
                                  0.000000    0.000000   clock source latency
     1    0.012367    0.000000    0.000000    0.000000 ^ rclk (in)
                                                         rclk (net)
                      0.000335    0.000167    0.000167 ^ clkbuf_0_rclk/A (sky130_fd_sc_hd__clkbuf_16)
     2    0.017181    0.039446    0.107155    0.107323 ^ clkbuf_0_rclk/X (sky130_fd_sc_hd__clkbuf_16)
                                                         clknet_0_rclk (net)
                      0.039446    0.000037    0.107360 ^ clkbuf_1_1__f_rclk/A (sky130_fd_sc_hd__clkbuf_16)
    16    0.037628    0.057696    0.138290    0.245649 ^ clkbuf_1_1__f_rclk/X (sky130_fd_sc_hd__clkbuf_16)
                                                         clknet_1_1__leaf_rclk (net)
                      0.057696    0.000047    0.245697 ^ _662_/CLK (sky130_fd_sc_hd__dfrtp_1)
                                  0.000000    0.245697   clock reconvergence pessimism
                                 -0.039902    0.205795   library hold time
                                              0.205795   data required time
---------------------------------------------------------------------------------------------
                                              0.205795   data required time
                                             -1.048810   data arrival time
---------------------------------------------------------------------------------------------
                                              0.843015   slack (MET)


Startpoint: _535_ (rising edge-triggered flip-flop clocked by rclk)
Endpoint: _657_ (rising edge-triggered flip-flop clocked by rclk)
Path Group: rclk
Path Type: min

Fanout         Cap        Slew       Delay        Time   Description
---------------------------------------------------------------------------------------------
                                  0.000000    0.000000   clock rclk (rise edge)
                                  0.000000    0.000000   clock source latency
     1    0.012367    0.000000    0.000000    0.000000 ^ rclk (in)
                                                         rclk (net)
                      0.000335    0.000167    0.000167 ^ clkbuf_0_rclk/A (sky130_fd_sc_hd__clkbuf_16)
     2    0.017181    0.039446    0.107155    0.107323 ^ clkbuf_0_rclk/X (sky130_fd_sc_hd__clkbuf_16)
                                                         clknet_0_rclk (net)
                      0.039446    0.000037    0.107360 ^ clkbuf_1_1__f_rclk/A (sky130_fd_sc_hd__clkbuf_16)
    16    0.037628    0.057696    0.138290    0.245649 ^ clkbuf_1_1__f_rclk/X (sky130_fd_sc_hd__clkbuf_16)
                                                         clknet_1_1__leaf_rclk (net)
                      0.057696    0.000024    0.245674 ^ _535_/CLK (sky130_fd_sc_hd__dfrtp_1)
     2    0.004633    0.061149    0.332163    0.577836 ^ _535_/Q (sky130_fd_sc_hd__dfrtp_1)
                                                         sync_gwptr_to_rd.q2[3] (net)
                      0.061149    0.000002    0.577838 ^ _307_/B1 (sky130_fd_sc_hd__a221o_1)
     2    0.005539    0.067458    0.149893    0.727731 ^ _307_/X (sky130_fd_sc_hd__a221o_1)
                                                         _186_ (net)
                      0.067458    0.000003    0.727734 ^ _311_/A1 (sky130_fd_sc_hd__o31a_1)
     4    0.011913    0.131425    0.197477    0.925211 ^ _311_/X (sky130_fd_sc_hd__o31a_1)
                                                         _189_ (net)
                      0.131425    0.000098    0.925309 ^ _313_/B (sky130_fd_sc_hd__nor2_1)
     2    0.007456    0.056023    0.079196    1.004505 v _313_/Y (sky130_fd_sc_hd__nor2_1)
                                                         _191_ (net)
                      0.056023    0.000008    1.004513 v _314_/B (sky130_fd_sc_hd__nor2_1)
     1    0.002379    0.071354    0.079951    1.084464 ^ _314_/Y (sky130_fd_sc_hd__nor2_1)
                                                         u_rptr_handler.b_rptr_next[0] (net)
                      0.071354    0.000005    1.084469 ^ _657_/D (sky130_fd_sc_hd__dfrtp_4)
                                              1.084469   data arrival time

                                  0.000000    0.000000   clock rclk (rise edge)
                                  0.000000    0.000000   clock source latency
     1    0.012367    0.000000    0.000000    0.000000 ^ rclk (in)
                                                         rclk (net)
                      0.000335    0.000167    0.000167 ^ clkbuf_0_rclk/A (sky130_fd_sc_hd__clkbuf_16)
     2    0.017181    0.039446    0.107155    0.107323 ^ clkbuf_0_rclk/X (sky130_fd_sc_hd__clkbuf_16)
                                                         clknet_0_rclk (net)
                      0.039446    0.000037    0.107360 ^ clkbuf_1_1__f_rclk/A (sky130_fd_sc_hd__clkbuf_16)
    16    0.037628    0.057696    0.138290    0.245649 ^ clkbuf_1_1__f_rclk/X (sky130_fd_sc_hd__clkbuf_16)
                                                         clknet_1_1__leaf_rclk (net)
                      0.057696    0.000031    0.245681 ^ _657_/CLK (sky130_fd_sc_hd__dfrtp_4)
                                  0.000000    0.245681   clock reconvergence pessimism
                                 -0.038545    0.207136   library hold time
                                              0.207136   data required time
---------------------------------------------------------------------------------------------
                                              0.207136   data required time
                                             -1.084469   data arrival time
---------------------------------------------------------------------------------------------
                                              0.877333   slack (MET)


Startpoint: _535_ (rising edge-triggered flip-flop clocked by rclk)
Endpoint: _658_ (rising edge-triggered flip-flop clocked by rclk)
Path Group: rclk
Path Type: min

Fanout         Cap        Slew       Delay        Time   Description
---------------------------------------------------------------------------------------------
                                  0.000000    0.000000   clock rclk (rise edge)
                                  0.000000    0.000000   clock source latency
     1    0.012367    0.000000    0.000000    0.000000 ^ rclk (in)
                                                         rclk (net)
                      0.000335    0.000167    0.000167 ^ clkbuf_0_rclk/A (sky130_fd_sc_hd__clkbuf_16)
     2    0.017181    0.039446    0.107155    0.107323 ^ clkbuf_0_rclk/X (sky130_fd_sc_hd__clkbuf_16)
                                                         clknet_0_rclk (net)
                      0.039446    0.000037    0.107360 ^ clkbuf_1_1__f_rclk/A (sky130_fd_sc_hd__clkbuf_16)
    16    0.037628    0.057696    0.138290    0.245649 ^ clkbuf_1_1__f_rclk/X (sky130_fd_sc_hd__clkbuf_16)
                                                         clknet_1_1__leaf_rclk (net)
                      0.057696    0.000024    0.245674 ^ _535_/CLK (sky130_fd_sc_hd__dfrtp_1)
     2    0.004633    0.061149    0.332163    0.577836 ^ _535_/Q (sky130_fd_sc_hd__dfrtp_1)
                                                         sync_gwptr_to_rd.q2[3] (net)
                      0.061149    0.000002    0.577838 ^ _307_/B1 (sky130_fd_sc_hd__a221o_1)
     2    0.005539    0.067458    0.149893    0.727731 ^ _307_/X (sky130_fd_sc_hd__a221o_1)
                                                         _186_ (net)
                      0.067458    0.000003    0.727734 ^ _311_/A1 (sky130_fd_sc_hd__o31a_1)
     4    0.011913    0.131425    0.197477    0.925211 ^ _311_/X (sky130_fd_sc_hd__o31a_1)
                                                         _189_ (net)
                      0.131425    0.000114    0.925325 ^ _316_/A2 (sky130_fd_sc_hd__a21oi_1)
     2    0.007465    0.076191    0.109915    1.035241 v _316_/Y (sky130_fd_sc_hd__a21oi_1)
                                                         _193_ (net)
                      0.076191    0.000028    1.035269 v _317_/B (sky130_fd_sc_hd__nor2_1)
     1    0.002250    0.069253    0.086320    1.121589 ^ _317_/Y (sky130_fd_sc_hd__nor2_1)
                                                         u_rptr_handler.b_rptr_next[1] (net)
                      0.069253    0.000003    1.121592 ^ _658_/D (sky130_fd_sc_hd__dfrtp_4)
                                              1.121592   data arrival time

                                  0.000000    0.000000   clock rclk (rise edge)
                                  0.000000    0.000000   clock source latency
     1    0.012367    0.000000    0.000000    0.000000 ^ rclk (in)
                                                         rclk (net)
                      0.000335    0.000167    0.000167 ^ clkbuf_0_rclk/A (sky130_fd_sc_hd__clkbuf_16)
     2    0.017181    0.039446    0.107155    0.107323 ^ clkbuf_0_rclk/X (sky130_fd_sc_hd__clkbuf_16)
                                                         clknet_0_rclk (net)
                      0.039446    0.000029    0.107352 ^ clkbuf_1_0__f_rclk/A (sky130_fd_sc_hd__clkbuf_16)
    12    0.041044    0.060714    0.140823    0.248175 ^ clkbuf_1_0__f_rclk/X (sky130_fd_sc_hd__clkbuf_16)
                                                         clknet_1_0__leaf_rclk (net)
                      0.060714    0.000041    0.248216 ^ _658_/CLK (sky130_fd_sc_hd__dfrtp_4)
                                  0.000000    0.248216   clock reconvergence pessimism
                                 -0.037691    0.210525   library hold time
                                              0.210525   data required time
---------------------------------------------------------------------------------------------
                                              0.210525   data required time
                                             -1.121592   data arrival time
---------------------------------------------------------------------------------------------
                                              0.911067   slack (MET)



